#
# A fatal error has been detected by the Java Runtime Environment:
#
#  EXCEPTION_ACCESS_VIOLATION (0xc0000005) at pc=0x00007ff9e5416922, pid=15536, tid=14156
#
# JRE version: Java(TM) SE Runtime Environment (21.0.1+12) (build 21.0.1+12-LTS-29)
# Java VM: Java HotSpot(TM) 64-Bit Server VM (21.0.1+12-LTS-29, mixed mode, sharing, tiered, compressed oops, compressed class ptrs, g1 gc, windows-amd64)
# Problematic frame:
# V  [jvm.dll+0x3c6922]
#
# No core dump will be written. Minidumps are not enabled by default on client versions of Windows
#
# If you would like to submit a bug report, please visit:
#   https://bugreport.java.com/bugreport/crash.jsp
#

---------------  S U M M A R Y ------------

Command Line: -ea -Didea.test.cyclic.buffer.size=1048576 -javaagent:C:\Users\DELL\Desktop\IntelliJ IDEA 2024.2\lib\idea_rt.jar=64974:C:\Users\DELL\Desktop\IntelliJ IDEA 2024.2\bin -Dfile.encoding=UTF-8 -Dsun.stdout.encoding=UTF-8 -Dsun.stderr.encoding=UTF-8 com.intellij.rt.junit.JUnitStarter -ideVersion5 -junit5 africa.semicolon.wallet.userAdapter.UserAdapterTest,testLoginUserSuccess

Host: Intel(R) Core(TM) i5-6300U CPU @ 2.40GHz, 4 cores, 7G,  Windows 11 , 64 bit Build 22621 (10.0.22621.3958)
Time: Fri Nov  1 18:13:02 2024 W. Central Africa Standard Time elapsed time: 2.581734 seconds (0d 0h 0m 2s)

---------------  T H R E A D  ---------------

Current thread (0x000001cf1ad65b60):  JavaThread "main"             [_thread_in_vm, id=14156, stack(0x0000007c49b00000,0x0000007c49c00000) (1024K)]

Stack: [0x0000007c49b00000,0x0000007c49c00000],  sp=0x0000007c49bfc5b0,  free space=1009k
Native frames: (J=compiled Java code, j=interpreted, Vv=VM code, C=native code)
V  [jvm.dll+0x3c6922]
V  [jvm.dll+0x3c7942]
V  [jvm.dll+0x5d2ddc]
V  [jvm.dll+0x5d0907]
V  [jvm.dll+0x5d24a2]
V  [jvm.dll+0x3d7360]
V  [jvm.dll+0x3d69dd]
C  0x000001cf2c968f80

The last pc belongs to invokevirtual (printed below).
Java frames: (J=compiled Java code, j=interpreted, Vv=VM code)
j  org.springframework.core.annotation.TypeMappedAnnotations$MergedAnnotationFinder.process(Ljava/lang/Object;ILjava/lang/Object;Ljava/lang/annotation/Annotation;)Lorg/springframework/core/annotation/MergedAnnotation;+71
j  org.springframework.core.annotation.TypeMappedAnnotations$MergedAnnotationFinder.doWithAnnotations(Ljava/lang/Object;ILjava/lang/Object;[Ljava/lang/annotation/Annotation;)Lorg/springframework/core/annotation/MergedAnnotation;+54
j  org.springframework.core.annotation.TypeMappedAnnotations$MergedAnnotationFinder.doWithAnnotations(Ljava/lang/Object;ILjava/lang/Object;[Ljava/lang/annotation/Annotation;)Ljava/lang/Object;+6
j  org.springframework.core.annotation.AnnotationsScanner.processElement(Ljava/lang/Object;Ljava/lang/reflect/AnnotatedElement;Lorg/springframework/core/annotation/AnnotationsProcessor;)Ljava/lang/Object;+26
j  org.springframework.core.annotation.AnnotationsScanner.processClass(Ljava/lang/Object;Ljava/lang/Class;Lorg/springframework/core/annotation/MergedAnnotations$SearchStrategy;Ljava/util/function/Predicate;Lorg/springframework/core/annotation/AnnotationsProcessor;)Ljava/lang/Object;+52
j  org.springframework.core.annotation.AnnotationsScanner.process(Ljava/lang/Object;Ljava/lang/reflect/AnnotatedElement;Lorg/springframework/core/annotation/MergedAnnotations$SearchStrategy;Ljava/util/function/Predicate;Lorg/springframework/core/annotation/AnnotationsProcessor;)Ljava/lang/Object;+20
j  org.springframework.core.annotation.AnnotationsScanner.scan(Ljava/lang/Object;Ljava/lang/reflect/AnnotatedElement;Lorg/springframework/core/annotation/MergedAnnotations$SearchStrategy;Ljava/util/function/Predicate;Lorg/springframework/core/annotation/AnnotationsProcessor;)Ljava/lang/Object;+6
j  org.springframework.core.annotation.TypeMappedAnnotations.scan(Ljava/lang/Object;Lorg/springframework/core/annotation/AnnotationsProcessor;)Ljava/lang/Object;+60
j  org.springframework.core.annotation.TypeMappedAnnotations.get(Ljava/lang/Class;Ljava/util/function/Predicate;Lorg/springframework/core/annotation/MergedAnnotationSelector;)Lorg/springframework/core/annotation/MergedAnnotation;+30
j  org.springframework.core.annotation.TypeMappedAnnotations.get(Ljava/lang/Class;)Lorg/springframework/core/annotation/MergedAnnotation;+4
j  org.springframework.core.annotation.AnnotationUtils.isAnnotationDeclaredLocally(Ljava/lang/Class;Ljava/lang/Class;)Z+5
j  org.springframework.test.context.TestContextAnnotationUtils.findAnnotationDescriptor(Ljava/lang/Class;Ljava/lang/Class;Ljava/util/function/Predicate;Ljava/util/Set;)Lorg/springframework/test/context/TestContextAnnotationUtils$AnnotationDescriptor;+14
j  org.springframework.test.context.TestContextAnnotationUtils.findAnnotationDescriptor(Ljava/lang/Class;Ljava/lang/Class;)Lorg/springframework/test/context/TestContextAnnotationUtils$AnnotationDescriptor;+20
j  org.springframework.test.context.BootstrapUtils.resolveExplicitTestContextBootstrapper(Ljava/lang/Class;)Ljava/lang/Class;+11
j  org.springframework.test.context.BootstrapUtils.resolveTestContextBootstrapper(Lorg/springframework/test/context/BootstrapContext;)Lorg/springframework/test/context/TestContextBootstrapper;+10
j  org.springframework.test.context.BootstrapUtils.resolveTestContextBootstrapper(Ljava/lang/Class;)Lorg/springframework/test/context/TestContextBootstrapper;+4
j  org.springframework.test.context.TestContextManager.<init>(Ljava/lang/Class;)V+2
j  org.springframework.test.context.junit.jupiter.SpringExtension$$Lambda+0x000001cf3b10b9c0.apply(Ljava/lang/Object;)Ljava/lang/Object;+8
j  org.junit.platform.engine.support.store.NamespacedHierarchicalStore.lambda$getOrComputeIfAbsent$5(Ljava/util/function/Function;Ljava/lang/Object;)Ljava/lang/Object;+2
j  org.junit.platform.engine.support.store.NamespacedHierarchicalStore$$Lambda+0x000001cf3b106fe0.get()Ljava/lang/Object;+8
j  org.junit.platform.engine.support.store.NamespacedHierarchicalStore$MemoizingSupplier.computeValue()V+15
j  org.junit.platform.engine.support.store.NamespacedHierarchicalStore$MemoizingSupplier.get()Ljava/lang/Object;+11
j  org.junit.platform.engine.support.store.NamespacedHierarchicalStore$StoredValue.evaluate()Ljava/lang/Object;+4
j  org.junit.platform.engine.support.store.NamespacedHierarchicalStore$StoredValue.access$200(Lorg/junit/platform/engine/support/store/NamespacedHierarchicalStore$StoredValue;)Ljava/lang/Object;+1
j  org.junit.platform.engine.support.store.NamespacedHierarchicalStore.getOrComputeIfAbsent(Ljava/lang/Object;Ljava/lang/Object;Ljava/util/function/Function;)Ljava/lang/Object;+58
j  org.junit.platform.engine.support.store.NamespacedHierarchicalStore.getOrComputeIfAbsent(Ljava/lang/Object;Ljava/lang/Object;Ljava/util/function/Function;Ljava/lang/Class;)Ljava/lang/Object;+4
j  org.junit.jupiter.engine.execution.NamespaceAwareStore.lambda$getOrComputeIfAbsent$3(Ljava/lang/Object;Ljava/util/function/Function;Ljava/lang/Class;)Ljava/lang/Object;+11
j  org.junit.jupiter.engine.execution.NamespaceAwareStore$$Lambda+0x000001cf3b106958.get()Ljava/lang/Object;+16
j  org.junit.jupiter.engine.execution.NamespaceAwareStore.accessStore(Ljava/util/function/Supplier;)Ljava/lang/Object;+1
j  org.junit.jupiter.engine.execution.NamespaceAwareStore.getOrComputeIfAbsent(Ljava/lang/Object;Ljava/util/function/Function;Ljava/lang/Class;)Ljava/lang/Object;+31
j  org.springframework.test.context.junit.jupiter.SpringExtension.getTestContextManager(Lorg/junit/jupiter/api/extension/ExtensionContext;)Lorg/springframework/test/context/TestContextManager;+27
j  org.springframework.test.context.junit.jupiter.SpringExtension.beforeAll(Lorg/junit/jupiter/api/extension/ExtensionContext;)V+1
j  org.junit.jupiter.engine.descriptor.ClassBasedTestDescriptor.lambda$invokeBeforeAllCallbacks$12(Lorg/junit/jupiter/api/extension/BeforeAllCallback;Lorg/junit/jupiter/api/extension/ExtensionContext;)V+2
j  org.junit.jupiter.engine.descriptor.ClassBasedTestDescriptor$$Lambda+0x000001cf3b104418.execute()V+8
j  org.junit.platform.engine.support.hierarchical.ThrowableCollector.execute(Lorg/junit/platform/engine/support/hierarchical/ThrowableCollector$Executable;)V+1
j  org.junit.jupiter.engine.descriptor.ClassBasedTestDescriptor.invokeBeforeAllCallbacks(Lorg/junit/jupiter/engine/execution/JupiterEngineExecutionContext;)V+64
j  org.junit.jupiter.engine.descriptor.ClassBasedTestDescriptor.before(Lorg/junit/jupiter/engine/execution/JupiterEngineExecutionContext;)Lorg/junit/jupiter/engine/execution/JupiterEngineExecutionContext;+47
j  org.junit.jupiter.engine.descriptor.ClassBasedTestDescriptor.before(Lorg/junit/platform/engine/support/hierarchical/EngineExecutionContext;)Lorg/junit/platform/engine/support/hierarchical/EngineExecutionContext;+5
j  org.junit.platform.engine.support.hierarchical.NodeTestTask.lambda$executeRecursively$6()V+51
j  org.junit.platform.engine.support.hierarchical.NodeTestTask$$Lambda+0x000001cf3b0b6220.execute()V+4
j  org.junit.platform.engine.support.hierarchical.ThrowableCollector.execute(Lorg/junit/platform/engine/support/hierarchical/ThrowableCollector$Executable;)V+1
j  org.junit.platform.engine.support.hierarchical.NodeTestTask.lambda$executeRecursively$8(Lorg/junit/platform/engine/support/hierarchical/EngineExecutionContext;)V+15
j  org.junit.platform.engine.support.hierarchical.NodeTestTask$$Lambda+0x000001cf3b0b6000.invoke(Lorg/junit/platform/engine/support/hierarchical/EngineExecutionContext;)V+5
j  org.junit.platform.engine.support.hierarchical.Node.around(Lorg/junit/platform/engine/support/hierarchical/EngineExecutionContext;Lorg/junit/platform/engine/support/hierarchical/Node$Invocation;)V+2
j  org.junit.platform.engine.support.hierarchical.NodeTestTask.lambda$executeRecursively$9()V+14
j  org.junit.platform.engine.support.hierarchical.NodeTestTask$$Lambda+0x000001cf3b0b3bc0.execute()V+4
j  org.junit.platform.engine.support.hierarchical.ThrowableCollector.execute(Lorg/junit/platform/engine/support/hierarchical/ThrowableCollector$Executable;)V+1
j  org.junit.platform.engine.support.hierarchical.NodeTestTask.executeRecursively()V+31
j  org.junit.platform.engine.support.hierarchical.NodeTestTask.execute()V+55
j  org.junit.platform.engine.support.hierarchical.SameThreadHierarchicalTestExecutorService$$Lambda+0x000001cf3b0b6d10.accept(Ljava/lang/Object;)V+4
j  java.util.ArrayList.forEach(Ljava/util/function/Consumer;)V+46 java.base@21.0.1
j  org.junit.platform.engine.support.hierarchical.SameThreadHierarchicalTestExecutorService.invokeAll(Ljava/util/List;)V+6
j  org.junit.platform.engine.support.hierarchical.NodeTestTask.lambda$executeRecursively$6()V+116
j  org.junit.platform.engine.support.hierarchical.NodeTestTask$$Lambda+0x000001cf3b0b6220.execute()V+4
j  org.junit.platform.engine.support.hierarchical.ThrowableCollector.execute(Lorg/junit/platform/engine/support/hierarchical/ThrowableCollector$Executable;)V+1
j  org.junit.platform.engine.support.hierarchical.NodeTestTask.lambda$executeRecursively$8(Lorg/junit/platform/engine/support/hierarchical/EngineExecutionContext;)V+15
j  org.junit.platform.engine.support.hierarchical.NodeTestTask$$Lambda+0x000001cf3b0b6000.invoke(Lorg/junit/platform/engine/support/hierarchical/EngineExecutionContext;)V+5
j  org.junit.platform.engine.support.hierarchical.Node.around(Lorg/junit/platform/engine/support/hierarchical/EngineExecutionContext;Lorg/junit/platform/engine/support/hierarchical/Node$Invocation;)V+2
j  org.junit.platform.engine.support.hierarchical.NodeTestTask.lambda$executeRecursively$9()V+14
j  org.junit.platform.engine.support.hierarchical.NodeTestTask$$Lambda+0x000001cf3b0b3bc0.execute()V+4
j  org.junit.platform.engine.support.hierarchical.ThrowableCollector.execute(Lorg/junit/platform/engine/support/hierarchical/ThrowableCollector$Executable;)V+1
j  org.junit.platform.engine.support.hierarchical.NodeTestTask.executeRecursively()V+31
j  org.junit.platform.engine.support.hierarchical.NodeTestTask.execute()V+55
j  org.junit.platform.engine.support.hierarchical.SameThreadHierarchicalTestExecutorService.submit(Lorg/junit/platform/engine/support/hierarchical/HierarchicalTestExecutorService$TestTask;)Ljava/util/concurrent/Future;+1
j  org.junit.platform.engine.support.hierarchical.HierarchicalTestExecutor.execute()Ljava/util/concurrent/Future;+74
j  org.junit.platform.engine.support.hierarchical.HierarchicalTestEngine.execute(Lorg/junit/platform/engine/ExecutionRequest;)V+31
j  org.junit.platform.launcher.core.EngineExecutionOrchestrator.execute(Lorg/junit/platform/engine/TestDescriptor;Lorg/junit/platform/engine/EngineExecutionListener;Lorg/junit/platform/engine/ConfigurationParameters;Lorg/junit/platform/engine/TestEngine;)V+24
j  org.junit.platform.launcher.core.EngineExecutionOrchestrator.execute(Lorg/junit/platform/launcher/core/LauncherDiscoveryResult;Lorg/junit/platform/engine/EngineExecutionListener;)V+115
j  org.junit.platform.launcher.core.EngineExecutionOrchestrator.execute(Lorg/junit/platform/launcher/core/InternalTestPlan;Lorg/junit/platform/engine/EngineExecutionListener;Lorg/junit/platform/launcher/TestExecutionListener;)V+55
j  org.junit.platform.launcher.core.EngineExecutionOrchestrator.lambda$execute$0(Lorg/junit/platform/launcher/core/InternalTestPlan;Lorg/junit/platform/launcher/TestExecutionListener;)V+6
j  org.junit.platform.launcher.core.EngineExecutionOrchestrator$$Lambda+0x000001cf3b0a08d0.accept(Ljava/lang/Object;)V+12
j  org.junit.platform.launcher.core.EngineExecutionOrchestrator.withInterceptedStreams(Lorg/junit/platform/engine/ConfigurationParameters;Lorg/junit/platform/launcher/core/ListenerRegistry;Ljava/util/function/Consumer;)V+51
j  org.junit.platform.launcher.core.EngineExecutionOrchestrator.execute(Lorg/junit/platform/launcher/core/InternalTestPlan;[Lorg/junit/platform/launcher/TestExecutionListener;)V+23
j  org.junit.platform.launcher.core.DefaultLauncher.execute(Lorg/junit/platform/launcher/core/InternalTestPlan;[Lorg/junit/platform/launcher/TestExecutionListener;)V+6
j  org.junit.platform.launcher.core.DefaultLauncher.execute(Lorg/junit/platform/launcher/LauncherDiscoveryRequest;[Lorg/junit/platform/launcher/TestExecutionListener;)V+34
j  org.junit.platform.launcher.core.DelegatingLauncher.execute(Lorg/junit/platform/launcher/LauncherDiscoveryRequest;[Lorg/junit/platform/launcher/TestExecutionListener;)V+6
j  org.junit.platform.launcher.core.SessionPerRequestLauncher.execute(Lorg/junit/platform/launcher/LauncherDiscoveryRequest;[Lorg/junit/platform/launcher/TestExecutionListener;)V+13
j  com.intellij.junit5.JUnit5IdeaTestRunner.startRunnerWithArgs([Ljava/lang/String;Ljava/lang/String;IZ)I+203
j  com.intellij.rt.junit.IdeaTestRunner$Repeater$1.execute(Z)I+17
j  com.intellij.rt.execution.junit.TestsRepeater.repeat(IZLcom/intellij/rt/execution/junit/TestsRepeater$TestRun;)I+7
j  com.intellij.rt.junit.IdeaTestRunner$Repeater.startRunnerWithArgs(Lcom/intellij/rt/junit/IdeaTestRunner;[Ljava/lang/String;Ljava/util/ArrayList;Ljava/lang/String;IZ)I+25
j  com.intellij.rt.junit.JUnitStarter.prepareStreamsAndStart([Ljava/lang/String;Ljava/lang/String;Ljava/util/ArrayList;Ljava/lang/String;)I+117
j  com.intellij.rt.junit.JUnitStarter.main([Ljava/lang/String;)V+97
v  ~StubRoutines::call_stub 0x000001cf2c95100d

siginfo: EXCEPTION_ACCESS_VIOLATION (0xc0000005), reading address 0xffffffffffffffff


Registers:
RAX=0x0000000000000001, RBX=0x000001cf7b738af0, RCX=0x002001cf7b739990, RDX=0x000001cf7b7399f0
RSP=0x0000007c49bfc5b0, RBP=0x000001cf7b738af0, RSI=0x0000000000000000, RDI=0x0000000000000001
R8 =0x0000000000000002, R9 =0x0000000000000000, R10=0x000001cf3a483ef8, R11=0x0000000000000000
R12=0x000001cf3a4866c8, R13=0x000001cf3b1224a8, R14=0x000001cf3a483ef8, R15=0x000001cf3a4866c8
RIP=0x00007ff9e5416922, EFLAGS=0x0000000000010202


Register to memory mapping:

RAX=0x0000000000000001 is an unknown value
RBX=0x000001cf7b738af0 is pointing into metadata
RCX=0x002001cf7b739990 is an unknown value
RDX={method} {0x000001cf7b7399f8} 
[error occurred during error reporting (printing register info), id 0xc0000005, EXCEPTION_ACCESS_VIOLATION (0xc0000005) at pc=0x00007ff9e56cbe5a]
RSP=0x0000007c49bfc5b0 is pointing into the stack for thread: 0x000001cf1ad65b60
RBP=0x000001cf7b738af0 is pointing into metadata
RSI=0x0 is null
RDI=0x0000000000000001 is an unknown value
R8 =0x0000000000000002 is an unknown value
R9 =0x0 is null
R10=0x000001cf3a483ef8 is pointing into metadata
R11=0x0 is null
R12=0x000001cf3a4866c8 is pointing into metadata
R13=0x000001cf3b1224a8 is a pointer to class: 
org.springframework.core.annotation.AnnotationTypeMappings {0x000001cf3b1224b0}
 - instance size:     3
 - klass size:        65
 - access:            final synchronized 
 - flags:             rewritten has_nonstatic_fields should_verify_class has_localvariable_table has_resolved_methods 
 - state:             fully_initialized
 - name:              'org/springframework/core/annotation/AnnotationTypeMappings'
 - super:             'java/lang/Object'
 - sub:               
 - arrays:            null
 - methods:           Array<T>(0x000001cf7b738af0)
 - method ordering:   Array<T>(0x000001cf3ab30140)
 - default_methods:   Array<T>(0x0000000000000000)
 - local interfaces:  Array<T>(0x000001cf3a613728)
 - trans. interfaces: Array<T>(0x000001cf3a613728)
 - constants:         constant pool [314]/operands[26] {0x000001cf7b738008} for 'org/springframework/core/annotation/AnnotationTypeMappings' cache=0x000001cf7b739b40
 - class loader data:  loader data: 0x000001cf38f69ab0 for instance a 'jdk/internal/loader/ClassLoaders$AppClassLoader'{0x0000000082000000}
 - source file:       'AnnotationTypeMappings.java'
 - class annotations:       Array<T>(0x0000000000000000)
 - class type annotations:  Array<T>(0x0000000000000000)
 - field annotations:       Array<T>(0x0000000000000000)
 - field type annotations:  Array<T>(0x0000000000000000)
 - inner classes:     Array<T>(0x000001cf7b739a88)
 - nest members:     Array<T>(0x000001cf7b739aa8)
 - permitted subclasses:     Array<T>(0x000001cf3a6136b0)
 - java mirror:       a 'java/lang/Class'{0x0000000088deec48} = 'org/springframework/core/annotation/AnnotationTypeMappings'
 - vtable length      5  (start addr: 0x000001cf3b122670)
 - itable length      2 (start addr: 0x000001cf3b122698)
 - ---- static fields (2 words):
 - private static final 'failureLogger' 'Lorg/springframework/core/annotation/IntrospectionFailureLogger;' @112 
 - private static final 'standardRepeatablesCache' 'Ljava/util/Map;' @116 
 - private static final 'noRepeatablesCache' 'Ljava/util/Map;' @120 
 - ---- non-static fields (3 words):
 - private final 'repeatableContainers' 'Lorg/springframework/core/annotation/RepeatableContainers;' @12 
 - private final 'filter' 'Lorg/springframework/core/annotation/AnnotationFilter;' @16 
 - private final 'mappings' 'Ljava/util/List;' @20 
 - non-static oop maps: 12-20 
R14=0x000001cf3a483ef8 is pointing into metadata
R15=0x000001cf3a4866c8 is pointing into metadata

Top of Stack: (sp=0x0000007c49bfc5b0)
0x0000007c49bfc5b0:   0000000000000000 00007ff9e5417942
0x0000007c49bfc5c0:   0000000000000007 000001cf3a44b058
0x0000007c49bfc5d0:   0000000000000000 0000000082029b00
0x0000007c49bfc5e0:   000001cf3b1224a8 0000007c49bfc8d8
0x0000007c49bfc5f0:   000001cf7b72bccf 00007ff9e5622ddc
0x0000007c49bfc600:   0000000000000000 0000007c49bfc700
0x0000007c49bfc610:   000001cf1ad65b60 000001cf3a483ef8
0x0000007c49bfc620:   0000000000000000 0000000088c009e0
0x0000007c49bfc630:   00000000820001a8 0000007c49bfc638
0x0000007c49bfc640:   000001cf3abd99ca 0000000000000007
0x0000007c49bfc650:   000001cf3a44b058 0000000000000000
0x0000007c49bfc660:   0000000082029b00 000001cf3a447700
0x0000007c49bfc670:   0000000000000000 0000007c49bfc698
0x0000007c49bfc680:   0000007c49bfc708 000001cf2c95896e
0x0000007c49bfc690:   0000000000000000 0000000000000001
0x0000007c49bfc6a0:   000000000000000c 0000000000000000
0x0000007c49bfc6b0:   0000000088c009e0 0000000000000000
0x0000007c49bfc6c0:   0000007c49bfc6c0 000001cf3a80cb90
0x0000007c49bfc6d0:   000001cf1ad65b60 0000007c49bfc830
0x0000007c49bfc6e0:   0000007c49bfc7c0 0000000000000000
0x0000007c49bfc6f0:   0000007c49bfc770 00007ff9e54944d7
0x0000007c49bfc700:   000001cf1ad65b60 0000007c49bfc7b0
0x0000007c49bfc710:   0000000088e39640 0000000000000001
0x0000007c49bfc720:   000001cf1ad65b60 0000000000000000
0x0000007c49bfc730:   0000b797955d967b 000001cf7b639ea0
0x0000007c49bfc740:   000001cf7b72bccf 0000007c49bfc9f0
0x0000007c49bfc750:   000001cf7b72bccf 0000000000000000
0x0000007c49bfc760:   0000007c49bfc8d8 000001cf1ad65b60
0x0000007c49bfc770:   0000007c49bfc8c9 00007ff9e5620907
0x0000007c49bfc780:   0000000088c61b18 000001cf1ad665d0
0x0000007c49bfc790:   0000007c49bfc810 000001cf2c95896e
0x0000007c49bfc7a0:   0000000088e398a8 0000000000000001 

Instructions: (pc=0x00007ff9e5416922)
0x00007ff9e5416822:   85 db 0f 85 06 ff ff ff 48 8b bc 24 88 00 00 00
0x00007ff9e5416832:   48 8b ac 24 90 00 00 00 48 8b 05 4f c7 85 00 48
0x00007ff9e5416842:   85 c0 74 12 44 8b c6 48 8d 0d b8 ae 61 00 41 8b
0x00007ff9e5416852:   d4 e8 d8 60 ff ff 48 83 3f 00 74 18 48 8b 94 24
0x00007ff9e5416862:   98 00 00 00 49 8b cf e8 f2 dc cf ff 48 8b cf e8
0x00007ff9e5416872:   ca dc cf ff 49 39 6f 18 74 11 48 8b 44 24 20 49
0x00007ff9e5416882:   89 47 20 49 89 7f 10 49 89 6f 18 4c 8b 6c 24 40
0x00007ff9e5416892:   4c 8b 64 24 48 48 8b 7c 24 50 48 8b 74 24 58 48
0x00007ff9e54168a2:   8b 6c 24 60 48 8b 5c 24 68 4c 8b 7c 24 38 48 83
0x00007ff9e54168b2:   c4 70 41 5e c3 4c 8d 0d a2 ad 61 00 ba 14 10 00
0x00007ff9e54168c2:   00 4c 8d 05 be ad 61 00 48 8d 0d bf 9e 61 00 e8
0x00007ff9e54168d2:   5a a2 eb ff cc cc cc cc cc cc cc cc cc cc 40 53
0x00007ff9e54168e2:   80 3d e7 c5 85 00 00 4c 8b d2 48 8b d9 74 06 5b
0x00007ff9e54168f2:   e9 09 bd ff ff 44 8b 01 45 33 c9 41 83 e8 01 78
0x00007ff9e5416902:   3f 0f 1f 40 00 66 0f 1f 84 00 00 00 00 00 43 8d
0x00007ff9e5416912:   04 08 d1 f8 48 63 c8 48 8b 54 cb 08 48 8b 4a 08
0x00007ff9e5416922:   0f b7 51 24 48 8b 49 08 4c 39 54 d1 48 73 06 44
0x00007ff9e5416932:   8d 48 01 eb 06 74 0e 44 8d 40 ff 45 3b c8 7e ce
0x00007ff9e5416942:   b8 ff ff ff ff 5b c3 cc cc cc cc cc cc cc 48 89
0x00007ff9e5416952:   5c 24 18 55 56 57 48 81 ec e0 00 00 00 48 8b 05
0x00007ff9e5416962:   da df 81 00 48 33 c4 48 89 84 24 d0 00 00 00 33
0x00007ff9e5416972:   ff 48 8b f2 48 8b e9 48 85 c9 75 04 8b df eb 34
0x00007ff9e5416982:   48 8b 8a 20 03 00 00 48 8b 59 18 48 8b 41 20 48
0x00007ff9e5416992:   2b c3 48 83 f8 08 72 0a 48 8d 43 08 48 89 41 18
0x00007ff9e54169a2:   eb 0f 45 33 c0 41 8d 50 08 e8 10 d9 cf ff 48 8b
0x00007ff9e54169b2:   d8 48 89 2b 48 8b 0d 43 78 89 00 48 8d 44 24 58
0x00007ff9e54169c2:   48 89 84 24 a8 00 00 00 48 8d 84 24 99 00 00 00
0x00007ff9e54169d2:   48 89 84 24 b0 00 00 00 c7 44 24 38 0e 00 00 00
0x00007ff9e54169e2:   48 89 bc 24 c8 00 00 00 c7 84 24 bc 00 00 00 08
0x00007ff9e54169f2:   00 00 00 40 88 bc 24 c0 00 00 00 c6 84 24 99 00
0x00007ff9e5416a02:   00 00 02 48 89 5c 24 58 c7 84 24 b8 00 00 00 01
0x00007ff9e5416a12:   00 00 00 e8 96 51 45 00 48 89 44 24 28 48 89 74 


Stack slot to memory mapping:

stack at sp + 0 slots: 0x0 is null
stack at sp + 1 slots: 0x00007ff9e5417942 jvm.dll
stack at sp + 2 slots: 0x0000000000000007 is an unknown value
stack at sp + 3 slots: 0x000001cf3a44b058 is pointing into metadata
stack at sp + 4 slots: 0x0 is null
stack at sp + 5 slots: 0x0000000082029b00 is an oop: java.lang.Class 
{0x0000000082029b00} - klass: 'java/lang/Class'
 - ---- fields (total size 25 words):
 - private volatile transient 'classRedefinedCount' 'I' @12  0 (0x00000000)
 - injected 'klass' 'J' @16  1989543017296 (0x000001cf3a013b50)
 - injected 'array_klass' 'J' @24  0 (0x0000000000000000)
 - injected 'oop_size' 'I' @32  25 (0x00000019)
 - injected 'static_oop_field_count' 'I' @36  1 (0x00000001)
 - private volatile transient 'cachedConstructor' 'Ljava/lang/reflect/Constructor;' @40  null (0x00000000)
 - private transient 'name' 'Ljava/lang/String;' @44  null (0x00000000)
 - private transient 'module' 'Ljava/lang/Module;' @48  a 'java/lang/Module'{0x0000000082000658} (0x82000658)
 - private final 'classLoader' 'Ljava/lang/ClassLoader;' @52  null (0x00000000)
 - private transient 'classData' 'Ljava/lang/Object;' @56  null (0x00000000)
 - private transient 'packageName' 'Ljava/lang/String;' @60  null (0x00000000)
 - private final 'componentType' 'Ljava/lang/Class;' @64  null (0x00000000)
 - private volatile transient 'reflectionData' 'Ljava/lang/ref/SoftReference;' @68  null (0x00000000)
 - private volatile transient 'genericInfo' 'Lsun/reflect/generics/repository/ClassRepository;' @72  null (0x00000000)
 - private volatile transient 'enumConstants' '[Ljava/lang/Object;' @76  null (0x00000000)
 - private volatile transient 'enumConstantDirectory' 'Ljava/util/Map;' @80  null (0x00000000)
 - private volatile transient 'annotationData' 'Ljava/lang/Class$AnnotationData;' @84  null (0x00000000)
 - private volatile transient 'annotationType' 'Lsun/reflect/annotation/AnnotationType;' @88  null (0x00000000)
 - transient 'classValueMap' 'Ljava/lang/ClassValue$ClassValueMap;' @92  null (0x00000000)
 - injected 'protection_domain' 'Ljava/lang/Object;' @96  null (0x00000000)
 - injected 'signers_name' 'Ljava/lang/Object;' @100  null (0x00000000)
 - injected 'source_file' 'Ljava/lang/Object;' @104  null (0x00000000)
 - signature: Ljdk/internal/misc/Unsafe;
 - ---- static fields (1):
 - private static final 'theUnsafe' 'Ljdk/internal/misc/Unsafe;' @112  a 'jdk/internal/misc/Unsafe'{0x00000000820001a8} (0x820001a8)
 - public static final 'INVALID_FIELD_OFFSET' 'I' @116  -1 (0xffffffff)
 - public static final 'ARRAY_BOOLEAN_BASE_OFFSET' 'I' @120  16 (0x00000010)
 - public static final 'ARRAY_BYTE_BASE_OFFSET' 'I' @124  16 (0x00000010)
 - public static final 'ARRAY_SHORT_BASE_OFFSET' 'I' @128  16 (0x00000010)
 - public static final 'ARRAY_CHAR_BASE_OFFSET' 'I' @132  16 (0x00000010)
 - public static final 'ARRAY_INT_BASE_OFFSET' 'I' @136  16 (0x00000010)
 - public static final 'ARRAY_LONG_BASE_OFFSET' 'I' @140  16 (0x00000010)
 - public static final 'ARRAY_FLOAT_BASE_OFFSET' 'I' @144  16 (0x00000010)
 - public static final 'ARRAY_DOUBLE_BASE_OFFSET' 'I' @148  16 (0x00000010)
 - public static final 'ARRAY_OBJECT_BASE_OFFSET' 'I' @152  16 (0x00000010)
 - public static final 'ARRAY_BOOLEAN_INDEX_SCALE' 'I' @156  1 (0x00000001)
 - public static final 'ARRAY_BYTE_INDEX_SCALE' 'I' @160  1 (0x00000001)
 - public static final 'ARRAY_SHORT_INDEX_SCALE' 'I' @164  2 (0x00000002)
 - public static final 'ARRAY_CHAR_INDEX_SCALE' 'I' @168  2 (0x00000002)
 - public static final 'ARRAY_INT_INDEX_SCALE' 'I' @172  4 (0x00000004)
 - public static final 'ARRAY_LONG_INDEX_SCALE' 'I' @176  8 (0x00000008)
 - public static final 'ARRAY_FLOAT_INDEX_SCALE' 'I' @180  4 (0x00000004)
 - public static final 'ARRAY_DOUBLE_INDEX_SCALE' 'I' @184  8 (0x00000008)
 - public static final 'ARRAY_OBJECT_INDEX_SCALE' 'I' @188  4 (0x00000004)
 - public static final 'ADDRESS_SIZE' 'I' @192  8 (0x00000008)
stack at sp + 6 slots: 0x000001cf3b1224a8 is a pointer to class: 
org.springframework.core.annotation.AnnotationTypeMappings {0x000001cf3b1224b0}
 - instance size:     3
 - klass size:        65
 - access:            final synchronized 
 - flags:             rewritten has_nonstatic_fields should_verify_class has_localvariable_table has_resolved_methods 
 - state:             fully_initialized
 - name:              'org/springframework/core/annotation/AnnotationTypeMappings'
 - super:             'java/lang/Object'
 - sub:               
 - arrays:            null
 - methods:           Array<T>(0x000001cf7b738af0)
 - method ordering:   Array<T>(0x000001cf3ab30140)
 - default_methods:   Array<T>(0x0000000000000000)
 - local interfaces:  Array<T>(0x000001cf3a613728)
 - trans. interfaces: Array<T>(0x000001cf3a613728)
 - constants:         constant pool [314]/operands[26] {0x000001cf7b738008} for 'org/springframework/core/annotation/AnnotationTypeMappings' cache=0x000001cf7b739b40
 - class loader data:  loader data: 0x000001cf38f69ab0 for instance a 'jdk/internal/loader/ClassLoaders$AppClassLoader'{0x0000000082000000}
 - source file:       'AnnotationTypeMappings.java'
 - class annotations:       Array<T>(0x0000000000000000)
 - class type annotations:  Array<T>(0x0000000000000000)
 - field annotations:       Array<T>(0x0000000000000000)
 - field type annotations:  Array<T>(0x0000000000000000)
 - inner classes:     Array<T>(0x000001cf7b739a88)
 - nest members:     Array<T>(0x000001cf7b739aa8)
 - permitted subclasses:     Array<T>(0x000001cf3a6136b0)
 - java mirror:       a 'java/lang/Class'{0x0000000088deec48} = 'org/springframework/core/annotation/AnnotationTypeMappings'
 - vtable length      5  (start addr: 0x000001cf3b122670)
 - itable length      2 (start addr: 0x000001cf3b122698)
 - ---- static fields (2 words):
 - private static final 'failureLogger' 'Lorg/springframework/core/annotation/IntrospectionFailureLogger;' @112 
 - private static final 'standardRepeatablesCache' 'Ljava/util/Map;' @116 
 - private static final 'noRepeatablesCache' 'Ljava/util/Map;' @120 
 - ---- non-static fields (3 words):
 - private final 'repeatableContainers' 'Lorg/springframework/core/annotation/RepeatableContainers;' @12 
 - private final 'filter' 'Lorg/springframework/core/annotation/AnnotationFilter;' @16 
 - private final 'mappings' 'Ljava/util/List;' @20 
 - non-static oop maps: 12-20 
stack at sp + 7 slots: 0x0000007c49bfc8d8 is pointing into the stack for thread: 0x000001cf1ad65b60


---------------  P R O C E S S  ---------------

Threads class SMR info:
_java_thread_list=0x000001cf7f36bc10, length=12, elements={
0x000001cf1ad65b60, 0x000001cf390cb470, 0x000001cf390cc440, 0x000001cf390d2100,
0x000001cf390d41b0, 0x000001cf390d77d0, 0x000001cf390d5b00, 0x000001cf390d9f80,
0x000001cf390e1890, 0x000001cf39099140, 0x000001cf39433690, 0x000001cf39433d00
}

Java Threads: ( => current thread )
=>0x000001cf1ad65b60 JavaThread "main"                              [_thread_in_vm, id=14156, stack(0x0000007c49b00000,0x0000007c49c00000) (1024K)]
  0x000001cf390cb470 JavaThread "Reference Handler"          daemon [_thread_blocked, id=17864, stack(0x0000007c4a300000,0x0000007c4a400000) (1024K)]
  0x000001cf390cc440 JavaThread "Finalizer"                  daemon [_thread_blocked, id=18260, stack(0x0000007c4a400000,0x0000007c4a500000) (1024K)]
  0x000001cf390d2100 JavaThread "Signal Dispatcher"          daemon [_thread_blocked, id=11524, stack(0x0000007c4a500000,0x0000007c4a600000) (1024K)]
  0x000001cf390d41b0 JavaThread "Attach Listener"            daemon [_thread_blocked, id=5244, stack(0x0000007c4a600000,0x0000007c4a700000) (1024K)]
  0x000001cf390d77d0 JavaThread "Service Thread"             daemon [_thread_blocked, id=11328, stack(0x0000007c4a700000,0x0000007c4a800000) (1024K)]
  0x000001cf390d5b00 JavaThread "Monitor Deflation Thread"   daemon [_thread_blocked, id=19728, stack(0x0000007c4a800000,0x0000007c4a900000) (1024K)]
  0x000001cf390d9f80 JavaThread "C2 CompilerThread0"         daemon [_thread_blocked, id=18220, stack(0x0000007c4a900000,0x0000007c4aa00000) (1024K)]
  0x000001cf390e1890 JavaThread "C1 CompilerThread0"         daemon [_thread_blocked, id=13144, stack(0x0000007c4aa00000,0x0000007c4ab00000) (1024K)]
  0x000001cf39099140 JavaThread "Common-Cleaner"             daemon [_thread_blocked, id=12516, stack(0x0000007c4ab00000,0x0000007c4ac00000) (1024K)]
  0x000001cf39433690 JavaThread "Monitor Ctrl-Break"         daemon [_thread_in_native, id=15276, stack(0x0000007c4ac00000,0x0000007c4ad00000) (1024K)]
  0x000001cf39433d00 JavaThread "Notification Thread"        daemon [_thread_blocked, id=11440, stack(0x0000007c4ad00000,0x0000007c4ae00000) (1024K)]
Total: 12

Other Threads:
  0x000001cf390b0380 VMThread "VM Thread"                           [id=18548, stack(0x0000007c4a200000,0x0000007c4a300000) (1024K)]
  0x000001cf390983b0 WatcherThread "VM Periodic Task Thread"        [id=6204, stack(0x0000007c4a100000,0x0000007c4a200000) (1024K)]
  0x000001cf1d0681c0 WorkerThread "GC Thread#0"                     [id=19032, stack(0x0000007c49c00000,0x0000007c49d00000) (1024K)]
  0x000001cf39c651a0 WorkerThread "GC Thread#1"                     [id=19484, stack(0x0000007c4ae00000,0x0000007c4af00000) (1024K)]
  0x000001cf39b87a80 WorkerThread "GC Thread#2"                     [id=18236, stack(0x0000007c4af00000,0x0000007c4b000000) (1024K)]
  0x000001cf39ad1fb0 WorkerThread "GC Thread#3"                     [id=20248, stack(0x0000007c4b000000,0x0000007c4b100000) (1024K)]
  0x000001cf1ae0dea0 ConcurrentGCThread "G1 Main Marker"            [id=8880, stack(0x0000007c49d00000,0x0000007c49e00000) (1024K)]
  0x000001cf1d076740 WorkerThread "G1 Conc#0"                       [id=15008, stack(0x0000007c49e00000,0x0000007c49f00000) (1024K)]
  0x000001cf38f56320 ConcurrentGCThread "G1 Refine#0"               [id=17912, stack(0x0000007c49f00000,0x0000007c4a000000) (1024K)]
  0x000001cf38f56f50 ConcurrentGCThread "G1 Service"                [id=16468, stack(0x0000007c4a000000,0x0000007c4a100000) (1024K)]
Total: 10

Threads with active compile tasks:
Total: 0

VM state: not at safepoint (normal execution)

VM Mutex/Monitor currently owned by a thread: None

Heap address: 0x0000000081a00000, size: 2022 MB, Compressed Oops mode: 32-bit

CDS archive(s) mapped at: [0x000001cf3a000000-0x000001cf3ac90000-0x000001cf3ac90000), size 13172736, SharedBaseAddress: 0x000001cf3a000000, ArchiveRelocationMode: 1.
Compressed class space mapped at: 0x000001cf3b000000-0x000001cf7b000000, reserved size: 1073741824
Narrow klass base: 0x000001cf3a000000, Narrow klass shift: 0, Narrow klass range: 0x100000000

GC Precious Log:
 CardTable entry size: 512
 Card Set container configuration: InlinePtr #cards 5 size 8 Array Of Cards #cards 12 size 40 Howl #buckets 4 coarsen threshold 1843 Howl Bitmap #cards 512 size 80 coarsen threshold 460 Card regions per heap region 1 cards per card region 2048
 CPUs: 4 total, 4 available
 Memory: 8083M
 Large Page Support: Disabled
 NUMA Support: Disabled
 Compressed Oops: Enabled (32-bit)
 Heap Region Size: 1M
 Heap Min Capacity: 8M
 Heap Initial Capacity: 128M
 Heap Max Capacity: 2022M
 Pre-touch: Disabled
 Parallel Workers: 4
 Concurrent Workers: 1
 Concurrent Refinement Workers: 4
 Periodic GC: Disabled

Heap:
 garbage-first heap   total 131072K, used 21007K [0x0000000081a00000, 0x0000000100000000)
  region size 1024K, 14 young (14336K), 2 survivors (2048K)
 Metaspace       used 7582K, committed 7808K, reserved 1114112K
  class space    used 917K, committed 1024K, reserved 1048576K

Heap Regions: E=young(eden), S=young(survivor), O=old, HS=humongous(starts), HC=humongous(continues), CS=collection set, F=free, TAMS=top-at-mark-start, PB=parsable bottom
|   0|0x0000000081a00000, 0x0000000081b00000, 0x0000000081b00000|100%|HS|  |TAMS 0x0000000081a00000| PB 0x0000000081a00000| Complete 
|   1|0x0000000081b00000, 0x0000000081c00000, 0x0000000081c00000|100%| O|  |TAMS 0x0000000081b00000| PB 0x0000000081b00000| Untracked 
|   2|0x0000000081c00000, 0x0000000081d00000, 0x0000000081d00000|100%| O|  |TAMS 0x0000000081c00000| PB 0x0000000081c00000| Untracked 
|   3|0x0000000081d00000, 0x0000000081e00000, 0x0000000081e00000|100%| O|  |TAMS 0x0000000081d00000| PB 0x0000000081d00000| Untracked 
|   4|0x0000000081e00000, 0x0000000081f00000, 0x0000000081f00000|100%| O|  |TAMS 0x0000000081e00000| PB 0x0000000081e00000| Untracked 
|   5|0x0000000081f00000, 0x0000000082000000, 0x0000000082000000|100%| O|  |TAMS 0x0000000081f00000| PB 0x0000000081f00000| Untracked 
|   6|0x0000000082000000, 0x0000000082100000, 0x0000000082100000|100%| O|  |TAMS 0x0000000082000000| PB 0x0000000082000000| Untracked 
|   7|0x0000000082100000, 0x0000000082200000, 0x0000000082200000|100%| O|  |TAMS 0x0000000082100000| PB 0x0000000082100000| Untracked 
|   8|0x0000000082200000, 0x000000008221d4f8, 0x0000000082300000| 11%| O|  |TAMS 0x0000000082200000| PB 0x0000000082200000| Untracked 
|   9|0x0000000082300000, 0x0000000082300000, 0x0000000082400000|  0%| F|  |TAMS 0x0000000082300000| PB 0x0000000082300000| Untracked 
|  10|0x0000000082400000, 0x0000000082400000, 0x0000000082500000|  0%| F|  |TAMS 0x0000000082400000| PB 0x0000000082400000| Untracked 
|  11|0x0000000082500000, 0x0000000082500000, 0x0000000082600000|  0%| F|  |TAMS 0x0000000082500000| PB 0x0000000082500000| Untracked 
|  12|0x0000000082600000, 0x0000000082600000, 0x0000000082700000|  0%| F|  |TAMS 0x0000000082600000| PB 0x0000000082600000| Untracked 
|  13|0x0000000082700000, 0x0000000082700000, 0x0000000082800000|  0%| F|  |TAMS 0x0000000082700000| PB 0x0000000082700000| Untracked 
|  14|0x0000000082800000, 0x0000000082800000, 0x0000000082900000|  0%| F|  |TAMS 0x0000000082800000| PB 0x0000000082800000| Untracked 
|  15|0x0000000082900000, 0x0000000082900000, 0x0000000082a00000|  0%| F|  |TAMS 0x0000000082900000| PB 0x0000000082900000| Untracked 
|  16|0x0000000082a00000, 0x0000000082a00000, 0x0000000082b00000|  0%| F|  |TAMS 0x0000000082a00000| PB 0x0000000082a00000| Untracked 
|  17|0x0000000082b00000, 0x0000000082b00000, 0x0000000082c00000|  0%| F|  |TAMS 0x0000000082b00000| PB 0x0000000082b00000| Untracked 
|  18|0x0000000082c00000, 0x0000000082c00000, 0x0000000082d00000|  0%| F|  |TAMS 0x0000000082c00000| PB 0x0000000082c00000| Untracked 
|  19|0x0000000082d00000, 0x0000000082d00000, 0x0000000082e00000|  0%| F|  |TAMS 0x0000000082d00000| PB 0x0000000082d00000| Untracked 
|  20|0x0000000082e00000, 0x0000000082e00000, 0x0000000082f00000|  0%| F|  |TAMS 0x0000000082e00000| PB 0x0000000082e00000| Untracked 
|  21|0x0000000082f00000, 0x0000000082f00000, 0x0000000083000000|  0%| F|  |TAMS 0x0000000082f00000| PB 0x0000000082f00000| Untracked 
|  22|0x0000000083000000, 0x0000000083000000, 0x0000000083100000|  0%| F|  |TAMS 0x0000000083000000| PB 0x0000000083000000| Untracked 
|  23|0x0000000083100000, 0x0000000083100000, 0x0000000083200000|  0%| F|  |TAMS 0x0000000083100000| PB 0x0000000083100000| Untracked 
|  24|0x0000000083200000, 0x0000000083200000, 0x0000000083300000|  0%| F|  |TAMS 0x0000000083200000| PB 0x0000000083200000| Untracked 
|  25|0x0000000083300000, 0x0000000083300000, 0x0000000083400000|  0%| F|  |TAMS 0x0000000083300000| PB 0x0000000083300000| Untracked 
|  26|0x0000000083400000, 0x0000000083400000, 0x0000000083500000|  0%| F|  |TAMS 0x0000000083400000| PB 0x0000000083400000| Untracked 
|  27|0x0000000083500000, 0x0000000083500000, 0x0000000083600000|  0%| F|  |TAMS 0x0000000083500000| PB 0x0000000083500000| Untracked 
|  28|0x0000000083600000, 0x0000000083600000, 0x0000000083700000|  0%| F|  |TAMS 0x0000000083600000| PB 0x0000000083600000| Untracked 
|  29|0x0000000083700000, 0x0000000083700000, 0x0000000083800000|  0%| F|  |TAMS 0x0000000083700000| PB 0x0000000083700000| Untracked 
|  30|0x0000000083800000, 0x0000000083800000, 0x0000000083900000|  0%| F|  |TAMS 0x0000000083800000| PB 0x0000000083800000| Untracked 
|  31|0x0000000083900000, 0x0000000083900000, 0x0000000083a00000|  0%| F|  |TAMS 0x0000000083900000| PB 0x0000000083900000| Untracked 
|  32|0x0000000083a00000, 0x0000000083a00000, 0x0000000083b00000|  0%| F|  |TAMS 0x0000000083a00000| PB 0x0000000083a00000| Untracked 
|  33|0x0000000083b00000, 0x0000000083b00000, 0x0000000083c00000|  0%| F|  |TAMS 0x0000000083b00000| PB 0x0000000083b00000| Untracked 
|  34|0x0000000083c00000, 0x0000000083c00000, 0x0000000083d00000|  0%| F|  |TAMS 0x0000000083c00000| PB 0x0000000083c00000| Untracked 
|  35|0x0000000083d00000, 0x0000000083d00000, 0x0000000083e00000|  0%| F|  |TAMS 0x0000000083d00000| PB 0x0000000083d00000| Untracked 
|  36|0x0000000083e00000, 0x0000000083e00000, 0x0000000083f00000|  0%| F|  |TAMS 0x0000000083e00000| PB 0x0000000083e00000| Untracked 
|  37|0x0000000083f00000, 0x0000000083f00000, 0x0000000084000000|  0%| F|  |TAMS 0x0000000083f00000| PB 0x0000000083f00000| Untracked 
|  38|0x0000000084000000, 0x0000000084000000, 0x0000000084100000|  0%| F|  |TAMS 0x0000000084000000| PB 0x0000000084000000| Untracked 
|  39|0x0000000084100000, 0x0000000084100000, 0x0000000084200000|  0%| F|  |TAMS 0x0000000084100000| PB 0x0000000084100000| Untracked 
|  40|0x0000000084200000, 0x0000000084200000, 0x0000000084300000|  0%| F|  |TAMS 0x0000000084200000| PB 0x0000000084200000| Untracked 
|  41|0x0000000084300000, 0x0000000084300000, 0x0000000084400000|  0%| F|  |TAMS 0x0000000084300000| PB 0x0000000084300000| Untracked 
|  42|0x0000000084400000, 0x0000000084400000, 0x0000000084500000|  0%| F|  |TAMS 0x0000000084400000| PB 0x0000000084400000| Untracked 
|  43|0x0000000084500000, 0x0000000084500000, 0x0000000084600000|  0%| F|  |TAMS 0x0000000084500000| PB 0x0000000084500000| Untracked 
|  44|0x0000000084600000, 0x0000000084600000, 0x0000000084700000|  0%| F|  |TAMS 0x0000000084600000| PB 0x0000000084600000| Untracked 
|  45|0x0000000084700000, 0x0000000084700000, 0x0000000084800000|  0%| F|  |TAMS 0x0000000084700000| PB 0x0000000084700000| Untracked 
|  46|0x0000000084800000, 0x0000000084800000, 0x0000000084900000|  0%| F|  |TAMS 0x0000000084800000| PB 0x0000000084800000| Untracked 
|  47|0x0000000084900000, 0x0000000084900000, 0x0000000084a00000|  0%| F|  |TAMS 0x0000000084900000| PB 0x0000000084900000| Untracked 
|  48|0x0000000084a00000, 0x0000000084a00000, 0x0000000084b00000|  0%| F|  |TAMS 0x0000000084a00000| PB 0x0000000084a00000| Untracked 
|  49|0x0000000084b00000, 0x0000000084b00000, 0x0000000084c00000|  0%| F|  |TAMS 0x0000000084b00000| PB 0x0000000084b00000| Untracked 
|  50|0x0000000084c00000, 0x0000000084c00000, 0x0000000084d00000|  0%| F|  |TAMS 0x0000000084c00000| PB 0x0000000084c00000| Untracked 
|  51|0x0000000084d00000, 0x0000000084d00000, 0x0000000084e00000|  0%| F|  |TAMS 0x0000000084d00000| PB 0x0000000084d00000| Untracked 
|  52|0x0000000084e00000, 0x0000000084e00000, 0x0000000084f00000|  0%| F|  |TAMS 0x0000000084e00000| PB 0x0000000084e00000| Untracked 
|  53|0x0000000084f00000, 0x0000000084f00000, 0x0000000085000000|  0%| F|  |TAMS 0x0000000084f00000| PB 0x0000000084f00000| Untracked 
|  54|0x0000000085000000, 0x0000000085000000, 0x0000000085100000|  0%| F|  |TAMS 0x0000000085000000| PB 0x0000000085000000| Untracked 
|  55|0x0000000085100000, 0x0000000085100000, 0x0000000085200000|  0%| F|  |TAMS 0x0000000085100000| PB 0x0000000085100000| Untracked 
|  56|0x0000000085200000, 0x0000000085200000, 0x0000000085300000|  0%| F|  |TAMS 0x0000000085200000| PB 0x0000000085200000| Untracked 
|  57|0x0000000085300000, 0x0000000085300000, 0x0000000085400000|  0%| F|  |TAMS 0x0000000085300000| PB 0x0000000085300000| Untracked 
|  58|0x0000000085400000, 0x0000000085400000, 0x0000000085500000|  0%| F|  |TAMS 0x0000000085400000| PB 0x0000000085400000| Untracked 
|  59|0x0000000085500000, 0x0000000085500000, 0x0000000085600000|  0%| F|  |TAMS 0x0000000085500000| PB 0x0000000085500000| Untracked 
|  60|0x0000000085600000, 0x0000000085600000, 0x0000000085700000|  0%| F|  |TAMS 0x0000000085600000| PB 0x0000000085600000| Untracked 
|  61|0x0000000085700000, 0x0000000085700000, 0x0000000085800000|  0%| F|  |TAMS 0x0000000085700000| PB 0x0000000085700000| Untracked 
|  62|0x0000000085800000, 0x0000000085800000, 0x0000000085900000|  0%| F|  |TAMS 0x0000000085800000| PB 0x0000000085800000| Untracked 
|  63|0x0000000085900000, 0x0000000085900000, 0x0000000085a00000|  0%| F|  |TAMS 0x0000000085900000| PB 0x0000000085900000| Untracked 
|  64|0x0000000085a00000, 0x0000000085a00000, 0x0000000085b00000|  0%| F|  |TAMS 0x0000000085a00000| PB 0x0000000085a00000| Untracked 
|  65|0x0000000085b00000, 0x0000000085b00000, 0x0000000085c00000|  0%| F|  |TAMS 0x0000000085b00000| PB 0x0000000085b00000| Untracked 
|  66|0x0000000085c00000, 0x0000000085c00000, 0x0000000085d00000|  0%| F|  |TAMS 0x0000000085c00000| PB 0x0000000085c00000| Untracked 
|  67|0x0000000085d00000, 0x0000000085d00000, 0x0000000085e00000|  0%| F|  |TAMS 0x0000000085d00000| PB 0x0000000085d00000| Untracked 
|  68|0x0000000085e00000, 0x0000000085e00000, 0x0000000085f00000|  0%| F|  |TAMS 0x0000000085e00000| PB 0x0000000085e00000| Untracked 
|  69|0x0000000085f00000, 0x0000000085f00000, 0x0000000086000000|  0%| F|  |TAMS 0x0000000085f00000| PB 0x0000000085f00000| Untracked 
|  70|0x0000000086000000, 0x0000000086000000, 0x0000000086100000|  0%| F|  |TAMS 0x0000000086000000| PB 0x0000000086000000| Untracked 
|  71|0x0000000086100000, 0x0000000086100000, 0x0000000086200000|  0%| F|  |TAMS 0x0000000086100000| PB 0x0000000086100000| Untracked 
|  72|0x0000000086200000, 0x0000000086200000, 0x0000000086300000|  0%| F|  |TAMS 0x0000000086200000| PB 0x0000000086200000| Untracked 
|  73|0x0000000086300000, 0x0000000086300000, 0x0000000086400000|  0%| F|  |TAMS 0x0000000086300000| PB 0x0000000086300000| Untracked 
|  74|0x0000000086400000, 0x0000000086400000, 0x0000000086500000|  0%| F|  |TAMS 0x0000000086400000| PB 0x0000000086400000| Untracked 
|  75|0x0000000086500000, 0x0000000086500000, 0x0000000086600000|  0%| F|  |TAMS 0x0000000086500000| PB 0x0000000086500000| Untracked 
|  76|0x0000000086600000, 0x0000000086600000, 0x0000000086700000|  0%| F|  |TAMS 0x0000000086600000| PB 0x0000000086600000| Untracked 
|  77|0x0000000086700000, 0x0000000086700000, 0x0000000086800000|  0%| F|  |TAMS 0x0000000086700000| PB 0x0000000086700000| Untracked 
|  78|0x0000000086800000, 0x0000000086800000, 0x0000000086900000|  0%| F|  |TAMS 0x0000000086800000| PB 0x0000000086800000| Untracked 
|  79|0x0000000086900000, 0x0000000086900000, 0x0000000086a00000|  0%| F|  |TAMS 0x0000000086900000| PB 0x0000000086900000| Untracked 
|  80|0x0000000086a00000, 0x0000000086a00000, 0x0000000086b00000|  0%| F|  |TAMS 0x0000000086a00000| PB 0x0000000086a00000| Untracked 
|  81|0x0000000086b00000, 0x0000000086b00000, 0x0000000086c00000|  0%| F|  |TAMS 0x0000000086b00000| PB 0x0000000086b00000| Untracked 
|  82|0x0000000086c00000, 0x0000000086c00000, 0x0000000086d00000|  0%| F|  |TAMS 0x0000000086c00000| PB 0x0000000086c00000| Untracked 
|  83|0x0000000086d00000, 0x0000000086d00000, 0x0000000086e00000|  0%| F|  |TAMS 0x0000000086d00000| PB 0x0000000086d00000| Untracked 
|  84|0x0000000086e00000, 0x0000000086e00000, 0x0000000086f00000|  0%| F|  |TAMS 0x0000000086e00000| PB 0x0000000086e00000| Untracked 
|  85|0x0000000086f00000, 0x0000000086f00000, 0x0000000087000000|  0%| F|  |TAMS 0x0000000086f00000| PB 0x0000000086f00000| Untracked 
|  86|0x0000000087000000, 0x0000000087000000, 0x0000000087100000|  0%| F|  |TAMS 0x0000000087000000| PB 0x0000000087000000| Untracked 
|  87|0x0000000087100000, 0x0000000087100000, 0x0000000087200000|  0%| F|  |TAMS 0x0000000087100000| PB 0x0000000087100000| Untracked 
|  88|0x0000000087200000, 0x0000000087200000, 0x0000000087300000|  0%| F|  |TAMS 0x0000000087200000| PB 0x0000000087200000| Untracked 
|  89|0x0000000087300000, 0x0000000087300000, 0x0000000087400000|  0%| F|  |TAMS 0x0000000087300000| PB 0x0000000087300000| Untracked 
|  90|0x0000000087400000, 0x0000000087400000, 0x0000000087500000|  0%| F|  |TAMS 0x0000000087400000| PB 0x0000000087400000| Untracked 
|  91|0x0000000087500000, 0x0000000087500000, 0x0000000087600000|  0%| F|  |TAMS 0x0000000087500000| PB 0x0000000087500000| Untracked 
|  92|0x0000000087600000, 0x0000000087600000, 0x0000000087700000|  0%| F|  |TAMS 0x0000000087600000| PB 0x0000000087600000| Untracked 
|  93|0x0000000087700000, 0x0000000087700000, 0x0000000087800000|  0%| F|  |TAMS 0x0000000087700000| PB 0x0000000087700000| Untracked 
|  94|0x0000000087800000, 0x0000000087800000, 0x0000000087900000|  0%| F|  |TAMS 0x0000000087800000| PB 0x0000000087800000| Untracked 
|  95|0x0000000087900000, 0x0000000087900000, 0x0000000087a00000|  0%| F|  |TAMS 0x0000000087900000| PB 0x0000000087900000| Untracked 
|  96|0x0000000087a00000, 0x0000000087a00000, 0x0000000087b00000|  0%| F|  |TAMS 0x0000000087a00000| PB 0x0000000087a00000| Untracked 
|  97|0x0000000087b00000, 0x0000000087b00000, 0x0000000087c00000|  0%| F|  |TAMS 0x0000000087b00000| PB 0x0000000087b00000| Untracked 
|  98|0x0000000087c00000, 0x0000000087c00000, 0x0000000087d00000|  0%| F|  |TAMS 0x0000000087c00000| PB 0x0000000087c00000| Untracked 
|  99|0x0000000087d00000, 0x0000000087d00000, 0x0000000087e00000|  0%| F|  |TAMS 0x0000000087d00000| PB 0x0000000087d00000| Untracked 
| 100|0x0000000087e00000, 0x0000000087e00000, 0x0000000087f00000|  0%| F|  |TAMS 0x0000000087e00000| PB 0x0000000087e00000| Untracked 
| 101|0x0000000087f00000, 0x0000000087f00000, 0x0000000088000000|  0%| F|  |TAMS 0x0000000087f00000| PB 0x0000000087f00000| Untracked 
| 102|0x0000000088000000, 0x0000000088000000, 0x0000000088100000|  0%| F|  |TAMS 0x0000000088000000| PB 0x0000000088000000| Untracked 
| 103|0x0000000088100000, 0x0000000088100000, 0x0000000088200000|  0%| F|  |TAMS 0x0000000088100000| PB 0x0000000088100000| Untracked 
| 104|0x0000000088200000, 0x0000000088200000, 0x0000000088300000|  0%| F|  |TAMS 0x0000000088200000| PB 0x0000000088200000| Untracked 
| 105|0x0000000088300000, 0x0000000088300000, 0x0000000088400000|  0%| F|  |TAMS 0x0000000088300000| PB 0x0000000088300000| Untracked 
| 106|0x0000000088400000, 0x0000000088400000, 0x0000000088500000|  0%| F|  |TAMS 0x0000000088400000| PB 0x0000000088400000| Untracked 
| 107|0x0000000088500000, 0x0000000088500000, 0x0000000088600000|  0%| F|  |TAMS 0x0000000088500000| PB 0x0000000088500000| Untracked 
| 108|0x0000000088600000, 0x0000000088600000, 0x0000000088700000|  0%| F|  |TAMS 0x0000000088600000| PB 0x0000000088600000| Untracked 
| 109|0x0000000088700000, 0x0000000088700000, 0x0000000088800000|  0%| F|  |TAMS 0x0000000088700000| PB 0x0000000088700000| Untracked 
| 110|0x0000000088800000, 0x0000000088800000, 0x0000000088900000|  0%| F|  |TAMS 0x0000000088800000| PB 0x0000000088800000| Untracked 
| 111|0x0000000088900000, 0x0000000088900000, 0x0000000088a00000|  0%| F|  |TAMS 0x0000000088900000| PB 0x0000000088900000| Untracked 
| 112|0x0000000088a00000, 0x0000000088a00000, 0x0000000088b00000|  0%| F|  |TAMS 0x0000000088a00000| PB 0x0000000088a00000| Untracked 
| 113|0x0000000088b00000, 0x0000000088b00000, 0x0000000088c00000|  0%| F|  |TAMS 0x0000000088b00000| PB 0x0000000088b00000| Untracked 
| 114|0x0000000088c00000, 0x0000000088c70d98, 0x0000000088d00000| 44%| E|  |TAMS 0x0000000088c00000| PB 0x0000000088c00000| Complete 
| 115|0x0000000088d00000, 0x0000000088e00000, 0x0000000088e00000|100%| E|CS|TAMS 0x0000000088d00000| PB 0x0000000088d00000| Complete 
| 116|0x0000000088e00000, 0x0000000088f00000, 0x0000000088f00000|100%| E|CS|TAMS 0x0000000088e00000| PB 0x0000000088e00000| Complete 
| 117|0x0000000088f00000, 0x0000000089000000, 0x0000000089000000|100%| E|CS|TAMS 0x0000000088f00000| PB 0x0000000088f00000| Complete 
| 118|0x0000000089000000, 0x0000000089066980, 0x0000000089100000| 40%| S|CS|TAMS 0x0000000089000000| PB 0x0000000089000000| Complete 
| 119|0x0000000089100000, 0x0000000089200000, 0x0000000089200000|100%| S|CS|TAMS 0x0000000089100000| PB 0x0000000089100000| Complete 
| 120|0x0000000089200000, 0x0000000089300000, 0x0000000089300000|100%| E|CS|TAMS 0x0000000089200000| PB 0x0000000089200000| Complete 
| 121|0x0000000089300000, 0x0000000089400000, 0x0000000089400000|100%| E|CS|TAMS 0x0000000089300000| PB 0x0000000089300000| Complete 
| 122|0x0000000089400000, 0x0000000089500000, 0x0000000089500000|100%| E|CS|TAMS 0x0000000089400000| PB 0x0000000089400000| Complete 
| 123|0x0000000089500000, 0x0000000089600000, 0x0000000089600000|100%| E|CS|TAMS 0x0000000089500000| PB 0x0000000089500000| Complete 
| 124|0x0000000089600000, 0x0000000089700000, 0x0000000089700000|100%| E|CS|TAMS 0x0000000089600000| PB 0x0000000089600000| Complete 
| 125|0x0000000089700000, 0x0000000089800000, 0x0000000089800000|100%| E|CS|TAMS 0x0000000089700000| PB 0x0000000089700000| Complete 
| 126|0x0000000089800000, 0x0000000089900000, 0x0000000089900000|100%| E|CS|TAMS 0x0000000089800000| PB 0x0000000089800000| Complete 
| 127|0x0000000089900000, 0x0000000089a00000, 0x0000000089a00000|100%| E|CS|TAMS 0x0000000089900000| PB 0x0000000089900000| Complete 

Card table byte_map: [0x000001cf34820000,0x000001cf34c20000] _byte_map_base: 0x000001cf34413000

Marking Bits: (CMBitMap*) 0x000001cf1d0688c0
 Bits: [0x000001cf34c20000, 0x000001cf36bb8000)

Polling page: 0x000001cf1aec0000

Metaspace:

Usage:
  Non-class:      6.51 MB used.
      Class:    917.80 KB used.
       Both:      7.41 MB used.

Virtual space:
  Non-class space:       64.00 MB reserved,       6.62 MB ( 10%) committed,  1 nodes.
      Class space:        1.00 GB reserved,       1.00 MB ( <1%) committed,  1 nodes.
             Both:        1.06 GB reserved,       7.62 MB ( <1%) committed. 

Chunk freelists:
   Non-Class:  8.70 MB
       Class:  14.84 MB
        Both:  23.54 MB

MaxMetaspaceSize: unlimited
CompressedClassSpaceSize: 1.00 GB
Initial GC threshold: 21.00 MB
Current GC threshold: 21.00 MB
CDS: on
 - commit_granule_bytes: 65536.
 - commit_granule_words: 8192.
 - virtual_space_node_default_size: 8388608.
 - enlarge_chunks_in_place: 1.
 - use_allocation_guard: 0.


Internal statistics:

num_allocs_failed_limit: 0.
num_arena_births: 196.
num_arena_deaths: 0.
num_vsnodes_births: 2.
num_vsnodes_deaths: 0.
num_space_committed: 122.
num_space_uncommitted: 0.
num_chunks_returned_to_freelist: 0.
num_chunks_taken_from_freelist: 455.
num_chunk_merges: 0.
num_chunk_splits: 258.
num_chunks_enlarged: 144.
num_inconsistent_stats: 0.

CodeHeap 'non-profiled nmethods': size=120000Kb used=565Kb max_used=565Kb free=119434Kb
 bounds [0x000001cf2cef0000, 0x000001cf2d160000, 0x000001cf34420000]
CodeHeap 'profiled nmethods': size=120000Kb used=2893Kb max_used=2893Kb free=117106Kb
 bounds [0x000001cf25420000, 0x000001cf25700000, 0x000001cf2c950000]
CodeHeap 'non-nmethods': size=5760Kb used=1375Kb max_used=1400Kb free=4385Kb
 bounds [0x000001cf2c950000, 0x000001cf2cbc0000, 0x000001cf2cef0000]
 total_blobs=1966 nmethods=1489 adapters=382
 compilation: enabled
              stopped_count=0, restarted_count=0
 full_count=0

Compilation events (20 events):
Event: 2.552 Thread 0x000001cf390e1890 nmethod 1474 0x000001cf256ed390 code [0x000001cf256ed560, 0x000001cf256eda00]
Event: 2.552 Thread 0x000001cf390e1890 1477       3       java.lang.invoke.InnerClassLambdaMetafactory::lambdaClassName (48 bytes)
Event: 2.553 Thread 0x000001cf390e1890 nmethod 1477 0x000001cf256edb90 code [0x000001cf256edde0, 0x000001cf256ee4c8]
Event: 2.553 Thread 0x000001cf390e1890 1479       3       jdk.internal.org.objectweb.asm.MethodWriter::visitAnnotation (40 bytes)
Event: 2.554 Thread 0x000001cf390e1890 nmethod 1479 0x000001cf256ee790 code [0x000001cf256ee960, 0x000001cf256eec18]
Event: 2.554 Thread 0x000001cf390e1890 1476       1       java.util.concurrent.CopyOnWriteArrayList::getArray (5 bytes)
Event: 2.554 Thread 0x000001cf390e1890 nmethod 1476 0x000001cf2cf77390 code [0x000001cf2cf77520, 0x000001cf2cf775e8]
Event: 2.555 Thread 0x000001cf390e1890 1480       3       java.lang.invoke.LambdaForm::normalizeNames (270 bytes)
Event: 2.555 Thread 0x000001cf390d9f80 1481       4       jdk.internal.org.objectweb.asm.Frame::execute (2305 bytes)
Event: 2.556 Thread 0x000001cf390e1890 nmethod 1480 0x000001cf256eed10 code [0x000001cf256eefe0, 0x000001cf256f02d0]
Event: 2.556 Thread 0x000001cf390e1890 1482       3       java.lang.invoke.InvokerBytecodeGenerator::emitReferenceCast (188 bytes)
Event: 2.557 Thread 0x000001cf390e1890 nmethod 1482 0x000001cf256f0890 code [0x000001cf256f0b60, 0x000001cf256f1848]
Event: 2.558 Thread 0x000001cf390e1890 1487       3       java.util.ImmutableCollections$ListN::get (7 bytes)
Event: 2.558 Thread 0x000001cf390e1890 nmethod 1487 0x000001cf256f1b90 code [0x000001cf256f1d20, 0x000001cf256f1e58]
Event: 2.558 Thread 0x000001cf390e1890 1488       3       java.lang.invoke.InvokerBytecodeGenerator::storeInsnOpcode (98 bytes)
Event: 2.559 Thread 0x000001cf390e1890 nmethod 1488 0x000001cf256f1f10 code [0x000001cf256f2180, 0x000001cf256f2ae8]
Event: 2.561 Thread 0x000001cf390e1890 1489   !   3       jdk.proxy1.$Proxy0::annotationType (29 bytes)
Event: 2.561 Thread 0x000001cf390e1890 nmethod 1489 0x000001cf256f2e10 code [0x000001cf256f2fe0, 0x000001cf256f33a8]
Event: 2.561 Thread 0x000001cf390e1890 1491       1       java.util.concurrent.atomic.AtomicInteger::get (5 bytes)
Event: 2.561 Thread 0x000001cf390e1890 nmethod 1491 0x000001cf2cf78290 code [0x000001cf2cf78420, 0x000001cf2cf784e8]

GC Heap History (4 events):
Event: 1.133 GC heap before
{Heap before GC invocations=0 (full 0):
 garbage-first heap   total 131072K, used 14336K [0x0000000081a00000, 0x0000000100000000)
  region size 1024K, 13 young (13312K), 0 survivors (0K)
 Metaspace       used 2184K, committed 2368K, reserved 1114112K
  class space    used 188K, committed 256K, reserved 1048576K
}
Event: 1.143 GC heap after
{Heap after GC invocations=1 (full 0):
 garbage-first heap   total 131072K, used 8192K [0x0000000081a00000, 0x0000000100000000)
  region size 1024K, 2 young (2048K), 2 survivors (2048K)
 Metaspace       used 2184K, committed 2368K, reserved 1114112K
  class space    used 188K, committed 256K, reserved 1048576K
}
Event: 1.791 GC heap before
{Heap before GC invocations=1 (full 0):
 garbage-first heap   total 131072K, used 16384K [0x0000000081a00000, 0x0000000100000000)
  region size 1024K, 10 young (10240K), 2 survivors (2048K)
 Metaspace       used 4757K, committed 4928K, reserved 1114112K
  class space    used 506K, committed 576K, reserved 1048576K
}
Event: 1.797 GC heap after
{Heap after GC invocations=2 (full 0):
 garbage-first heap   total 131072K, used 9743K [0x0000000081a00000, 0x0000000100000000)
  region size 1024K, 2 young (2048K), 2 survivors (2048K)
 Metaspace       used 4757K, committed 4928K, reserved 1114112K
  class space    used 506K, committed 576K, reserved 1048576K
}

Dll operation events (10 events):
Event: 0.035 Loaded shared library C:\Program Files\Java\jdk-21\bin\java.dll
Event: 0.151 Loaded shared library C:\Program Files\Java\jdk-21\bin\jsvml.dll
Event: 0.528 Loaded shared library C:\Program Files\Java\jdk-21\bin\zip.dll
Event: 0.535 Loaded shared library C:\Program Files\Java\jdk-21\bin\instrument.dll
Event: 0.545 Loaded shared library C:\Program Files\Java\jdk-21\bin\net.dll
Event: 0.549 Loaded shared library C:\Program Files\Java\jdk-21\bin\nio.dll
Event: 0.557 Loaded shared library C:\Program Files\Java\jdk-21\bin\zip.dll
Event: 0.585 Loaded shared library C:\Users\DELL\Desktop\IntelliJ IDEA 2024.2\bin\breakgen64.dll
Event: 0.612 Loaded shared library C:\Program Files\Java\jdk-21\bin\extnet.dll
Event: 0.978 Loaded shared library C:\Program Files\Java\jdk-21\bin\jimage.dll

Deoptimization events (20 events):
Event: 1.417 Thread 0x000001cf1ad65b60 Uncommon trap: trap_request=0xffffff45 fr.pc=0x000001cf2cf32ffc relative=0x0000000000000c1c
Event: 1.417 Thread 0x000001cf1ad65b60 Uncommon trap: reason=unstable_if action=reinterpret pc=0x000001cf2cf32ffc method=java.util.HashMap.hash(Ljava/lang/Object;)I @ 1 c2
Event: 1.417 Thread 0x000001cf1ad65b60 DEOPT PACKING pc=0x000001cf2cf32ffc sp=0x0000007c49bfcdf0
Event: 1.417 Thread 0x000001cf1ad65b60 DEOPT UNPACKING pc=0x000001cf2c9a46a2 sp=0x0000007c49bfcda0 mode 2
Event: 1.655 Thread 0x000001cf1ad65b60 DEOPT PACKING pc=0x000001cf25430397 sp=0x0000007c49bfdaf0
Event: 1.655 Thread 0x000001cf1ad65b60 DEOPT UNPACKING pc=0x000001cf2c9a4e42 sp=0x0000007c49bfcfc8 mode 0
Event: 1.830 Thread 0x000001cf1ad65b60 Uncommon trap: trap_request=0xffffff45 fr.pc=0x000001cf2cf54d70 relative=0x0000000000000330
Event: 1.830 Thread 0x000001cf1ad65b60 Uncommon trap: reason=unstable_if action=reinterpret pc=0x000001cf2cf54d70 method=jdk.internal.org.objectweb.asm.SymbolTable.put(Ljdk/internal/org/objectweb/asm/SymbolTable$Entry;)Ljdk/internal/org/objectweb/asm/SymbolTable$Entry; @ 13 c2
Event: 1.830 Thread 0x000001cf1ad65b60 DEOPT PACKING pc=0x000001cf2cf54d70 sp=0x0000007c49bfc270
Event: 1.830 Thread 0x000001cf1ad65b60 DEOPT UNPACKING pc=0x000001cf2c9a46a2 sp=0x0000007c49bfc1f0 mode 2
Event: 2.431 Thread 0x000001cf1ad65b60 Uncommon trap: trap_request=0xffffffde fr.pc=0x000001cf2cf6dd20 relative=0x0000000000000340
Event: 2.431 Thread 0x000001cf1ad65b60 Uncommon trap: reason=class_check action=maybe_recompile pc=0x000001cf2cf6dd20 method=java.util.HashMap.getNode(Ljava/lang/Object;)Ljava/util/HashMap$Node; @ 128 c2
Event: 2.431 Thread 0x000001cf1ad65b60 DEOPT PACKING pc=0x000001cf2cf6dd20 sp=0x0000007c49bfc370
Event: 2.431 Thread 0x000001cf1ad65b60 DEOPT UNPACKING pc=0x000001cf2c9a46a2 sp=0x0000007c49bfc2d8 mode 2
Event: 2.438 Thread 0x000001cf1ad65b60 Uncommon trap: trap_request=0xffffffde fr.pc=0x000001cf2cf6dd20 relative=0x0000000000000340
Event: 2.438 Thread 0x000001cf1ad65b60 Uncommon trap: reason=class_check action=maybe_recompile pc=0x000001cf2cf6dd20 method=java.util.HashMap.getNode(Ljava/lang/Object;)Ljava/util/HashMap$Node; @ 128 c2
Event: 2.438 Thread 0x000001cf1ad65b60 DEOPT PACKING pc=0x000001cf2cf6dd20 sp=0x0000007c49bfc370
Event: 2.438 Thread 0x000001cf1ad65b60 DEOPT UNPACKING pc=0x000001cf2c9a46a2 sp=0x0000007c49bfc2d8 mode 2
Event: 2.443 Thread 0x000001cf1ad65b60 DEOPT PACKING pc=0x000001cf25559d15 sp=0x0000007c49bfbd30
Event: 2.443 Thread 0x000001cf1ad65b60 DEOPT UNPACKING pc=0x000001cf2c9a4e42 sp=0x0000007c49bfb1b8 mode 0

Classes loaded (20 events):
Event: 2.440 Loading class jdk/internal/access/JavaUtilCollectionAccess done
Event: 2.440 Loading class java/util/ImmutableCollections$Access$1 done
Event: 2.441 Loading class java/util/stream/Nodes$SpinedNodeBuilder
Event: 2.441 Loading class java/util/stream/Nodes$SpinedNodeBuilder done
Event: 2.482 Loading class java/util/concurrent/atomic/AtomicLongArray
Event: 2.483 Loading class java/util/concurrent/atomic/AtomicLongArray done
Event: 2.483 Loading class java/lang/invoke/VarHandleLongs$Array
Event: 2.483 Loading class java/lang/invoke/VarHandleLongs$Array done
Event: 2.487 Loading class java/util/concurrent/atomic/AtomicReferenceArray
Event: 2.487 Loading class java/util/concurrent/atomic/AtomicReferenceArray done
Event: 2.487 Loading class java/lang/invoke/VarHandleReferences$Array
Event: 2.488 Loading class java/lang/invoke/VarHandleReferences$Array done
Event: 2.489 Loading class java/util/concurrent/ConcurrentLinkedQueue
Event: 2.489 Loading class java/util/concurrent/ConcurrentLinkedQueue done
Event: 2.489 Loading class java/util/concurrent/ConcurrentLinkedQueue$Node
Event: 2.489 Loading class java/util/concurrent/ConcurrentLinkedQueue$Node done
Event: 2.493 Loading class java/util/NoSuchElementException
Event: 2.493 Loading class java/util/NoSuchElementException done
Event: 2.529 Loading class java/lang/NoSuchFieldError
Event: 2.529 Loading class java/lang/NoSuchFieldError done

Classes unloaded (0 events):
No events

Classes redefined (0 events):
No events

Internal exceptions (20 events):
Event: 1.726 Thread 0x000001cf1ad65b60 Exception <a 'java/lang/NoSuchMethodError'{0x000000008922fee0}: 'java.lang.Object java.lang.invoke.DirectMethodHandle$Holder.newInvokeSpecial(java.lang.Object, java.lang.Object, java.lang.Object, java.lang.Object, java.lang.Object)'> (0x000000008922fee0) 
thrown [s\open\src\hotspot\share\interpreter\linkResolver.cpp, line 773]
Event: 1.778 Thread 0x000001cf1ad65b60 Exception <a 'java/lang/NoSuchMethodError'{0x00000000892b12a8}: 'java.lang.Object java.lang.invoke.DirectMethodHandle$Holder.newInvokeSpecial(java.lang.Object, java.lang.Object, java.lang.Object, java.lang.Object, java.lang.Object, java.lang.Object)'> (0x00000000892b12a8) 
thrown [s\open\src\hotspot\share\interpreter\linkResolver.cpp, line 773]
Event: 1.883 Thread 0x000001cf1ad65b60 Exception <a 'java/lang/NoSuchMethodError'{0x00000000898b1338}: 'java.lang.Object java.lang.invoke.DirectMethodHandle$Holder.invokeSpecialIFC(java.lang.Object, java.lang.Object, java.lang.Object, java.lang.Object)'> (0x00000000898b1338) 
thrown [s\open\src\hotspot\share\interpreter\linkResolver.cpp, line 773]
Event: 1.890 Thread 0x000001cf1ad65b60 Exception <a 'java/lang/NoSuchMethodError'{0x00000000898c9358}: 'java.lang.Object java.lang.invoke.DirectMethodHandle$Holder.invokeInterface(java.lang.Object, java.lang.Object, java.lang.Object)'> (0x00000000898c9358) 
thrown [s\open\src\hotspot\share\interpreter\linkResolver.cpp, line 773]
Event: 1.895 Thread 0x000001cf1ad65b60 Exception <a 'java/lang/NoSuchMethodError'{0x00000000898da480}: 'void java.lang.invoke.DirectMethodHandle$Holder.invokeSpecial(java.lang.Object, java.lang.Object, java.lang.Object)'> (0x00000000898da480) 
thrown [s\open\src\hotspot\share\interpreter\linkResolver.cpp, line 773]
Event: 1.913 Thread 0x000001cf1ad65b60 Exception <a 'java/lang/NoSuchMethodError'{0x000000008972a648}: 'void java.lang.invoke.DirectMethodHandle$Holder.invokeInterface(java.lang.Object, java.lang.Object, java.lang.Object, java.lang.Object, java.lang.Object)'> (0x000000008972a648) 
thrown [s\open\src\hotspot\share\interpreter\linkResolver.cpp, line 773]
Event: 1.913 Thread 0x000001cf1ad65b60 Exception <a 'java/lang/IncompatibleClassChangeError'{0x000000008972e2e8}: Found class java.lang.Object, but interface was expected> (0x000000008972e2e8) 
thrown [s\open\src\hotspot\share\interpreter\linkResolver.cpp, line 840]
Event: 1.931 Thread 0x000001cf1ad65b60 Exception <a 'java/lang/NoSuchMethodError'{0x0000000089765de0}: 'void java.lang.invoke.DirectMethodHandle$Holder.invokeInterface(java.lang.Object, java.lang.Object, java.lang.Object)'> (0x0000000089765de0) 
thrown [s\open\src\hotspot\share\interpreter\linkResolver.cpp, line 773]
Event: 1.932 Thread 0x000001cf1ad65b60 Exception <a 'java/lang/IncompatibleClassChangeError'{0x0000000089769170}: Found class java.lang.Object, but interface was expected> (0x0000000089769170) 
thrown [s\open\src\hotspot\share\interpreter\linkResolver.cpp, line 840]
Event: 1.939 Thread 0x000001cf1ad65b60 Exception <a 'java/lang/NoSuchMethodError'{0x0000000089786f28}: 'java.lang.Object java.lang.invoke.DirectMethodHandle$Holder.invokeStatic(java.lang.Object, java.lang.Object, int)'> (0x0000000089786f28) 
thrown [s\open\src\hotspot\share\interpreter\linkResolver.cpp, line 773]
Event: 1.964 Thread 0x000001cf1ad65b60 Exception <a 'java/lang/NoSuchMethodError'{0x00000000897d8e18}: 'void java.lang.invoke.DirectMethodHandle$Holder.invokeSpecial(java.lang.Object, java.lang.Object, java.lang.Object, java.lang.Object, java.lang.Object)'> (0x00000000897d8e18) 
thrown [s\open\src\hotspot\share\interpreter\linkResolver.cpp, line 773]
Event: 1.985 Thread 0x000001cf1ad65b60 Exception <a 'java/lang/NoSuchMethodError'{0x000000008962e780}: 'void java.lang.invoke.DirectMethodHandle$Holder.invokeInterface(java.lang.Object, java.lang.Object, java.lang.Object, java.lang.Object)'> (0x000000008962e780) 
thrown [s\open\src\hotspot\share\interpreter\linkResolver.cpp, line 773]
Event: 1.986 Thread 0x000001cf1ad65b60 Exception <a 'java/lang/IncompatibleClassChangeError'{0x0000000089631be8}: Found class java.lang.Object, but interface was expected> (0x0000000089631be8) 
thrown [s\open\src\hotspot\share\interpreter\linkResolver.cpp, line 840]
Event: 1.993 Thread 0x000001cf1ad65b60 Exception <a 'java/lang/NoSuchMethodError'{0x000000008964af30}: 'void java.lang.invoke.DirectMethodHandle$Holder.invokeStatic(java.lang.Object, java.lang.Object, java.lang.Object, java.lang.Object)'> (0x000000008964af30) 
thrown [s\open\src\hotspot\share\interpreter\linkResolver.cpp, line 773]
Event: 2.000 Thread 0x000001cf1ad65b60 Exception <a 'java/lang/NoSuchMethodError'{0x0000000089668a28}: 'java.lang.Object java.lang.invoke.DirectMethodHandle$Holder.newInvokeSpecial(java.lang.Object, java.lang.Object, int)'> (0x0000000089668a28) 
thrown [s\open\src\hotspot\share\interpreter\linkResolver.cpp, line 773]
Event: 2.035 Thread 0x000001cf1ad65b60 Exception <a 'java/lang/NoSuchMethodError'{0x000000008950cad8}: 'int java.lang.invoke.DirectMethodHandle$Holder.invokeStatic(java.lang.Object, java.lang.Object, java.lang.Object, java.lang.Object, java.lang.Object)'> (0x000000008950cad8) 
thrown [s\open\src\hotspot\share\interpreter\linkResolver.cpp, line 773]
Event: 2.066 Thread 0x000001cf1ad65b60 Exception <a 'java/lang/NoSuchMethodError'{0x000000008955b148}: 'void java.lang.invoke.DirectMethodHandle$Holder.invokeStaticInit(java.lang.Object)'> (0x000000008955b148) 
thrown [s\open\src\hotspot\share\interpreter\linkResolver.cpp, line 773]
Event: 2.101 Thread 0x000001cf1ad65b60 Exception <a 'java/lang/NoSuchMethodError'{0x00000000895fb418}: 'void java.lang.invoke.DirectMethodHandle$Holder.invokeStaticInit(java.lang.Object, java.lang.Object, java.lang.Object, java.lang.Object)'> (0x00000000895fb418) 
thrown [s\open\src\hotspot\share\interpreter\linkResolver.cpp, line 773]
Event: 2.123 Thread 0x000001cf1ad65b60 Exception <a 'java/lang/NoSuchMethodError'{0x00000000894585b8}: 'int java.lang.invoke.DirectMethodHandle$Holder.invokeStaticInit(java.lang.Object, java.lang.Object)'> (0x00000000894585b8) 
thrown [s\open\src\hotspot\share\interpreter\linkResolver.cpp, line 773]
Event: 2.521 Thread 0x000001cf1ad65b60 Exception <a 'java/lang/NoSuchMethodError'{0x0000000088daef70}: 'int java.lang.invoke.DirectMethodHandle$Holder.invokeStaticInit(java.lang.Object, java.lang.Object, java.lang.Object)'> (0x0000000088daef70) 
thrown [s\open\src\hotspot\share\interpreter\linkResolver.cpp, line 773]

ZGC Phase Switch (0 events):
No events

VM Operations (20 events):
Event: 1.102 Executing VM operation: HandshakeAllThreads (Deoptimize)
Event: 1.102 Executing VM operation: HandshakeAllThreads (Deoptimize) done
Event: 1.102 Executing VM operation: Cleanup
Event: 1.102 Executing VM operation: Cleanup done
Event: 1.121 Executing VM operation: HandshakeAllThreads (Deoptimize)
Event: 1.121 Executing VM operation: HandshakeAllThreads (Deoptimize) done
Event: 1.133 Executing VM operation: G1CollectForAllocation (G1 Evacuation Pause)
Event: 1.148 Executing VM operation: G1CollectForAllocation (G1 Evacuation Pause) done
Event: 1.250 Executing VM operation: HandshakeAllThreads (Deoptimize)
Event: 1.250 Executing VM operation: HandshakeAllThreads (Deoptimize) done
Event: 1.791 Executing VM operation: G1CollectForAllocation (G1 Evacuation Pause)
Event: 1.797 Executing VM operation: G1CollectForAllocation (G1 Evacuation Pause) done
Event: 2.046 Executing VM operation: HandshakeAllThreads (Deoptimize)
Event: 2.046 Executing VM operation: HandshakeAllThreads (Deoptimize) done
Event: 2.047 Executing VM operation: HandshakeAllThreads (Deoptimize)
Event: 2.047 Executing VM operation: HandshakeAllThreads (Deoptimize) done
Event: 2.388 Executing VM operation: HandshakeAllThreads (Deoptimize)
Event: 2.388 Executing VM operation: HandshakeAllThreads (Deoptimize) done
Event: 2.389 Executing VM operation: HandshakeAllThreads (Deoptimize)
Event: 2.389 Executing VM operation: HandshakeAllThreads (Deoptimize) done

Events (14 events):
Event: 0.086 Thread 0x000001cf1ad65b60 Thread added: 0x000001cf1ad65b60
Event: 0.146 Thread 0x000001cf390cb470 Thread added: 0x000001cf390cb470
Event: 0.146 Thread 0x000001cf390cc440 Thread added: 0x000001cf390cc440
Event: 0.147 Thread 0x000001cf390d2100 Thread added: 0x000001cf390d2100
Event: 0.147 Thread 0x000001cf390d41b0 Thread added: 0x000001cf390d41b0
Event: 0.147 Thread 0x000001cf390d77d0 Thread added: 0x000001cf390d77d0
Event: 0.148 Thread 0x000001cf390d5b00 Thread added: 0x000001cf390d5b00
Event: 0.148 Thread 0x000001cf390d9f80 Thread added: 0x000001cf390d9f80
Event: 0.148 Thread 0x000001cf390e1890 Thread added: 0x000001cf390e1890
Event: 0.479 Thread 0x000001cf39099140 Thread added: 0x000001cf39099140
Event: 0.586 Thread 0x000001cf39433690 Thread added: 0x000001cf39433690
Event: 0.587 Thread 0x000001cf39433d00 Thread added: 0x000001cf39433d00
Event: 1.252 Thread 0x000001cf39cad4c0 Thread added: 0x000001cf39cad4c0
Event: 2.051 Thread 0x000001cf39cad4c0 Thread exited: 0x000001cf39cad4c0


Dynamic libraries:
0x00007ff708200000 - 0x00007ff708210000 	C:\Program Files\Java\jdk-21\bin\java.exe
0x00007ffa79bb0000 - 0x00007ffa79dc7000 	C:\Windows\SYSTEM32\ntdll.dll
0x00007ffa77a50000 - 0x00007ffa77b14000 	C:\Windows\System32\KERNEL32.DLL
0x00007ffa76f30000 - 0x00007ffa772e7000 	C:\Windows\System32\KERNELBASE.dll
0x00007ffa775e0000 - 0x00007ffa776f1000 	C:\Windows\System32\ucrtbase.dll
0x00007ffa61090000 - 0x00007ffa610ab000 	C:\Program Files\Java\jdk-21\bin\VCRUNTIME140.dll
0x00007ffa615a0000 - 0x00007ffa615b9000 	C:\Program Files\Java\jdk-21\bin\jli.dll
0x00007ffa78ef0000 - 0x00007ffa78fa2000 	C:\Windows\System32\ADVAPI32.dll
0x00007ffa784e0000 - 0x00007ffa78587000 	C:\Windows\System32\msvcrt.dll
0x00007ffa78c90000 - 0x00007ffa78d38000 	C:\Windows\System32\sechost.dll
0x00007ffa77370000 - 0x00007ffa77398000 	C:\Windows\System32\bcrypt.dll
0x00007ffa783c0000 - 0x00007ffa784d4000 	C:\Windows\System32\RPCRT4.dll
0x00007ffa77fa0000 - 0x00007ffa7814f000 	C:\Windows\System32\USER32.dll
0x00007ffa775b0000 - 0x00007ffa775d6000 	C:\Windows\System32\win32u.dll
0x00007ffa63be0000 - 0x00007ffa63e73000 	C:\Windows\WinSxS\amd64_microsoft.windows.common-controls_6595b64144ccf1df_6.0.22621.3672_none_2713b9d173822955\COMCTL32.dll
0x00007ffa778e0000 - 0x00007ffa77909000 	C:\Windows\System32\GDI32.dll
0x00007ffa77700000 - 0x00007ffa77818000 	C:\Windows\System32\gdi32full.dll
0x00007ffa77510000 - 0x00007ffa775aa000 	C:\Windows\System32\msvcp_win.dll
0x00007ffa76a30000 - 0x00007ffa76a3a000 	C:\Windows\SYSTEM32\VERSION.dll
0x00007ffa78c40000 - 0x00007ffa78c71000 	C:\Windows\System32\IMM32.DLL
0x000000005ebf0000 - 0x000000005ebfc000 	C:\Program Files (x86)\360\Total Security\safemon\SafeWrapper.dll
0x00007ffa46230000 - 0x00007ffa462dc000 	C:\Program Files (x86)\360\Total Security\safemon\libzdtp64.dll
0x00007ffa791b0000 - 0x00007ffa79a19000 	C:\Windows\System32\SHELL32.dll
0x00007ffa78e90000 - 0x00007ffa78eee000 	C:\Windows\System32\SHLWAPI.dll
0x00007ffa6e5f0000 - 0x00007ffa6e5fc000 	C:\Program Files\Java\jdk-21\bin\vcruntime140_1.dll
0x00007ffa49040000 - 0x00007ffa490ce000 	C:\Program Files\Java\jdk-21\bin\msvcp140.dll
0x00007ff9e5050000 - 0x00007ff9e5d65000 	C:\Program Files\Java\jdk-21\bin\server\jvm.dll
0x00007ffa79a20000 - 0x00007ffa79a91000 	C:\Windows\System32\WS2_32.dll
0x00007ffa76d90000 - 0x00007ffa76ddd000 	C:\Windows\SYSTEM32\POWRPROF.dll
0x00007ffa6de10000 - 0x00007ffa6de44000 	C:\Windows\SYSTEM32\WINMM.dll
0x00007ffa76c70000 - 0x00007ffa76c83000 	C:\Windows\SYSTEM32\UMPDC.dll
0x00007ffa75e60000 - 0x00007ffa75e78000 	C:\Windows\SYSTEM32\kernel.appcore.dll
0x00007ffa621a0000 - 0x00007ffa621aa000 	C:\Program Files\Java\jdk-21\bin\jimage.dll
0x00007ffa711d0000 - 0x00007ffa71402000 	C:\Windows\SYSTEM32\DBGHELP.DLL
0x00007ffa788b0000 - 0x00007ffa78c3e000 	C:\Windows\System32\combase.dll
0x00007ffa77970000 - 0x00007ffa77a47000 	C:\Windows\System32\OLEAUT32.dll
0x00007ffa5f350000 - 0x00007ffa5f382000 	C:\Windows\SYSTEM32\dbgcore.DLL
0x00007ffa772f0000 - 0x00007ffa7736b000 	C:\Windows\System32\bcryptPrimitives.dll
0x00007ffa61700000 - 0x00007ffa6170f000 	C:\Program Files\Java\jdk-21\bin\instrument.dll
0x00007ffa60fb0000 - 0x00007ffa60fcf000 	C:\Program Files\Java\jdk-21\bin\java.dll
0x00007ffa74d70000 - 0x00007ffa7566f000 	C:\Windows\SYSTEM32\windows.storage.dll
0x00007ffa74c30000 - 0x00007ffa74d6f000 	C:\Windows\SYSTEM32\wintypes.dll
0x00007ffa78d40000 - 0x00007ffa78e39000 	C:\Windows\System32\SHCORE.dll
0x00007ffa76df0000 - 0x00007ffa76e17000 	C:\Windows\SYSTEM32\profapi.dll
0x00007ffa41400000 - 0x00007ffa414d7000 	C:\Program Files\Java\jdk-21\bin\jsvml.dll
0x00007ffa60f90000 - 0x00007ffa60fa8000 	C:\Program Files\Java\jdk-21\bin\zip.dll
0x00007ffa61560000 - 0x00007ffa61570000 	C:\Program Files\Java\jdk-21\bin\net.dll
0x00007ffa6d5a0000 - 0x00007ffa6d6d6000 	C:\Windows\SYSTEM32\WINHTTP.dll
0x00007ffa762c0000 - 0x00007ffa76329000 	C:\Windows\system32\mswsock.dll
0x00007ffa60de0000 - 0x00007ffa60df6000 	C:\Program Files\Java\jdk-21\bin\nio.dll
0x00007ffa4d040000 - 0x00007ffa4d05a000 	C:\Users\DELL\Desktop\IntelliJ IDEA 2024.2\bin\breakgen64.dll
0x00007ffa60f80000 - 0x00007ffa60f87000 	C:\Program Files\Java\jdk-21\bin\extnet.dll

dbghelp: loaded successfully - version: 4.0.5 - missing functions: none
symbol engine: initialized successfully - sym options: 0x614 - pdb path: .;C:\Program Files\Java\jdk-21\bin;C:\Windows\SYSTEM32;C:\Windows\WinSxS\amd64_microsoft.windows.common-controls_6595b64144ccf1df_6.0.22621.3672_none_2713b9d173822955;C:\Program Files (x86)\360\Total Security\safemon;C:\Program Files\Java\jdk-21\bin\server;C:\Users\DELL\Desktop\IntelliJ IDEA 2024.2\bin

VM Arguments:
jvm_args: -ea -Didea.test.cyclic.buffer.size=1048576 -javaagent:C:\Users\DELL\Desktop\IntelliJ IDEA 2024.2\lib\idea_rt.jar=64974:C:\Users\DELL\Desktop\IntelliJ IDEA 2024.2\bin -Dfile.encoding=UTF-8 -Dsun.stdout.encoding=UTF-8 -Dsun.stderr.encoding=UTF-8 
java_command: com.intellij.rt.junit.JUnitStarter -ideVersion5 -junit5 africa.semicolon.wallet.userAdapter.UserAdapterTest,testLoginUserSuccess
java_class_path (initial): C:\Users\DELL\.m2\repository\org\junit\platform\junit-platform-launcher\1.10.3\junit-platform-launcher-1.10.3.jar;C:\Users\DELL\Desktop\IntelliJ IDEA 2024.2\lib\idea_rt.jar;C:\Users\DELL\Desktop\IntelliJ IDEA 2024.2\plugins\junit\lib\junit5-rt.jar;C:\Users\DELL\Desktop\IntelliJ IDEA 2024.2\plugins\junit\lib\junit-rt.jar;C:\Users\DELL\Documents\Wallet\target\test-classes;C:\Users\DELL\Documents\Wallet\target\classes;C:\Users\DELL\.m2\repository\org\springframework\boot\spring-boot-starter-data-jdbc\3.3.4\spring-boot-starter-data-jdbc-3.3.4.jar;C:\Users\DELL\.m2\repository\org\springframework\boot\spring-boot-starter-jdbc\3.3.4\spring-boot-starter-jdbc-3.3.4.jar;C:\Users\DELL\.m2\repository\com\zaxxer\HikariCP\5.1.0\HikariCP-5.1.0.jar;C:\Users\DELL\.m2\repository\org\springframework\spring-jdbc\6.1.13\spring-jdbc-6.1.13.jar;C:\Users\DELL\.m2\repository\org\springframework\data\spring-data-jdbc\3.3.4\spring-data-jdbc-3.3.4.jar;C:\Users\DELL\.m2\repository\org\springframework\data\spring-data-relational\3.3.4\spring-data-relational-3.3.4.jar;C:\Users\DELL\.m2\repository\org\springframework\data\spring-data-commons\3.3.4\spring-data-commons-3.3.4.jar;C:\Users\DELL\.m2\repository\org\springframework\spring-tx\6.1.13\spring-tx-6.1.13.jar;C:\Users\DELL\.m2\repository\org\springframework\spring-context\6.1.13\spring-context-6.1.13.jar;C:\Users\DELL\.m2\repository\org\springframework\spring-beans\6.1.13\spring-beans-6.1.13.jar;C:\Users\DELL\.m2\repository\org\slf4j\slf4j-api\2.0.16\slf4j-api-2.0.16.jar;C:\Users\DELL\.m2\repository\org\springframework\boot\spring-boot-starter-data-jpa\3.3.4\spring-boot-starter-data-jpa-3.3.4.jar;C:\Users\DELL\.m2\repository\org\springframework\boot\spring-boot-starter-aop\3.3.4\spring-boot-starter-aop-3.3.4.jar;C:\Users\DELL\.m2\repository\org\springframework\spring-aop\6.1.13\spring-aop-6.1.13.jar;C:\Users\DELL\.m2\repository\org\aspectj\aspectjweaver\1.9.22.1\aspectjweaver-1.9.22.1.jar;C:\Users\DELL\.m2\repository\org\hibernate\orm\hibernate-core\6.5.3.Final\hibernate-core-6.5.3.Final.jar;C:\Users\DELL\.m2\repository\jakarta\persistence\jakarta.persistence-api\3.1.0\jakarta.persistence-api-3.1.0.jar;C:\Users\DELL\.m2\repository\jakarta\transaction\jakarta.transaction-api\2.0.1\jakarta.transaction-api-2.0.1.jar;C:\Users\DELL\.m2\repository\org\hibernate\common\hibernate-commons-annotations\6.0.6.Final\hibernate-commons-annotations-6.0.6.Final.jar;C:\Users\DELL\.m2\repository\io\smallrye\jandex\3.1.2\jandex-3.1.2.jar;C:\Users\DELL\.m2\repository\net\bytebuddy\byte-buddy\1.14.19\byte-buddy-1.14.19.jar;C:\Users\DELL\.m2\repository\org\glassfish\jaxb\jaxb-runtime\4.0.5\jaxb-runtime-4.0.5.jar;C:\Users\DELL\.m2\repository\jakarta\inject\jakarta.inject-api\2.0.1\jakarta.inject-api-2.0.1.jar;C:\Users\DELL\.m2\repository\org\antlr\antlr4-runtime\4.13.0\antlr4-runtime-4.13.0.jar;C:\Users\DELL\.m2\repository\org\springframework\data\spring-data-jpa\3.3.4\spring-data-jpa-3.3.4.jar;C:\Users\DELL\.m2\repository\org\springframework\spring-orm\6.1.13\spring-orm-6.1.13.jar;C:\Users\DELL\.m2\repository\jakarta\annotation\jakarta.annotation-api\2.1.1\jakarta.annotation-api-2.1.1.jar;C:\Users\DELL\.m2\repository\org\springframework\spring-aspects\6.1.13\spring-aspects-6.1.13.jar;C:\Users\DELL\.m2\repository\com\google\code\gson\gson\2.10.1\gson-2.10.1.jar;C:\Users\DELL\.m2\repository\org\springframework\security\spring-security-oauth2-authorization-server\1.3.2\spring-security-oauth2-authorization-server-1.3.2.jar;C:\Users\DELL\.m2\repository\org\springframework\security\spring-security-config\6.3.3\spring-security-config-6.3.3.jar;C:\Users\DELL\.m2\repository\org\springframework\security\spring-security-core\6.3.3\spring-security-core-6.3.3.jar;C:\Users\DELL\.m2\repository\org\springframework\security\spring-security-web\6.3.3\spring-security-web-6.3.3.jar;C:\Users\DELL\.m2\repository\org\springframework\spring-expression\6.1.13\spring-expression-6.1.13.jar;C:\Users\DELL\.m2\repository\org\springframework\security\spring-security-oauth2-core\6.3.3\spring-security-oauth2-core-6.3.3.jar;C:\Users\DELL\.m2\repository\org\springframework\security\spring-security-oauth2-jose\6.3.3\spring-security-oauth2-jose-6.3.3.jar;C:\Users\DELL\.m2\repository\org\springframework\security\spring-security-oauth2-resource-server\6.3.3\spring-security-oauth2-resource-server-6.3.3.jar;C:\Users\DELL\.m2\repository\org\springframework\spring-core\6.1.13\spring-core-6.1.13.jar;C:\Users\DELL\.m2\repository\org\springframework\spring-jcl\6.1.13\spring-jcl-6.1.13.jar;C:\Users\DELL\.m2\repository\com\nimbusds\nimbus-jose-jwt\9.39.3\nimbus-jose-jwt-9.39.3.jar;C:\Users\DELL\.m2\repository\com\fasterxml\jackson\core\jackson-databind\2.17.2\jackson-databind-2.17.2.jar;C:\Users\DELL\.m2\repository\com\paypal\sdk\paypal-core\1.7.2\paypal-core-1.7.2.jar;C:\Users\DELL\.m2\repository\org\keycloak\keycloak-admin-client\26.0.1\keycloak-admin-client-26.0.1.jar;C:\Users\DELL\.m2\repository\org\keycloak\keycloak-client-common-synced\26.0.1\keycloak-client-common-synced-26.0.1.jar;C:\Users\DELL\.m2\repository\org\jboss\logging\commons-logging-jboss-logging\1.0.0.Final\commons-logging-jboss-logging-1.0.0.Final.jar;C:\Users\DELL\.m2\repository\jakarta\activation\jakarta.activation-api\2.1.3\jakarta.activation-api-2.1.3.jar;C:\Users\DELL\.m2\repository\com\fasterxml\jackson\core\jackson-core\2.17.2\jackson-core-2.17.2.jar;C:\Users\DELL\.m2\repository\com\fasterxml\jackson\core\jackson-annotations\2.17.2\jackson-annotations-2.17.2.jar;C:\Users\DELL\.m2\repository\com\fasterxml\jackson\datatype\jackson-datatype-jdk8\2.17.2\jackson-datatype-jdk8-2.17.2.jar;C:\Users\DELL\.m2\repository\com\fasterxml\jackson\datatype\jackson-datatype-jsr310\2.17.2\jackson-datatype-jsr310-2.17.2.jar;C:\Users\DELL\.m2\repository\org\eclipse\microprofile\openapi\microprofile-openapi-api\3.1.1\microprofile-openapi-api-3.1.1.jar;C:\Users\DELL\.m2\repository\org\jboss\resteasy\resteasy-client\6.2.9.Final\resteasy-client-6.2.9.Final.jar;C:\Users\DELL\.m2\repository\org\jboss\resteasy\resteasy-client-api\6.2.9.Final\resteasy-client-api-6.2.9.Final.jar;C:\Users\DELL\.m2\repository\org\jboss\resteasy\resteasy-core-spi\6.2.9.Final\resteasy-core-spi-6.2.9.Final.jar;C:\Users\DELL\.m2\repository\org\jboss\resteasy\resteasy-core\6.2.9.Final\resteasy-core-6.2.9.Final.jar;C:\Users\DELL\.m2\repository\org\jboss\jandex\2.4.5.Final\jandex-2.4.5.Final.jar;C:\Users\DELL\.m2\repository\org\eclipse\angus\angus-activation\2.0.2\angus-activation-2.0.2.jar;C:\Users\DELL\.m2\repository\com\ibm\async\asyncutil\0.1.0\asyncutil-0.1.0.jar;C:\Users\DELL\.m2\repository\jakarta\ws\rs\jakarta.ws.rs-api\3.1.0\jakarta.ws.rs-api-3.1.0.jar;C:\Users\DELL\.m2\repository\org\reactivestreams\reactive-streams\1.0.4\reactive-streams-1.0.4.jar;C:\Users\DELL\.m2\repository\org\jboss\resteasy\resteasy-multipart-provider\6.2.9.Final\resteasy-multipart-provider-6.2.9.Final.jar;C:\Users\DELL\.m2\repository\jakarta\mail\jakarta.mail-api\2.1.3\jakarta.mail-api-2.1.3.jar;C:\Users\DELL\.m2\repository\org\eclipse\angus\angus-mail\2.0.3\angus-mail-2.0.3.jar;C:\Users\DELL\.m2\repository\org\apache\james\apache-mime4j-dom\0.8.11\apache-mime4j-dom-0.8.11.jar;C:\Users\DELL\.m2\repository\org\apache\james\apache-mime4j-core\0.8.11\apache-mime4j-core-0.8.11.jar;C:\Users\DELL\.m2\repository\org\apache\james\apache-mime4j-storage\0.8.11\apache-mime4j-storage-0.8.11.jar;C:\Users\DELL\.m2\repository\commons-io\commons-io\2.11.0\commons-io-2.11.0.jar;C:\Users\DELL\.m2\repository\org\jboss\resteasy\resteasy-jackson2-provider\6.2.9.Final\resteasy-jackson2-provider-6.2.9.Final.jar;C:\Users\DELL\.m2\repository\com\fasterxml\jackson\jakarta\rs\jackson-jakarta-rs-base\2.17.2\jackson-jakarta-rs-base-2.17.2.jar;C:\Users\DELL\.m2\repository\com\fasterxml\jackson\jakarta\rs\jackson-jakarta-rs-json-provider\2.17.2\jackson-jakarta-rs-json-provider-2.17.2.jar;C:\Users\DELL\.m2\repository\com\fasterxml\jackson\module\jackson-module-jakarta-xmlbind-annotations\2.17.2\jackson-module-jakarta-xmlbind-annotations-2.17.2.jar;C:\Users\DELL\.m2\repository\com\github\java-json-tools\json-patch\1.13\json-patch-1.13.jar;C:\Users\DELL\.m2\repository\com\github\java-json-tools\msg-simple\1.2\msg-simple-1.2.jar;C:\Users\DELL\.m2\repository\com\github\java-json-tools\btf\1.3\btf-1.3.jar;C:\Users\DELL\.m2\repository\com\github\java-json-tools\jackson-coreutils\2.0\jackson-coreutils-2.0.jar;C:\Users\DELL\.m2\repository\org\jboss\resteasy\resteasy-jaxb-provider\6.2.9.Final\resteasy-jaxb-provider-6.2.9.Final.jar;C:\Users\DELL\.m2\repository\org\glassfish\jaxb\codemodel\4.0.5\codemodel-4.0.5.jar;C:\Users\DELL\.m2\repository\org\glassfish\jaxb\jaxb-core\4.0.5\jaxb-core-4.0.5.jar;C:\Users\DELL\.m2\repository\org\glassfish\jaxb\jaxb-jxc\4.0.5\jaxb-jxc-4.0.5.jar;C:\Users\DELL\.m2\repository\org\glassfish\jaxb\txw2\4.0.5\txw2-4.0.5.jar;C:\Users\DELL\.m2\repository\org\glassfish\jaxb\jaxb-xjc\4.0.5\jaxb-xjc-4.0.5.jar;C:\Users\DELL\.m2\repository\org\glassfish\jaxb\xsom\4.0.5\xsom-4.0.5.jar;C:\Users\DELL\.m2\repository\com\sun\istack\istack-commons-runtime\4.1.2\istack-commons-runtime-4.1.2.jar;C:\Users\DELL\.m2\repository\com\sun\istack\istack-commons-tools\4.1.2\istack-commons-tools-4.1.2.jar;C:\Users\DELL\.m2\repository\com\sun\xml\bind\external\relaxng-datatype\4.0.3\relaxng-datatype-4.0.3.jar;C:\Users\DELL\.m2\repository\com\sun\xml\bind\external\rngom\4.0.3\rngom-4.0.3.jar;C:\Users\DELL\.m2\repository\org\springframework\boot\spring-boot-starter-web\3.3.4\spring-boot-starter-web-3.3.4.jar;C:\Users\DELL\.m2\repository\org\springframework\boot\spring-boot-starter\3.3.4\spring-boot-starter-3.3.4.jar;C:\Users\DELL\.m2\repository\org\springframework\boot\spring-boot\3.3.4\spring-boot-3.3.4.jar;C:\Users\DELL\.m2\repository\org\springframework\boot\spring-boot-autoconfigure\3.3.4\spring-boot-autoconfigure-3.3.4.jar;C:\Users\DELL\.m2\repository\org\springframework\boot\spring-boot-starter-logging\3.3.4\spring-boot-starter-logging-3.3.4.jar;C:\Users\DELL\.m2\repository\ch\qos\logback\logback-classic\1.5.8\logback-classic-1.5.8.jar;C:\Users\DELL\.m2\repository\ch\qos\logback\logback-core\1.5.8\logback-core-1.5.8.jar;C:\Users\DELL\.m2\repository\org\apache\logging\log4j\log4j-to-slf4j\2.23.1\log4j-to-slf4j-2.23.1.jar;C:\Users\DELL\.m2\repository\org\apache\logging\log4j\log4j-api\2.23.1\log4j-api-2.23.1.jar;C:\Users\DELL\.m2\repository\org\slf4j\jul-to-slf4j\2.0.16\jul-to-slf4j-2.0.16.jar;C:\Users\DELL\.m2\repository\org\yaml\snakeyaml\2.2\snakeyaml-2.2.jar;C:\Users\DELL\.m2\repository\org\springframework\boot\spring-boot-starter-json\3.3.4\spring-boot-starter-json-3.3.4.jar;C:\Users\DELL\.m2\repository\com\fasterxml\jackson\module\jackson-module-parameter-names\2.17.2\jackson-module-parameter-names-2.17.2.jar;C:\Users\DELL\.m2\repository\org\springframework\boot\spring-boot-starter-tomcat\3.3.4\spring-boot-starter-tomcat-3.3.4.jar;C:\Users\DELL\.m2\repository\org\apache\tomcat\embed\tomcat-embed-core\10.1.30\tomcat-embed-core-10.1.30.jar;C:\Users\DELL\.m2\repository\org\apache\tomcat\embed\tomcat-embed-websocket\10.1.30\tomcat-embed-websocket-10.1.30.jar;C:\Users\DELL\.m2\repository\org\springframework\spring-web\6.1.13\spring-web-6.1.13.jar;C:\Users\DELL\.m2\repository\io\micrometer\micrometer-observation\1.13.4\micrometer-observation-1.13.4.jar;C:\Users\DELL\.m2\repository\io\micrometer\micrometer-commons\1.13.4\micrometer-commons-1.13.4.jar;C:\Users\DELL\.m2\repository\org\springframework\spring-webmvc\6.1.13\spring-webmvc-6.1.13.jar;C:\Users\DELL\.m2\repository\org\postgresql\postgresql\42.7.4\postgresql-42.7.4.jar;C:\Users\DELL\.m2\repository\org\checkerframework\checker-qual\3.42.0\checker-qual-3.42.0.jar;C:\Users\DELL\.m2\repository\org\projectlombok\lombok\1.18.34\lombok-1.18.34.jar;C:\Users\DELL\.m2\repository\org\springframework\security\spring-security-crypto\6.3.1\spring-security-crypto-6.3.1.jar;C:\Users\DELL\.m2\repository\org\springframework\boot\spring-boot-starter-validation\3.3.4\spring-boot-starter-validation-3.3.4.jar;C:\Users\DELL\.m2\repository\org\apache\tomcat\embed\tomcat-embed-el\10.1.30\tomcat-embed-el-10.1.30.jar;C:\Users\DELL\.m2\repository\org\mapstruct\mapstruct\1.5.5.Final\mapstruct-1.5.5.Final.jar;C:\Users\DELL\.m2\repository\org\apache\httpcomponents\httpclient\4.5.14\httpclient-4.5.14.jar;C:\Users\DELL\.m2\repository\org\apache\httpcomponents\httpcore\4.4.16\httpcore-4.4.16.jar;C:\Users\DELL\.m2\repository\commons-logging\commons-logging\1.2\commons-logging-1.2.jar;C:\Users\DELL\.m2\repository\commons-codec\commons-codec\1.16.1\commons-codec-1.16.1.jar;C:\Users\DELL\.m2\repository\org\hibernate\validator\hibernate-validator\8.0.1.Final\hibernate-validator-8.0.1.Final.jar;C:\Users\DELL\.m2\repository\jakarta\validation\jakarta.validation-api\3.0.2\jakarta.validation-api-3.0.2.jar;C:\Users\DELL\.m2\repository\org\jboss\logging\jboss-logging\3.5.3.Final\jboss-logging-3.5.3.Final.jar;C:\Users\DELL\.m2\repository\com\fasterxml\classmate\1.7.0\classmate-1.7.0.jar;C:\Users\DELL\.m2\repository\org\glassfish\jakarta.el\4.0.2\jakarta.el-4.0.2.jar;C:\Users\DELL\.m2\repository\jakarta\el\jakarta.el-api\4.0.0\jakarta.el-api-4.0.0.jar;C:\Users\DELL\.m2\repository\org\springframework\boot\spring-boot-starter-test\3.3.4\spring-boot-starter-test-3.3.4.jar;C:\Users\DELL\.m2\repository\org\springframework\boot\spring-boot-test\3.3.4\spring-boot-test-3.3.4.jar;C:\Users\DELL\.m2\repository\org\springframework\boot\spring-boot-test-autoconfigure\3.3.4\spring-boot-test-autoconfigure-3.3.4.jar;C:\Users\DELL\.m2\repository\com\jayway\jsonpath\json-path\2.9.0\json-path-2.9.0.jar;C:\Users\DELL\.m2\repository\jakarta\xml\bind\jakarta.xml.bind-api\4.0.2\jakarta.xml.bind-api-4.0.2.jar;C:\Users\DELL\.m2\repository\net\minidev\json-smart\2.5.1\json-smart-2.5.1.jar;C:\Users\DELL\.m2\repository\net\minidev\accessors-smart\2.5.1\accessors-smart-2.5.1.jar;C:\Users\DELL\.m2\repository\org\ow2\asm\asm\9.6\asm-9.6.jar;C:\Users\DELL\.m2\repository\org\assertj\assertj-core\3.25.3\assertj-core-3.25.3.jar;C:\Users\DELL\.m2\repository\org\awaitility\awaitility\4.2.2\awaitility-4.2.2.jar;C:\Users\DELL\.m2\repository\org\hamcrest\hamcrest\2.2\hamcrest-2.2.jar;C:\Users\DELL\.m2\repository\org\junit\jupiter\junit-jupiter\5.10.3\junit-jupiter-5.10.3.jar;C:\Users\DELL\.m2\repository\org\junit\jupiter\junit-jupiter-api\5.10.3\junit-jupiter-api-5.10.3.jar;C:\Users\DELL\.m2\repository\org\opentest4j\opentest4j\1.3.0\opentest4j-1.3.0.jar;C:\Users\DELL\.m2\repository\org\junit\platform\junit-platform-commons\1.10.3\junit-platform-commons-1.10.3.jar;C:\Users\DELL\.m2\repository\org\apiguardian\apiguardian-api\1.1.2\apiguardian-api-1.1.2.jar;C:\Users\DELL\.m2\repository\org\junit\jupiter\junit-jupiter-params\5.10.3\junit-jupiter-params-5.10.3.jar;C:\Users\DELL\.m2\repository\org\junit\jupiter\junit-jupiter-engine\5.10.3\junit-jupiter-engine-5.10.3.jar;C:\Users\DELL\.m2\repository\org\junit\platform\junit-platform-engine\1.10.3\junit-platform-engine-1.10.3.jar;C:\Users\DELL\.m2\repository\org\mockito\mockito-core\5.11.0\mockito-core-5.11.0.jar;C:\Users\DELL\.m2\repository\net\bytebuddy\byte-buddy-agent\1.14.19\byte-buddy-agent-1.14.19.jar;C:\Users\DELL\.m2\repository\org\objenesis\objenesis\3.3\objenesis-3.3.jar;C:\Users\DELL\.m2\repository\org\mockito\mockito-junit-jupiter\5.11.0\mockito-junit-jupiter-5.11.0.jar;C:\Users\DELL\.m2\repository\org\skyscreamer\jsonassert\1.5.3\jsonassert-1.5.3.jar;C:\Users\DELL\.m2\repository\com\vaadin\external\google\android-json\0.0.20131108.vaadin1\android-json-0.0.20131108.vaadin1.jar;C:\Users\DELL\.m2\repository\org\springframework\spring-test\6.1.13\spring-test-6.1.13.jar;C:\Users\DELL\.m2\repository\org\xmlunit\xmlunit-core\2.9.1\xmlunit-core-2.9.1.jar;C:\Users\DELL\.m2\repository\org\springframework\boot\spring-boot-starter-webflux\3.3.4\spring-boot-starter-webflux-3.3.4.jar;C:\Users\DELL\.m2\repository\org\springframework\boot\spring-boot-starter-reactor-netty\3.3.4\spring-boot-starter-reactor-netty-3.3.4.jar;C:\Users\DELL\.m2\repository\io\projectreactor\netty\reactor-netty-http\1.1.22\reactor-netty-http-1.1.22.jar;C:\Users\DELL\.m2\repository\io\netty\netty-codec-http\4.1.113.Final\netty-codec-http-4.1.113.Final.jar;C:\Users\DELL\.m2\repository\io\netty\netty-common\4.1.113.Final\netty-common-4.1.113.Final.jar;C:\Users\DELL\.m2\repository\io\netty\netty-buffer\4.1.113.Final\netty-buffer-4.1.113.Final.jar;C:\Users\DELL\.m2\repository\io\netty\netty-transport\4.1.113.Final\netty-transport-4.1.113.Final.jar;C:\Users\DELL\.m2\repository\io\netty\netty-codec\4.1.113.Final\netty-codec-4.1.113.Final.jar;C:\Users\DELL\.m2\repository\io\netty\netty-handler\4.1.113.Final\netty-handler-4.1.113.Final.jar;C:\Users\DELL\.m2\repository\io\netty\netty-codec-http2\4.1.113.Final\netty-codec-http2-4.1.113.Final.jar;C:\Users\DELL\.m2\repository\io\netty\netty-resolver-dns\4.1.113.Final\netty-resolver-dns-4.1.113.Final.jar;C:\Users\DELL\.m2\repository\io\netty\netty-resolver\4.1.113.Final\netty-resolver-4.1.113.Final.jar;C:\Users\DELL\.m2\repository\io\netty\netty-codec-dns\4.1.113.Final\netty-codec-dns-4.1.113.Final.jar;C:\Users\DELL\.m2\repository\io\netty\netty-resolver-dns-native-macos\4.1.113.Final\netty-resolver-dns-native-macos-4.1.113.Final-osx-x86_64.jar;C:\Users\DELL\.m2\repository\io\netty\netty-resolver-dns-classes-macos\4.1.113.Final\netty-resolver-dns-classes-macos-4.1.113.Final.jar;C:\Users\DELL\.m2\repository\io\netty\netty-transport-native-epoll\4.1.113.Final\netty-transport-native-epoll-4.1.113.Final-linux-x86_64.jar;C:\Users\DELL\.m2\repository\io\netty\netty-transport-native-unix-common\4.1.113.Final\netty-transport-native-unix-common-4.1.113.Final.jar;C:\Users\DELL\.m2\repository\io\netty\netty-transport-classes-epoll\4.1.113.Final\netty-transport-classes-epoll-4.1.113.Final.jar;C:\Users\DELL\.m2\repository\io\projectreactor\netty\reactor-netty-core\1.1.22\reactor-netty-core-1.1.22.jar;C:\Users\DELL\.m2\repository\io\netty\netty-handler-proxy\4.1.113.Final\netty-handler-proxy-4.1.113.Final.jar;C:\Users\DELL\.m2\repository\io\netty\netty-codec-socks\4.1.113.Final\netty-codec-socks-4.1.113.Final.jar;C:\Users\DELL\.m2\repository\org\springframework\spring-webflux\6.1.13\spring-webflux-6.1.13.jar;C:\Users\DELL\.m2\repository\io\projectreactor\reactor-core\3.6.10\reactor-core-3.6.10.jar
Launcher Type: SUN_STANDARD

[Global flags]
     intx CICompilerCount                          = 3                                         {product} {ergonomic}
     uint ConcGCThreads                            = 1                                         {product} {ergonomic}
     uint G1ConcRefinementThreads                  = 4                                         {product} {ergonomic}
   size_t G1HeapRegionSize                         = 1048576                                   {product} {ergonomic}
    uintx GCDrainStackTargetSize                   = 64                                        {product} {ergonomic}
   size_t InitialHeapSize                          = 134217728                                 {product} {ergonomic}
   size_t MarkStackSize                            = 4194304                                   {product} {ergonomic}
   size_t MaxHeapSize                              = 2120220672                                {product} {ergonomic}
   size_t MaxNewSize                               = 1271922688                                {product} {ergonomic}
   size_t MinHeapDeltaBytes                        = 1048576                                   {product} {ergonomic}
   size_t MinHeapSize                              = 8388608                                   {product} {ergonomic}
    uintx NonNMethodCodeHeapSize                   = 5832780                                {pd product} {ergonomic}
    uintx NonProfiledCodeHeapSize                  = 122912730                              {pd product} {ergonomic}
    uintx ProfiledCodeHeapSize                     = 122912730                              {pd product} {ergonomic}
    uintx ReservedCodeCacheSize                    = 251658240                              {pd product} {ergonomic}
     bool SegmentedCodeCache                       = true                                      {product} {ergonomic}
   size_t SoftMaxHeapSize                          = 2120220672                             {manageable} {ergonomic}
     bool UseCompressedOops                        = true                           {product lp64_product} {ergonomic}
     bool UseG1GC                                  = true                                      {product} {ergonomic}
     bool UseLargePagesIndividualAllocation        = false                                  {pd product} {ergonomic}

Logging:
Log output configuration:
 #0: stdout all=warning uptime,level,tags foldmultilines=false
 #1: stderr all=off uptime,level,tags foldmultilines=false

Environment Variables:
JAVA_HOME=C:\Program Files\Java\jdk-21
PATH=C:\Program Files (x86)\Common Files\Oracle\Java\javapath;C:\Program Files\Common Files\Oracle\Java\javapath;C:\Windows\system32;C:\Windows;C:\Windows\System32\Wbem;C:\Windows\System32\WindowsPowerShell\v1.0\;C:\Windows\System32\OpenSSH\;C:\Program Files\Git\cmd;C:\Program Files (x86)\Microsoft SQL Server\150\DTS\Binn\;C:\Program Files\Microsoft SQL Server\Client SDK\ODBC\130\Tools\Binn\;C:\Program Files (x86)\Microsoft SQL Server\140\Tools\Binn\;C:\Program Files\Microsoft SQL Server\140\Tools\Binn\;C:\Program Files\Microsoft SQL Server\140\DTS\Binn\;C:\Program Files\nodejs\;C:\Program Files\Go\bin;C:\Program Files\Docker\Docker\resources\bin;C:\Program Files\PuTTY\;C:\Program Files\Java\jdk-21\bin;C:\Users\DELL\.cargo\bin;C:\Program Files\MySQL\MySQL Shell 8.0\bin\;C:\Users\DELL\AppData\Local\Programs\Python\Python312\Scripts\;C:\Users\DELL\AppData\Local\Programs\Python\Python312\;C:\Users\DELL\AppData\Local\Microsoft\WindowsApps;C:\Program Files\JetBrains\IntelliJ IDEA 2023.3.2\bin;;C:\Users\DELL\AppData\Local\Programs\Microsoft VS Code\bin;C:\Users\DELL\AppData\Roaming\npm;C:\Users\DELL\go\bin;C:\Program Files\Java\jdk-21\bin;C:\Program Files\Java\jdk-21\bin;
USERNAME=DELL
OS=Windows_NT
PROCESSOR_IDENTIFIER=Intel64 Family 6 Model 78 Stepping 3, GenuineIntel
TMP=C:\Users\DELL\AppData\Local\Temp
TEMP=C:\Users\DELL\AppData\Local\Temp




Periodic native trim disabled

---------------  S Y S T E M  ---------------

OS:
 Windows 11 , 64 bit Build 22621 (10.0.22621.3958)
OS uptime: 0 days 9:14 hours
Hyper-V role detected

CPU: total 4 (initial active 4) (2 cores per cpu, 2 threads per core) family 6 model 78 stepping 3 microcode 0xf0, cx8, cmov, fxsr, ht, mmx, 3dnowpref, sse, sse2, sse3, ssse3, sse4.1, sse4.2, popcnt, lzcnt, tsc, tscinvbit, avx, avx2, aes, erms, clmul, bmi1, bmi2, rtm, adx, fma, vzeroupper, clflush, clflushopt, hv, rdtscp, f16c
Processor Information for all 4 processors :
  Max Mhz: 2501, Current Mhz: 2501, Mhz Limit: 2501

Memory: 4k page, system-wide physical 8083M (550M free)
TotalPageFile size 20329M (AvailPageFile size 3933M)
current process WorkingSet (physical memory assigned to process): 85M, peak: 86M
current process commit charge ("private bytes"): 225M, peak: 227M

vm_info: Java HotSpot(TM) 64-Bit Server VM (21.0.1+12-LTS-29) for windows-amd64 JRE (21.0.1+12-LTS-29), built on 2023-10-05T13:27:09Z by "mach5one" with MS VC++ 17.1 (VS2022)

END.
