version 2
JvmtiExport can_access_local_variables 0
JvmtiExport can_hotswap_or_post_breakpoint 0
JvmtiExport can_post_on_exceptions 0
# 296 ciObject found
instanceKlass org/springframework/boot/context/properties/source/ConfigurationPropertyName$ElementsParser
ciInstanceKlass java/lang/Cloneable 1 0 7 100 1 100 1 1 1
instanceKlass org/springframework/beans/factory/support/SimpleInstantiationStrategy
instanceKlass org/hibernate/validator/internal/xml/config/ValidationBootstrapParameters
instanceKlass org/springframework/beans/factory/BeanNameAware
instanceKlass org/hibernate/validator/internal/engine/MethodValidationConfiguration$Builder
instanceKlass jakarta/inject/Provider
instanceKlass org/springframework/beans/factory/ObjectProvider
instanceKlass org/springframework/beans/factory/ObjectFactory
instanceKlass org/hibernate/validator/internal/util/CollectionHelper
instanceKlass org/springframework/beans/factory/support/AutowireCandidateResolver
instanceKlass org/jboss/logging/Slf4jLocationAwareLogger$1
instanceKlass org/springframework/beans/factory/InjectionPoint
instanceKlass org/jboss/logging/AbstractLoggerProvider
instanceKlass org/jboss/logging/LoggerProvider
instanceKlass org/jboss/logging/LoggerProviders
instanceKlass org/springframework/beans/BeanWrapper
instanceKlass org/springframework/beans/ConfigurablePropertyAccessor
instanceKlass org/springframework/beans/PropertyAccessor
instanceKlass org/springframework/beans/factory/support/InstantiationStrategy
instanceKlass org/jboss/logging/DelegatingBasicLogger
instanceKlass org/springframework/core/SimpleAliasRegistry
instanceKlass org/jboss/logging/SecurityActions
instanceKlass org/jboss/logging/LoggingLocale
instanceKlass org/springframework/beans/factory/config/ConfigurableListableBeanFactory
instanceKlass org/springframework/beans/PropertyEditorRegistrar
instanceKlass org/springframework/beans/factory/config/BeanExpressionResolver
instanceKlass org/springframework/context/LifecycleProcessor
instanceKlass org/springframework/core/SmartClassLoader
instanceKlass org/hibernate/validator/internal/util/logging/Log
instanceKlass org/hibernate/validator/internal/util/logging/LoggerFactory
instanceKlass org/hibernate/validator/internal/util/Version
instanceKlass jakarta/validation/MessageInterpolator
instanceKlass org/hibernate/validator/spi/resourceloading/ResourceBundleLocator
instanceKlass org/hibernate/validator/spi/properties/GetterPropertySelectionStrategy
instanceKlass org/hibernate/validator/cfg/ConstraintMapping
instanceKlass org/springframework/beans/factory/config/BeanPostProcessor
instanceKlass org/hibernate/validator/spi/nodenameprovider/PropertyNodeNameProvider
instanceKlass org/springframework/beans/factory/config/AutowireCapableBeanFactory
instanceKlass jakarta/validation/ClockProvider
instanceKlass jakarta/validation/ParameterNameProvider
instanceKlass org/springframework/beans/factory/support/BeanDefinitionRegistry
instanceKlass org/springframework/core/AliasRegistry
instanceKlass jakarta/validation/ConstraintValidatorFactory
instanceKlass org/hibernate/validator/internal/engine/AbstractConfigurationImpl
instanceKlass jakarta/validation/spi/ConfigurationState
instanceKlass org/springframework/ui/context/ThemeSource
instanceKlass org/springframework/boot/SpringApplicationBannerPrinter$PrintedBanner
instanceKlass java/io/Console$1
instanceKlass org/hibernate/validator/HibernateValidatorConfiguration
instanceKlass jdk/internal/access/JavaIOAccess
instanceKlass  @bci java/io/Console lambda$instantiateConsole$3 (Z)Ljava/io/Console; 66 <appendix> argL0 ; # java/io/Console$$Lambda+0x000002f1a60ecb70
instanceKlass org/hibernate/validator/BaseHibernateValidatorConfiguration
instanceKlass java/util/AbstractMap$2$1
instanceKlass jakarta/validation/Configuration
instanceKlass jakarta/validation/ValidatorFactory
instanceKlass org/hibernate/validator/HibernateValidator
instanceKlass jdk/internal/org/jline/JdkConsoleProviderImpl
instanceKlass jdk/jshell/execution/impl/ConsoleImpl$ConsoleProviderImpl
instanceKlass jakarta/validation/spi/ValidationProvider
instanceKlass  @bci java/io/Console lambda$instantiateConsole$3 (Z)Ljava/io/Console; 51 <appendix> argL0 ; # java/io/Console$$Lambda+0x000002f1a60ec358
instanceKlass jakarta/validation/Validation$GetValidationProviderListAction
instanceKlass  @bci java/io/Console lambda$instantiateConsole$3 (Z)Ljava/io/Console; 41 <appendix> member <vmtarget> ; # java/io/Console$$Lambda+0x000002f1a60ec120
instanceKlass jakarta/validation/Validation$DefaultValidationProviderResolver
instanceKlass  @cpi java/io/Console 260 form vmentry <vmtarget> ; # java/lang/invoke/LambdaForm$DMH+0x000002f1a61fc400
# instanceKlass java/lang/invoke/LambdaForm$DMH+0x000002f1a61fc000
instanceKlass jakarta/validation/ValidationProviderResolver
instanceKlass jdk/internal/io/JdkConsole
instanceKlass  @bci java/io/Console lambda$instantiateConsole$3 (Z)Ljava/io/Console; 30 <appendix> member <vmtarget> ; # java/io/Console$$Lambda+0x000002f1a60ebcd8
instanceKlass  @bci java/io/Console lambda$instantiateConsole$3 (Z)Ljava/io/Console; 19 <appendix> argL0 ; # java/io/Console$$Lambda+0x000002f1a60ebaa0
instanceKlass java/util/ServiceLoader$ProviderSpliterator
instanceKlass java/util/ServiceLoader$LayerLookupIterator
instanceKlass jakarta/validation/Validation$GenericBootstrapImpl
instanceKlass jakarta/validation/spi/BootstrapState
instanceKlass jdk/internal/io/JdkConsoleProvider
instanceKlass  @bci java/io/Console instantiateConsole (Z)Ljava/io/Console; 1 <appendix> member <vmtarget> ; # java/io/Console$$Lambda+0x000002f1a60eb1b0
instanceKlass java/io/Console
instanceKlass jakarta/validation/bootstrap/GenericBootstrap
instanceKlass org/springframework/boot/SpringBootVersion
instanceKlass jakarta/validation/bootstrap/ProviderSpecificBootstrap
instanceKlass jakarta/validation/Validation
instanceKlass org/springframework/boot/autoconfigure/BackgroundPreinitializer$ValidationInitializer
instanceKlass org/springframework/core/io/ContextResource
instanceKlass org/springframework/boot/SpringBootBanner
instanceKlass org/springframework/boot/Banner
instanceKlass org/springframework/boot/SpringApplicationBannerPrinter
instanceKlass org/springframework/boot/autoconfigure/BackgroundPreinitializer$ConversionServiceInitializer
instanceKlass  @bci org/springframework/boot/DefaultApplicationContextFactory getEnvironmentType (Lorg/springframework/boot/WebApplicationType;)Ljava/lang/Class; 2 <appendix> argL0 ; # org/springframework/boot/DefaultApplicationContextFactory$$Lambda+0x000002f1a61f7938
instanceKlass org/springframework/boot/EnvironmentConverter
instanceKlass  @bci org/springframework/boot/context/properties/bind/Bindable withExistingValue (Ljava/lang/Object;)Lorg/springframework/boot/context/properties/bind/Bindable; 70 <appendix> member <vmtarget> ; # org/springframework/boot/context/properties/bind/Bindable$$Lambda+0x000002f1a61f7510
instanceKlass  @bci org/springframework/boot/context/properties/bind/Bindable withExistingValue (Ljava/lang/Object;)Lorg/springframework/boot/context/properties/bind/Bindable; 57 <appendix> argL0 ; # org/springframework/boot/context/properties/bind/Bindable$$Lambda+0x000002f1a61f72f8
instanceKlass  @bci org/springframework/boot/context/properties/bind/Bindable withExistingValue (Ljava/lang/Object;)Lorg/springframework/boot/context/properties/bind/Bindable; 34 <appendix> member <vmtarget> ; # org/springframework/boot/context/properties/bind/Bindable$$Lambda+0x000002f1a61f70d8
instanceKlass org/springframework/boot/autoconfigure/BackgroundPreinitializer$1
instanceKlass  @bci org/springframework/boot/logging/logback/LogbackLoggingSystem getShutdownHandler ()Ljava/lang/Runnable; 1 <appendix> member <vmtarget> ; # org/springframework/boot/logging/logback/LogbackLoggingSystem$$Lambda+0x000002f1a61f6c88
instanceKlass  @bci org/springframework/boot/context/logging/LoggingApplicationListener setLogLevels (Lorg/springframework/boot/logging/LoggingSystem;Lorg/springframework/core/env/ConfigurableEnvironment;)V 40 <appendix> member <vmtarget> ; # org/springframework/boot/context/logging/LoggingApplicationListener$$Lambda+0x000002f1a61f6a58
instanceKlass  @bci org/springframework/boot/context/logging/LoggingApplicationListener setLogLevels (Lorg/springframework/boot/logging/LoggingSystem;Lorg/springframework/core/env/ConfigurableEnvironment;)V 23 <appendix> argL0 ; # org/springframework/boot/context/logging/LoggingApplicationListener$$Lambda+0x000002f1a61f6840
instanceKlass  @bci org/springframework/boot/context/logging/LoggingApplicationListener getLogLevelConfigurer (Lorg/springframework/boot/logging/LoggingSystem;)Ljava/util/function/BiConsumer; 2 <appendix> member <vmtarget> ; # org/springframework/boot/context/logging/LoggingApplicationListener$$Lambda+0x000002f1a61f6610
instanceKlass  @bci org/springframework/boot/context/logging/LoggingApplicationListener bindLoggerGroups (Lorg/springframework/core/env/ConfigurableEnvironment;)V 31 <appendix> member <vmtarget> ; # org/springframework/boot/context/logging/LoggingApplicationListener$$Lambda+0x000002f1a61f63e0
instanceKlass ch/qos/logback/classic/pattern/TargetLengthBasedClassNameAbbreviator
instanceKlass ch/qos/logback/core/pattern/ConverterUtil
instanceKlass ch/qos/logback/classic/pattern/NamedConverter$CacheMissCalculator
instanceKlass ch/qos/logback/classic/pattern/Abbreviator
instanceKlass ch/qos/logback/core/pattern/FormatInfo
instanceKlass ch/qos/logback/core/pattern/util/AsIsEscapeUtil
instanceKlass ch/qos/logback/core/pattern/parser/OptionTokenizer
instanceKlass ch/qos/logback/core/pattern/util/RestrictedEscapeUtil
instanceKlass ch/qos/logback/core/pattern/parser/TokenStream
instanceKlass ch/qos/logback/core/pattern/util/RegularEscapeUtil
instanceKlass ch/qos/logback/classic/pattern/EnsureExceptionHandling
instanceKlass ch/qos/logback/core/pattern/parser/Token
instanceKlass ch/qos/logback/core/pattern/parser/Node
instanceKlass ch/qos/logback/core/pattern/util/IEscapeUtil
instanceKlass ch/qos/logback/core/pattern/PostCompileProcessor
instanceKlass ch/qos/logback/classic/jul/JULHelper
instanceKlass java/util/Vector$Itr
instanceKlass ch/qos/logback/core/subst/NodeToStringTransformer$1
instanceKlass ch/qos/logback/core/subst/Node
instanceKlass ch/qos/logback/core/subst/Parser$1
instanceKlass ch/qos/logback/core/subst/Parser
instanceKlass ch/qos/logback/core/subst/Token
instanceKlass ch/qos/logback/core/subst/Tokenizer
instanceKlass ch/qos/logback/core/subst/NodeToStringTransformer
instanceKlass ch/qos/logback/core/rolling/RollingPolicy
instanceKlass org/springframework/boot/logging/logback/DefaultLogbackConfiguration
instanceKlass  @bci org/springframework/boot/logging/logback/LogbackLoggingSystem lambda$loadDefaults$0 (Lch/qos/logback/classic/LoggerContext;Lorg/springframework/boot/logging/LoggingInitializationContext;Lorg/springframework/boot/logging/LogFile;)V 48 <appendix> member <vmtarget> ; # org/springframework/boot/logging/logback/LogbackLoggingSystem$$Lambda+0x000002f1a61e3710
instanceKlass  @bci org/springframework/boot/logging/logback/LogbackLoggingSystem loadDefaults (Lorg/springframework/boot/logging/LoggingInitializationContext;Lorg/springframework/boot/logging/LogFile;)V 15 <appendix> member <vmtarget> ; # org/springframework/boot/logging/logback/LogbackLoggingSystem$$Lambda+0x000002f1a61e34f0
instanceKlass java/lang/ThreadBuilders$BaseThreadFactory
instanceKlass java/lang/ThreadBuilders
instanceKlass java/lang/ThreadBuilders$BaseThreadBuilder
instanceKlass java/lang/Thread$Builder$OfVirtual
instanceKlass java/lang/Thread$Builder
instanceKlass ch/qos/logback/core/util/ExecutorServiceUtil$1
instanceKlass java/util/concurrent/ScheduledExecutorService
instanceKlass ch/qos/logback/core/util/ExecutorServiceUtil
instanceKlass ch/qos/logback/core/LifeCycleManager
instanceKlass org/springframework/boot/logging/LoggingInitializationContext
instanceKlass org/springframework/boot/logging/LoggerGroup
instanceKlass  @bci org/springframework/boot/logging/LoggerGroups putAll (Ljava/util/Map;)V 2 <appendix> member <vmtarget> ; # org/springframework/boot/logging/LoggerGroups$$Lambda+0x000002f1a61e24f8
instanceKlass org/springframework/boot/logging/LoggerGroups
instanceKlass org/springframework/boot/logging/LogFile
instanceKlass  @bci org/springframework/boot/logging/LoggingSystemProperties apply (Lorg/springframework/boot/logging/LogFile;Lorg/springframework/core/env/PropertyResolver;)V 68 <appendix> member <vmtarget> ; # org/springframework/boot/logging/LoggingSystemProperties$$Lambda+0x000002f1a61e1e60
instanceKlass  @bci org/springframework/boot/logging/LoggingSystemProperties apply (Lorg/springframework/boot/logging/LogFile;Lorg/springframework/core/env/PropertyResolver;)V 54 <appendix> member <vmtarget> ; # org/springframework/boot/logging/LoggingSystemProperties$$Lambda+0x000002f1a61e1c20
instanceKlass  @bci java/util/function/Function identity ()Ljava/util/function/Function; 0 <appendix> argL0 ; # java/util/function/Function$$Lambda+0x000002f1a60e9240
instanceKlass jdk/internal/vm/ThreadContainers
instanceKlass jdk/internal/vm/StackableScope
instanceKlass java/util/concurrent/SynchronousQueue$TransferStack$SNode
instanceKlass java/util/concurrent/SynchronousQueue$Transferer
instanceKlass java/util/concurrent/ThreadPoolExecutor$AbortPolicy
instanceKlass java/util/concurrent/RejectedExecutionHandler
instanceKlass java/util/concurrent/AbstractExecutorService
instanceKlass java/util/concurrent/Executors
instanceKlass  @bci java/lang/ProcessHandleImpl lambda$static$1 ()Ljava/util/concurrent/Executor; 45 <appendix> form vmentry <vmtarget> ; # java/lang/invoke/LambdaForm$DMH+0x000002f1a61e4000
instanceKlass  @bci java/lang/ProcessHandleImpl lambda$static$1 ()Ljava/util/concurrent/Executor; 45 <appendix> member <vmtarget> ; # java/lang/ProcessHandleImpl$$Lambda+0x000002f1a60e7a60
instanceKlass  @cpi java/lang/ProcessHandleImpl 436 form vmentry <vmtarget> ; # java/lang/invoke/LambdaForm$DMH+0x000002f1a61ddc00
# instanceKlass java/lang/invoke/LambdaForm$DMH+0x000002f1a61dd800
instanceKlass jdk/internal/util/random/RandomSupport
instanceKlass  @bci java/lang/ProcessHandleImpl <clinit> ()V 32 <appendix> argL0 ; # java/lang/ProcessHandleImpl$$Lambda+0x000002f1a60e7848
instanceKlass java/lang/ProcessHandleImpl
instanceKlass java/lang/ProcessHandle
instanceKlass org/springframework/boot/system/ApplicationPid
instanceKlass org/springframework/core/convert/support/ConversionUtils
instanceKlass java/util/concurrent/ConcurrentLinkedDeque$AbstractItr
instanceKlass org/springframework/core/convert/support/GenericConversionService$ConverterCacheKey
instanceKlass org/springframework/boot/context/properties/source/ConfigurationProperty
instanceKlass org/springframework/boot/origin/PropertySourceOrigin
instanceKlass  @bci org/springframework/boot/logging/AbstractLoggingSystem getDefaultValueResolver (Lorg/springframework/core/env/Environment;)Ljava/util/function/Function; 7 <appendix> member <vmtarget> ; # org/springframework/boot/logging/AbstractLoggingSystem$$Lambda+0x000002f1a61e0f20
instanceKlass org/jboss/logging/Logger
instanceKlass org/jboss/logging/BasicLogger
instanceKlass  @bci org/springframework/boot/logging/LoggingSystemProperties <clinit> ()V 108 <appendix> argL0 ; # org/springframework/boot/logging/LoggingSystemProperties$$Lambda+0x000002f1a61df728
instanceKlass org/springframework/boot/ansi/AnsiElement
instanceKlass  @bci org/springframework/boot/context/config/AnsiOutputApplicationListener onApplicationEvent (Lorg/springframework/boot/context/event/ApplicationEnvironmentPreparedEvent;)V 16 <appendix> argL0 ; # org/springframework/boot/context/config/AnsiOutputApplicationListener$$Lambda+0x000002f1a61de6b0
instanceKlass org/springframework/boot/ansi/AnsiOutput
instanceKlass  @bci org/springframework/boot/context/config/InvalidConfigDataPropertyException throwIfPropertyFound (Lorg/springframework/boot/context/config/ConfigDataEnvironmentContributor;)V 14 <appendix> member <vmtarget> ; # org/springframework/boot/context/config/InvalidConfigDataPropertyException$$Lambda+0x000002f1a61dbdc8
instanceKlass  @bci org/springframework/boot/context/config/ConfigDataEnvironmentContributor hasAnyProfileSpecificChildren (Ljava/util/List;)Z 73 <appendix> argL0 ; # org/springframework/boot/context/config/ConfigDataEnvironmentContributor$$Lambda+0x000002f1a61dbb80
instanceKlass  @bci org/springframework/boot/context/config/ConfigDataLocationResolvers resolve (Lorg/springframework/boot/context/config/ConfigDataLocationResolver;Lorg/springframework/boot/context/config/ConfigDataLocationResolverContext;Lorg/springframework/boot/context/config/ConfigDataLocation;Lorg/springframework/boot/context/config/Profiles;)Ljava/util/List; 32 <appendix> member <vmtarget> ; # org/springframework/boot/context/config/ConfigDataLocationResolvers$$Lambda+0x000002f1a61db960
instanceKlass  @bci org/springframework/boot/context/config/Profiles expandProfiles (Ljava/util/List;)Ljava/util/List; 92 <appendix> member <vmtarget> ; # org/springframework/boot/context/config/Profiles$$Lambda+0x000002f1a61db730
instanceKlass  @bci org/springframework/boot/context/config/Profiles expandProfiles (Ljava/util/List;)Ljava/util/List; 19 <appendix> member <vmtarget> ; # org/springframework/boot/context/config/Profiles$$Lambda+0x000002f1a61db500
instanceKlass  @bci org/springframework/boot/context/config/Profiles$Type <clinit> ()V 33 <appendix> argL0 ; # org/springframework/boot/context/config/Profiles$Type$$Lambda+0x000002f1a61db0d8
instanceKlass  @bci org/springframework/boot/context/config/Profiles$Type <clinit> ()V 9 <appendix> argL0 ; # org/springframework/boot/context/config/Profiles$Type$$Lambda+0x000002f1a61daea0
instanceKlass  @bci org/springframework/boot/context/config/Profiles <init> (Lorg/springframework/core/env/Environment;Lorg/springframework/boot/context/properties/bind/Binder;Ljava/util/Collection;)V 14 <appendix> argL0 ; # org/springframework/boot/context/config/Profiles$$Lambda+0x000002f1a61daa40
instanceKlass org/springframework/boot/context/properties/bind/MapBinder$EntryBinder
instanceKlass  @bci org/springframework/boot/context/properties/bind/MapBinder bindAggregate (Lorg/springframework/boot/context/properties/source/ConfigurationPropertyName;Lorg/springframework/boot/context/properties/bind/Bindable;Lorg/springframework/boot/context/properties/bind/AggregateElementBinder;)Ljava/lang/Object; 186 <appendix> member <vmtarget> ; # org/springframework/boot/context/properties/bind/MapBinder$$Lambda+0x000002f1a61da5e0
instanceKlass  @bci org/springframework/boot/context/config/ConfigDataEnvironment getIncludedProfiles (Lorg/springframework/boot/context/config/ConfigDataEnvironmentContributors;Lorg/springframework/boot/context/config/ConfigDataActivationContext;)Ljava/util/Collection; 112 <appendix> member <vmtarget> ; # org/springframework/boot/context/config/ConfigDataEnvironment$$Lambda+0x000002f1a61da3b0
instanceKlass  @bci org/springframework/boot/context/properties/bind/CollectionBinder bindAggregate (Lorg/springframework/boot/context/properties/source/ConfigurationPropertyName;Lorg/springframework/boot/context/properties/bind/Bindable;Lorg/springframework/boot/context/properties/bind/AggregateElementBinder;)Ljava/lang/Object; 38 <appendix> member <vmtarget> ; # org/springframework/boot/context/properties/bind/CollectionBinder$$Lambda+0x000002f1a61da190
instanceKlass org/springframework/boot/context/config/Profiles
instanceKlass  @bci org/springframework/boot/context/config/ConfigDataEnvironment withProfiles (Lorg/springframework/boot/context/config/ConfigDataEnvironmentContributors;Lorg/springframework/boot/context/config/ConfigDataActivationContext;)Lorg/springframework/boot/context/config/ConfigDataActivationContext; 14 <appendix> argL0 ; # org/springframework/boot/context/config/ConfigDataEnvironment$$Lambda+0x000002f1a61d9ce0
instanceKlass  @bci org/springframework/boot/cloud/CloudPlatform$7 isDetected (Lorg/springframework/core/env/Environment;)Z 15 <appendix> member <vmtarget> ; # org/springframework/boot/cloud/CloudPlatform$7$$Lambda+0x000002f1a61d9a90
instanceKlass  @bci org/springframework/boot/context/config/ConfigDataEnvironmentContributors getBinderSources (Ljava/util/function/Predicate;)Ljava/util/Iterator; 24 <appendix> argL0 ; # org/springframework/boot/context/config/ConfigDataEnvironmentContributors$$Lambda+0x000002f1a61d9858
instanceKlass  @bci org/springframework/boot/context/config/ConfigDataEnvironmentContributors getBinderSources (Ljava/util/function/Predicate;)Ljava/util/Iterator; 8 <appendix> member <vmtarget> ; # org/springframework/boot/context/config/ConfigDataEnvironmentContributors$$Lambda+0x000002f1a61d9608
instanceKlass  @bci org/springframework/boot/context/config/ConfigDataEnvironmentContributors lambda$getBinder$4 (Ljava/util/function/Predicate;ZLorg/springframework/boot/context/config/ConfigDataActivationContext;)Ljava/util/Iterator; 4 <appendix> form vmentry <vmtarget> ; # java/lang/invoke/LambdaForm$DMH+0x000002f1a61dd400
instanceKlass  @bci org/springframework/boot/context/config/ConfigDataEnvironmentContributors lambda$getBinder$4 (Ljava/util/function/Predicate;ZLorg/springframework/boot/context/config/ConfigDataActivationContext;)Ljava/util/Iterator; 4 <appendix> member <vmtarget> ; # org/springframework/boot/context/config/ConfigDataEnvironmentContributors$$Lambda+0x000002f1a61d93b8
instanceKlass  @cpi org/springframework/boot/context/config/ConfigDataEnvironmentContributors 522 form vmentry <vmtarget> ; # java/lang/invoke/LambdaForm$DMH+0x000002f1a61dd000
instanceKlass org/springframework/boot/context/config/ConfigDataEnvironmentContributors$InactiveSourceChecker
instanceKlass  @bci org/springframework/boot/context/config/ConfigDataEnvironmentContributors getBinder (Lorg/springframework/boot/context/config/ConfigDataActivationContext;Ljava/util/function/Predicate;Ljava/util/Set;)Lorg/springframework/boot/context/properties/bind/Binder; 16 <adapter> ; # java/lang/invoke/LambdaForm$MH+0x000002f1a61dcc00
# instanceKlass java/lang/invoke/LambdaForm$DMH+0x000002f1a61dc800
instanceKlass  @bci org/springframework/boot/context/config/ConfigDataEnvironmentContributors getBinder (Lorg/springframework/boot/context/config/ConfigDataActivationContext;Ljava/util/function/Predicate;Ljava/util/Set;)Lorg/springframework/boot/context/properties/bind/Binder; 16 <appendix> form vmentry <vmtarget> ; # java/lang/invoke/LambdaForm$DMH+0x000002f1a61dc400
instanceKlass  @bci org/springframework/boot/context/config/ConfigDataEnvironmentContributors getBinder (Lorg/springframework/boot/context/config/ConfigDataActivationContext;Ljava/util/function/Predicate;Ljava/util/Set;)Lorg/springframework/boot/context/properties/bind/Binder; 16 <appendix> member <vmtarget> ; # org/springframework/boot/context/config/ConfigDataEnvironmentContributors$$Lambda+0x000002f1a61d8f10
instanceKlass  @cpi org/springframework/boot/context/config/ConfigDataEnvironmentContributors 511 form vmentry <vmtarget> ; # java/lang/invoke/LambdaForm$DMH+0x000002f1a61dc000
instanceKlass org/springframework/boot/context/properties/bind/DefaultValue
instanceKlass org/springframework/boot/context/properties/bind/DataObjectPropertyName
instanceKlass org/springframework/boot/context/properties/bind/ValueObjectBinder$ConstructorParameter
instanceKlass org/springframework/core/SerializableTypeWrapper$MethodInvokeTypeProvider
instanceKlass  @bci java/lang/reflect/Proxy getProxyConstructor (Ljava/lang/Class;Ljava/lang/ClassLoader;[Ljava/lang/Class;)Ljava/lang/reflect/Constructor; 80 <appendix> argL0 ; # java/lang/reflect/Proxy$$Lambda+0x000002f1a60e6880
instanceKlass org/springframework/core/SerializableTypeWrapper$TypeProxyInvocationHandler
instanceKlass sun/reflect/generics/tree/MethodTypeSignature
instanceKlass sun/reflect/generics/tree/VoidDescriptor
instanceKlass org/springframework/core/SerializableTypeWrapper$MethodParameterTypeProvider
instanceKlass  @bci org/springframework/core/MethodParameter validateIndex (Ljava/lang/reflect/Executable;I)I 21 <appendix> member <vmtarget> ; # org/springframework/core/MethodParameter$$Lambda+0x000002f1a61d7d68
instanceKlass org/springframework/core/MethodParameter
instanceKlass org/springframework/boot/context/properties/bind/Name
instanceKlass  @bci org/springframework/boot/context/properties/bind/DefaultBindConstructorProvider$Constructors getConstructors (Ljava/lang/Class;Z)Lorg/springframework/boot/context/properties/bind/DefaultBindConstructorProvider$Constructors; 123 <appendix> member <vmtarget> ; # org/springframework/boot/context/properties/bind/DefaultBindConstructorProvider$Constructors$$Lambda+0x000002f1a61d6e68
instanceKlass org/springframework/boot/context/properties/bind/ConstructorBinding
instanceKlass  @bci org/springframework/boot/context/properties/bind/DefaultBindConstructorProvider$Constructors getCandidateConstructors (Ljava/lang/Class;)[Ljava/lang/reflect/Constructor; 29 <appendix> argL0 ; # org/springframework/boot/context/properties/bind/DefaultBindConstructorProvider$Constructors$$Lambda+0x000002f1a61d6868
instanceKlass  @bci org/springframework/boot/context/properties/bind/DefaultBindConstructorProvider$Constructors getCandidateConstructors (Ljava/lang/Class;)[Ljava/lang/reflect/Constructor; 19 <appendix> argL0 ; # org/springframework/boot/context/properties/bind/DefaultBindConstructorProvider$Constructors$$Lambda+0x000002f1a61d6620
instanceKlass  @bci org/springframework/boot/context/properties/bind/DefaultBindConstructorProvider$Constructors isAutowiredPresent (Ljava/lang/Class;)Z 17 <appendix> argL0 ; # org/springframework/boot/context/properties/bind/DefaultBindConstructorProvider$Constructors$$Lambda+0x000002f1a61d63d8
instanceKlass  @bci org/springframework/boot/context/properties/bind/DefaultBindConstructorProvider$Constructors isAutowiredPresent (Ljava/lang/Class;)Z 7 <appendix> argL0 ; # org/springframework/boot/context/properties/bind/DefaultBindConstructorProvider$Constructors$$Lambda+0x000002f1a61d61a0
instanceKlass org/springframework/boot/context/config/ConfigDataProperties$Activate
instanceKlass org/springframework/boot/context/properties/bind/DefaultBindConstructorProvider$Constructors
instanceKlass org/springframework/boot/context/properties/bind/AbstractBindHandler
instanceKlass org/springframework/boot/context/config/ConfigDataEnvironmentContributorPlaceholdersResolver
instanceKlass  @bci org/springframework/beans/factory/config/YamlProcessor buildFlattenedMap (Ljava/util/Map;Ljava/util/Map;Ljava/lang/String;)V 4 <appendix> member <vmtarget> ; # org/springframework/beans/factory/config/YamlProcessor$$Lambda+0x000002f1a61d5460
instanceKlass  @bci java/util/Map$Entry comparingByKey (Ljava/util/Comparator;)Ljava/util/Comparator; 6 <appendix> member <vmtarget> ; # java/util/Map$Entry$$Lambda+0x000002f1a60e5b00
instanceKlass  @bci org/springframework/core/SortedProperties <clinit> ()V 6 <appendix> argL0 ; # org/springframework/core/SortedProperties$$Lambda+0x000002f1a61d5228
instanceKlass org/springframework/core/CollectionFactory
instanceKlass  @bci org/springframework/beans/factory/config/YamlProcessor asMap (Ljava/lang/Object;)Ljava/util/Map; 39 <appendix> member <vmtarget> ; # org/springframework/beans/factory/config/YamlProcessor$$Lambda+0x000002f1a61d4548
instanceKlass java/util/TreeMap$NavigableSubMap$SubMapIterator
instanceKlass  @bci org/springframework/boot/env/OriginTrackedYamlLoader$OriginTrackingConstructor replaceMappingNodeKeys (Lorg/yaml/snakeyaml/nodes/MappingNode;)V 33 <appendix> member <vmtarget> ; # org/springframework/boot/env/OriginTrackedYamlLoader$OriginTrackingConstructor$$Lambda+0x000002f1a61d4318
instanceKlass  @bci org/springframework/boot/env/OriginTrackedYamlLoader$OriginTrackingConstructor replaceMappingNodeKeys (Lorg/yaml/snakeyaml/nodes/MappingNode;)V 17 <appendix> argL0 ; # org/springframework/boot/env/OriginTrackedYamlLoader$OriginTrackingConstructor$$Lambda+0x000002f1a61d40e0
instanceKlass org/yaml/snakeyaml/parser/ParserImpl$ParseDocumentStart
instanceKlass org/yaml/snakeyaml/nodes/NodeTuple
instanceKlass org/yaml/snakeyaml/events/ImplicitTuple
instanceKlass org/yaml/snakeyaml/parser/ParserImpl$ParseBlockMappingValue
instanceKlass org/yaml/snakeyaml/parser/ParserImpl$ParseBlockMappingKey
instanceKlass org/yaml/snakeyaml/resolver/Resolver$1
instanceKlass org/yaml/snakeyaml/parser/ParserImpl$ParseBlockMappingFirstKey
instanceKlass org/yaml/snakeyaml/parser/ParserImpl$ParseBlockNode
instanceKlass org/yaml/snakeyaml/parser/ParserImpl$ParseDocumentEnd
instanceKlass org/yaml/snakeyaml/scanner/SimpleKey
instanceKlass org/yaml/snakeyaml/scanner/Constant
instanceKlass org/yaml/snakeyaml/parser/ParserImpl$ParseImplicitDocumentStart
instanceKlass org/yaml/snakeyaml/Yaml$YamlIterable
instanceKlass org/yaml/snakeyaml/Yaml$1
instanceKlass org/yaml/snakeyaml/comments/CommentEventsCollector
instanceKlass org/yaml/snakeyaml/parser/ParserImpl$ParseStreamStart
instanceKlass org/yaml/snakeyaml/parser/VersionTagsTuple
instanceKlass org/yaml/snakeyaml/error/Mark
instanceKlass org/yaml/snakeyaml/util/ArrayStack
instanceKlass org/yaml/snakeyaml/tokens/Token
instanceKlass org/yaml/snakeyaml/scanner/ScannerImpl
instanceKlass org/yaml/snakeyaml/reader/StreamReader
instanceKlass org/yaml/snakeyaml/events/Event
instanceKlass org/yaml/snakeyaml/parser/Production
instanceKlass org/yaml/snakeyaml/scanner/Scanner
instanceKlass org/yaml/snakeyaml/parser/ParserImpl
instanceKlass org/yaml/snakeyaml/composer/Composer
instanceKlass org/yaml/snakeyaml/util/PlatformFeatureDetector
instanceKlass java/beans/FeatureDescriptor
instanceKlass org/yaml/snakeyaml/introspector/Property
instanceKlass org/yaml/snakeyaml/introspector/PropertyUtils
instanceKlass org/yaml/snakeyaml/emitter/Emitable
instanceKlass org/yaml/snakeyaml/parser/Parser
instanceKlass org/yaml/snakeyaml/resolver/ResolverTuple
instanceKlass org/yaml/snakeyaml/representer/Representer$RepresentJavaBean
instanceKlass org/yaml/snakeyaml/representer/SafeRepresenter$RepresentEnum
instanceKlass org/yaml/snakeyaml/representer/SafeRepresenter$RepresentDate
instanceKlass org/yaml/snakeyaml/representer/SafeRepresenter$RepresentArray
instanceKlass org/yaml/snakeyaml/representer/SafeRepresenter$RepresentIterator
instanceKlass org/yaml/snakeyaml/representer/SafeRepresenter$RepresentSet
instanceKlass org/yaml/snakeyaml/representer/SafeRepresenter$RepresentMap
instanceKlass org/yaml/snakeyaml/representer/SafeRepresenter$RepresentList
instanceKlass org/yaml/snakeyaml/representer/SafeRepresenter$RepresentNumber
instanceKlass org/yaml/snakeyaml/representer/SafeRepresenter$RepresentPrimitiveArray
instanceKlass org/yaml/snakeyaml/representer/SafeRepresenter$RepresentByteArray
instanceKlass org/yaml/snakeyaml/representer/SafeRepresenter$RepresentUuid
instanceKlass org/yaml/snakeyaml/representer/SafeRepresenter$RepresentBoolean
instanceKlass org/yaml/snakeyaml/representer/SafeRepresenter$RepresentString
instanceKlass org/yaml/snakeyaml/representer/SafeRepresenter$RepresentNull
instanceKlass org/yaml/snakeyaml/representer/Represent
instanceKlass org/yaml/snakeyaml/representer/BaseRepresenter
instanceKlass org/yaml/snakeyaml/serializer/NumberAnchorGenerator
instanceKlass org/yaml/snakeyaml/serializer/AnchorGenerator
instanceKlass org/yaml/snakeyaml/DumperOptions
instanceKlass org/yaml/snakeyaml/constructor/SafeConstructor$ConstructYamlMap
instanceKlass org/yaml/snakeyaml/constructor/SafeConstructor$ConstructYamlSeq
instanceKlass org/yaml/snakeyaml/constructor/SafeConstructor$ConstructYamlSet
instanceKlass org/yaml/snakeyaml/external/com/google/gdata/util/common/base/UnicodeEscaper
instanceKlass org/yaml/snakeyaml/external/com/google/gdata/util/common/base/Escaper
instanceKlass org/yaml/snakeyaml/util/UriEncoder
instanceKlass org/yaml/snakeyaml/nodes/Tag
instanceKlass jdk/internal/logger/LoggerFinderLoader
instanceKlass  @bci java/lang/System$LoggerFinder accessProvider ()Ljava/lang/System$LoggerFinder; 6 <appendix> argL0 ; # java/lang/System$LoggerFinder$$Lambda+0x000002f1a60e3318
instanceKlass jdk/internal/logger/LazyLoggers$LazyLoggerFactories
instanceKlass jdk/internal/logger/LazyLoggers$1
instanceKlass jdk/internal/logger/LazyLoggers
instanceKlass org/yaml/snakeyaml/internal/Logger
instanceKlass org/yaml/snakeyaml/TypeDescription
instanceKlass org/yaml/snakeyaml/constructor/AbstractConstruct
instanceKlass org/yaml/snakeyaml/constructor/Construct
instanceKlass org/yaml/snakeyaml/nodes/Node
instanceKlass org/yaml/snakeyaml/inspector/UnTrustedTagInspector
instanceKlass org/yaml/snakeyaml/LoaderOptions
instanceKlass  @bci org/springframework/boot/env/OriginTrackedYamlLoader load ()Ljava/util/List; 11 <appendix> member <vmtarget> ; # org/springframework/boot/env/OriginTrackedYamlLoader$$Lambda+0x000002f1a61bf3a8
instanceKlass org/springframework/beans/factory/config/YamlProcessor$MatchCallback
instanceKlass org/yaml/snakeyaml/resolver/Resolver
instanceKlass org/yaml/snakeyaml/constructor/BaseConstructor
instanceKlass org/yaml/snakeyaml/inspector/TagInspector
instanceKlass org/springframework/beans/factory/config/YamlProcessor
instanceKlass org/yaml/snakeyaml/Yaml
instanceKlass  @bci org/springframework/boot/env/PropertiesPropertySourceLoader loadProperties (Lorg/springframework/core/io/Resource;)Ljava/util/List; 58 <appendix> member <vmtarget> ; # org/springframework/boot/env/PropertiesPropertySourceLoader$$Lambda+0x000002f1a61bcb38
instanceKlass  @bci org/springframework/boot/env/OriginTrackedPropertiesLoader isNewDocument (Lorg/springframework/boot/env/OriginTrackedPropertiesLoader$CharacterReader;)Z 37 <appendix> member <vmtarget> ; # org/springframework/boot/env/OriginTrackedPropertiesLoader$$Lambda+0x000002f1a61bc918
instanceKlass org/springframework/boot/origin/OriginTrackedValue
instanceKlass org/springframework/boot/origin/TextResourceOrigin
instanceKlass org/springframework/boot/origin/TextResourceOrigin$Location
instanceKlass org/springframework/boot/env/OriginTrackedPropertiesLoader$CharacterReader
instanceKlass org/springframework/boot/env/OriginTrackedPropertiesLoader$Document
instanceKlass org/springframework/boot/env/OriginTrackedPropertiesLoader
instanceKlass org/springframework/boot/origin/OriginTrackedResource
instanceKlass  @bci org/springframework/boot/context/config/ConfigDataEnvironmentContributor withReplacement (Lorg/springframework/boot/context/config/ConfigDataEnvironmentContributor;Lorg/springframework/boot/context/config/ConfigDataEnvironmentContributor;)Lorg/springframework/boot/context/config/ConfigDataEnvironmentContributor; 31 <appendix> member <vmtarget> ; # org/springframework/boot/context/config/ConfigDataEnvironmentContributor$$Lambda+0x000002f1a61b6dd8
instanceKlass  @cpi org/springframework/boot/context/config/ConfigDataEnvironmentContributor 473 form vmentry <vmtarget> ; # java/lang/invoke/LambdaForm$DMH+0x000002f1a61bac00
instanceKlass  @bci org/springframework/boot/context/config/ConfigDataEnvironmentContributors asContributors (Ljava/util/Map;)Ljava/util/List; 19 <appendix> member <vmtarget> ; # org/springframework/boot/context/config/ConfigDataEnvironmentContributors$$Lambda+0x000002f1a61b6ba8
instanceKlass  @bci org/springframework/boot/context/config/ConfigDataEnvironmentContributors withProcessedImports (Lorg/springframework/boot/context/config/ConfigDataImporter;Lorg/springframework/boot/context/config/ConfigDataActivationContext;)Lorg/springframework/boot/context/config/ConfigDataEnvironmentContributors; 197 <appendix> member <vmtarget> ; # org/springframework/boot/context/config/ConfigDataEnvironmentContributors$$Lambda+0x000002f1a61b6988
instanceKlass org/springframework/boot/context/config/ConfigData
instanceKlass  @bci org/springframework/boot/context/config/ConfigDataLoaders load (Lorg/springframework/boot/context/config/ConfigDataLoaderContext;Lorg/springframework/boot/context/config/ConfigDataResource;)Lorg/springframework/boot/context/config/ConfigData; 13 <appendix> member <vmtarget> ; # org/springframework/boot/context/config/ConfigDataLoaders$$Lambda+0x000002f1a61b6560
instanceKlass  @bci org/springframework/boot/context/config/ConfigDataLoaders getLoader (Lorg/springframework/boot/context/config/ConfigDataLoaderContext;Lorg/springframework/boot/context/config/ConfigDataResource;)Lorg/springframework/boot/context/config/ConfigDataLoader; 120 <appendix> member <vmtarget> ; # org/springframework/boot/context/config/ConfigDataLoaders$$Lambda+0x000002f1a61b6340
instanceKlass org/springframework/boot/context/config/ConfigDataResolutionResult
instanceKlass  @bci org/springframework/boot/context/config/StandardConfigDataLocationResolver resolvePatternEmptyDirectories (Lorg/springframework/boot/context/config/StandardConfigDataReference;)Ljava/util/Set; 87 <appendix> argL0 ; # org/springframework/boot/context/config/StandardConfigDataLocationResolver$$Lambda+0x000002f1a61b5f08
instanceKlass  @bci org/springframework/boot/context/config/StandardConfigDataLocationResolver resolvePatternEmptyDirectories (Lorg/springframework/boot/context/config/StandardConfigDataReference;)Ljava/util/Set; 77 <appendix> member <vmtarget> ; # org/springframework/boot/context/config/StandardConfigDataLocationResolver$$Lambda+0x000002f1a61b5cc8
instanceKlass  @bci org/springframework/boot/context/config/StandardConfigDataLocationResolver resolvePatternEmptyDirectories (Lorg/springframework/boot/context/config/StandardConfigDataReference;)Ljava/util/Set; 66 <appendix> argL0 ; # org/springframework/boot/context/config/StandardConfigDataLocationResolver$$Lambda+0x000002f1a61b5a80
instanceKlass  @bci org/springframework/boot/context/config/LocationResourceLoader validatePattern (Ljava/lang/String;Lorg/springframework/boot/context/config/LocationResourceLoader$ResourceType;)V 93 <appendix> member <vmtarget> ; # org/springframework/boot/context/config/LocationResourceLoader$$Lambda+0x000002f1a61b5860
instanceKlass  @bci org/springframework/boot/context/config/LocationResourceLoader validatePattern (Ljava/lang/String;Lorg/springframework/boot/context/config/LocationResourceLoader$ResourceType;)V 53 <appendix> member <vmtarget> ; # org/springframework/boot/context/config/LocationResourceLoader$$Lambda+0x000002f1a61b5640
instanceKlass  @bci org/springframework/boot/context/config/LocationResourceLoader validatePattern (Ljava/lang/String;Lorg/springframework/boot/context/config/LocationResourceLoader$ResourceType;)V 29 <appendix> member <vmtarget> ; # org/springframework/boot/context/config/LocationResourceLoader$$Lambda+0x000002f1a61b5420
instanceKlass  @bci org/springframework/boot/context/config/LocationResourceLoader validatePattern (Ljava/lang/String;Lorg/springframework/boot/context/config/LocationResourceLoader$ResourceType;)V 6 <appendix> member <vmtarget> ; # org/springframework/boot/context/config/LocationResourceLoader$$Lambda+0x000002f1a61b5200
instanceKlass  @bci org/springframework/boot/context/config/LocationResourceLoader validateNonPattern (Ljava/lang/String;)V 14 <appendix> member <vmtarget> ; # org/springframework/boot/context/config/LocationResourceLoader$$Lambda+0x000002f1a61b47b8
instanceKlass  @bci org/springframework/boot/context/config/StandardConfigDataReference <init> (Lorg/springframework/boot/context/config/ConfigDataLocation;Ljava/lang/String;Ljava/lang/String;Ljava/lang/String;Ljava/lang/String;Lorg/springframework/boot/env/PropertySourceLoader;)V 52 <appendix> form vmentry <vmtarget> ; # java/lang/invoke/LambdaForm$MH+0x000002f1a61ba800
# instanceKlass java/lang/invoke/LambdaForm$MH+0x000002f1a61ba400
instanceKlass  @bci org/springframework/boot/context/config/StandardConfigDataReference <init> (Lorg/springframework/boot/context/config/ConfigDataLocation;Ljava/lang/String;Ljava/lang/String;Ljava/lang/String;Ljava/lang/String;Lorg/springframework/boot/env/PropertySourceLoader;)V 52 <appendix> argL3 form vmentry <vmtarget> ; # java/lang/invoke/LambdaForm$MH+0x000002f1a61ba000
# instanceKlass java/lang/invoke/LambdaForm$MH+0x000002f1a61b9c00
# instanceKlass java/lang/invoke/LambdaForm$MH+0x000002f1a61b9800
# instanceKlass java/lang/invoke/LambdaForm$MH+0x000002f1a61b9400
# instanceKlass java/lang/invoke/LambdaForm$MH+0x000002f1a61b9000
instanceKlass  @bci org/springframework/boot/context/config/StandardConfigDataReference <init> (Lorg/springframework/boot/context/config/ConfigDataLocation;Ljava/lang/String;Ljava/lang/String;Ljava/lang/String;Ljava/lang/String;Lorg/springframework/boot/env/PropertySourceLoader;)V 52 <appendix> argL1 form vmentry <vmtarget> ; # java/lang/invoke/LambdaForm$MH+0x000002f1a61b8c00
# instanceKlass java/lang/invoke/LambdaForm$MH+0x000002f1a61b8800
# instanceKlass java/lang/invoke/LambdaForm$MH+0x000002f1a61b8400
# instanceKlass java/lang/invoke/LambdaForm$MH+0x000002f1a61b8000
instanceKlass org/springframework/boot/context/config/StandardConfigDataReference
instanceKlass  @bci org/springframework/boot/context/config/ConfigDataLocationResolvers resolve (Lorg/springframework/boot/context/config/ConfigDataLocationResolver;Lorg/springframework/boot/context/config/ConfigDataLocationResolverContext;Lorg/springframework/boot/context/config/ConfigDataLocation;Lorg/springframework/boot/context/config/Profiles;)Ljava/util/List; 6 <appendix> member <vmtarget> ; # org/springframework/boot/context/config/ConfigDataLocationResolvers$$Lambda+0x000002f1a61b4358
instanceKlass org/springframework/boot/context/config/ConfigDataEnvironmentContributors$ContributorDataLoaderContext
instanceKlass org/springframework/boot/context/config/ConfigDataEnvironmentContributors$ContributorConfigDataLocationResolverContext
instanceKlass org/springframework/boot/context/config/ConfigDataEnvironmentContributor$ContributorIterator
instanceKlass  @bci org/springframework/boot/DefaultBootstrapContext register (Ljava/lang/Class;Lorg/springframework/boot/BootstrapRegistry$InstanceSupplier;Z)V 60 <appendix> member <vmtarget> ; # org/springframework/boot/DefaultBootstrapContext$$Lambda+0x000002f1a61b3a80
instanceKlass org/springframework/boot/BootstrapRegistry$InstanceSupplier$1
instanceKlass  @bci org/springframework/boot/BootstrapRegistry$InstanceSupplier from (Ljava/util/function/Supplier;)Lorg/springframework/boot/BootstrapRegistry$InstanceSupplier; 1 <appendix> member <vmtarget> ; # org/springframework/boot/BootstrapRegistry$InstanceSupplier$$Lambda+0x000002f1a61b31c8
instanceKlass org/springframework/boot/BootstrapRegistry$InstanceSupplier
instanceKlass  @bci org/springframework/boot/context/config/ConfigDataEnvironment registerBootstrapBinder (Lorg/springframework/boot/context/config/ConfigDataEnvironmentContributors;Lorg/springframework/boot/context/config/ConfigDataActivationContext;[Lorg/springframework/boot/context/config/ConfigDataEnvironmentContributors$BinderOption;)V 9 <appendix> member <vmtarget> ; # org/springframework/boot/context/config/ConfigDataEnvironment$$Lambda+0x000002f1a61b2db0
instanceKlass org/springframework/boot/context/config/ConfigDataActivationContext
instanceKlass org/springframework/boot/context/config/ConfigDataImporter
instanceKlass  @bci org/springframework/boot/context/config/ConfigDataEnvironmentContributors <clinit> ()V 0 <appendix> argL0 ; # org/springframework/boot/context/config/ConfigDataEnvironmentContributors$$Lambda+0x000002f1a61b2060
instanceKlass org/springframework/boot/context/config/ConfigDataLocationResolverContext
instanceKlass org/springframework/boot/context/config/ConfigDataLoaderContext
instanceKlass org/springframework/boot/context/config/ConfigDataEnvironmentContributors
instanceKlass org/springframework/boot/context/config/ConfigDataProperties
instanceKlass org/springframework/boot/context/config/ConfigDataEnvironmentContributor
instanceKlass org/springframework/boot/context/config/ConfigData$Options
instanceKlass org/springframework/boot/context/config/ConfigData$AlwaysPropertySourceOptions
instanceKlass org/springframework/boot/context/config/ConfigData$PropertySourceOptions
instanceKlass org/springframework/boot/context/config/StandardConfigDataLoader
instanceKlass org/springframework/boot/context/config/ConfigDataResource
instanceKlass org/springframework/boot/context/config/ConfigTreeConfigDataLoader
instanceKlass org/springframework/boot/context/config/ConfigDataLoader
instanceKlass  @bci org/springframework/boot/context/config/ConfigDataLoaders <init> (Lorg/springframework/boot/logging/DeferredLogFactory;Lorg/springframework/boot/ConfigurableBootstrapContext;Lorg/springframework/core/io/support/SpringFactoriesLoader;)V 66 <appendix> argL0 ; # org/springframework/boot/context/config/ConfigDataLoaders$$Lambda+0x000002f1a61af700
instanceKlass org/springframework/boot/context/config/ConfigDataLoaders
instanceKlass org/springframework/boot/context/config/ConfigDataEnvironmentUpdateListener$1
instanceKlass org/springframework/boot/context/config/ConfigDataEnvironmentUpdateListener
instanceKlass  @bci org/springframework/boot/context/config/StandardConfigDataLocationResolver validateConfigName (Ljava/lang/String;)V 15 <appendix> member <vmtarget> ; # org/springframework/boot/context/config/StandardConfigDataLocationResolver$$Lambda+0x000002f1a61aeea8
instanceKlass  @bci org/springframework/boot/context/properties/bind/Binder lambda$bindAggregate$3 (Lorg/springframework/boot/context/properties/bind/AggregateBinder;Lorg/springframework/boot/context/properties/bind/BindHandler;Lorg/springframework/boot/context/properties/bind/Binder$Context;Lorg/springframework/boot/context/properties/source/ConfigurationPropertyName;Lorg/springframework/boot/context/properties/bind/Bindable;Lorg/springframework/boot/context/properties/source/ConfigurationPropertySource;)Ljava/lang/Object; 17 <adapter> ; # java/lang/invoke/LambdaForm$MH+0x000002f1a61ad800
# instanceKlass java/lang/invoke/LambdaForm$DMH+0x000002f1a61ad400
instanceKlass  @bci org/springframework/boot/context/properties/bind/Binder lambda$bindAggregate$3 (Lorg/springframework/boot/context/properties/bind/AggregateBinder;Lorg/springframework/boot/context/properties/bind/BindHandler;Lorg/springframework/boot/context/properties/bind/Binder$Context;Lorg/springframework/boot/context/properties/source/ConfigurationPropertyName;Lorg/springframework/boot/context/properties/bind/Bindable;Lorg/springframework/boot/context/properties/source/ConfigurationPropertySource;)Ljava/lang/Object; 17 <appendix> form vmentry <vmtarget> ; # java/lang/invoke/LambdaForm$DMH+0x000002f1a61ad000
instanceKlass  @bci org/springframework/boot/context/properties/bind/Binder lambda$bindAggregate$3 (Lorg/springframework/boot/context/properties/bind/AggregateBinder;Lorg/springframework/boot/context/properties/bind/BindHandler;Lorg/springframework/boot/context/properties/bind/Binder$Context;Lorg/springframework/boot/context/properties/source/ConfigurationPropertyName;Lorg/springframework/boot/context/properties/bind/Bindable;Lorg/springframework/boot/context/properties/source/ConfigurationPropertySource;)Ljava/lang/Object; 17 <appendix> member <vmtarget> ; # org/springframework/boot/context/properties/bind/Binder$$Lambda+0x000002f1a61aec88
instanceKlass  @cpi org/springframework/boot/context/properties/bind/Binder 714 form vmentry <vmtarget> ; # java/lang/invoke/LambdaForm$DMH+0x000002f1a61acc00
instanceKlass  @bci org/springframework/boot/context/properties/source/SpringIterableConfigurationPropertySource stream ()Ljava/util/stream/Stream; 9 <appendix> argL0 ; # org/springframework/boot/context/properties/source/SpringIterableConfigurationPropertySource$$Lambda+0x000002f1a61aea40
instanceKlass org/springframework/boot/context/properties/source/FilteredConfigurationPropertiesSource
instanceKlass  @bci org/springframework/boot/context/properties/bind/IndexedElementsBinder getKnownIndexedChildren (Lorg/springframework/boot/context/properties/source/ConfigurationPropertySource;Lorg/springframework/boot/context/properties/source/ConfigurationPropertyName;)Lorg/springframework/util/MultiValueMap; 34 <appendix> member <vmtarget> ; # org/springframework/boot/context/properties/bind/IndexedElementsBinder$$Lambda+0x000002f1a61ae218
instanceKlass  @bci org/springframework/boot/context/properties/bind/ArrayBinder bindAggregate (Lorg/springframework/boot/context/properties/source/ConfigurationPropertyName;Lorg/springframework/boot/context/properties/bind/Bindable;Lorg/springframework/boot/context/properties/bind/AggregateElementBinder;)Ljava/lang/Object; 4 <appendix> argL0 ; # org/springframework/boot/context/properties/bind/ArrayBinder$$Lambda+0x000002f1a61ae000
instanceKlass org/springframework/boot/context/properties/bind/AggregateBinder$AggregateSupplier
instanceKlass  @bci org/springframework/boot/context/properties/bind/Binder bindAggregate (Lorg/springframework/boot/context/properties/source/ConfigurationPropertyName;Lorg/springframework/boot/context/properties/bind/Bindable;Lorg/springframework/boot/context/properties/bind/BindHandler;Lorg/springframework/boot/context/properties/bind/Binder$Context;Lorg/springframework/boot/context/properties/bind/AggregateBinder;)Ljava/lang/Object; 21 <appendix> member <vmtarget> ; # org/springframework/boot/context/properties/bind/Binder$$Lambda+0x000002f1a61ab858
instanceKlass  @bci org/springframework/boot/context/properties/bind/Binder bindAggregate (Lorg/springframework/boot/context/properties/source/ConfigurationPropertyName;Lorg/springframework/boot/context/properties/bind/Bindable;Lorg/springframework/boot/context/properties/bind/BindHandler;Lorg/springframework/boot/context/properties/bind/Binder$Context;Lorg/springframework/boot/context/properties/bind/AggregateBinder;)Ljava/lang/Object; 6 <appendix> member <vmtarget> ; # org/springframework/boot/context/properties/bind/Binder$$Lambda+0x000002f1a61ab628
instanceKlass org/springframework/boot/context/properties/bind/AggregateElementBinder
instanceKlass org/springframework/boot/env/YamlPropertySourceLoader
instanceKlass org/springframework/boot/env/PropertiesPropertySourceLoader
instanceKlass org/springframework/boot/env/PropertySourceLoader
# instanceKlass java/lang/invoke/LambdaForm$MH+0x000002f1a61ac800
# instanceKlass java/lang/invoke/LambdaForm$MH+0x000002f1a61ac400
# instanceKlass java/lang/invoke/LambdaForm$MH+0x000002f1a61ac000
instanceKlass  @bci java/util/regex/CharPredicates ASCII_WORD ()Ljava/util/regex/Pattern$BmpCharPredicate; 0 <appendix> argL0 ; # java/util/regex/CharPredicates$$Lambda+0x000002f1a60e22f8
instanceKlass org/springframework/boot/context/config/StandardConfigDataLocationResolver
instanceKlass  @bci org/springframework/boot/context/config/LocationResourceLoader <clinit> ()V 18 <appendix> argL0 ; # org/springframework/boot/context/config/LocationResourceLoader$$Lambda+0x000002f1a61aa6d8
instanceKlass  @bci org/springframework/boot/context/config/LocationResourceLoader <clinit> ()V 7 <appendix> argL0 ; # org/springframework/boot/context/config/LocationResourceLoader$$Lambda+0x000002f1a61aa4a0
instanceKlass org/springframework/boot/context/config/LocationResourceLoader
instanceKlass org/springframework/boot/context/config/ConfigTreeConfigDataLocationResolver
instanceKlass org/springframework/boot/context/config/ConfigDataLocationResolver
instanceKlass  @bci org/springframework/boot/context/config/ConfigDataLocationResolvers <init> (Lorg/springframework/boot/logging/DeferredLogFactory;Lorg/springframework/boot/ConfigurableBootstrapContext;Lorg/springframework/boot/context/properties/bind/Binder;Lorg/springframework/core/io/ResourceLoader;Lorg/springframework/core/io/support/SpringFactoriesLoader;)V 77 <appendix> argL0 ; # org/springframework/boot/context/config/ConfigDataLocationResolvers$$Lambda+0x000002f1a61a9c28
instanceKlass org/springframework/boot/context/config/ConfigDataLocationResolvers
instanceKlass org/springframework/boot/context/properties/bind/PropertySourcesPlaceholdersResolver
instanceKlass org/springframework/boot/context/config/ConfigDataLocation
instanceKlass org/springframework/boot/context/config/ConfigDataEnvironment
instanceKlass  @bci org/springframework/boot/env/SpringApplicationJsonEnvironmentPostProcessor postProcessEnvironment (Lorg/springframework/core/env/ConfigurableEnvironment;Lorg/springframework/boot/SpringApplication;)V 38 <appendix> member <vmtarget> ; # org/springframework/boot/env/SpringApplicationJsonEnvironmentPostProcessor$$Lambda+0x000002f1a61a5b20
instanceKlass  @bci org/springframework/boot/env/SpringApplicationJsonEnvironmentPostProcessor postProcessEnvironment (Lorg/springframework/core/env/ConfigurableEnvironment;Lorg/springframework/boot/SpringApplication;)V 21 <appendix> argL0 ; # org/springframework/boot/env/SpringApplicationJsonEnvironmentPostProcessor$$Lambda+0x000002f1a61a58d8
instanceKlass  @bci org/springframework/boot/env/SpringApplicationJsonEnvironmentPostProcessor postProcessEnvironment (Lorg/springframework/core/env/ConfigurableEnvironment;Lorg/springframework/boot/SpringApplication;)V 11 <appendix> argL0 ; # org/springframework/boot/env/SpringApplicationJsonEnvironmentPostProcessor$$Lambda+0x000002f1a61a56a0
instanceKlass org/springframework/boot/env/SpringApplicationJsonEnvironmentPostProcessor$JsonPropertyValue
instanceKlass java/util/stream/Sink$OfInt
instanceKlass java/util/function/IntConsumer
instanceKlass  @bci java/util/stream/MatchOps makeInt (Ljava/util/function/IntPredicate;Ljava/util/stream/MatchOps$MatchKind;)Ljava/util/stream/TerminalOp; 20 <appendix> member <vmtarget> ; # java/util/stream/MatchOps$$Lambda+0x000002f1a60e1dc8
instanceKlass  @bci org/springframework/boot/context/properties/source/SystemEnvironmentPropertyMapper isNumber (Ljava/lang/String;)Z 4 <appendix> argL0 ; # org/springframework/boot/context/properties/source/SystemEnvironmentPropertyMapper$$Lambda+0x000002f1a61a5240
instanceKlass java/util/function/IntPredicate
instanceKlass java/util/stream/IntStream
instanceKlass java/lang/StringLatin1$CharsSpliterator
instanceKlass  @bci org/springframework/boot/context/properties/source/SystemEnvironmentPropertyMapper convertName (Ljava/lang/String;)Lorg/springframework/boot/context/properties/source/ConfigurationPropertyName; 4 <appendix> member <vmtarget> ; # org/springframework/boot/context/properties/source/SystemEnvironmentPropertyMapper$$Lambda+0x000002f1a61a5000
instanceKlass  @bci org/springframework/boot/context/properties/source/ConfigurationPropertyName convertToUniformElement (Ljava/lang/CharSequence;)Ljava/lang/CharSequence; 3 <appendix> argL0 ; # org/springframework/boot/context/properties/source/ConfigurationPropertyName$$Lambda+0x000002f1a61a7d08
instanceKlass org/springframework/boot/context/properties/source/ConfigurationPropertyName$ElementCharPredicate
instanceKlass  @bci java/util/function/BiPredicate or (Ljava/util/function/BiPredicate;)Ljava/util/function/BiPredicate; 7 <appendix> member <vmtarget> ; # java/util/function/BiPredicate$$Lambda+0x000002f1a60e1770
instanceKlass  @bci org/springframework/boot/context/properties/source/SystemEnvironmentPropertyMapper getAncestorOfCheck ()Ljava/util/function/BiPredicate; 1 <appendix> member <vmtarget> ; # org/springframework/boot/context/properties/source/SystemEnvironmentPropertyMapper$$Lambda+0x000002f1a61a7490
instanceKlass  @bci org/springframework/core/env/PropertiesPropertySource getPropertyNames ()[Ljava/lang/String; 37 <appendix> argL0 ; # org/springframework/core/env/PropertiesPropertySource$$Lambda+0x000002f1a61a7278
instanceKlass  @bci org/springframework/core/env/PropertiesPropertySource getPropertyNames ()[Ljava/lang/String; 27 <appendix> argL0 ; # org/springframework/core/env/PropertiesPropertySource$$Lambda+0x000002f1a61a7030
instanceKlass  @bci org/springframework/boot/context/properties/source/SpringConfigurationPropertySources iterator ()Ljava/util/Iterator; 14 <appendix> member <vmtarget> ; # org/springframework/boot/context/properties/source/SpringConfigurationPropertySources$$Lambda+0x000002f1a61a6df0
instanceKlass org/springframework/boot/context/properties/source/SpringConfigurationPropertySources$SourcesIterator
instanceKlass org/springframework/boot/origin/Origin
instanceKlass org/springframework/boot/logging/DeferredLog$Line
instanceKlass java/util/Random
instanceKlass java/util/random/RandomGenerator
instanceKlass org/springframework/boot/test/web/SpringBootTestRandomPortEnvironmentPostProcessor
instanceKlass org/springframework/boot/autoconfigure/integration/IntegrationPropertiesEnvironmentPostProcessor
instanceKlass org/springframework/boot/reactor/ReactorEnvironmentPostProcessor
instanceKlass org/springframework/boot/env/SystemEnvironmentPropertySourceEnvironmentPostProcessor
instanceKlass org/springframework/boot/env/SpringApplicationJsonEnvironmentPostProcessor
instanceKlass org/springframework/boot/env/RandomValuePropertySourceEnvironmentPostProcessor
# instanceKlass java/lang/invoke/LambdaForm$MH+0x000002f1a61a4400
# instanceKlass java/lang/invoke/LambdaForm$MH+0x000002f1a61a4000
instanceKlass org/springframework/boot/context/config/ConfigDataEnvironmentPostProcessor
instanceKlass org/springframework/boot/logging/DeferredLog
instanceKlass  @bci org/springframework/boot/logging/DeferredLogs getLog (Ljava/lang/Class;)Lorg/apache/commons/logging/Log; 2 <appendix> member <vmtarget> ; # org/springframework/boot/logging/DeferredLogs$$Lambda+0x000002f1a61a11b8
instanceKlass org/springframework/boot/cloud/CloudFoundryVcapEnvironmentPostProcessor
instanceKlass org/springframework/boot/env/EnvironmentPostProcessor
instanceKlass org/springframework/boot/env/SpringFactoriesEnvironmentPostProcessorsFactory
instanceKlass  @bci org/springframework/boot/SpringApplicationRunListeners environmentPrepared (Lorg/springframework/boot/ConfigurableBootstrapContext;Lorg/springframework/core/env/ConfigurableEnvironment;)V 5 <appendix> member <vmtarget> ; # org/springframework/boot/SpringApplicationRunListeners$$Lambda+0x000002f1a61a0918
instanceKlass org/springframework/boot/context/properties/source/SpringConfigurationPropertySources
instanceKlass javax/naming/spi/NamingManager
instanceKlass  @bci com/sun/naming/internal/VersionHelper getJavaHomeConfStream (Ljava/lang/String;)Ljava/io/InputStream; 1 <appendix> member <vmtarget> ; # com/sun/naming/internal/VersionHelper$$Lambda+0x000002f1a60e0790
instanceKlass  @bci com/sun/naming/internal/VersionHelper$InputStreamEnumeration getNextElement ()Ljava/io/InputStream; 1 <appendix> member <vmtarget> ; # com/sun/naming/internal/VersionHelper$InputStreamEnumeration$$Lambda+0x000002f1a60e0570
instanceKlass com/sun/naming/internal/VersionHelper$InputStreamEnumeration
instanceKlass javax/naming/NamingEnumeration
instanceKlass  @bci com/sun/naming/internal/VersionHelper getResources (Ljava/lang/ClassLoader;Ljava/lang/String;)Ljavax/naming/NamingEnumeration; 2 <appendix> member <vmtarget> ; # com/sun/naming/internal/VersionHelper$$Lambda+0x000002f1a60dfeb0
instanceKlass  @bci com/sun/naming/internal/VersionHelper getContextClassLoader ()Ljava/lang/ClassLoader; 0 <appendix> argL0 ; # com/sun/naming/internal/VersionHelper$$Lambda+0x000002f1a60dfc98
instanceKlass  @bci com/sun/naming/internal/VersionHelper getJndiProperties ()[Ljava/lang/String; 0 <appendix> argL0 ; # com/sun/naming/internal/VersionHelper$$Lambda+0x000002f1a60dfa80
instanceKlass  @bci com/sun/naming/internal/VersionHelper <clinit> ()V 10 <appendix> argL0 ; # com/sun/naming/internal/VersionHelper$$Lambda+0x000002f1a60df868
instanceKlass com/sun/naming/internal/VersionHelper
instanceKlass com/sun/naming/internal/ResourceManager
instanceKlass org/springframework/jndi/JndiAccessor
instanceKlass org/springframework/boot/context/properties/source/ConfigurationPropertySources
instanceKlass javax/naming/InitialContext
instanceKlass javax/naming/Context
instanceKlass org/springframework/web/context/ConfigurableWebEnvironment
instanceKlass org/springframework/boot/web/servlet/context/ServletWebServerApplicationContextFactory
instanceKlass org/springframework/boot/web/reactive/context/ReactiveWebServerApplicationContextFactory
instanceKlass  @bci org/springframework/boot/DefaultApplicationContextFactory createEnvironment (Lorg/springframework/boot/WebApplicationType;)Lorg/springframework/core/env/ConfigurableEnvironment; 2 <appendix> argL0 ; # org/springframework/boot/DefaultApplicationContextFactory$$Lambda+0x000002f1a619dc10
instanceKlass org/springframework/core/env/CommandLineArgs
instanceKlass org/springframework/core/env/SimpleCommandLineArgsParser
instanceKlass org/springframework/boot/DefaultApplicationArguments
instanceKlass java/util/logging/LogManager$CloseOnReset
instanceKlass java/util/logging/StreamHandler$1
instanceKlass java/util/logging/Handler$1
instanceKlass java/util/logging/ErrorManager
instanceKlass jdk/internal/logger/SimpleConsoleLogger$Formatting
instanceKlass sun/util/logging/PlatformLogger
instanceKlass sun/util/logging/PlatformLogger$ConfigurableBridge$LoggerConfiguration
instanceKlass  @bci java/util/logging/SimpleFormatter <init> ()V 5 <appendix> argL0 ; # java/util/logging/SimpleFormatter$$Lambda+0x000002f1a60dc888
instanceKlass java/util/logging/Formatter
instanceKlass  @bci org/springframework/boot/logging/logback/LogbackLoggingSystem getLoggerContext ()Lch/qos/logback/classic/LoggerContext; 10 <appendix> member <vmtarget> ; # org/springframework/boot/logging/logback/LogbackLoggingSystem$$Lambda+0x000002f1a619ce48
instanceKlass org/springframework/boot/logging/AbstractLoggingSystem$LogLevels
instanceKlass org/springframework/boot/logging/LoggerConfigurationComparator
instanceKlass ch/qos/logback/classic/spi/LoggerContextListener
instanceKlass org/springframework/boot/logging/logback/LogbackConfigurator
instanceKlass org/springframework/boot/logging/LoggingSystemProperties
instanceKlass org/springframework/boot/logging/java/JavaLoggingSystem$Factory
instanceKlass org/springframework/boot/logging/log4j2/Log4J2LoggingSystem$Factory
instanceKlass org/springframework/beans/factory/aot/BeanFactoryInitializationAotProcessor
instanceKlass org/springframework/boot/logging/logback/LogbackLoggingSystem$Factory
instanceKlass  @bci org/springframework/boot/logging/LoggingSystemFactory fromSpringFactories ()Lorg/springframework/boot/logging/LoggingSystemFactory; 4 <appendix> argL0 ; # org/springframework/boot/logging/LoggingSystemFactory$$Lambda+0x000002f1a6199418
instanceKlass org/springframework/boot/logging/DelegatingLoggingSystemFactory
instanceKlass org/springframework/boot/logging/LoggingSystemFactory
instanceKlass org/springframework/boot/logging/LoggingSystem
instanceKlass org/springframework/aop/SpringProxy
instanceKlass org/springframework/aop/support/AopUtils
instanceKlass org/springframework/context/event/GenericApplicationListenerAdapter
instanceKlass org/springframework/context/event/AbstractApplicationEventMulticaster$CachedListenerRetriever
instanceKlass org/springframework/context/event/AbstractApplicationEventMulticaster$ListenerCacheKey
instanceKlass org/springframework/core/ResolvableTypeProvider
instanceKlass org/springframework/aop/framework/Advised
instanceKlass org/springframework/aop/TargetClassAware
instanceKlass org/springframework/aop/framework/AopProxyUtils
instanceKlass  @bci org/springframework/boot/context/event/EventPublishingRunListener refreshApplicationListeners ()V 16 <appendix> member <vmtarget> ; # org/springframework/boot/context/event/EventPublishingRunListener$$Lambda+0x000002f1a6196f70
instanceKlass  @bci org/springframework/boot/SpringApplicationRunListeners starting (Lorg/springframework/boot/ConfigurableBootstrapContext;Ljava/lang/Class;)V 10 <appendix> member <vmtarget> ; # org/springframework/boot/SpringApplicationRunListeners$$Lambda+0x000002f1a6196d40
instanceKlass  @bci org/springframework/boot/SpringApplicationRunListeners starting (Lorg/springframework/boot/ConfigurableBootstrapContext;Ljava/lang/Class;)V 4 <appendix> member <vmtarget> ; # org/springframework/boot/SpringApplicationRunListeners$$Lambda+0x000002f1a6196b10
instanceKlass org/springframework/boot/SpringApplicationRunListeners
instanceKlass org/springframework/boot/test/context/SpringBootContextLoader$ContextLoaderHook$1
instanceKlass  @bci org/springframework/core/io/support/SpringFactoriesLoader$FactoryInstantiator resolveArgs (Lorg/springframework/core/io/support/SpringFactoriesLoader$ArgumentResolver;)[Ljava/lang/Object; 22 <appendix> member <vmtarget> ; # org/springframework/core/io/support/SpringFactoriesLoader$FactoryInstantiator$$Lambda+0x000002f1a6196408
instanceKlass org/springframework/util/ErrorHandler
instanceKlass org/springframework/boot/availability/AvailabilityState
instanceKlass org/springframework/boot/context/event/EventPublishingRunListener
instanceKlass  @bci org/springframework/core/io/support/SpringFactoriesLoader$ArgumentResolver and (Lorg/springframework/core/io/support/SpringFactoriesLoader$ArgumentResolver;)Lorg/springframework/core/io/support/SpringFactoriesLoader$ArgumentResolver; 2 <appendix> member <vmtarget> ; # org/springframework/core/io/support/SpringFactoriesLoader$ArgumentResolver$$Lambda+0x000002f1a61954a8
instanceKlass org/springframework/core/io/support/SpringFactoriesLoader$ArgumentResolver$1
instanceKlass  @bci org/springframework/core/io/support/SpringFactoriesLoader$ArgumentResolver ofSupplied (Ljava/lang/Class;Ljava/util/function/Supplier;)Lorg/springframework/core/io/support/SpringFactoriesLoader$ArgumentResolver; 2 <appendix> member <vmtarget> ; # org/springframework/core/io/support/SpringFactoriesLoader$ArgumentResolver$$Lambda+0x000002f1a6195010
instanceKlass  @bci org/springframework/core/io/support/SpringFactoriesLoader$ArgumentResolver of (Ljava/lang/Class;Ljava/lang/Object;)Lorg/springframework/core/io/support/SpringFactoriesLoader$ArgumentResolver; 2 <appendix> member <vmtarget> ; # org/springframework/core/io/support/SpringFactoriesLoader$ArgumentResolver$$Lambda+0x000002f1a6194df0
instanceKlass org/springframework/core/io/support/SpringFactoriesLoader$ArgumentResolver
instanceKlass  @bci org/springframework/boot/SpringApplication createBootstrapContext ()Lorg/springframework/boot/DefaultBootstrapContext; 13 <appendix> member <vmtarget> ; # org/springframework/boot/SpringApplication$$Lambda+0x000002f1a61949c8
instanceKlass org/springframework/context/event/AbstractApplicationEventMulticaster$DefaultListenerRetriever
instanceKlass org/springframework/context/event/AbstractApplicationEventMulticaster
instanceKlass org/springframework/context/event/ApplicationEventMulticaster
instanceKlass org/springframework/boot/DefaultBootstrapContext
instanceKlass org/springframework/boot/SpringApplication$Startup
instanceKlass  @bci org/springframework/util/function/ThrowingSupplier get ()Ljava/lang/Object; 1 <appendix> argL0 ; # org/springframework/util/function/ThrowingSupplier$$Lambda+0x000002f1a61931e8
instanceKlass  @bci org/springframework/boot/test/context/SpringBootContextLoader loadContext (Lorg/springframework/test/context/MergedContextConfiguration;Lorg/springframework/boot/test/context/SpringBootContextLoader$Mode;Lorg/springframework/context/ApplicationContextInitializer;)Lorg/springframework/context/ApplicationContext; 105 <appendix> member <vmtarget> ; # org/springframework/boot/test/context/SpringBootContextLoader$$Lambda+0x000002f1a6192f80
instanceKlass org/springframework/util/function/ThrowingSupplier
instanceKlass org/springframework/boot/SpringApplicationRunListener
instanceKlass org/springframework/boot/test/context/SpringBootContextLoader$ContextLoaderHook
instanceKlass org/springframework/boot/SpringApplicationHook
instanceKlass org/springframework/boot/test/context/SpringBootContextLoader$PrepareEnvironmentListener
instanceKlass  @bci org/springframework/boot/test/context/SpringBootContextLoader getApplicationContextFactory (Lorg/springframework/test/context/MergedContextConfiguration;)Lorg/springframework/boot/ApplicationContextFactory; 2 <appendix> member <vmtarget> ; # org/springframework/boot/test/context/SpringBootContextLoader$$Lambda+0x000002f1a6191e70
instanceKlass org/springframework/boot/web/servlet/support/ServletContextApplicationContextInitializer
instanceKlass org/springframework/boot/test/context/SpringBootContextLoader$WebConfigurer$DefensiveWebApplicationContextInitializer
instanceKlass org/springframework/mock/web/MockRequestDispatcher
instanceKlass org/springframework/mock/web/MockSessionCookieConfig
instanceKlass jakarta/servlet/RequestDispatcher
instanceKlass jakarta/servlet/SessionCookieConfig
instanceKlass org/springframework/mock/web/MockServletContext
instanceKlass org/springframework/boot/test/context/SpringBootContextLoader$WebConfigurer
instanceKlass org/springframework/boot/test/context/SpringBootContextLoader$ContextCustomizerAdapter
instanceKlass  @bci org/springframework/boot/SpringApplication findMainClass (Ljava/util/stream/Stream;)Ljava/util/Optional; 16 <appendix> argL0 ; # org/springframework/boot/SpringApplication$$Lambda+0x000002f1a618f638
instanceKlass  @bci org/springframework/boot/SpringApplication findMainClass (Ljava/util/stream/Stream;)Ljava/util/Optional; 1 <appendix> argL0 ; # org/springframework/boot/SpringApplication$$Lambda+0x000002f1a618f3f0
instanceKlass java/lang/StackStreamFactory$FrameBuffer
instanceKlass java/lang/StackStreamFactory
instanceKlass  @bci org/springframework/boot/SpringApplication deduceMainApplicationClass ()Ljava/lang/Class; 7 <appendix> member <vmtarget> ; # org/springframework/boot/SpringApplication$$Lambda+0x000002f1a618f1b0
instanceKlass java/util/concurrent/CountDownLatch
instanceKlass org/springframework/boot/autoconfigure/BackgroundPreinitializer
instanceKlass org/springframework/boot/logging/DeferredLog$Lines
instanceKlass org/springframework/boot/logging/DeferredLogs
instanceKlass  @bci org/springframework/boot/env/EnvironmentPostProcessorApplicationListener <init> ()V 1 <appendix> argL0 ; # org/springframework/boot/env/EnvironmentPostProcessorApplicationListener$$Lambda+0x000002f1a618e878
instanceKlass org/springframework/boot/env/EnvironmentPostProcessorsFactory
instanceKlass org/springframework/boot/logging/DeferredLogFactory
instanceKlass org/springframework/boot/env/EnvironmentPostProcessorApplicationListener
instanceKlass org/springframework/core/ResolvableType$TypeVariablesVariableResolver
instanceKlass org/springframework/core/ResolvableType$SyntheticParameterizedType
instanceKlass org/springframework/core/SerializableTypeWrapper$SerializableTypeProxy
instanceKlass org/springframework/core/SerializableTypeWrapper
instanceKlass  @bci org/springframework/core/ResolvableType forClassWithGenerics (Ljava/lang/Class;[Lorg/springframework/core/ResolvableType;)Lorg/springframework/core/ResolvableType; 29 <appendix> member <vmtarget> ; # org/springframework/core/ResolvableType$$Lambda+0x000002f1a618c848
instanceKlass org/springframework/boot/context/logging/LoggingApplicationListener
instanceKlass org/springframework/context/event/GenericApplicationListener
instanceKlass org/springframework/context/event/SmartApplicationListener
instanceKlass org/springframework/boot/context/config/DelegatingApplicationListener
instanceKlass org/springframework/boot/context/config/AnsiOutputApplicationListener
instanceKlass org/springframework/boot/context/FileEncodingApplicationListener
instanceKlass org/springframework/boot/builder/ParentContextCloserApplicationListener
instanceKlass org/springframework/boot/ClearCachesApplicationListener
instanceKlass org/springframework/boot/test/context/filter/ExcludeFilterApplicationContextInitializer
instanceKlass  @bci org/springframework/boot/logging/LogLevel <clinit> ()V 97 <appendix> argL0 ; # org/springframework/boot/logging/LogLevel$$Lambda+0x000002f1a618af48
instanceKlass  @bci org/springframework/boot/logging/LogLevel <clinit> ()V 79 <appendix> argL0 ; # org/springframework/boot/logging/LogLevel$$Lambda+0x000002f1a618ad30
instanceKlass  @bci org/springframework/boot/logging/LogLevel <clinit> ()V 61 <appendix> argL0 ; # org/springframework/boot/logging/LogLevel$$Lambda+0x000002f1a618ab18
instanceKlass  @bci org/springframework/boot/logging/LogLevel <clinit> ()V 43 <appendix> argL0 ; # org/springframework/boot/logging/LogLevel$$Lambda+0x000002f1a618a900
instanceKlass  @bci org/springframework/boot/logging/LogLevel <clinit> ()V 25 <appendix> argL0 ; # org/springframework/boot/logging/LogLevel$$Lambda+0x000002f1a618a6e8
instanceKlass  @bci org/springframework/boot/logging/LogLevel <clinit> ()V 7 <appendix> argL0 ; # org/springframework/boot/logging/LogLevel$$Lambda+0x000002f1a618a4d0
instanceKlass org/springframework/boot/logging/LogLevel$LogMethod
instanceKlass org/springframework/boot/autoconfigure/logging/ConditionEvaluationReportLoggingListener
instanceKlass org/springframework/boot/autoconfigure/SharedMetadataReaderFactoryContextInitializer
instanceKlass org/springframework/beans/factory/aot/BeanRegistrationExcludeFilter
instanceKlass org/springframework/boot/web/context/ServerPortInfoApplicationContextInitializer
instanceKlass org/springframework/boot/rsocket/context/RSocketPortInfoApplicationContextInitializer
instanceKlass org/springframework/boot/context/config/DelegatingApplicationContextInitializer
instanceKlass org/springframework/boot/context/ContextIdApplicationContextInitializer
instanceKlass org/springframework/boot/context/ConfigurationWarningsApplicationContextInitializer
instanceKlass org/springframework/context/ApplicationContextInitializer
instanceKlass org/springframework/boot/BootstrapRegistryInitializer
instanceKlass org/springframework/core/metrics/DefaultApplicationStartup$DefaultStartupStep$DefaultTags
instanceKlass org/springframework/core/metrics/StartupStep$Tags
instanceKlass org/springframework/core/metrics/DefaultApplicationStartup$DefaultStartupStep
instanceKlass org/springframework/core/metrics/StartupStep
instanceKlass org/springframework/core/metrics/DefaultApplicationStartup
instanceKlass org/springframework/core/metrics/ApplicationStartup
instanceKlass org/springframework/boot/DefaultApplicationContextFactory
instanceKlass org/springframework/boot/ApplicationContextFactory
instanceKlass org/springframework/boot/SpringApplicationShutdownHook$ApplicationContextClosedListener
instanceKlass org/springframework/boot/SpringApplicationShutdownHook$Handlers
instanceKlass org/springframework/boot/SpringApplicationShutdownHandlers
instanceKlass org/springframework/boot/SpringApplicationShutdownHook
instanceKlass org/springframework/core/OrderComparator$OrderSourceProvider
instanceKlass org/springframework/beans/factory/config/ConfigurableBeanFactory
instanceKlass org/springframework/beans/factory/config/SingletonBeanRegistry
instanceKlass org/springframework/beans/factory/config/BeanFactoryPostProcessor
instanceKlass org/springframework/boot/ApplicationArguments
instanceKlass org/springframework/boot/ConfigurableBootstrapContext
instanceKlass org/springframework/boot/BootstrapContext
instanceKlass org/springframework/boot/BootstrapRegistry
instanceKlass  @bci org/springframework/boot/test/context/SpringBootContextLoader assertHasClassesOrLocations (Lorg/springframework/test/context/MergedContextConfiguration;)V 45 <appendix> argL0 ; # org/springframework/boot/test/context/SpringBootContextLoader$$Lambda+0x000002f1a6187138
instanceKlass  @bci org/springframework/test/context/cache/DefaultCacheAwareContextLoaderDelegate getContextLoader (Lorg/springframework/test/context/MergedContextConfiguration;)Lorg/springframework/test/context/ContextLoader; 7 <appendix> member <vmtarget> ; # org/springframework/test/context/cache/DefaultCacheAwareContextLoaderDelegate$$Lambda+0x000002f1a6186ae8
instanceKlass org/springframework/test/context/event/RecordApplicationEvents
instanceKlass  @bci org/springframework/test/context/junit/jupiter/SpringExtension validateRecordApplicationEventsConfig (Lorg/junit/jupiter/api/extension/ExtensionContext;)V 18 <appendix> member <vmtarget> ; # org/springframework/test/context/junit/jupiter/SpringExtension$$Lambda+0x000002f1a61866b0
instanceKlass  @bci org/springframework/util/ReflectionUtils getUniqueDeclaredMethods (Ljava/lang/Class;Lorg/springframework/util/ReflectionUtils$MethodFilter;)[Ljava/lang/reflect/Method; 12 <appendix> member <vmtarget> ; # org/springframework/util/ReflectionUtils$$Lambda+0x000002f1a6186490
instanceKlass  @bci org/springframework/test/context/junit/jupiter/SpringExtension validateAutowiredConfig (Lorg/junit/jupiter/api/extension/ExtensionContext;)V 17 <appendix> argL0 ; # org/springframework/test/context/junit/jupiter/SpringExtension$$Lambda+0x000002f1a6186258
instanceKlass  @bci org/junit/jupiter/engine/descriptor/ClassBasedTestDescriptor lambda$invokeTestInstancePostProcessors$11 (Ljava/lang/Object;Lorg/junit/jupiter/api/extension/ExtensionContext;Lorg/junit/jupiter/api/extension/TestInstancePostProcessor;)V 4 <appendix> member <vmtarget> ; # org/junit/jupiter/engine/descriptor/ClassBasedTestDescriptor$$Lambda+0x000002f1a6186038
instanceKlass org/junit/jupiter/api/function/Executable
instanceKlass  @bci org/junit/jupiter/engine/descriptor/ClassBasedTestDescriptor invokeTestInstancePostProcessors (Ljava/lang/Object;Lorg/junit/jupiter/engine/extension/ExtensionRegistry;Lorg/junit/jupiter/api/extension/ExtensionContext;)V 12 <appendix> member <vmtarget> ; # org/junit/jupiter/engine/descriptor/ClassBasedTestDescriptor$$Lambda+0x000002f1a6185c10
instanceKlass  @bci org/junit/jupiter/engine/descriptor/ClassBasedTestDescriptor instantiateAndPostProcessTestInstance (Lorg/junit/jupiter/engine/execution/JupiterEngineExecutionContext;Lorg/junit/jupiter/api/extension/ExtensionContext;Lorg/junit/jupiter/engine/extension/ExtensionRegistry;Lorg/junit/jupiter/engine/extension/ExtensionRegistrar;Lorg/junit/platform/engine/support/hierarchical/ThrowableCollector;)Lorg/junit/jupiter/api/extension/TestInstances; 22 <appendix> member <vmtarget> ; # org/junit/jupiter/engine/descriptor/ClassBasedTestDescriptor$$Lambda+0x000002f1a61859f0
instanceKlass  @bci org/junit/jupiter/engine/descriptor/ClassBasedTestDescriptor instantiateTestClass (Ljava/util/Optional;Lorg/junit/jupiter/engine/extension/ExtensionRegistry;Lorg/junit/jupiter/api/extension/ExtensionContext;)Lorg/junit/jupiter/api/extension/TestInstances; 60 <appendix> member <vmtarget> ; # org/junit/jupiter/engine/descriptor/ClassBasedTestDescriptor$$Lambda+0x000002f1a61857b0
instanceKlass org/junit/jupiter/engine/execution/DefaultTestInstances
instanceKlass org/junit/jupiter/engine/execution/InvocationInterceptorChain$InterceptedInvocation
instanceKlass org/junit/jupiter/engine/execution/InvocationInterceptorChain$ValidatingInvocation
instanceKlass  @bci org/junit/jupiter/engine/execution/InterceptingExecutableInvoker invoke (Lorg/junit/jupiter/api/extension/InvocationInterceptor$Invocation;Lorg/junit/jupiter/api/extension/ReflectiveInvocationContext;Lorg/junit/jupiter/api/extension/ExtensionContext;Lorg/junit/jupiter/engine/extension/ExtensionRegistry;Lorg/junit/jupiter/engine/execution/InterceptingExecutableInvoker$ReflectiveInterceptorCall;)Ljava/lang/Object; 10 <appendix> member <vmtarget> ; # org/junit/jupiter/engine/execution/InterceptingExecutableInvoker$$Lambda+0x000002f1a6184ec0
instanceKlass org/junit/jupiter/engine/execution/InvocationInterceptorChain$InterceptorCall
instanceKlass org/junit/jupiter/engine/execution/ConstructorInvocation
instanceKlass org/junit/jupiter/api/extension/ParameterContext
instanceKlass org/junit/jupiter/engine/execution/ParameterResolutionUtils
instanceKlass  @bci org/junit/jupiter/engine/descriptor/ClassBasedTestDescriptor invokeTestClassConstructor (Ljava/util/Optional;Lorg/junit/jupiter/engine/extension/ExtensionRegistry;Lorg/junit/jupiter/api/extension/ExtensionContext;)Ljava/lang/Object; 17 <appendix> argL0 ; # org/junit/jupiter/engine/descriptor/ClassBasedTestDescriptor$$Lambda+0x000002f1a6184428
instanceKlass  @cpi org/junit/jupiter/engine/descriptor/ClassBasedTestDescriptor 954 form vmentry <vmtarget> ; # java/lang/invoke/LambdaForm$DMH+0x000002f1a6181400
instanceKlass  @bci org/junit/jupiter/engine/descriptor/ClassBasedTestDescriptor invokeTestInstancePreConstructCallbacks (Lorg/junit/jupiter/api/extension/TestInstanceFactoryContext;Lorg/junit/jupiter/engine/extension/ExtensionRegistry;Lorg/junit/jupiter/api/extension/ExtensionContext;)V 12 <appendix> member <vmtarget> ; # org/junit/jupiter/engine/descriptor/ClassBasedTestDescriptor$$Lambda+0x000002f1a61841f8
instanceKlass org/junit/jupiter/api/extension/TestInstancePreConstructCallback
instanceKlass org/junit/jupiter/engine/descriptor/DefaultTestInstanceFactoryContext
instanceKlass  @bci org/junit/jupiter/engine/descriptor/ClassBasedTestDescriptor instantiateTestClass (Ljava/util/Optional;Lorg/junit/jupiter/engine/extension/ExtensionRegistry;Lorg/junit/jupiter/api/extension/ExtensionContext;)Lorg/junit/jupiter/api/extension/TestInstances; 1 <appendix> argL0 ; # org/junit/jupiter/engine/descriptor/ClassBasedTestDescriptor$$Lambda+0x000002f1a617fa30
instanceKlass  @bci org/junit/jupiter/engine/descriptor/ClassBasedTestDescriptor lambda$testInstancesProvider$5 (Lorg/junit/jupiter/engine/descriptor/ClassExtensionContext;Lorg/junit/jupiter/engine/execution/JupiterEngineExecutionContext;Lorg/junit/jupiter/engine/extension/ExtensionRegistry;Lorg/junit/jupiter/engine/extension/ExtensionRegistrar;Lorg/junit/platform/engine/support/hierarchical/ThrowableCollector;)Lorg/junit/jupiter/api/extension/TestInstances; 12 <appendix> member <vmtarget> ; # org/junit/jupiter/engine/descriptor/ClassBasedTestDescriptor$$Lambda+0x000002f1a617f810
instanceKlass  @bci org/junit/jupiter/engine/descriptor/TestMethodTestDescriptor prepare (Lorg/junit/jupiter/engine/execution/JupiterEngineExecutionContext;)Lorg/junit/jupiter/engine/execution/JupiterEngineExecutionContext; 51 <appendix> member <vmtarget> ; # org/junit/jupiter/engine/descriptor/TestMethodTestDescriptor$$Lambda+0x000002f1a617f5f0
instanceKlass  @bci org/junit/jupiter/engine/descriptor/ClassExtensionContext getTestInstance ()Ljava/util/Optional; 4 <appendix> argL0 ; # org/junit/jupiter/engine/descriptor/ClassExtensionContext$$Lambda+0x000002f1a617eff0
instanceKlass  @bci org/springframework/test/context/event/EventPublishingTestExecutionListener beforeTestClass (Lorg/springframework/test/context/TestContext;)V 1 <appendix> argL0 ; # org/springframework/test/context/event/EventPublishingTestExecutionListener$$Lambda+0x000002f1a617edb8
instanceKlass java/util/EventObject
instanceKlass  @bci org/springframework/test/context/jdbc/SqlScriptsTestExecutionListener executeSqlScripts (Ljava/util/Set;Lorg/springframework/test/context/TestContext;Lorg/springframework/test/context/jdbc/Sql$ExecutionPhase;Z)V 6 <adapter> ; # java/lang/invoke/LambdaForm$MH+0x000002f1a6181000
# instanceKlass java/lang/invoke/LambdaForm$DMH+0x000002f1a6180c00
instanceKlass  @bci org/springframework/test/context/jdbc/SqlScriptsTestExecutionListener executeSqlScripts (Ljava/util/Set;Lorg/springframework/test/context/TestContext;Lorg/springframework/test/context/jdbc/Sql$ExecutionPhase;Z)V 6 <appendix> form vmentry <vmtarget> ; # java/lang/invoke/LambdaForm$DMH+0x000002f1a6180800
instanceKlass  @bci org/springframework/test/context/jdbc/SqlScriptsTestExecutionListener executeSqlScripts (Ljava/util/Set;Lorg/springframework/test/context/TestContext;Lorg/springframework/test/context/jdbc/Sql$ExecutionPhase;Z)V 6 <appendix> member <vmtarget> ; # org/springframework/test/context/jdbc/SqlScriptsTestExecutionListener$$Lambda+0x000002f1a617e558
instanceKlass  @cpi org/springframework/test/context/jdbc/SqlScriptsTestExecutionListener 709 form vmentry <vmtarget> ; # java/lang/invoke/LambdaForm$DMH+0x000002f1a6180400
instanceKlass org/springframework/test/annotation/DirtiesContext
instanceKlass  @bci org/springframework/test/context/junit/jupiter/SpringExtension registerMethodInvoker (Lorg/springframework/test/context/TestContextManager;Lorg/junit/jupiter/api/extension/ExtensionContext;)V 15 <appendix> member <vmtarget> ; # org/springframework/test/context/junit/jupiter/SpringExtension$$Lambda+0x000002f1a617dd10
instanceKlass  @cpi org/springframework/test/context/junit/jupiter/SpringExtension 507 form vmentry <vmtarget> ; # java/lang/invoke/LambdaForm$DMH+0x000002f1a6180000
instanceKlass  @bci org/springframework/test/context/support/AbstractTestContextBootstrapper lambda$getTestExecutionListeners$0 (Ljava/util/List;Lorg/springframework/test/context/TestExecutionListener;)V 27 <appendix> member <vmtarget> ; # org/springframework/test/context/support/AbstractTestContextBootstrapper$$Lambda+0x000002f1a617d8d0
instanceKlass  @bci org/springframework/test/context/support/AbstractTestContextBootstrapper lambda$getTestExecutionListeners$0 (Ljava/util/List;Lorg/springframework/test/context/TestExecutionListener;)V 11 <appendix> argL0 ; # org/springframework/test/context/support/AbstractTestContextBootstrapper$$Lambda+0x000002f1a617d698
instanceKlass  @bci org/springframework/test/context/support/AbstractTestContextBootstrapper getTestExecutionListeners ()Ljava/util/List; 309 <appendix> member <vmtarget> ; # org/springframework/test/context/support/AbstractTestContextBootstrapper$$Lambda+0x000002f1a617d468
instanceKlass  @bci org/springframework/test/context/jdbc/SqlScriptsTestExecutionListener <clinit> ()V 11 <appendix> argL0 ; # org/springframework/test/context/jdbc/SqlScriptsTestExecutionListener$$Lambda+0x000002f1a617cfa0
instanceKlass org/springframework/test/context/aot/AotTestExecutionListener
instanceKlass org/springframework/transaction/annotation/JtaTransactionAnnotationParser
instanceKlass org/springframework/transaction/annotation/SpringTransactionAnnotationParser
instanceKlass org/springframework/transaction/annotation/TransactionAnnotationParser
instanceKlass jakarta/transaction/Transactional
instanceKlass org/springframework/transaction/support/DefaultTransactionDefinition
instanceKlass org/springframework/transaction/interceptor/TransactionAttribute
instanceKlass org/springframework/transaction/interceptor/AbstractFallbackTransactionAttributeSource
instanceKlass org/springframework/transaction/TransactionDefinition
instanceKlass org/springframework/transaction/interceptor/TransactionAttributeSource
instanceKlass org/springframework/context/ApplicationListener
instanceKlass java/util/EventListener
instanceKlass org/springframework/core/Conventions
instanceKlass org/springframework/web/context/request/RequestAttributes
instanceKlass jakarta/servlet/http/HttpServletRequest
instanceKlass jakarta/servlet/ServletRequest
instanceKlass jakarta/servlet/http/HttpServletResponse
instanceKlass jakarta/servlet/ServletResponse
instanceKlass jakarta/servlet/ServletContext
instanceKlass org/mockito/MockSettings
instanceKlass org/springframework/test/context/support/AbstractTestExecutionListener
instanceKlass org/springframework/test/context/TestExecutionListener
instanceKlass org/springframework/test/context/TestExecutionListeners
instanceKlass  @bci org/springframework/test/context/TestContextManager <init> (Lorg/springframework/test/context/TestContextBootstrapper;)V 29 <appendix> member <vmtarget> ; # org/springframework/test/context/TestContextManager$$Lambda+0x000002f1a6175218
instanceKlass org/springframework/test/context/DefaultMethodInvoker
instanceKlass org/springframework/test/context/MethodInvoker
instanceKlass org/springframework/web/context/ConfigurableWebApplicationContext
instanceKlass org/springframework/web/context/WebApplicationContext
instanceKlass jakarta/servlet/Servlet
instanceKlass  @bci org/springframework/boot/test/context/SpringBootTestContextBootstrapper getWebApplicationType (Lorg/springframework/test/context/MergedContextConfiguration;)Lorg/springframework/boot/WebApplicationType; 43 <appendix> member <vmtarget> ; # org/springframework/boot/test/context/SpringBootTestContextBootstrapper$$Lambda+0x000002f1a6177348
instanceKlass org/springframework/boot/context/properties/bind/BindResult
instanceKlass org/springframework/boot/context/properties/bind/JavaBeanBinder$BeanProperties
instanceKlass org/springframework/boot/context/properties/bind/ValueObjectBinder$ValueObject
instanceKlass  @bci org/springframework/boot/context/properties/bind/ValueObjectBinder$Discoverer <clinit> ()V 35 <appendix> argL0 ; # org/springframework/boot/context/properties/bind/ValueObjectBinder$Discoverer$$Lambda+0x000002f1a61768d8
instanceKlass  @bci org/springframework/boot/context/properties/bind/ValueObjectBinder$Discoverer <clinit> ()V 17 <appendix> argL0 ; # org/springframework/boot/context/properties/bind/ValueObjectBinder$Discoverer$$Lambda+0x000002f1a61766b0
instanceKlass org/springframework/boot/context/properties/bind/ValueObjectBinder$Discoverer
instanceKlass  @bci org/springframework/boot/context/properties/bind/Binder fromDataObjectBinders (Lorg/springframework/boot/context/properties/bind/BindMethod;Ljava/util/function/Function;)Ljava/lang/Object; 24 <appendix> argL0 ; # org/springframework/boot/context/properties/bind/Binder$$Lambda+0x000002f1a6176240
instanceKlass  @bci org/springframework/boot/context/properties/bind/Binder lambda$bindDataObject$7 (Lorg/springframework/boot/context/properties/bind/BindMethod;Lorg/springframework/boot/context/properties/source/ConfigurationPropertyName;Lorg/springframework/boot/context/properties/bind/Bindable;Lorg/springframework/boot/context/properties/bind/Binder$Context;Lorg/springframework/boot/context/properties/bind/DataObjectPropertyBinder;)Ljava/lang/Object; 8 <appendix> member <vmtarget> ; # org/springframework/boot/context/properties/bind/Binder$$Lambda+0x000002f1a6176000
instanceKlass  @bci org/springframework/boot/context/properties/bind/Binder bindDataObject (Lorg/springframework/boot/context/properties/source/ConfigurationPropertyName;Lorg/springframework/boot/context/properties/bind/Bindable;Lorg/springframework/boot/context/properties/bind/BindHandler;Lorg/springframework/boot/context/properties/bind/Binder$Context;Z)Ljava/lang/Object; 72 <appendix> form vmentry <vmtarget> ; # java/lang/invoke/LambdaForm$DMH+0x000002f1a6174000
instanceKlass  @bci org/springframework/boot/context/properties/bind/Binder bindDataObject (Lorg/springframework/boot/context/properties/source/ConfigurationPropertyName;Lorg/springframework/boot/context/properties/bind/Bindable;Lorg/springframework/boot/context/properties/bind/BindHandler;Lorg/springframework/boot/context/properties/bind/Binder$Context;Z)Ljava/lang/Object; 72 <appendix> member <vmtarget> ; # org/springframework/boot/context/properties/bind/Binder$$Lambda+0x000002f1a6173c30
instanceKlass  @bci org/springframework/boot/context/properties/bind/Binder bindDataObject (Lorg/springframework/boot/context/properties/source/ConfigurationPropertyName;Lorg/springframework/boot/context/properties/bind/Bindable;Lorg/springframework/boot/context/properties/bind/BindHandler;Lorg/springframework/boot/context/properties/bind/Binder$Context;Z)Ljava/lang/Object; 52 <appendix> member <vmtarget> ; # org/springframework/boot/context/properties/bind/Binder$$Lambda+0x000002f1a6173a10
instanceKlass org/springframework/boot/context/properties/bind/DataObjectPropertyBinder
instanceKlass org/springframework/boot/context/properties/source/SpringIterableConfigurationPropertySource$ConfigurationPropertyNamesIterator
instanceKlass  @bci org/springframework/boot/context/properties/source/IterableConfigurationPropertySource containsDescendantOf (Lorg/springframework/boot/context/properties/source/ConfigurationPropertyName;)Lorg/springframework/boot/context/properties/source/ConfigurationPropertyState; 7 <appendix> member <vmtarget> ; # org/springframework/boot/context/properties/source/IterableConfigurationPropertySource$$Lambda+0x000002f1a6172f38
instanceKlass  @bci org/springframework/boot/context/properties/source/SpringIterableConfigurationPropertySource$Mappings add (Ljava/util/Map;Ljava/lang/Object;Ljava/lang/Object;)V 2 <appendix> argL0 ; # org/springframework/boot/context/properties/source/SpringIterableConfigurationPropertySource$Mappings$$Lambda+0x000002f1a6172d00
instanceKlass  @bci org/springframework/boot/context/properties/source/SpringIterableConfigurationPropertySource updateMappings (Lorg/springframework/boot/context/properties/source/SpringIterableConfigurationPropertySource$Mappings;)Lorg/springframework/boot/context/properties/source/SpringIterableConfigurationPropertySource$Mappings; 10 <appendix> member <vmtarget> ; # org/springframework/boot/context/properties/source/SpringIterableConfigurationPropertySource$$Lambda+0x000002f1a6172ae0
instanceKlass  @bci org/springframework/boot/context/properties/source/SpringIterableConfigurationPropertySource getMappings ()Lorg/springframework/boot/context/properties/source/SpringIterableConfigurationPropertySource$Mappings; 11 <appendix> member <vmtarget> ; # org/springframework/boot/context/properties/source/SpringIterableConfigurationPropertySource$$Lambda+0x000002f1a6172698
instanceKlass java/util/function/UnaryOperator
instanceKlass  @bci org/springframework/boot/context/properties/source/SpringIterableConfigurationPropertySource getMappings ()Lorg/springframework/boot/context/properties/source/SpringIterableConfigurationPropertySource$Mappings; 5 <appendix> member <vmtarget> ; # org/springframework/boot/context/properties/source/SpringIterableConfigurationPropertySource$$Lambda+0x000002f1a6172478
instanceKlass org/springframework/boot/context/properties/source/SpringIterableConfigurationPropertySource$Mappings
instanceKlass org/springframework/boot/context/properties/source/DefaultPropertyMapper$LastMapping
instanceKlass org/springframework/boot/context/properties/bind/Binder$Context
instanceKlass org/springframework/boot/context/properties/source/ConfigurationPropertyName$ElementsParser
instanceKlass org/springframework/boot/context/properties/source/ConfigurationPropertyName$Elements
instanceKlass org/springframework/boot/context/properties/bind/Bindable
instanceKlass org/springframework/boot/context/properties/bind/JavaBeanBinder
instanceKlass org/springframework/boot/context/properties/bind/ValueObjectBinder
instanceKlass org/springframework/boot/context/properties/bind/DataObjectBinder
instanceKlass org/springframework/boot/context/properties/bind/DefaultBindConstructorProvider
instanceKlass org/springframework/boot/context/properties/bind/BindConstructorProvider
instanceKlass org/springframework/boot/context/properties/bind/BindHandler$1
instanceKlass org/springframework/boot/context/properties/bind/BindHandler
instanceKlass org/springframework/boot/convert/CharSequenceToObjectConverter
instanceKlass  @bci org/springframework/util/MultiValueMapAdapter add (Ljava/lang/Object;Ljava/lang/Object;)V 5 <appendix> argL0 ; # org/springframework/util/MultiValueMapAdapter$$Lambda+0x000002f1a616f1c0
instanceKlass org/springframework/util/MultiValueMapAdapter
instanceKlass org/springframework/boot/convert/LenientObjectToEnumConverterFactory
instanceKlass sun/reflect/generics/tree/ByteSignature
instanceKlass org/springframework/boot/convert/InputStreamSourceToByteArrayConverter
instanceKlass org/springframework/boot/convert/StringToFileConverter
instanceKlass org/springframework/boot/convert/NumberToDataSizeConverter
instanceKlass org/springframework/util/unit/DataSize
instanceKlass org/springframework/boot/convert/StringToDataSizeConverter
instanceKlass org/springframework/boot/convert/NumberToPeriodConverter
instanceKlass org/springframework/boot/convert/PeriodToStringConverter
instanceKlass org/springframework/boot/convert/StringToPeriodConverter
instanceKlass org/springframework/boot/convert/DurationToNumberConverter
instanceKlass org/springframework/boot/convert/NumberToDurationConverter
instanceKlass org/springframework/boot/convert/DurationToStringConverter
instanceKlass org/springframework/boot/convert/StringToDurationConverter
instanceKlass org/springframework/boot/convert/IsoOffsetFormatter
instanceKlass org/springframework/boot/convert/InetAddressFormatter
instanceKlass  @bci org/springframework/format/support/FormattingConversionService getFieldType (Ljava/lang/Object;Ljava/lang/Class;)Ljava/lang/Class; 39 <appendix> member <vmtarget> ; # org/springframework/format/support/FormattingConversionService$$Lambda+0x000002f1a616c3a0
instanceKlass sun/reflect/generics/tree/ArrayTypeSignature
instanceKlass sun/reflect/generics/tree/CharSignature
instanceKlass org/springframework/boot/convert/CharArrayFormatter
instanceKlass org/springframework/format/annotation/DateTimeFormat
instanceKlass org/springframework/format/datetime/standard/MonthDayFormatter
instanceKlass java/time/MonthDay
instanceKlass org/springframework/format/datetime/standard/YearMonthFormatter
instanceKlass java/time/YearMonth
instanceKlass org/springframework/format/datetime/standard/MonthFormatter
instanceKlass org/springframework/format/datetime/standard/YearFormatter
instanceKlass java/time/Year
instanceKlass org/springframework/format/datetime/standard/DurationFormatter
instanceKlass org/springframework/format/datetime/standard/PeriodFormatter
instanceKlass org/springframework/format/datetime/standard/InstantFormatter
instanceKlass java/time/OffsetTime
instanceKlass org/springframework/format/support/FormattingConversionService$ParserConverter
instanceKlass org/springframework/format/support/FormattingConversionService$PrinterConverter
instanceKlass org/springframework/format/datetime/standard/TemporalAccessorParser
instanceKlass org/springframework/format/datetime/standard/TemporalAccessorPrinter
instanceKlass java/time/format/DateTimeFormatterBuilder$LocalizedPrinterParser
instanceKlass org/springframework/format/datetime/standard/DateTimeFormatterRegistrar$1
instanceKlass org/springframework/format/datetime/standard/DateTimeConverters$InstantToLongConverter
instanceKlass org/springframework/format/datetime/standard/DateTimeConverters$LongToInstantConverter
instanceKlass org/springframework/format/datetime/standard/DateTimeConverters$CalendarToInstantConverter
instanceKlass org/springframework/format/datetime/standard/DateTimeConverters$CalendarToLocalDateTimeConverter
instanceKlass org/springframework/format/datetime/standard/DateTimeConverters$CalendarToLocalTimeConverter
instanceKlass org/springframework/format/datetime/standard/DateTimeConverters$CalendarToLocalDateConverter
instanceKlass org/springframework/format/datetime/standard/DateTimeConverters$CalendarToOffsetDateTimeConverter
instanceKlass org/springframework/format/datetime/standard/DateTimeConverters$CalendarToZonedDateTimeConverter
instanceKlass org/springframework/format/datetime/standard/DateTimeConverters$OffsetDateTimeToInstantConverter
instanceKlass org/springframework/format/datetime/standard/DateTimeConverters$OffsetDateTimeToZonedDateTimeConverter
instanceKlass org/springframework/format/datetime/standard/DateTimeConverters$OffsetDateTimeToLocalDateTimeConverter
instanceKlass org/springframework/format/datetime/standard/DateTimeConverters$OffsetDateTimeToLocalTimeConverter
instanceKlass org/springframework/format/datetime/standard/DateTimeConverters$OffsetDateTimeToLocalDateConverter
instanceKlass org/springframework/format/datetime/standard/DateTimeConverters$ZonedDateTimeToInstantConverter
instanceKlass java/time/OffsetDateTime
instanceKlass org/springframework/format/datetime/standard/DateTimeConverters$ZonedDateTimeToOffsetDateTimeConverter
instanceKlass org/springframework/format/datetime/standard/DateTimeConverters$ZonedDateTimeToLocalDateTimeConverter
instanceKlass org/springframework/format/datetime/standard/DateTimeConverters$ZonedDateTimeToLocalTimeConverter
instanceKlass org/springframework/format/datetime/standard/DateTimeConverters$ZonedDateTimeToLocalDateConverter
instanceKlass org/springframework/format/datetime/standard/DateTimeConverters$LocalDateTimeToLocalTimeConverter
instanceKlass org/springframework/format/datetime/standard/DateTimeConverters$LocalDateTimeToLocalDateConverter
instanceKlass org/springframework/format/datetime/DateFormatterRegistrar$LongToCalendarConverter
instanceKlass org/springframework/format/datetime/DateFormatterRegistrar$LongToDateConverter
instanceKlass org/springframework/format/datetime/DateFormatterRegistrar$CalendarToLongConverter
instanceKlass org/springframework/format/datetime/DateFormatterRegistrar$CalendarToDateConverter
instanceKlass org/springframework/format/datetime/DateFormatterRegistrar$DateToCalendarConverter
instanceKlass org/springframework/format/datetime/DateFormatterRegistrar$DateToLongConverter
instanceKlass org/springframework/format/datetime/DateFormatterRegistrar
instanceKlass org/springframework/format/datetime/standard/DateTimeConverters
instanceKlass org/springframework/format/datetime/standard/DateTimeFormatterFactory
instanceKlass org/springframework/format/datetime/standard/DateTimeFormatterRegistrar
instanceKlass org/springframework/format/FormatterRegistrar
instanceKlass org/springframework/format/support/FormattingConversionService$AnnotationParserConverter
instanceKlass org/springframework/format/support/FormattingConversionService$AnnotationPrinterConverter
instanceKlass org/springframework/util/NumberUtils
instanceKlass  @bci org/springframework/core/GenericTypeResolver getSingleGeneric (Lorg/springframework/core/ResolvableType;)Ljava/lang/Class; 15 <appendix> member <vmtarget> ; # org/springframework/core/GenericTypeResolver$$Lambda+0x000002f1a6164c98
instanceKlass org/springframework/format/annotation/NumberFormat
instanceKlass org/springframework/core/GenericTypeResolver
instanceKlass org/springframework/context/support/EmbeddedValueResolutionSupport
instanceKlass org/springframework/format/AnnotationFormatterFactory
instanceKlass org/springframework/core/convert/support/ObjectToOptionalConverter
instanceKlass org/springframework/core/convert/support/FallbackObjectToStringConverter
instanceKlass org/springframework/core/convert/support/IdToEntityConverter
instanceKlass org/springframework/core/convert/support/ObjectToObjectConverter
instanceKlass java/util/Calendar
instanceKlass org/springframework/core/convert/support/ZonedDateTimeToCalendarConverter
instanceKlass org/springframework/core/convert/support/ZoneIdToTimeZoneConverter
instanceKlass org/springframework/core/convert/support/StringToTimeZoneConverter
instanceKlass org/springframework/core/convert/support/ByteBufferConverter
instanceKlass org/springframework/core/convert/TypeDescriptor$AnnotatedElementAdapter
instanceKlass org/springframework/core/convert/support/StreamConverter
instanceKlass org/springframework/core/convert/support/ObjectToCollectionConverter
instanceKlass org/springframework/core/convert/support/CollectionToObjectConverter
instanceKlass org/springframework/core/convert/support/StringToCollectionConverter
instanceKlass org/springframework/core/convert/support/ObjectToArrayConverter
instanceKlass org/springframework/core/convert/support/ArrayToObjectConverter
instanceKlass org/springframework/core/convert/support/StringToArrayConverter
instanceKlass org/springframework/core/convert/support/CollectionToStringConverter
instanceKlass org/springframework/core/convert/support/ArrayToStringConverter
instanceKlass org/springframework/core/convert/support/MapToMapConverter
instanceKlass org/springframework/core/convert/support/CollectionToCollectionConverter
instanceKlass org/springframework/core/convert/support/ArrayToArrayConverter
instanceKlass org/springframework/core/convert/support/CollectionToArrayConverter
instanceKlass org/springframework/core/convert/support/ArrayToCollectionConverter
instanceKlass org/springframework/core/convert/support/StringToPatternConverter
instanceKlass java/util/UUID
instanceKlass org/springframework/core/convert/support/StringToUUIDConverter
instanceKlass org/springframework/core/convert/support/PropertiesToStringConverter
instanceKlass org/springframework/core/convert/support/StringToPropertiesConverter
instanceKlass java/util/Currency
instanceKlass org/springframework/core/convert/support/StringToCurrencyConverter
instanceKlass org/springframework/core/convert/support/StringToCharsetConverter
instanceKlass org/springframework/core/convert/support/StringToLocaleConverter
instanceKlass org/springframework/core/convert/support/IntegerToEnumConverterFactory
instanceKlass sun/reflect/generics/tree/TypeVariableSignature
instanceKlass java/lang/reflect/WildcardType
instanceKlass sun/reflect/generics/tree/Wildcard
instanceKlass sun/reflect/generics/tree/BottomSignature
instanceKlass org/springframework/core/convert/support/AbstractConditionalEnumConverter
instanceKlass org/springframework/core/convert/support/StringToEnumConverterFactory
instanceKlass org/springframework/core/convert/support/StringToBooleanConverter
instanceKlass org/springframework/core/convert/support/CharacterToNumberFactory
instanceKlass org/springframework/core/convert/support/NumberToCharacterConverter
instanceKlass org/springframework/core/convert/support/StringToCharacterConverter
instanceKlass org/springframework/core/convert/support/GenericConversionService$ConverterAdapter
instanceKlass org/springframework/core/convert/support/ObjectToStringConverter
instanceKlass org/springframework/core/convert/support/StringToNumberConverterFactory
instanceKlass org/springframework/core/convert/support/GenericConversionService$ConverterFactoryAdapter
instanceKlass org/springframework/core/ResolvableType$DefaultVariableResolver
instanceKlass sun/reflect/generics/reflectiveObjects/LazyReflectiveObjectGenerator
instanceKlass sun/reflect/generics/reflectiveObjects/ParameterizedTypeImpl
instanceKlass java/lang/reflect/ParameterizedType
instanceKlass sun/reflect/generics/tree/ClassSignature
instanceKlass sun/reflect/generics/tree/Signature
instanceKlass sun/reflect/generics/tree/FormalTypeParameter
instanceKlass java/lang/reflect/TypeVariable
instanceKlass sun/reflect/generics/repository/AbstractRepository
instanceKlass org/springframework/core/ResolvableType$EmptyType
instanceKlass org/springframework/core/ResolvableType$VariableResolver
instanceKlass org/springframework/core/SerializableTypeWrapper$TypeProvider
instanceKlass org/springframework/core/ResolvableType
instanceKlass org/springframework/core/convert/support/NumberToNumberConverterFactory
instanceKlass org/springframework/beans/TypeConverterDelegate
instanceKlass org/springframework/beans/PropertyEditorRegistrySupport
instanceKlass org/springframework/beans/PropertyEditorRegistry
instanceKlass org/springframework/beans/TypeConverter
instanceKlass java/beans/PropertyEditorSupport
instanceKlass java/beans/PropertyEditor
instanceKlass org/springframework/boot/context/properties/bind/BindConverter$TypeConverterConverter
instanceKlass org/springframework/boot/convert/DelimitedStringToCollectionConverter
instanceKlass org/springframework/boot/convert/DelimitedStringToArrayConverter
instanceKlass java/util/concurrent/ConcurrentLinkedDeque$Node
instanceKlass  @bci org/springframework/core/convert/support/GenericConversionService$Converters getMatchableConverters (Lorg/springframework/core/convert/converter/GenericConverter$ConvertiblePair;)Lorg/springframework/core/convert/support/GenericConversionService$ConvertersForPair; 5 <appendix> argL0 ; # org/springframework/core/convert/support/GenericConversionService$Converters$$Lambda+0x000002f1a6159c38
instanceKlass org/springframework/core/convert/support/GenericConversionService$ConvertersForPair
instanceKlass org/springframework/core/convert/converter/GenericConverter$ConvertiblePair
instanceKlass org/springframework/boot/convert/CollectionToDelimitedStringConverter
instanceKlass org/springframework/boot/convert/ArrayToDelimitedStringConverter
instanceKlass org/springframework/core/convert/converter/ConditionalGenericConverter
instanceKlass org/springframework/core/convert/converter/ConditionalConverter
instanceKlass org/springframework/format/Formatter
instanceKlass org/springframework/core/convert/converter/ConverterFactory
instanceKlass org/springframework/core/convert/converter/Converter
instanceKlass org/springframework/format/Parser
instanceKlass org/springframework/format/Printer
instanceKlass org/springframework/context/EmbeddedValueResolverAware
instanceKlass org/springframework/format/FormatterRegistry
instanceKlass org/springframework/core/convert/support/GenericConversionService$Converters
instanceKlass org/springframework/core/convert/support/GenericConversionService$NoOpConverter
instanceKlass org/springframework/core/convert/converter/GenericConverter
instanceKlass org/springframework/core/convert/support/GenericConversionService
instanceKlass org/springframework/core/convert/TypeDescriptor
instanceKlass org/springframework/boot/context/properties/bind/BindConverter
instanceKlass  @bci org/springframework/boot/context/properties/bind/PlaceholdersResolver <clinit> ()V 0 <appendix> argL0 ; # org/springframework/boot/context/properties/bind/PlaceholdersResolver$$Lambda+0x000002f1a6157a60
instanceKlass org/springframework/boot/context/properties/bind/AggregateBinder
instanceKlass org/springframework/boot/origin/OriginProvider
instanceKlass org/springframework/boot/context/properties/bind/BindContext
instanceKlass org/springframework/boot/context/properties/bind/PlaceholdersResolver
instanceKlass org/springframework/boot/context/properties/bind/Binder
instanceKlass  @bci org/springframework/boot/context/properties/source/MapConfigurationPropertySource putAll (Ljava/util/Map;)V 13 <appendix> member <vmtarget> ; # org/springframework/boot/context/properties/source/MapConfigurationPropertySource$$Lambda+0x000002f1a6153bd0
instanceKlass  @cpi org/springframework/boot/logging/logback/LogbackLoggingSystem 818 form vmentry <vmtarget> ; # java/lang/invoke/LambdaForm$DMH+0x000002f1a6154000
instanceKlass org/springframework/boot/origin/OriginLookup
instanceKlass org/springframework/boot/context/properties/source/SoftReferenceConfigurationPropertyCache
instanceKlass org/springframework/boot/context/properties/source/SystemEnvironmentPropertyMapper
instanceKlass org/springframework/boot/context/properties/source/ConfigurationPropertyCaching
instanceKlass org/springframework/boot/context/properties/source/SpringConfigurationPropertySource
instanceKlass org/springframework/boot/context/properties/source/CachingConfigurationPropertySource
instanceKlass  @bci org/springframework/boot/context/properties/source/PropertyMapper <clinit> ()V 0 <appendix> argL0 ; # org/springframework/boot/context/properties/source/PropertyMapper$$Lambda+0x000002f1a61524b8
instanceKlass org/springframework/boot/context/properties/source/ConfigurationPropertyName
instanceKlass java/util/function/BiPredicate
instanceKlass org/springframework/boot/context/properties/source/DefaultPropertyMapper
instanceKlass org/springframework/boot/context/properties/source/PropertyMapper
instanceKlass org/springframework/boot/context/properties/source/MapConfigurationPropertySource
instanceKlass org/springframework/boot/context/properties/source/IterableConfigurationPropertySource
instanceKlass org/springframework/boot/context/properties/source/ConfigurationPropertySource
instanceKlass  @bci org/springframework/core/annotation/AnnotationUtils getAnnotation (Ljava/lang/reflect/AnnotatedElement;Ljava/lang/Class;)Ljava/lang/annotation/Annotation; 48 <appendix> argL0 ; # org/springframework/core/annotation/AnnotationUtils$$Lambda+0x000002f1a6151090
instanceKlass org/springframework/boot/test/context/SpringBootTestAnnotation
instanceKlass  @bci org/springframework/test/context/aot/DefaultAotTestAttributes setAttribute (Ljava/lang/String;Ljava/lang/String;)V 28 <appendix> member <vmtarget> ; # org/springframework/test/context/aot/DefaultAotTestAttributes$$Lambda+0x000002f1a6150c30
instanceKlass africa/semicolon/wallet/WalletApplication
instanceKlass  @bci org/springframework/boot/test/context/AnnotatedClassFinder scanPackage (Ljava/lang/String;)Ljava/lang/Class; 42 <appendix> member <vmtarget> ; # org/springframework/boot/test/context/AnnotatedClassFinder$$Lambda+0x000002f1a6150810
instanceKlass org/springframework/beans/factory/support/MethodOverrides
instanceKlass org/springframework/beans/PropertyValues
instanceKlass org/springframework/core/AttributeAccessorSupport
instanceKlass org/springframework/context/annotation/Conditional
instanceKlass org/springframework/context/annotation/ConditionEvaluator$ConditionContextImpl
instanceKlass org/springframework/context/annotation/ConditionContext
instanceKlass org/springframework/context/annotation/ConditionEvaluator
instanceKlass org/springframework/boot/autoconfigure/AutoConfigurationPackages$Registrar
instanceKlass org/springframework/boot/context/annotation/DeterminableImports
instanceKlass org/springframework/context/annotation/ImportBeanDefinitionRegistrar
instanceKlass org/springframework/context/annotation/ComponentScans
instanceKlass org/springframework/boot/autoconfigure/AutoConfigurationImportSelector
instanceKlass org/springframework/context/EnvironmentAware
instanceKlass org/springframework/context/annotation/DeferredImportSelector
instanceKlass org/springframework/context/annotation/ImportSelector
instanceKlass  @bci org/springframework/core/annotation/AnnotationTypeMapping processAliases (ILjava/util/List;)V 118 <appendix> argL0 ; # org/springframework/core/annotation/AnnotationTypeMapping$$Lambda+0x000002f1a614c3d8
instanceKlass org/springframework/boot/autoconfigure/AutoConfigurationExcludeFilter
instanceKlass org/springframework/beans/factory/BeanClassLoaderAware
instanceKlass org/springframework/boot/context/TypeExcludeFilter
instanceKlass org/springframework/beans/factory/BeanFactoryAware
instanceKlass org/springframework/context/annotation/AnnotationScopeMetadataResolver
instanceKlass org/springframework/context/annotation/ScopeMetadataResolver
instanceKlass org/springframework/beans/factory/support/BeanNameGenerator
instanceKlass  @bci sun/reflect/annotation/AnnotationParser parseAnnotationArray (ILjava/lang/Class;Ljava/nio/ByteBuffer;Ljdk/internal/reflect/ConstantPool;Ljava/lang/Class;)Ljava/lang/Object; 15 <appendix> member <vmtarget> ; # sun/reflect/annotation/AnnotationParser$$Lambda+0x000002f1a60d0260
instanceKlass org/springframework/boot/autoconfigure/AutoConfigurationPackage
instanceKlass org/springframework/context/annotation/ComponentScan$Filter
instanceKlass org/springframework/context/annotation/ComponentScan
instanceKlass org/springframework/boot/autoconfigure/EnableAutoConfiguration
instanceKlass org/springframework/boot/autoconfigure/SpringBootApplication
instanceKlass  @bci org/springframework/core/type/AnnotationMetadata hasMetaAnnotation (Ljava/lang/String;)Z 7 <appendix> argL0 ; # org/springframework/core/type/AnnotationMetadata$$Lambda+0x000002f1a6149510
instanceKlass org/springframework/core/type/classreading/SimpleAnnotationMetadata
instanceKlass org/springframework/core/annotation/MergedAnnotationsCollection
instanceKlass  @bci org/springframework/core/type/classreading/SimpleMethodMetadataReadingVisitor visitAnnotation (Ljava/lang/String;Z)Lorg/springframework/asm/AnnotationVisitor; 19 <appendix> member <vmtarget> ; # org/springframework/core/type/classreading/SimpleMethodMetadataReadingVisitor$$Lambda+0x000002f1a6148c38
instanceKlass org/springframework/core/type/classreading/SimpleMethodMetadataReadingVisitor$Source
instanceKlass  @bci org/springframework/core/type/classreading/SimpleAnnotationMetadataReadingVisitor visitMethod (ILjava/lang/String;Ljava/lang/String;Ljava/lang/String;[Ljava/lang/String;)Lorg/springframework/asm/MethodVisitor; 43 <appendix> member <vmtarget> ; # org/springframework/core/type/classreading/SimpleAnnotationMetadataReadingVisitor$$Lambda+0x000002f1a61484e8
instanceKlass org/springframework/core/type/classreading/SimpleMethodMetadata
instanceKlass org/springframework/core/type/MethodMetadata
instanceKlass  @bci org/springframework/core/type/classreading/MergedAnnotationReadingVisitor visitArray (Ljava/lang/String;)Lorg/springframework/asm/AnnotationVisitor; 7 <appendix> member <vmtarget> ; # org/springframework/core/type/classreading/MergedAnnotationReadingVisitor$$Lambda+0x000002f1a6144c00
instanceKlass  @bci org/springframework/core/annotation/TypeMappedAnnotation of (Ljava/lang/ClassLoader;Ljava/lang/Object;Ljava/lang/Class;Ljava/util/Map;)Lorg/springframework/core/annotation/MergedAnnotation; 26 <appendix> argL0 ; # org/springframework/core/annotation/TypeMappedAnnotation$$Lambda+0x000002f1a6145cf0
instanceKlass org/springframework/asm/Type
instanceKlass org/springframework/asm/AnnotationVisitor
instanceKlass  @bci org/springframework/core/type/classreading/SimpleAnnotationMetadataReadingVisitor visitAnnotation (Ljava/lang/String;Z)Lorg/springframework/asm/AnnotationVisitor; 19 <appendix> member <vmtarget> ; # org/springframework/core/type/classreading/SimpleAnnotationMetadataReadingVisitor$$Lambda+0x000002f1a6145208
instanceKlass org/springframework/core/type/classreading/SimpleAnnotationMetadataReadingVisitor$Source
instanceKlass org/springframework/asm/Context
instanceKlass org/springframework/asm/Attribute
instanceKlass org/springframework/asm/ClassReader
instanceKlass org/springframework/asm/MethodVisitor
instanceKlass org/springframework/core/type/AnnotationMetadata
instanceKlass org/springframework/core/type/ClassMetadata
instanceKlass org/springframework/asm/ClassVisitor
instanceKlass org/springframework/core/type/classreading/SimpleMetadataReader
instanceKlass org/springframework/util/AntPathMatcher$AntPathStringMatcher
instanceKlass java/util/StringTokenizer
instanceKlass sun/nio/fs/BasicFileAttributesHolder
instanceKlass  @bci org/springframework/core/io/support/PathMatchingResourcePatternResolver doFindPathMatchingFileResources (Lorg/springframework/core/io/Resource;Ljava/lang/String;)Ljava/util/Set; 456 <appendix> member <vmtarget> ; # org/springframework/core/io/support/PathMatchingResourcePatternResolver$$Lambda+0x000002f1a6146000
instanceKlass  @bci org/springframework/core/io/support/PathMatchingResourcePatternResolver doFindPathMatchingFileResources (Lorg/springframework/core/io/Resource;Ljava/lang/String;)Ljava/util/Set; 440 <appendix> argL0 ; # org/springframework/core/io/support/PathMatchingResourcePatternResolver$$Lambda+0x000002f1a6143cc0
instanceKlass  @bci java/nio/file/Files walk (Ljava/nio/file/Path;I[Ljava/nio/file/FileVisitOption;)Ljava/util/stream/Stream; 43 <appendix> argL0 ; # java/nio/file/Files$$Lambda+0x000002f1a60cf018
instanceKlass  @bci java/nio/file/Files walk (Ljava/nio/file/Path;I[Ljava/nio/file/FileVisitOption;)Ljava/util/stream/Stream; 30 <appendix> member <vmtarget> ; # java/nio/file/Files$$Lambda+0x000002f1a60cedf8
instanceKlass  @cpi java/nio/file/Files 1117 form vmentry <vmtarget> ; # java/lang/invoke/LambdaForm$DMH+0x000002f1a6144800
instanceKlass java/nio/file/FileTreeWalker$Event
instanceKlass sun/nio/fs/WindowsDirectoryStream$WindowsDirectoryIterator
instanceKlass java/nio/file/FileTreeWalker$DirectoryNode
instanceKlass sun/nio/fs/WindowsDirectoryStream
instanceKlass java/nio/file/DirectoryStream
instanceKlass java/nio/file/Files$AcceptAllFilter
instanceKlass java/nio/file/DirectoryStream$Filter
instanceKlass java/nio/file/FileTreeWalker$1
instanceKlass java/nio/file/FileTreeWalker
instanceKlass java/nio/file/FileTreeIterator
instanceKlass  @bci org/springframework/core/io/support/PathMatchingResourcePatternResolver doFindPathMatchingFileResources (Lorg/springframework/core/io/Resource;Ljava/lang/String;)Ljava/util/Set; 359 <appendix> member <vmtarget> ; # org/springframework/core/io/support/PathMatchingResourcePatternResolver$$Lambda+0x000002f1a6143a70
instanceKlass  @cpi org/springframework/core/io/support/PathMatchingResourcePatternResolver 957 form vmentry <vmtarget> ; # java/lang/invoke/LambdaForm$DMH+0x000002f1a6144400
instanceKlass sun/nio/fs/WindowsUriSupport
instanceKlass org/springframework/core/io/WritableResource
instanceKlass  @bci org/springframework/core/io/support/PathMatchingResourcePatternResolver findAllModulePathResources (Ljava/lang/String;)Ljava/util/Set; 52 <appendix> member <vmtarget> ; # org/springframework/core/io/support/PathMatchingResourcePatternResolver$$Lambda+0x000002f1a6142e80
instanceKlass  @bci org/springframework/core/io/support/PathMatchingResourcePatternResolver findAllModulePathResources (Ljava/lang/String;)Ljava/util/Set; 85 <appendix> member <vmtarget> ; # org/springframework/core/io/support/PathMatchingResourcePatternResolver$$Lambda+0x000002f1a6142c50
instanceKlass  @bci org/springframework/core/io/support/PathMatchingResourcePatternResolver findAllModulePathResources (Ljava/lang/String;)Ljava/util/Set; 38 <appendix> member <vmtarget> ; # org/springframework/core/io/support/PathMatchingResourcePatternResolver$$Lambda+0x000002f1a6142a00
instanceKlass  @cpi org/springframework/boot/context/properties/source/SystemEnvironmentPropertyMapper 245 form vmentry <vmtarget> ; # java/lang/invoke/LambdaForm$DMH+0x000002f1a6144000
instanceKlass  @bci org/springframework/core/env/AbstractPropertyResolver doResolvePlaceholders (Ljava/lang/String;Lorg/springframework/util/PropertyPlaceholderHelper;)Ljava/lang/String; 3 <appendix> member <vmtarget> ; # org/springframework/core/env/AbstractPropertyResolver$$Lambda+0x000002f1a61427e0
instanceKlass org/springframework/util/PropertyPlaceholderHelper$PlaceholderResolver
instanceKlass org/springframework/util/PropertyPlaceholderHelper
instanceKlass org/springframework/stereotype/Indexed
instanceKlass org/springframework/stereotype/Component
instanceKlass org/springframework/context/annotation/Configuration
instanceKlass org/springframework/core/type/filter/AbstractTypeHierarchyTraversingFilter
instanceKlass  @bci org/springframework/context/index/CandidateComponentsIndexLoader loadIndex (Ljava/lang/ClassLoader;)Lorg/springframework/context/index/CandidateComponentsIndex; 16 <appendix> argL0 ; # org/springframework/context/index/CandidateComponentsIndexLoader$$Lambda+0x000002f1a6141268
instanceKlass org/springframework/context/index/CandidateComponentsIndex
instanceKlass org/springframework/context/index/CandidateComponentsIndexLoader
instanceKlass org/springframework/core/type/classreading/MetadataReader
instanceKlass org/springframework/core/type/classreading/SimpleMetadataReaderFactory
instanceKlass org/springframework/core/io/DefaultResourceLoader
instanceKlass org/springframework/util/AntPathMatcher$PathSeparatorPatternCache
instanceKlass org/springframework/util/AntPathMatcher
instanceKlass  @bci org/springframework/core/io/support/PathMatchingResourcePatternResolver <clinit> ()V 57 <appendix> argL0 ; # org/springframework/core/io/support/PathMatchingResourcePatternResolver$$Lambda+0x000002f1a613f8a8
instanceKlass  @bci org/springframework/core/io/support/PathMatchingResourcePatternResolver <clinit> ()V 33 <appendix> argL0 ; # org/springframework/core/io/support/PathMatchingResourcePatternResolver$$Lambda+0x000002f1a613f670
instanceKlass org/springframework/util/PathMatcher
instanceKlass org/springframework/core/io/support/PathMatchingResourcePatternResolver
instanceKlass org/springframework/core/io/support/ResourcePatternUtils
instanceKlass java/lang/ProcessEnvironment$CheckedEntry
instanceKlass java/lang/ProcessEnvironment$CheckedEntrySet$1
instanceKlass java/lang/ProcessEnvironment$EntryComparator
instanceKlass java/lang/ProcessEnvironment$NameComparator
instanceKlass org/springframework/core/convert/support/ConfigurableConversionService
instanceKlass org/springframework/core/convert/converter/ConverterRegistry
instanceKlass org/springframework/core/convert/ConversionService
instanceKlass org/springframework/core/env/AbstractPropertyResolver
instanceKlass org/springframework/core/env/MutablePropertySources
instanceKlass org/springframework/core/env/PropertySources
instanceKlass org/springframework/core/env/AbstractEnvironment
instanceKlass org/springframework/core/env/ConfigurableEnvironment
instanceKlass org/springframework/core/env/ConfigurablePropertyResolver
instanceKlass org/springframework/core/type/classreading/MetadataReaderFactory
instanceKlass org/springframework/beans/factory/annotation/AnnotatedBeanDefinition
instanceKlass org/springframework/core/type/AnnotatedTypeMetadata
instanceKlass org/springframework/context/annotation/ClassPathScanningCandidateComponentProvider
instanceKlass org/springframework/context/ResourceLoaderAware
instanceKlass org/springframework/boot/SpringBootConfiguration
instanceKlass org/springframework/core/type/filter/TypeFilter
instanceKlass org/springframework/boot/test/context/AnnotatedClassFinder
instanceKlass  @bci org/springframework/test/context/MergedContextConfiguration <init> (Ljava/lang/Class;[Ljava/lang/String;[Ljava/lang/Class;Ljava/util/Set;[Ljava/lang/String;Ljava/util/List;[Ljava/lang/String;Ljava/util/Set;Lorg/springframework/test/context/ContextLoader;Lorg/springframework/test/context/CacheAwareContextLoaderDelegate;Lorg/springframework/test/context/MergedContextConfiguration;)V 82 <appendix> argL0 ; # org/springframework/test/context/MergedContextConfiguration$$Lambda+0x000002f1a613ae28
instanceKlass  @bci org/springframework/test/context/MergedContextConfiguration <init> (Ljava/lang/Class;[Ljava/lang/String;[Ljava/lang/Class;Ljava/util/Set;[Ljava/lang/String;Ljava/util/List;[Ljava/lang/String;Ljava/util/Set;Lorg/springframework/test/context/ContextLoader;Lorg/springframework/test/context/CacheAwareContextLoaderDelegate;Lorg/springframework/test/context/MergedContextConfiguration;)V 72 <appendix> argL0 ; # org/springframework/test/context/MergedContextConfiguration$$Lambda+0x000002f1a613abf0
instanceKlass  @bci org/springframework/test/context/MergedContextConfiguration <init> (Ljava/lang/Class;[Ljava/lang/String;[Ljava/lang/Class;Ljava/util/Set;[Ljava/lang/String;Ljava/util/List;[Ljava/lang/String;Ljava/util/Set;Lorg/springframework/test/context/ContextLoader;Lorg/springframework/test/context/CacheAwareContextLoaderDelegate;Lorg/springframework/test/context/MergedContextConfiguration;)V 62 <appendix> argL0 ; # org/springframework/test/context/MergedContextConfiguration$$Lambda+0x000002f1a613a9b8
instanceKlass java/util/AbstractList$RandomAccessSpliterator
instanceKlass org/springframework/test/context/ActiveProfiles
instanceKlass org/springframework/test/context/support/DefaultActiveProfilesResolver
instanceKlass org/springframework/test/context/ActiveProfilesResolver
instanceKlass org/springframework/test/context/support/ActiveProfilesUtils
instanceKlass org/springframework/test/context/support/ApplicationContextInitializerUtils
instanceKlass org/springframework/test/context/support/MergedTestPropertySources
instanceKlass  @bci org/springframework/test/context/support/TestPropertySourceUtils buildMergedTestPropertySources (Ljava/lang/Class;)Lorg/springframework/test/context/support/MergedTestPropertySources; 49 <appendix> argL0 ; # org/springframework/test/context/support/TestPropertySourceUtils$$Lambda+0x000002f1a6139950
instanceKlass org/springframework/test/context/support/TestPropertySourceAttributes
instanceKlass  @bci org/springframework/test/context/support/TestPropertySourceUtils findRepeatableAnnotations (Ljava/lang/Class;Ljava/lang/Class;Ljava/util/List;[I)V 51 <appendix> member <vmtarget> ; # org/springframework/test/context/support/TestPropertySourceUtils$$Lambda+0x000002f1a61394e0
instanceKlass org/springframework/test/context/TestPropertySource
instanceKlass java/util/Collections$ReverseComparator2
instanceKlass java/util/Collections$ReverseComparator
instanceKlass  @bci org/springframework/test/context/support/TestPropertySourceUtils <clinit> ()V 10 <appendix> argL0 ; # org/springframework/test/context/support/TestPropertySourceUtils$$Lambda+0x000002f1a61390d0
instanceKlass org/springframework/core/io/support/DefaultPropertySourceFactory
instanceKlass org/springframework/core/io/support/PropertySourceFactory
instanceKlass org/springframework/test/context/support/TestPropertySourceUtils
instanceKlass  @bci org/springframework/test/context/support/AbstractTestContextBootstrapper buildMergedContextConfiguration (Ljava/lang/Class;Ljava/util/List;Lorg/springframework/test/context/MergedContextConfiguration;Lorg/springframework/test/context/CacheAwareContextLoaderDelegate;Z)Lorg/springframework/test/context/MergedContextConfiguration; 287 <appendix> member <vmtarget> ; # org/springframework/test/context/support/AbstractTestContextBootstrapper$$Lambda+0x000002f1a61381f8
instanceKlass org/springframework/test/context/DynamicPropertySource
instanceKlass  @bci org/springframework/core/MethodIntrospector selectMethods (Ljava/lang/Class;Lorg/springframework/core/MethodIntrospector$MetadataLookup;)Ljava/util/Map; 102 <appendix> member <vmtarget> ; # org/springframework/core/MethodIntrospector$$Lambda+0x000002f1a6137ce0
instanceKlass org/springframework/util/ReflectionUtils$MethodCallback
instanceKlass  @bci org/springframework/core/MethodIntrospector selectMethods (Ljava/lang/Class;Lorg/springframework/util/ReflectionUtils$MethodFilter;)Ljava/util/Set; 2 <appendix> member <vmtarget> ; # org/springframework/core/MethodIntrospector$$Lambda+0x000002f1a61378c8
instanceKlass org/springframework/core/MethodIntrospector$MetadataLookup
instanceKlass org/springframework/core/MethodIntrospector
instanceKlass  @bci org/springframework/test/context/support/DynamicPropertiesContextCustomizerFactory findMethods (Ljava/lang/Class;Ljava/util/Set;)V 19 <appendix> member <vmtarget> ; # org/springframework/test/context/support/DynamicPropertiesContextCustomizerFactory$$Lambda+0x000002f1a61372a0
instanceKlass org/springframework/core/annotation/TypeMappedAnnotations$IsPresent
instanceKlass  @bci org/springframework/test/context/TestContextAnnotationUtils hasAnnotation (Ljava/lang/Class;Ljava/lang/Class;)Z 6 <appendix> argL0 ; # org/springframework/test/context/TestContextAnnotationUtils$$Lambda+0x000002f1a6136a38
instanceKlass org/springframework/boot/test/autoconfigure/web/servlet/WebDriverContextCustomizer
instanceKlass org/springframework/boot/test/autoconfigure/properties/PropertyMappingContextCustomizer
instanceKlass org/springframework/core/BridgeMethodResolver
instanceKlass  @bci org/springframework/boot/test/autoconfigure/properties/AnnotationsPropertySource lambda$getProperties$0 (Ljava/util/Map;Lorg/springframework/core/annotation/MergedAnnotation;)V 13 <appendix> argL0 ; # org/springframework/boot/test/autoconfigure/properties/AnnotationsPropertySource$$Lambda+0x000002f1a6135d78
instanceKlass org/springframework/boot/test/autoconfigure/properties/PropertyMapping
instanceKlass  @bci org/springframework/boot/test/autoconfigure/properties/AnnotationsPropertySource getProperties (Ljava/lang/Class;Ljava/util/Map;)V 27 <appendix> member <vmtarget> ; # org/springframework/boot/test/autoconfigure/properties/AnnotationsPropertySource$$Lambda+0x000002f1a6135950
instanceKlass org/springframework/core/annotation/MergedAnnotationPredicates$UniquePredicate
instanceKlass  @bci org/springframework/boot/test/autoconfigure/properties/AnnotationsPropertySource getProperties (Ljava/lang/Class;Ljava/util/Map;)V 12 <appendix> argL0 ; # org/springframework/boot/test/autoconfigure/properties/AnnotationsPropertySource$$Lambda+0x000002f1a61354b8
instanceKlass org/springframework/core/env/PropertySource
instanceKlass org/springframework/boot/test/autoconfigure/filter/TypeExcludeFilters
instanceKlass org/springframework/core/env/Environment
instanceKlass org/springframework/core/env/PropertyResolver
instanceKlass org/springframework/boot/test/autoconfigure/actuate/observability/ObservabilityContextCustomizerFactory$DisableObservabilityContextCustomizer
instanceKlass org/springframework/boot/test/autoconfigure/actuate/observability/AutoConfigureObservability
instanceKlass org/springframework/boot/test/autoconfigure/OverrideAutoConfiguration
instanceKlass org/springframework/boot/test/web/reactor/netty/DisableReactorResourceFactoryGlobalResourcesContextCustomizerFactory$DisableReactorResourceFactoryGlobalResourcesContextCustomizerCustomizer
instanceKlass org/springframework/http/client/ReactorResourceFactory
instanceKlass org/springframework/context/SmartLifecycle
instanceKlass org/springframework/context/Phased
instanceKlass org/springframework/beans/factory/DisposableBean
instanceKlass org/springframework/beans/factory/InitializingBean
instanceKlass org/springframework/context/ApplicationContextAware
instanceKlass org/springframework/beans/factory/Aware
instanceKlass org/springframework/beans/factory/config/BeanDefinition
instanceKlass org/springframework/beans/BeanMetadataElement
instanceKlass org/springframework/boot/test/web/client/TestRestTemplateContextCustomizer
instanceKlass org/springframework/boot/test/mock/mockito/MockitoContextCustomizer
instanceKlass  @bci org/springframework/boot/test/mock/mockito/DefinitionsParser parse (Ljava/lang/Class;)V 9 <appendix> member <vmtarget> ; # org/springframework/boot/test/mock/mockito/DefinitionsParser$$Lambda+0x000002f1a6132218
instanceKlass org/springframework/util/ReflectionUtils$FieldCallback
instanceKlass  @bci org/springframework/boot/test/mock/mockito/DefinitionsParser parseElement (Ljava/lang/reflect/AnnotatedElement;Ljava/lang/Class;)V 60 <appendix> member <vmtarget> ; # org/springframework/boot/test/mock/mockito/DefinitionsParser$$Lambda+0x000002f1a6131df0
instanceKlass  @bci org/springframework/boot/test/mock/mockito/DefinitionsParser parseElement (Ljava/lang/reflect/AnnotatedElement;Ljava/lang/Class;)V 47 <appendix> argL0 ; # org/springframework/boot/test/mock/mockito/DefinitionsParser$$Lambda+0x000002f1a6131bb8
instanceKlass org/springframework/boot/test/mock/mockito/SpyBean
instanceKlass  @bci org/springframework/boot/test/mock/mockito/DefinitionsParser parseElement (Ljava/lang/reflect/AnnotatedElement;Ljava/lang/Class;)V 29 <appendix> member <vmtarget> ; # org/springframework/boot/test/mock/mockito/DefinitionsParser$$Lambda+0x000002f1a6131790
instanceKlass  @bci org/springframework/boot/test/mock/mockito/DefinitionsParser parseElement (Ljava/lang/reflect/AnnotatedElement;Ljava/lang/Class;)V 16 <appendix> argL0 ; # org/springframework/boot/test/mock/mockito/DefinitionsParser$$Lambda+0x000002f1a6131558
instanceKlass org/springframework/boot/test/mock/mockito/MockBean
instanceKlass org/springframework/boot/test/mock/mockito/Definition
instanceKlass org/springframework/boot/test/mock/mockito/DefinitionsParser
instanceKlass org/springframework/boot/test/json/DuplicateJsonObjectContextCustomizerFactory$DuplicateJsonObjectContextCustomizer
instanceKlass org/springframework/test/web/reactive/server/WebTestClient
instanceKlass org/springframework/boot/test/context/filter/ExcludeFilterContextCustomizer
instanceKlass org/springframework/context/annotation/Import
instanceKlass  @bci org/springframework/test/context/support/AbstractTestContextBootstrapper lambda$getContextCustomizerFactories$2 (Ljava/util/List;Lorg/springframework/test/context/ContextCustomizerFactory;)V 27 <appendix> member <vmtarget> ; # org/springframework/test/context/support/AbstractTestContextBootstrapper$$Lambda+0x000002f1a6130000
instanceKlass  @cpi org/springframework/test/context/support/AbstractTestContextBootstrapper 709 form vmentry <vmtarget> ; # java/lang/invoke/LambdaForm$DMH+0x000002f1a612c400
instanceKlass  @bci org/springframework/test/context/support/AbstractTestContextBootstrapper lambda$getContextCustomizerFactories$2 (Ljava/util/List;Lorg/springframework/test/context/ContextCustomizerFactory;)V 11 <appendix> argL0 ; # org/springframework/test/context/support/AbstractTestContextBootstrapper$$Lambda+0x000002f1a612cc28
instanceKlass  @bci org/springframework/test/context/support/AbstractTestContextBootstrapper getContextCustomizerFactories (Ljava/lang/Class;)Ljava/util/List; 278 <appendix> member <vmtarget> ; # org/springframework/test/context/support/AbstractTestContextBootstrapper$$Lambda+0x000002f1a612c9f8
instanceKlass org/springframework/core/DecoratingProxy
instanceKlass java/lang/FunctionalInterface
instanceKlass org/springframework/core/annotation/Order
instanceKlass org/springframework/core/annotation/OrderUtils
instanceKlass org/springframework/core/PriorityOrdered
instanceKlass org/springframework/test/context/support/DynamicPropertiesContextCustomizerFactory
instanceKlass jakarta/websocket/server/ServerContainer
instanceKlass jakarta/websocket/WebSocketContainer
instanceKlass org/springframework/test/context/web/socket/MockServerContainerContextCustomizerFactory
instanceKlass org/springframework/boot/test/autoconfigure/web/servlet/WebDriverContextCustomizerFactory
instanceKlass org/springframework/boot/test/autoconfigure/properties/PropertyMappingContextCustomizerFactory
instanceKlass org/springframework/boot/test/autoconfigure/filter/TypeExcludeFiltersContextCustomizerFactory
instanceKlass org/springframework/boot/test/autoconfigure/actuate/observability/ObservabilityContextCustomizerFactory
instanceKlass org/springframework/boot/test/autoconfigure/OverrideAutoConfigurationContextCustomizerFactory
instanceKlass org/springframework/boot/test/web/reactor/netty/DisableReactorResourceFactoryGlobalResourcesContextCustomizerFactory
instanceKlass org/springframework/boot/test/web/reactive/server/WebTestClientContextCustomizerFactory
instanceKlass org/springframework/boot/test/web/client/TestRestTemplateContextCustomizerFactory
instanceKlass org/springframework/boot/test/mock/mockito/MockitoContextCustomizerFactory
instanceKlass org/springframework/boot/test/json/DuplicateJsonObjectContextCustomizerFactory
instanceKlass org/springframework/boot/test/graphql/tester/HttpGraphQlTesterContextCustomizerFactory
instanceKlass org/springframework/boot/test/context/filter/ExcludeFilterContextCustomizerFactory
instanceKlass org/springframework/test/context/ContextCustomizer
instanceKlass org/springframework/boot/test/context/ImportsContextCustomizerFactory
instanceKlass org/springframework/test/context/ContextCustomizerFactory
instanceKlass org/springframework/test/context/ContextCustomizerFactories
instanceKlass ch/qos/logback/core/CoreConstants
instanceKlass java/time/format/DateTimeFormatterBuilder$2
instanceKlass java/time/LocalTime$1
instanceKlass java/time/ZonedDateTime$1
instanceKlass java/time/ZonedDateTime
instanceKlass java/time/chrono/ChronoZonedDateTime
instanceKlass java/time/temporal/TemporalQueries$7
instanceKlass java/time/temporal/TemporalQueries$6
instanceKlass java/time/temporal/TemporalQueries$5
instanceKlass java/time/temporal/TemporalQueries$4
instanceKlass java/time/temporal/TemporalQueries$3
instanceKlass java/time/temporal/TemporalQueries$2
instanceKlass java/time/temporal/TemporalQueries$1
instanceKlass java/time/temporal/TemporalQueries
instanceKlass java/time/format/DateTimePrintContext
instanceKlass ch/qos/logback/core/util/StringUtil
instanceKlass ch/qos/logback/classic/spi/EventArgUtil
instanceKlass java/time/Instant
instanceKlass java/time/Clock
instanceKlass java/time/InstantSource
instanceKlass ch/qos/logback/classic/spi/IThrowableProxy
instanceKlass ch/qos/logback/classic/spi/LoggingEvent
instanceKlass org/springframework/test/context/support/AnnotationConfigContextLoaderUtils
instanceKlass  @bci org/springframework/boot/test/context/SpringBootContextLoader <clinit> ()V 0 <appendix> argL0 ; # org/springframework/boot/test/context/SpringBootContextLoader$$Lambda+0x000002f1a612a918
instanceKlass  @cpi org/springframework/boot/context/config/AnsiOutputApplicationListener 93 form vmentry <vmtarget> ; # java/lang/invoke/LambdaForm$DMH+0x000002f1a612c000
instanceKlass org/springframework/boot/SpringApplication
instanceKlass org/springframework/context/ConfigurableApplicationContext
instanceKlass org/springframework/context/Lifecycle
instanceKlass org/springframework/test/context/support/AbstractContextLoader
instanceKlass org/springframework/test/context/aot/AotContextLoader
instanceKlass org/springframework/test/context/SmartContextLoader
instanceKlass  @bci org/springframework/test/context/TestContextAnnotationUtils findMergedAnnotation (Ljava/lang/Class;Ljava/lang/Class;Ljava/util/function/Predicate;)Ljava/lang/annotation/Annotation; 20 <appendix> argL0 ; # org/springframework/test/context/TestContextAnnotationUtils$$Lambda+0x000002f1a61292f8
instanceKlass  @bci org/springframework/test/context/TestContextAnnotationUtils findMergedAnnotation (Ljava/lang/Class;Ljava/lang/Class;)Ljava/lang/annotation/Annotation; 2 <appendix> argL0 ; # org/springframework/test/context/TestContextAnnotationUtils$$Lambda+0x000002f1a61290b0
instanceKlass org/springframework/test/context/ContextLoader
instanceKlass org/springframework/test/context/ContextConfigurationAttributes
instanceKlass org/springframework/test/context/ContextHierarchy
instanceKlass org/springframework/test/context/ContextConfiguration
instanceKlass org/springframework/test/context/support/DefaultTestContext
instanceKlass org/springframework/test/context/aot/AotTestAttributesFactory
instanceKlass org/springframework/test/context/aot/DefaultAotTestAttributes
instanceKlass org/springframework/test/context/aot/AotTestAttributes
instanceKlass org/springframework/test/context/TestContext
instanceKlass org/springframework/core/AttributeAccessor
instanceKlass  @bci org/springframework/core/annotation/SynthesizedMergedAnnotationInvocationHandler lambda$getAttributeValue$1 (Ljava/lang/reflect/Method;Ljava/lang/String;)Ljava/lang/Object; 21 <appendix> member <vmtarget> ; # org/springframework/core/annotation/SynthesizedMergedAnnotationInvocationHandler$$Lambda+0x000002f1a6127c00
instanceKlass  @bci org/springframework/core/annotation/SynthesizedMergedAnnotationInvocationHandler getAttributeValue (Ljava/lang/reflect/Method;)Ljava/lang/Object; 10 <appendix> member <vmtarget> ; # org/springframework/core/annotation/SynthesizedMergedAnnotationInvocationHandler$$Lambda+0x000002f1a61277d0
instanceKlass  @bci org/springframework/core/annotation/MergedAnnotationCollectors toAnnotationSet ()Ljava/util/stream/Collector; 10 <appendix> argL0 ; # org/springframework/core/annotation/MergedAnnotationCollectors$$Lambda+0x000002f1a6127590
instanceKlass  @bci org/springframework/core/annotation/MergedAnnotationCollectors toAnnotationSet ()Ljava/util/stream/Collector; 5 <appendix> argL0 ; # org/springframework/core/annotation/MergedAnnotationCollectors$$Lambda+0x000002f1a6127368
instanceKlass  @bci org/springframework/core/annotation/MergedAnnotationCollectors toAnnotationSet ()Ljava/util/stream/Collector; 0 <appendix> argL0 ; # org/springframework/core/annotation/MergedAnnotationCollectors$$Lambda+0x000002f1a6127150
instanceKlass org/springframework/core/annotation/MergedAnnotationCollectors
instanceKlass org/springframework/core/annotation/MergedAnnotationPredicates$FirstRunOfPredicate
instanceKlass org/springframework/core/annotation/MergedAnnotationPredicates
instanceKlass  @bci org/springframework/test/context/TestContextAnnotationUtils$AnnotationDescriptor findAllLocalMergedAnnotations ()Ljava/util/Set; 24 <appendix> argL0 ; # org/springframework/test/context/TestContextAnnotationUtils$AnnotationDescriptor$$Lambda+0x000002f1a61268b8
instanceKlass org/springframework/core/annotation/TypeMappedAnnotations$Aggregate
instanceKlass org/springframework/core/annotation/TypeMappedAnnotations$AggregatesCollector
instanceKlass org/springframework/core/annotation/TypeMappedAnnotations$AggregatesSpliterator
instanceKlass  @bci org/springframework/test/context/TestContextAnnotationUtils$AnnotationDescriptor <init> (Ljava/lang/Class;Ljava/lang/Class;Ljava/lang/annotation/Annotation;)V 55 <appendix> member <vmtarget> ; # org/springframework/test/context/TestContextAnnotationUtils$AnnotationDescriptor$$Lambda+0x000002f1a6125d90
instanceKlass org/springframework/core/annotation/SynthesizedMergedAnnotationInvocationHandler
instanceKlass  @bci org/springframework/core/annotation/AnnotatedElementUtils findMergedAnnotation (Ljava/lang/reflect/AnnotatedElement;Ljava/lang/Class;)Ljava/lang/annotation/Annotation; 41 <appendix> argL0 ; # org/springframework/core/annotation/AnnotatedElementUtils$$Lambda+0x000002f1a6125928
instanceKlass  @cpi org/springframework/boot/context/config/StandardConfigDataLocationResolver 617 form vmentry <vmtarget> ; # java/lang/invoke/LambdaForm$DMH+0x000002f1a6122c00
instanceKlass  @bci org/springframework/core/annotation/AnnotationTypeMappings forAnnotationType (Ljava/lang/Class;Lorg/springframework/core/annotation/RepeatableContainers;Lorg/springframework/core/annotation/AnnotationFilter;Ljava/util/Set;)Lorg/springframework/core/annotation/AnnotationTypeMappings; 43 <appendix> member <vmtarget> ; # org/springframework/core/annotation/AnnotationTypeMappings$$Lambda+0x000002f1a61256e8
instanceKlass org/springframework/core/annotation/AnnotatedElementUtils
instanceKlass org/springframework/test/context/TestContextAnnotationUtils$AnnotationDescriptor
instanceKlass  @bci org/springframework/core/annotation/TypeMappedAnnotation <init> (Lorg/springframework/core/annotation/AnnotationTypeMapping;Ljava/lang/ClassLoader;Ljava/lang/Object;Ljava/lang/Object;Lorg/springframework/core/annotation/ValueExtractor;I[I)V 100 <appendix> member <vmtarget> ; # org/springframework/core/annotation/TypeMappedAnnotation$$Lambda+0x000002f1a6125090
instanceKlass  @bci org/springframework/core/annotation/TypeMappedAnnotation createIfPossible (Lorg/springframework/core/annotation/AnnotationTypeMapping;Ljava/lang/Object;Ljava/lang/annotation/Annotation;ILorg/springframework/core/annotation/IntrospectionFailureLogger;)Lorg/springframework/core/annotation/TypeMappedAnnotation; 3 <appendix> argL0 ; # org/springframework/core/annotation/TypeMappedAnnotation$$Lambda+0x000002f1a6124e78
instanceKlass org/springframework/core/annotation/ValueExtractor
instanceKlass org/springframework/core/annotation/AbstractMergedAnnotation
instanceKlass  @bci org/springframework/core/annotation/AnnotationTypeMappings <init> (Lorg/springframework/core/annotation/RepeatableContainers;Lorg/springframework/core/annotation/AnnotationFilter;Ljava/lang/Class;Ljava/util/Set;)V 36 <appendix> argL0 ; # org/springframework/core/annotation/AnnotationTypeMappings$$Lambda+0x000002f1a6124000
instanceKlass  @bci org/springframework/beans/factory/config/YamlProcessor lambda$buildFlattenedMap$1 (Ljava/lang/String;Ljava/util/Map;Ljava/lang/String;Ljava/lang/Object;)V 30 <appendix> form vmentry <vmtarget> ; # java/lang/invoke/LambdaForm$MH+0x000002f1a6122800
# instanceKlass java/lang/invoke/LambdaForm$MH+0x000002f1a6122400
instanceKlass  @bci org/springframework/beans/factory/config/YamlProcessor lambda$buildFlattenedMap$1 (Ljava/lang/String;Ljava/util/Map;Ljava/lang/String;Ljava/lang/Object;)V 30 <appendix> argL3 form vmentry <vmtarget> ; # java/lang/invoke/LambdaForm$MH+0x000002f1a6122000
# instanceKlass java/lang/invoke/LambdaForm$MH+0x000002f1a6121c00
# instanceKlass java/lang/invoke/LambdaForm$MH+0x000002f1a6121800
# instanceKlass java/lang/invoke/LambdaForm$MH+0x000002f1a6121400
# instanceKlass java/lang/invoke/LambdaForm$MH+0x000002f1a6121000
instanceKlass  @bci org/springframework/beans/factory/config/YamlProcessor lambda$buildFlattenedMap$1 (Ljava/lang/String;Ljava/util/Map;Ljava/lang/String;Ljava/lang/Object;)V 30 <appendix> argL1 form vmentry <vmtarget> ; # java/lang/invoke/LambdaForm$MH+0x000002f1a6120c00
# instanceKlass java/lang/invoke/LambdaForm$MH+0x000002f1a6120800
# instanceKlass java/lang/invoke/LambdaForm$MH+0x000002f1a6120400
# instanceKlass java/lang/invoke/LambdaForm$MH+0x000002f1a6120000
instanceKlass  @bci org/springframework/core/annotation/AnnotationTypeMapping resolveAliasedForTargets ()Ljava/util/Map; 58 <appendix> argL0 ; # org/springframework/core/annotation/AnnotationTypeMapping$$Lambda+0x000002f1a611c400
instanceKlass org/springframework/core/annotation/AliasFor
instanceKlass org/springframework/core/annotation/AnnotationTypeMapping$MirrorSets
instanceKlass org/springframework/core/annotation/AnnotationTypeMapping$MirrorSets$MirrorSet
instanceKlass  @bci org/springframework/core/annotation/AnnotationTypeMapping <clinit> ()V 8 <appendix> argL0 ; # org/springframework/core/annotation/AnnotationTypeMapping$$Lambda+0x000002f1a611d688
instanceKlass org/springframework/core/annotation/AnnotationTypeMapping
instanceKlass  @bci org/springframework/core/annotation/AnnotationTypeMappings$Cache get (Ljava/lang/Class;Ljava/util/Set;)Lorg/springframework/core/annotation/AnnotationTypeMappings; 7 <appendix> member <vmtarget> ; # org/springframework/core/annotation/AnnotationTypeMappings$Cache$$Lambda+0x000002f1a611d240
instanceKlass  @bci org/springframework/core/annotation/AnnotationTypeMappings forAnnotationType (Ljava/lang/Class;Lorg/springframework/core/annotation/RepeatableContainers;Lorg/springframework/core/annotation/AnnotationFilter;Ljava/util/Set;)Lorg/springframework/core/annotation/AnnotationTypeMappings; 12 <appendix> member <vmtarget> ; # org/springframework/core/annotation/AnnotationTypeMappings$$Lambda+0x000002f1a611d000
instanceKlass org/springframework/core/annotation/AnnotationTypeMappings$Cache
instanceKlass org/springframework/core/annotation/AnnotationTypeMappings
instanceKlass  @bci org/springframework/core/annotation/RepeatableContainers$StandardRepeatableContainers getRepeatedAnnotationsMethod (Ljava/lang/Class;)Ljava/lang/reflect/Method; 4 <appendix> argL0 ; # org/springframework/core/annotation/RepeatableContainers$StandardRepeatableContainers$$Lambda+0x000002f1a611f0b0
instanceKlass org/springframework/util/ObjectUtils
instanceKlass org/springframework/core/annotation/AnnotationsScanner$1
instanceKlass org/springframework/core/annotation/MergedAnnotationSelectors$FirstDirectlyDeclared
instanceKlass org/springframework/core/annotation/MergedAnnotationSelectors$Nearest
instanceKlass org/springframework/core/annotation/MergedAnnotationSelector
instanceKlass org/springframework/core/annotation/MergedAnnotationSelectors
instanceKlass org/springframework/core/annotation/MergedAnnotation
instanceKlass org/springframework/core/annotation/TypeMappedAnnotations$MergedAnnotationFinder
instanceKlass  @bci org/springframework/core/annotation/AttributeMethods forAnnotationType (Ljava/lang/Class;)Lorg/springframework/core/annotation/AttributeMethods; 12 <appendix> argL0 ; # org/springframework/core/annotation/AttributeMethods$$Lambda+0x000002f1a611bc70
instanceKlass  @bci org/springframework/core/annotation/AttributeMethods <clinit> ()V 25 <appendix> argL0 ; # org/springframework/core/annotation/AttributeMethods$$Lambda+0x000002f1a611b9e0
instanceKlass  @cpi java/io/Console 255 form vmentry <vmtarget> ; # java/lang/invoke/LambdaForm$DMH+0x000002f1a611c000
instanceKlass org/springframework/core/annotation/AttributeMethods
instanceKlass org/springframework/core/Ordered
instanceKlass org/springframework/core/annotation/AnnotationsScanner
instanceKlass org/springframework/core/annotation/AnnotationsProcessor
instanceKlass org/springframework/core/annotation/TypeMappedAnnotations
instanceKlass  @bci org/springframework/core/annotation/MergedAnnotations$Search <clinit> ()V 8 <appendix> argL0 ; # org/springframework/core/annotation/MergedAnnotations$Search$$Lambda+0x000002f1a611ace8
instanceKlass  @bci org/springframework/core/annotation/MergedAnnotations$Search <clinit> ()V 0 <appendix> argL0 ; # org/springframework/core/annotation/MergedAnnotations$Search$$Lambda+0x000002f1a611aaa0
instanceKlass org/springframework/core/annotation/MergedAnnotations$Search
instanceKlass org/springframework/core/annotation/RepeatableContainers
instanceKlass org/springframework/core/annotation/MergedAnnotations
instanceKlass org/springframework/core/annotation/AnnotationFilter$2
instanceKlass org/springframework/core/annotation/AnnotationFilter$1
instanceKlass org/springframework/core/annotation/PackagesAnnotationFilter
instanceKlass org/springframework/core/annotation/AnnotationFilter
instanceKlass org/springframework/core/annotation/AnnotationUtils
instanceKlass  @bci org/springframework/test/context/TestContextAnnotationUtils findAnnotationDescriptor (Ljava/lang/Class;Ljava/lang/Class;)Lorg/springframework/test/context/TestContextAnnotationUtils$AnnotationDescriptor; 8 <appendix> argL0 ; # org/springframework/test/context/TestContextAnnotationUtils$$Lambda+0x000002f1a6118a90
instanceKlass java/util/concurrent/ConcurrentLinkedQueue$Node
instanceKlass org/springframework/util/ConcurrentLruCache$WriteOperations
instanceKlass java/util/concurrent/atomic/AtomicReferenceArray
instanceKlass java/util/concurrent/atomic/AtomicLongArray
instanceKlass org/springframework/util/ConcurrentLruCache$ReadOperations
instanceKlass org/springframework/util/ConcurrentLruCache$EvictionQueue
instanceKlass  @bci org/springframework/test/context/TestContextAnnotationUtils <clinit> ()V 6 <appendix> argL0 ; # org/springframework/test/context/TestContextAnnotationUtils$$Lambda+0x000002f1a6117d70
instanceKlass org/springframework/util/ConcurrentLruCache
instanceKlass org/springframework/test/context/TestContextAnnotationUtils
# instanceKlass java/lang/invoke/LambdaForm$MH+0x000002f1a6115400
# instanceKlass java/lang/invoke/LambdaForm$MH+0x000002f1a6115000
instanceKlass org/springframework/core/style/ToStringStyler
instanceKlass org/springframework/core/style/ValueStyler
instanceKlass org/springframework/test/context/support/DefaultBootstrapContext
instanceKlass org/springframework/test/context/BootstrapContext
instanceKlass org/springframework/core/NativeDetector
instanceKlass org/springframework/aot/AotDetector
instanceKlass org/springframework/test/context/aot/AotTestContextInitializersFactory
instanceKlass org/springframework/test/context/aot/AotTestContextInitializers
instanceKlass org/springframework/core/OrderComparator
instanceKlass  @bci org/springframework/core/io/support/SpringFactoriesLoader$FactoryInstantiator forClass (Ljava/lang/Class;)Lorg/springframework/core/io/support/SpringFactoriesLoader$FactoryInstantiator; 15 <appendix> member <vmtarget> ; # org/springframework/core/io/support/SpringFactoriesLoader$FactoryInstantiator$$Lambda+0x000002f1a6113ac0
instanceKlass org/springframework/core/io/support/SpringFactoriesLoader$FactoryInstantiator
instanceKlass  @bci org/springframework/core/io/support/SpringFactoriesLoader instantiateFactory (Ljava/lang/String;Ljava/lang/Class;Lorg/springframework/core/io/support/SpringFactoriesLoader$ArgumentResolver;Lorg/springframework/core/io/support/SpringFactoriesLoader$FailureHandler;)Ljava/lang/Object; 18 <appendix> member <vmtarget> ; # org/springframework/core/io/support/SpringFactoriesLoader$$Lambda+0x000002f1a6113698
instanceKlass org/springframework/boot/test/autoconfigure/ConditionReportApplicationContextFailureProcessor
instanceKlass org/springframework/test/context/util/TestContextFailureHandler
instanceKlass  @bci java/util/stream/ReferencePipeline toArray ()[Ljava/lang/Object; 1 <appendix> argL0 ; # java/util/stream/ReferencePipeline$$Lambda+0x000002f1a60c83e0
instanceKlass java/util/ImmutableCollections$Access$1
instanceKlass jdk/internal/access/JavaUtilCollectionAccess
instanceKlass java/util/ImmutableCollections$Access
instanceKlass  @bci org/springframework/core/io/support/SpringFactoriesLoader loadFactoriesResource (Ljava/lang/ClassLoader;Ljava/lang/String;)Ljava/util/Map; 63 <appendix> argL0 ; # org/springframework/core/io/support/SpringFactoriesLoader$$Lambda+0x000002f1a6113028
instanceKlass  @bci org/springframework/core/io/support/SpringFactoriesLoader lambda$loadFactoriesResource$4 (Ljava/util/Map;Ljava/lang/Object;Ljava/lang/Object;)V 53 <appendix> member <vmtarget> ; # org/springframework/core/io/support/SpringFactoriesLoader$$Lambda+0x000002f1a6112df8
instanceKlass  @bci org/springframework/core/io/support/SpringFactoriesLoader lambda$loadFactoriesResource$4 (Ljava/util/Map;Ljava/lang/Object;Ljava/lang/Object;)V 36 <appendix> argL0 ; # org/springframework/core/io/support/SpringFactoriesLoader$$Lambda+0x000002f1a6112bc0
instanceKlass  @bci org/springframework/core/io/support/SpringFactoriesLoader lambda$loadFactoriesResource$4 (Ljava/util/Map;Ljava/lang/Object;Ljava/lang/Object;)V 17 <appendix> member <vmtarget> ; # org/springframework/core/io/support/SpringFactoriesLoader$$Lambda+0x000002f1a6112980
instanceKlass  @bci org/springframework/core/io/support/SpringFactoriesLoader loadFactoriesResource (Ljava/lang/ClassLoader;Ljava/lang/String;)Ljava/util/Map; 51 <appendix> member <vmtarget> ; # org/springframework/core/io/support/SpringFactoriesLoader$$Lambda+0x000002f1a6112750
instanceKlass org/springframework/util/MultiValueMap
instanceKlass org/springframework/util/CollectionUtils
instanceKlass org/springframework/util/ResourceUtils
instanceKlass org/springframework/util/PropertiesPersister
instanceKlass org/springframework/core/io/support/PropertiesLoaderUtils
instanceKlass org/springframework/core/io/AbstractResource
instanceKlass  @bci org/springframework/core/io/support/SpringFactoriesLoader forResourceLocation (Ljava/lang/String;Ljava/lang/ClassLoader;)Lorg/springframework/core/io/support/SpringFactoriesLoader; 43 <appendix> member <vmtarget> ; # org/springframework/core/io/support/SpringFactoriesLoader$$Lambda+0x000002f1a6111130
instanceKlass org/springframework/util/ConcurrentReferenceHashMap$Entry
instanceKlass  @bci org/springframework/util/ConcurrentReferenceHashMap$Segment doTask (ILjava/lang/Object;Lorg/springframework/util/ConcurrentReferenceHashMap$Task;)Ljava/lang/Object; 112 <adapter> ; # java/lang/invoke/LambdaForm$MH+0x000002f1a6114c00
# instanceKlass java/lang/invoke/LambdaForm$DMH+0x000002f1a6114800
instanceKlass  @bci org/springframework/util/ConcurrentReferenceHashMap$Segment doTask (ILjava/lang/Object;Lorg/springframework/util/ConcurrentReferenceHashMap$Task;)Ljava/lang/Object; 112 <appendix> form vmentry <vmtarget> ; # java/lang/invoke/LambdaForm$DMH+0x000002f1a6114400
instanceKlass  @bci org/springframework/util/ConcurrentReferenceHashMap$Segment doTask (ILjava/lang/Object;Lorg/springframework/util/ConcurrentReferenceHashMap$Task;)Ljava/lang/Object; 112 <appendix> member <vmtarget> ; # org/springframework/util/ConcurrentReferenceHashMap$Segment$$Lambda+0x000002f1a6110a58
instanceKlass  @cpi org/springframework/util/ConcurrentReferenceHashMap$Segment 270 form vmentry <vmtarget> ; # java/lang/invoke/LambdaForm$DMH+0x000002f1a6114000
instanceKlass org/springframework/util/ConcurrentReferenceHashMap$Entries
instanceKlass  @bci org/springframework/core/io/support/SpringFactoriesLoader forResourceLocation (Ljava/lang/String;Ljava/lang/ClassLoader;)Lorg/springframework/core/io/support/SpringFactoriesLoader; 24 <appendix> argL0 ; # org/springframework/core/io/support/SpringFactoriesLoader$$Lambda+0x000002f1a610fdb0
instanceKlass  @bci org/springframework/core/io/support/SpringFactoriesLoader$FailureHandler handleMessage (Ljava/util/function/BiConsumer;)Lorg/springframework/core/io/support/SpringFactoriesLoader$FailureHandler; 1 <appendix> member <vmtarget> ; # org/springframework/core/io/support/SpringFactoriesLoader$FailureHandler$$Lambda+0x000002f1a610fb90
instanceKlass  @bci org/springframework/core/io/support/SpringFactoriesLoader$FailureHandler throwing (Ljava/util/function/BiFunction;)Lorg/springframework/core/io/support/SpringFactoriesLoader$FailureHandler; 1 <appendix> member <vmtarget> ; # org/springframework/core/io/support/SpringFactoriesLoader$FailureHandler$$Lambda+0x000002f1a610f960
instanceKlass  @bci org/springframework/core/io/support/SpringFactoriesLoader$FailureHandler throwing ()Lorg/springframework/core/io/support/SpringFactoriesLoader$FailureHandler; 0 <appendix> argL0 ; # org/springframework/core/io/support/SpringFactoriesLoader$FailureHandler$$Lambda+0x000002f1a610f738
instanceKlass org/springframework/core/io/Resource
instanceKlass org/springframework/core/io/InputStreamSource
instanceKlass org/springframework/core/io/support/SpringFactoriesLoader
instanceKlass org/springframework/core/io/support/SpringFactoriesLoader$FailureHandler
instanceKlass org/springframework/test/context/util/TestContextSpringFactoriesUtils
instanceKlass org/springframework/test/context/ApplicationContextFailureProcessor
instanceKlass org/springframework/util/StringUtils
instanceKlass org/springframework/core/SpringProperties
instanceKlass org/springframework/test/context/cache/ContextCacheUtils
instanceKlass org/springframework/test/context/cache/DefaultContextCache
instanceKlass org/springframework/context/ApplicationContext
instanceKlass org/springframework/core/io/support/ResourcePatternResolver
instanceKlass org/springframework/core/io/ResourceLoader
instanceKlass org/springframework/context/ApplicationEventPublisher
instanceKlass org/springframework/context/MessageSource
instanceKlass org/springframework/beans/factory/HierarchicalBeanFactory
instanceKlass org/springframework/beans/factory/ListableBeanFactory
instanceKlass org/springframework/beans/factory/BeanFactory
instanceKlass org/springframework/core/env/EnvironmentCapable
instanceKlass org/springframework/test/context/MergedContextConfiguration
instanceKlass org/springframework/test/context/cache/ContextCache
instanceKlass java/lang/Short$ShortCache
instanceKlass java/lang/Byte$ByteCache
instanceKlass org/springframework/core/StandardReflectionParameterNameDiscoverer
instanceKlass org/springframework/core/KotlinDetector
instanceKlass org/springframework/core/PrioritizedParameterNameDiscoverer
instanceKlass org/springframework/core/ParameterNameDiscoverer
instanceKlass org/springframework/beans/BeanUtils
instanceKlass org/springframework/core/log/LogMessage
instanceKlass org/springframework/test/context/cache/DefaultCacheAwareContextLoaderDelegate
instanceKlass org/springframework/test/context/CacheAwareContextLoaderDelegate
instanceKlass org/springframework/test/context/web/WebAppConfiguration
instanceKlass org/springframework/test/context/BootstrapUtils
instanceKlass java/util/IdentityHashMap$EntryIterator$Entry
instanceKlass java/util/IdentityHashMap$IdentityHashMapIterator
instanceKlass org/springframework/util/ClassUtils
instanceKlass org/apache/commons/logging/LogAdapter$Slf4jLog
instanceKlass ch/qos/logback/classic/util/LoggerNameUtil
instanceKlass org/slf4j/helpers/Reporter
instanceKlass ch/qos/logback/classic/util/LogbackMDCAdapter
instanceKlass ch/qos/logback/core/util/StatusPrinter2
instanceKlass ch/qos/logback/core/util/StatusPrinter
instanceKlass ch/qos/logback/core/status/StatusUtil
instanceKlass ch/qos/logback/core/spi/AppenderAttachableImpl
instanceKlass ch/qos/logback/core/pattern/Converter
instanceKlass java/util/concurrent/atomic/AtomicReference
instanceKlass ch/qos/logback/core/util/CachingDateFormatter$CacheTuple
instanceKlass  @bci java/time/format/DateTimeFormatter <clinit> ()V 1075 <appendix> argL0 ; # java/time/format/DateTimeFormatter$$Lambda+0x800000010
instanceKlass  @bci java/time/format/DateTimeFormatter <clinit> ()V 1067 <appendix> argL0 ; # java/time/format/DateTimeFormatter$$Lambda+0x80000000f
instanceKlass java/time/Period
instanceKlass java/time/chrono/ChronoPeriod
instanceKlass java/time/format/DateTimeFormatterBuilder$TextPrinterParser
instanceKlass java/time/format/DateTimeTextProvider$1
instanceKlass java/time/format/DateTimeTextProvider
instanceKlass java/util/AbstractMap$SimpleImmutableEntry
instanceKlass java/time/format/DateTimeTextProvider$LocaleStore
instanceKlass java/time/format/DateTimeFormatterBuilder$InstantPrinterParser
instanceKlass java/time/format/DateTimeFormatterBuilder$StringLiteralPrinterParser
instanceKlass java/time/format/DateTimeFormatterBuilder$ZoneIdPrinterParser
instanceKlass java/time/format/DateTimeFormatterBuilder$OffsetIdPrinterParser
instanceKlass java/time/format/DecimalStyle
instanceKlass java/time/format/DateTimeFormatterBuilder$CompositePrinterParser
instanceKlass java/time/format/DateTimeFormatterBuilder$CharLiteralPrinterParser
instanceKlass java/time/format/DateTimeFormatterBuilder$NumberPrinterParser
instanceKlass java/time/format/DateTimeFormatterBuilder$DateTimePrinterParser
instanceKlass java/time/temporal/JulianFields
instanceKlass java/time/temporal/IsoFields
instanceKlass  @bci java/time/format/DateTimeFormatterBuilder <clinit> ()V 0 <appendix> argL0 ; # java/time/format/DateTimeFormatterBuilder$$Lambda+0x800000011
instanceKlass java/time/temporal/TemporalQuery
instanceKlass java/time/format/DateTimeFormatterBuilder
instanceKlass java/time/format/DateTimeFormatter
instanceKlass ch/qos/logback/core/util/CachingDateFormatter
instanceKlass ch/qos/logback/core/util/COWArrayList
instanceKlass ch/qos/logback/core/spi/FilterAttachableImpl
instanceKlass ch/qos/logback/core/Appender
instanceKlass ch/qos/logback/core/spi/FilterAttachable
instanceKlass ch/qos/logback/core/encoder/Encoder
instanceKlass ch/qos/logback/core/Layout
instanceKlass  @bci org/springframework/boot/logging/logback/DefaultLogbackConfiguration defaults (Lorg/springframework/boot/logging/logback/LogbackConfigurator;)V 72 <appendix> form vmentry <vmtarget> ; # java/lang/invoke/LambdaForm$MH+0x000002f1a6103c00
# instanceKlass java/lang/invoke/LambdaForm$MH+0x000002f1a6103800
instanceKlass  @bci org/springframework/boot/logging/logback/DefaultLogbackConfiguration defaults (Lorg/springframework/boot/logging/logback/LogbackConfigurator;)V 72 <appendix> argL3 form vmentry <vmtarget> ; # java/lang/invoke/LambdaForm$MH+0x000002f1a6103400
# instanceKlass java/lang/invoke/LambdaForm$MH+0x000002f1a6103000
instanceKlass  @bci org/springframework/boot/logging/logback/DefaultLogbackConfiguration defaults (Lorg/springframework/boot/logging/logback/LogbackConfigurator;)V 72 <appendix> argL2 form vmentry <vmtarget> ; # java/lang/invoke/LambdaForm$MH+0x000002f1a6102c00
# instanceKlass java/lang/invoke/LambdaForm$MH+0x000002f1a6102800
# instanceKlass java/lang/invoke/LambdaForm$MH+0x000002f1a6102400
instanceKlass  @bci ch/qos/logback/classic/util/ContextInitializer printDuration (JLch/qos/logback/classic/spi/Configurator;Lch/qos/logback/classic/spi/Configurator$ExecutionStatus;)V 31 <adapter> ; # java/lang/invoke/LambdaForm$MH+0x000002f1a6102000
# instanceKlass java/lang/invoke/LambdaForm$DMH+0x000002f1a6101c00
instanceKlass  @bci ch/qos/logback/classic/util/ContextInitializer printDuration (JLch/qos/logback/classic/spi/Configurator;Lch/qos/logback/classic/spi/Configurator$ExecutionStatus;)V 31 <appendix> form vmentry <vmtarget> ; # java/lang/invoke/LambdaForm$MH+0x000002f1a6101800
# instanceKlass java/lang/invoke/LambdaForm$MH+0x000002f1a6101400
instanceKlass  @bci ch/qos/logback/classic/util/ContextInitializer printDuration (JLch/qos/logback/classic/spi/Configurator;Lch/qos/logback/classic/spi/Configurator$ExecutionStatus;)V 31 <appendix> form names 8 function resolvedHandle form vmentry <vmtarget> ; # java/lang/invoke/LambdaForm$DMH+0x000002f1a6101000
instanceKlass  @bci ch/qos/logback/classic/util/ContextInitializer printDuration (JLch/qos/logback/classic/spi/Configurator;Lch/qos/logback/classic/spi/Configurator$ExecutionStatus;)V 31 <appendix> argL3 form vmentry <vmtarget> ; # java/lang/invoke/LambdaForm$MH+0x000002f1a6100c00
instanceKlass java/lang/invoke/MethodHandles$1
# instanceKlass java/lang/invoke/LambdaForm$MH+0x000002f1a6100800
# instanceKlass java/lang/invoke/LambdaForm$MH+0x000002f1a6100400
# instanceKlass java/lang/invoke/LambdaForm$MH+0x000002f1a6100000
# instanceKlass java/lang/invoke/LambdaForm$MH+0x000002f1a60bbc00
# instanceKlass java/lang/invoke/LambdaForm$MH+0x000002f1a60bb800
# instanceKlass java/lang/invoke/LambdaForm$MH+0x000002f1a60bb400
instanceKlass  @bci ch/qos/logback/classic/util/ContextInitializer printDuration (JLch/qos/logback/classic/spi/Configurator;Lch/qos/logback/classic/spi/Configurator$ExecutionStatus;)V 31 <appendix> form names 12 function resolvedHandle form vmentry <vmtarget> ; # java/lang/invoke/LambdaForm$DMH+0x000002f1a60bb000
instanceKlass  @bci ch/qos/logback/classic/util/ContextInitializer printDuration (JLch/qos/logback/classic/spi/Configurator;Lch/qos/logback/classic/spi/Configurator$ExecutionStatus;)V 31 <appendix> argL1 form vmentry <vmtarget> ; # java/lang/invoke/LambdaForm$MH+0x000002f1a60bac00
# instanceKlass java/lang/invoke/LambdaForm$MH+0x000002f1a60ba800
instanceKlass  @bci ch/qos/logback/classic/util/ContextInitializer printDuration (JLch/qos/logback/classic/spi/Configurator;Lch/qos/logback/classic/spi/Configurator$ExecutionStatus;)V 31 <appendix> argL1 form names 9 function resolvedHandle form vmentry <vmtarget> ; # java/lang/invoke/LambdaForm$DMH+0x000002f1a60ba400
instanceKlass  @bci ch/qos/logback/classic/util/ContextInitializer printDuration (JLch/qos/logback/classic/spi/Configurator;Lch/qos/logback/classic/spi/Configurator$ExecutionStatus;)V 31 <appendix> argL1 argL0 form vmentry <vmtarget> ; # java/lang/invoke/LambdaForm$MH+0x000002f1a60ba000
instanceKlass  @bci ch/qos/logback/classic/util/ContextInitializer printDuration (JLch/qos/logback/classic/spi/Configurator;Lch/qos/logback/classic/spi/Configurator$ExecutionStatus;)V 31 <appendix> argL1 argL0 argL1 form vmentry <vmtarget> ; # java/lang/invoke/LambdaForm$MH+0x000002f1a60b9c00
# instanceKlass java/lang/invoke/LambdaForm$MH+0x000002f1a60b9800
instanceKlass  @bci org/springframework/boot/logging/logback/DefaultLogbackConfiguration defaults (Lorg/springframework/boot/logging/logback/LogbackConfigurator;)V 72 <appendix> argL1 form vmentry <vmtarget> ; # java/lang/invoke/LambdaForm$MH+0x000002f1a60b9400
# instanceKlass java/lang/invoke/LambdaForm$MH+0x000002f1a60b9000
# instanceKlass java/lang/invoke/LambdaForm$MH+0x000002f1a60b8c00
# instanceKlass java/lang/invoke/LambdaForm$MH+0x000002f1a60b8800
# instanceKlass java/lang/invoke/LambdaForm$MH+0x000002f1a60b8400
instanceKlass ch/qos/logback/core/spi/ContextAwareBase
instanceKlass ch/qos/logback/classic/util/ClassicEnvUtil
instanceKlass ch/qos/logback/core/status/StatusListener
instanceKlass ch/qos/logback/core/util/StatusListenerConfigHelper
instanceKlass ch/qos/logback/core/status/StatusBase
instanceKlass ch/qos/logback/core/util/EnvUtil
instanceKlass java/security/PermissionsEnumerator
instanceKlass  @bci java/io/FilePermissionCollection add (Ljava/security/Permission;)V 68 <appendix> argL0 ; # java/io/FilePermissionCollection$$Lambda+0x000002f1a60c4698
instanceKlass  @bci java/util/PropertyPermissionCollection add (Ljava/security/Permission;)V 71 <appendix> member <vmtarget> ; # java/util/PropertyPermissionCollection$$Lambda+0x000002f1a60c4230
instanceKlass  @bci java/net/SocketPermissionCollection add (Ljava/security/Permission;)V 69 <appendix> member <vmtarget> ; # java/net/SocketPermissionCollection$$Lambda+0x000002f1a60c3dc8
instanceKlass sun/security/provider/PolicyFile$8
instanceKlass sun/security/provider/PolicyFile$6
instanceKlass sun/security/util/PolicyUtil
instanceKlass sun/security/provider/PolicyFile$4
instanceKlass java/io/FilePermission$1
instanceKlass jdk/internal/access/JavaIOFilePermissionAccess
instanceKlass java/net/HostPortrange
instanceKlass java/net/URLPermission$Authority
# instanceKlass java/lang/invoke/LambdaForm$MH+0x000002f1a60b8000
instanceKlass java/lang/invoke/LambdaFormEditor$1
instanceKlass sun/security/util/SecurityConstants
instanceKlass sun/security/provider/PolicyFile$PolicyEntry
instanceKlass java/util/Vector$1
instanceKlass sun/security/util/PropertyExpander
instanceKlass sun/security/provider/PolicyParser$PermissionEntry
instanceKlass sun/security/provider/PolicyParser$GrantEntry
instanceKlass sun/nio/ch/IOStatus
instanceKlass java/io/StreamTokenizer
instanceKlass sun/security/provider/PolicyParser
instanceKlass java/nio/channels/NetworkChannel
instanceKlass sun/nio/ch/SelChImpl
instanceKlass sun/nio/ch/Streams
instanceKlass java/nio/channels/Channels
instanceKlass sun/nio/ch/FileChannelImpl$Closer
instanceKlass sun/nio/ch/NativeThreadSet
instanceKlass java/nio/channels/spi/AbstractInterruptibleChannel
instanceKlass java/nio/channels/InterruptibleChannel
instanceKlass java/nio/channels/ScatteringByteChannel
instanceKlass java/nio/channels/GatheringByteChannel
instanceKlass java/nio/channels/SeekableByteChannel
instanceKlass java/nio/channels/ByteChannel
instanceKlass java/nio/channels/WritableByteChannel
instanceKlass java/nio/channels/ReadableByteChannel
instanceKlass java/nio/channels/Channel
instanceKlass sun/nio/fs/WindowsChannelFactory$Flags
instanceKlass sun/nio/fs/WindowsChannelFactory$1
instanceKlass sun/nio/fs/WindowsChannelFactory
instanceKlass sun/nio/fs/WindowsSecurityDescriptor
instanceKlass java/nio/file/attribute/FileAttribute
instanceKlass sun/security/provider/PolicyFile$2
instanceKlass java/security/ProtectionDomain$JavaSecurityAccessImpl$1
instanceKlass jdk/internal/access/JavaSecurityAccess$ProtectionDomainCache
instanceKlass sun/security/provider/PolicyFile$PolicyInfo
instanceKlass sun/security/provider/PolicyFile$1
instanceKlass java/security/Policy$1
instanceKlass java/security/Policy$PolicyInfo
instanceKlass java/security/Policy
instanceKlass ch/qos/logback/core/util/Loader$1
instanceKlass ch/qos/logback/core/util/OptionHelper
instanceKlass ch/qos/logback/core/util/Loader
instanceKlass ch/qos/logback/classic/spi/Configurator
instanceKlass ch/qos/logback/core/spi/ContextAwareImpl
instanceKlass ch/qos/logback/classic/util/ContextInitializer$1
instanceKlass ch/qos/logback/core/spi/ContextAware
instanceKlass ch/qos/logback/classic/util/ContextInitializer
instanceKlass ch/qos/logback/classic/Level
instanceKlass ch/qos/logback/classic/spi/ILoggingEvent
instanceKlass ch/qos/logback/core/spi/DeferredProcessingAware
instanceKlass org/slf4j/spi/LoggingEventBuilder
instanceKlass ch/qos/logback/classic/Logger
instanceKlass ch/qos/logback/core/spi/AppenderAttachable
instanceKlass org/slf4j/spi/LoggingEventAware
instanceKlass ch/qos/logback/classic/spi/LoggerContextVO
instanceKlass ch/qos/logback/core/spi/LogbackLock
instanceKlass ch/qos/logback/core/helpers/CyclicBuffer
instanceKlass ch/qos/logback/core/BasicStatusManager
instanceKlass java/util/concurrent/ExecutorService
instanceKlass java/util/concurrent/Executor
instanceKlass ch/qos/logback/core/status/Status
instanceKlass ch/qos/logback/core/status/StatusManager
instanceKlass ch/qos/logback/core/ContextBase
instanceKlass ch/qos/logback/core/spi/LifeCycle
instanceKlass ch/qos/logback/core/Context
instanceKlass ch/qos/logback/core/spi/PropertyContainer
instanceKlass ch/qos/logback/classic/spi/LogbackServiceProvider
instanceKlass org/slf4j/helpers/Util
instanceKlass org/slf4j/helpers/NOPMDCAdapter
instanceKlass org/slf4j/helpers/NOPLoggerFactory
instanceKlass org/slf4j/helpers/NOP_FallbackServiceProvider
instanceKlass org/slf4j/helpers/ThreadLocalMapOfStacks
instanceKlass org/slf4j/helpers/BasicMDCAdapter
instanceKlass org/slf4j/Marker
instanceKlass org/slf4j/helpers/BasicMarkerFactory
instanceKlass java/util/concurrent/LinkedBlockingQueue$Node
instanceKlass java/util/concurrent/BlockingQueue
instanceKlass org/slf4j/helpers/SubstituteLoggerFactory
instanceKlass org/slf4j/ILoggerFactory
instanceKlass org/slf4j/spi/MDCAdapter
instanceKlass org/slf4j/IMarkerFactory
instanceKlass org/slf4j/helpers/SubstituteServiceProvider
instanceKlass org/slf4j/event/LoggingEvent
instanceKlass org/slf4j/spi/SLF4JServiceProvider
instanceKlass org/slf4j/LoggerFactory
instanceKlass  @bci org/apache/commons/logging/LogAdapter <clinit> ()V 50 <appendix> argL0 ; # org/apache/commons/logging/LogAdapter$$Lambda+0x000002f1a60af5a8
instanceKlass org/apache/commons/logging/Log
instanceKlass org/apache/commons/logging/LogAdapter$Slf4jAdapter
instanceKlass org/slf4j/spi/LocationAwareLogger
instanceKlass org/slf4j/Logger
instanceKlass org/apache/logging/log4j/spi/Provider
instanceKlass org/apache/logging/log4j/spi/ExtendedLogger
instanceKlass org/apache/logging/log4j/Logger
instanceKlass org/apache/commons/logging/LogAdapter
instanceKlass org/apache/commons/logging/LogFactory
instanceKlass  @bci org/springframework/test/context/junit/jupiter/SpringExtension getTestContextManager (Lorg/junit/jupiter/api/extension/ExtensionContext;)Lorg/springframework/test/context/TestContextManager; 20 <appendix> argL0 ; # org/springframework/test/context/junit/jupiter/SpringExtension$$Lambda+0x000002f1a60adca8
instanceKlass org/springframework/test/context/TestContextManager
instanceKlass  @bci org/junit/jupiter/engine/extension/TempDirectory injectFields (Lorg/junit/jupiter/api/extension/ExtensionContext;Ljava/lang/Object;Ljava/lang/Class;Ljava/util/function/Predicate;)V 20 <appendix> member <vmtarget> ; # org/junit/jupiter/engine/extension/TempDirectory$$Lambda+0x000002f1a60ad828
instanceKlass org/springframework/beans/factory/annotation/Autowired
instanceKlass  @bci java/util/function/Predicate and (Ljava/util/function/Predicate;)Ljava/util/function/Predicate; 7 <appendix> member <vmtarget> ; # java/util/function/Predicate$$Lambda+0x000002f1a6077a40
instanceKlass  @bci org/junit/platform/commons/util/AnnotationUtils findAnnotatedFields (Ljava/lang/Class;Ljava/lang/Class;Ljava/util/function/Predicate;Lorg/junit/platform/commons/util/ReflectionUtils$HierarchyTraversalMode;)Ljava/util/List; 23 <appendix> member <vmtarget> ; # org/junit/platform/commons/util/AnnotationUtils$$Lambda+0x000002f1a60ad190
instanceKlass org/junit/jupiter/api/io/TempDir
instanceKlass org/junit/platform/engine/support/store/NamespacedHierarchicalStore$MemoizingSupplier$Failure
instanceKlass  @bci org/junit/jupiter/engine/extension/TempDirectory lambda$getScope$6 (Lorg/junit/jupiter/api/extension/ExtensionContext;Ljava/lang/Class;)Lorg/junit/jupiter/engine/extension/TempDirectory$Scope; 21 <appendix> member <vmtarget> ; # org/junit/jupiter/engine/extension/TempDirectory$$Lambda+0x000002f1a60ac960
instanceKlass  @bci org/junit/platform/engine/support/store/NamespacedHierarchicalStore lambda$getOrComputeIfAbsent$6 (Ljava/util/function/Function;Ljava/lang/Object;Lorg/junit/platform/engine/support/store/NamespacedHierarchicalStore$CompositeKey;)Lorg/junit/platform/engine/support/store/NamespacedHierarchicalStore$StoredValue; 7 <appendix> member <vmtarget> ; # org/junit/platform/engine/support/store/NamespacedHierarchicalStore$$Lambda+0x000002f1a60ac740
instanceKlass org/junit/platform/engine/support/store/NamespacedHierarchicalStore$MemoizingSupplier
instanceKlass  @bci org/junit/platform/engine/support/store/NamespacedHierarchicalStore getOrComputeIfAbsent (Ljava/lang/Object;Ljava/lang/Object;Ljava/util/function/Function;)Ljava/lang/Object; 41 <appendix> member <vmtarget> ; # org/junit/platform/engine/support/store/NamespacedHierarchicalStore$$Lambda+0x000002f1a60ac2d8
instanceKlass  @bci org/junit/jupiter/engine/execution/NamespaceAwareStore getOrComputeIfAbsent (Ljava/lang/Object;Ljava/util/function/Function;Ljava/lang/Class;)Ljava/lang/Object; 26 <appendix> member <vmtarget> ; # org/junit/jupiter/engine/execution/NamespaceAwareStore$$Lambda+0x000002f1a60ac0b8
instanceKlass  @bci org/junit/jupiter/engine/extension/TempDirectory getScope (Lorg/junit/jupiter/api/extension/ExtensionContext;)Lorg/junit/jupiter/engine/extension/TempDirectory$Scope; 17 <appendix> member <vmtarget> ; # org/junit/jupiter/engine/extension/TempDirectory$$Lambda+0x000002f1a60abe78
instanceKlass  @bci org/junit/jupiter/engine/extension/TempDirectory injectStaticFields (Lorg/junit/jupiter/api/extension/ExtensionContext;Ljava/lang/Class;)V 4 <appendix> argL0 ; # org/junit/jupiter/engine/extension/TempDirectory$$Lambda+0x000002f1a60abc30
instanceKlass org/junit/platform/engine/support/store/NamespacedHierarchicalStore$StoredValue
instanceKlass  @bci org/junit/platform/engine/support/store/NamespacedHierarchicalStore put (Ljava/lang/Object;Ljava/lang/Object;Ljava/lang/Object;)Ljava/lang/Object; 16 <appendix> member <vmtarget> ; # org/junit/platform/engine/support/store/NamespacedHierarchicalStore$$Lambda+0x000002f1a60ab808
instanceKlass org/junit/platform/engine/support/store/NamespacedHierarchicalStore$CompositeKey
instanceKlass  @bci org/junit/jupiter/engine/execution/NamespaceAwareStore put (Ljava/lang/Object;Ljava/lang/Object;)V 11 <appendix> member <vmtarget> ; # org/junit/jupiter/engine/execution/NamespaceAwareStore$$Lambda+0x000002f1a60ab3e0
instanceKlass  @bci org/junit/jupiter/engine/extension/TempDirectory installFailureTracker (Lorg/junit/jupiter/api/extension/ExtensionContext;)V 12 <appendix> member <vmtarget> ; # org/junit/jupiter/engine/extension/TempDirectory$$Lambda+0x000002f1a60ab1c0
instanceKlass org/junit/jupiter/api/extension/ExtensionContext$Store$CloseableResource
instanceKlass org/junit/jupiter/engine/execution/NamespaceAwareStore
instanceKlass  @bci org/junit/jupiter/engine/extension/TimeoutExtension readAndStoreTimeoutSoChildrenInheritIt (Lorg/junit/jupiter/api/extension/ExtensionContext;)V 30 <appendix> member <vmtarget> ; # org/junit/jupiter/engine/extension/TimeoutExtension$$Lambda+0x000002f1a60aa898
instanceKlass  @bci org/junit/jupiter/engine/extension/TimeoutExtension readTimeoutThreadModeFromAnnotation (Ljava/util/Optional;)Ljava/util/Optional; 6 <appendix> argL0 ; # org/junit/jupiter/engine/extension/TimeoutExtension$$Lambda+0x000002f1a60aa660
instanceKlass  @bci org/junit/jupiter/engine/extension/TimeoutExtension readAndStoreTimeoutSoChildrenInheritIt (Lorg/junit/jupiter/api/extension/ExtensionContext;)V 11 <appendix> member <vmtarget> ; # org/junit/jupiter/engine/extension/TimeoutExtension$$Lambda+0x000002f1a60aa1f0
instanceKlass  @bci org/junit/jupiter/engine/extension/TimeoutExtension readTimeoutFromAnnotation (Ljava/util/Optional;)Ljava/util/Optional; 6 <appendix> argL0 ; # org/junit/jupiter/engine/extension/TimeoutExtension$$Lambda+0x000002f1a60a9fb8
instanceKlass org/junit/jupiter/engine/extension/TimeoutDuration
instanceKlass  @bci org/junit/jupiter/engine/descriptor/ClassBasedTestDescriptor invokeBeforeAllCallbacks (Lorg/junit/jupiter/engine/execution/JupiterEngineExecutionContext;)V 59 <appendix> member <vmtarget> ; # org/junit/jupiter/engine/descriptor/ClassBasedTestDescriptor$$Lambda+0x000002f1a60a9b78
instanceKlass  @bci org/junit/jupiter/engine/execution/ConditionEvaluator logResult (Ljava/lang/Class;Lorg/junit/jupiter/api/extension/ConditionEvaluationResult;Lorg/junit/jupiter/api/extension/ExtensionContext;)V 6 <appendix> member <vmtarget> ; # org/junit/jupiter/engine/execution/ConditionEvaluator$$Lambda+0x000002f1a60a9958
instanceKlass  @bci org/junit/jupiter/engine/extension/DisabledCondition evaluateExecutionCondition (Lorg/junit/jupiter/api/extension/ExtensionContext;)Lorg/junit/jupiter/api/extension/ConditionEvaluationResult; 22 <appendix> member <vmtarget> ; # org/junit/jupiter/engine/extension/DisabledCondition$$Lambda+0x000002f1a60a9718
instanceKlass org/junit/jupiter/api/Disabled
instanceKlass  @bci java/util/stream/StreamSpliterators$WrappingSpliterator initPartialTraversalState ()V 37 <appendix> member <vmtarget> ; # java/util/stream/StreamSpliterators$WrappingSpliterator$$Lambda+0x000002f1a6077820
instanceKlass java/util/function/BooleanSupplier
instanceKlass  @bci java/util/stream/StreamSpliterators$WrappingSpliterator initPartialTraversalState ()V 24 <appendix> member <vmtarget> ; # java/util/stream/StreamSpliterators$WrappingSpliterator$$Lambda+0x000002f1a6077380
instanceKlass java/util/stream/AbstractSpinedBuffer
instanceKlass  @bci org/junit/jupiter/engine/execution/ConditionEvaluator evaluate (Lorg/junit/jupiter/engine/extension/ExtensionRegistry;Lorg/junit/jupiter/engine/config/JupiterConfiguration;Lorg/junit/jupiter/api/extension/ExtensionContext;)Lorg/junit/jupiter/api/extension/ConditionEvaluationResult; 31 <appendix> argL0 ; # org/junit/jupiter/engine/execution/ConditionEvaluator$$Lambda+0x000002f1a60a92d8
instanceKlass  @bci org/junit/jupiter/engine/execution/ConditionEvaluator evaluate (Lorg/junit/jupiter/engine/extension/ExtensionRegistry;Lorg/junit/jupiter/engine/config/JupiterConfiguration;Lorg/junit/jupiter/api/extension/ExtensionContext;)Lorg/junit/jupiter/api/extension/ConditionEvaluationResult; 21 <appendix> member <vmtarget> ; # org/junit/jupiter/engine/execution/ConditionEvaluator$$Lambda+0x000002f1a60a9098
instanceKlass  @bci org/junit/jupiter/engine/config/CachingJupiterConfiguration getExecutionConditionFilter ()Ljava/util/function/Predicate; 7 <appendix> member <vmtarget> ; # org/junit/jupiter/engine/config/CachingJupiterConfiguration$$Lambda+0x000002f1a60a8e58
instanceKlass  @bci org/junit/jupiter/engine/descriptor/ClassBasedTestDescriptor testInstancesProvider (Lorg/junit/jupiter/engine/execution/JupiterEngineExecutionContext;Lorg/junit/jupiter/engine/descriptor/ClassExtensionContext;)Lorg/junit/jupiter/engine/execution/TestInstancesProvider; 3 <appendix> member <vmtarget> ; # org/junit/jupiter/engine/descriptor/ClassBasedTestDescriptor$$Lambda+0x000002f1a60a8c28
instanceKlass org/junit/jupiter/api/extension/TestInstances
instanceKlass org/junit/jupiter/engine/execution/TestInstancesProvider
instanceKlass  @bci org/junit/jupiter/engine/descriptor/ClassBasedTestDescriptor prepare (Lorg/junit/jupiter/engine/execution/JupiterEngineExecutionContext;)Lorg/junit/jupiter/engine/execution/JupiterEngineExecutionContext; 127 <appendix> member <vmtarget> ; # org/junit/jupiter/engine/descriptor/ClassBasedTestDescriptor$$Lambda+0x000002f1a60a8240
instanceKlass  @bci org/junit/jupiter/engine/descriptor/ClassBasedTestDescriptor registerAfterEachMethodAdapters (Lorg/junit/jupiter/engine/extension/ExtensionRegistrar;)V 23 <appendix> member <vmtarget> ; # org/junit/jupiter/engine/descriptor/ClassBasedTestDescriptor$$Lambda+0x000002f1a60a8000
instanceKlass org/junit/jupiter/engine/execution/AfterEachMethodAdapter
instanceKlass  @bci org/junit/jupiter/engine/descriptor/ClassBasedTestDescriptor registerMethodsAsExtensions (Ljava/util/List;Lorg/junit/jupiter/engine/extension/ExtensionRegistrar;Ljava/util/function/Function;)V 3 <appendix> member <vmtarget> ; # org/junit/jupiter/engine/descriptor/ClassBasedTestDescriptor$$Lambda+0x000002f1a60a7a90
instanceKlass  @bci org/junit/jupiter/engine/descriptor/ClassBasedTestDescriptor registerBeforeEachMethodAdapters (Lorg/junit/jupiter/engine/extension/ExtensionRegistrar;)V 12 <appendix> member <vmtarget> ; # org/junit/jupiter/engine/descriptor/ClassBasedTestDescriptor$$Lambda+0x000002f1a60a7850
instanceKlass org/junit/jupiter/engine/execution/BeforeEachMethodAdapter
instanceKlass  @bci org/junit/jupiter/engine/descriptor/LifecycleMethodUtils findMethodsAndAssertNonStaticAndNonPrivate (Ljava/lang/Class;Ljava/lang/Class;Lorg/junit/platform/commons/util/ReflectionUtils$HierarchyTraversalMode;)Ljava/util/List; 9 <appendix> member <vmtarget> ; # org/junit/jupiter/engine/descriptor/LifecycleMethodUtils$$Lambda+0x000002f1a60a7428
instanceKlass  @bci org/junit/jupiter/engine/descriptor/ClassBasedTestDescriptor prepare (Lorg/junit/jupiter/engine/execution/JupiterEngineExecutionContext;)Lorg/junit/jupiter/engine/execution/JupiterEngineExecutionContext; 102 <appendix> member <vmtarget> ; # org/junit/jupiter/engine/descriptor/ClassBasedTestDescriptor$$Lambda+0x000002f1a60a71f8
instanceKlass  @bci org/junit/jupiter/engine/descriptor/LifecycleMethodUtils findMethodsAndAssertStaticAndNonPrivate (Ljava/lang/Class;ZLjava/lang/Class;Lorg/junit/platform/commons/util/ReflectionUtils$HierarchyTraversalMode;)Ljava/util/List; 15 <appendix> member <vmtarget> ; # org/junit/jupiter/engine/descriptor/LifecycleMethodUtils$$Lambda+0x000002f1a60a6fc8
instanceKlass  @bci org/junit/jupiter/engine/descriptor/LifecycleMethodUtils findMethodsAndCheckVoidReturnType (Ljava/lang/Class;Ljava/lang/Class;Lorg/junit/platform/commons/util/ReflectionUtils$HierarchyTraversalMode;)Ljava/util/List; 9 <appendix> member <vmtarget> ; # org/junit/jupiter/engine/descriptor/LifecycleMethodUtils$$Lambda+0x000002f1a60a6d98
instanceKlass  @bci org/junit/platform/commons/util/CollectionUtils toUnmodifiableList ()Ljava/util/stream/Collector; 3 <appendix> argL0 ; # org/junit/platform/commons/util/CollectionUtils$$Lambda+0x000002f1a60a6b60
instanceKlass java/util/stream/DistinctOps
instanceKlass  @bci org/junit/platform/commons/util/ReflectionUtils findAllMethodsInHierarchy (Ljava/lang/Class;Lorg/junit/platform/commons/util/ReflectionUtils$HierarchyTraversalMode;)Ljava/util/List; 91 <appendix> member <vmtarget> ; # org/junit/platform/commons/util/ReflectionUtils$$Lambda+0x000002f1a60a6910
instanceKlass  @bci org/junit/platform/commons/util/ReflectionUtils findAllMethodsInHierarchy (Ljava/lang/Class;Lorg/junit/platform/commons/util/ReflectionUtils$HierarchyTraversalMode;)Ljava/util/List; 58 <appendix> member <vmtarget> ; # org/junit/platform/commons/util/ReflectionUtils$$Lambda+0x000002f1a60a66c0
instanceKlass  @bci org/junit/platform/commons/util/ReflectionUtils findAllMethodsInHierarchy (Ljava/lang/Class;Lorg/junit/platform/commons/util/ReflectionUtils$HierarchyTraversalMode;)Ljava/util/List; 25 <appendix> argL0 ; # org/junit/platform/commons/util/ReflectionUtils$$Lambda+0x000002f1a60a6478
instanceKlass  @bci org/junit/platform/commons/util/AnnotationUtils findAnnotatedMethods (Ljava/lang/Class;Ljava/lang/Class;Lorg/junit/platform/commons/util/ReflectionUtils$HierarchyTraversalMode;)Ljava/util/List; 16 <appendix> member <vmtarget> ; # org/junit/platform/commons/util/AnnotationUtils$$Lambda+0x000002f1a60a6228
instanceKlass org/junit/jupiter/engine/descriptor/LifecycleMethodUtils
instanceKlass  @bci org/junit/jupiter/engine/descriptor/ExtensionUtils registerExtensionsFromExecutableParameters (Lorg/junit/jupiter/engine/extension/ExtensionRegistrar;Ljava/lang/reflect/Executable;)V 56 <appendix> member <vmtarget> ; # org/junit/jupiter/engine/descriptor/ExtensionUtils$$Lambda+0x000002f1a60a5df8
instanceKlass  @bci org/junit/jupiter/engine/descriptor/ExtensionUtils registerExtensionsFromExecutableParameters (Lorg/junit/jupiter/engine/extension/ExtensionRegistrar;Ljava/lang/reflect/Executable;)V 40 <appendix> argL0 ; # org/junit/jupiter/engine/descriptor/ExtensionUtils$$Lambda+0x000002f1a60a5bc0
instanceKlass  @bci org/junit/jupiter/engine/descriptor/ExtensionUtils registerExtensionsFromExecutableParameters (Lorg/junit/jupiter/engine/extension/ExtensionRegistrar;Ljava/lang/reflect/Executable;)V 30 <appendix> member <vmtarget> ; # org/junit/jupiter/engine/descriptor/ExtensionUtils$$Lambda+0x000002f1a60a5980
instanceKlass  @bci org/junit/platform/commons/util/ReflectionUtils getDeclaredConstructor (Ljava/lang/Class;)Ljava/lang/reflect/Constructor; 52 <appendix> member <vmtarget> ; # org/junit/platform/commons/util/ReflectionUtils$$Lambda+0x000002f1a60a5760
instanceKlass  @bci org/junit/platform/commons/util/ReflectionUtils getDeclaredConstructor (Ljava/lang/Class;)Ljava/lang/reflect/Constructor; 14 <appendix> argL0 ; # org/junit/platform/commons/util/ReflectionUtils$$Lambda+0x000002f1a60a5518
instanceKlass  @bci java/util/stream/StreamSpliterators$WrappingSpliterator forEachRemaining (Ljava/util/function/Consumer;)V 33 <appendix> member <vmtarget> ; # java/util/stream/StreamSpliterators$WrappingSpliterator$$Lambda+0x000002f1a6075e38
instanceKlass java/util/stream/StreamSpliterators
instanceKlass  @bci org/junit/jupiter/engine/extension/ExtensionRegistry getExtensions (Ljava/lang/Class;)Ljava/util/List; 7 <appendix> argL0 ; # org/junit/jupiter/engine/extension/ExtensionRegistry$$Lambda+0x000002f1a60a5300
instanceKlass java/util/stream/Streams$2
instanceKlass java/util/stream/StreamSpliterators$AbstractWrappingSpliterator
instanceKlass  @bci java/util/stream/AbstractPipeline spliterator ()Ljava/util/Spliterator; 103 <appendix> member <vmtarget> ; # java/util/stream/AbstractPipeline$$Lambda+0x000002f1a60752d0
instanceKlass java/util/stream/Streams$ConcatSpliterator
instanceKlass  @bci org/junit/jupiter/engine/extension/MutableExtensionRegistry streamLocal (Ljava/lang/Class;)Ljava/util/stream/Stream; 31 <appendix> member <vmtarget> ; # org/junit/jupiter/engine/extension/MutableExtensionRegistry$$Lambda+0x000002f1a60a50c0
instanceKlass  @bci org/junit/jupiter/engine/extension/MutableExtensionRegistry streamLocal (Ljava/lang/Class;)Ljava/util/stream/Stream; 15 <appendix> member <vmtarget> ; # org/junit/jupiter/engine/extension/MutableExtensionRegistry$$Lambda+0x000002f1a60a4e70
instanceKlass org/junit/jupiter/api/extension/TestInstanceFactory
instanceKlass  @bci java/util/stream/SortedOps$RefSortingSink end ()V 48 <appendix> member <vmtarget> ; # java/util/stream/SortedOps$RefSortingSink$$Lambda+0x000002f1a6074b70
instanceKlass  @bci org/junit/jupiter/engine/descriptor/ExtensionUtils registerExtensionsFromFields (Lorg/junit/jupiter/engine/extension/ExtensionRegistrar;Ljava/lang/Class;Ljava/lang/Object;)V 50 <appendix> member <vmtarget> ; # org/junit/jupiter/engine/descriptor/ExtensionUtils$$Lambda+0x000002f1a60a4a48
instanceKlass  @bci org/junit/platform/commons/util/ReflectionUtils findAllFieldsInHierarchy (Ljava/lang/Class;Lorg/junit/platform/commons/util/ReflectionUtils$HierarchyTraversalMode;)Ljava/util/List; 90 <appendix> member <vmtarget> ; # org/junit/platform/commons/util/ReflectionUtils$$Lambda+0x000002f1a60a47f8
instanceKlass  @bci org/junit/platform/commons/util/ReflectionUtils findAllFieldsInHierarchy (Ljava/lang/Class;Lorg/junit/platform/commons/util/ReflectionUtils$HierarchyTraversalMode;)Ljava/util/List; 57 <appendix> member <vmtarget> ; # org/junit/platform/commons/util/ReflectionUtils$$Lambda+0x000002f1a60a45a8
instanceKlass  @bci org/junit/platform/commons/util/ReflectionUtils findAllFieldsInHierarchy (Ljava/lang/Class;Lorg/junit/platform/commons/util/ReflectionUtils$HierarchyTraversalMode;)Ljava/util/List; 24 <appendix> argL0 ; # org/junit/platform/commons/util/ReflectionUtils$$Lambda+0x000002f1a60a4360
instanceKlass  @bci org/junit/platform/commons/util/ReflectionUtils toSortedMutableList ([Ljava/lang/reflect/Field;)Ljava/util/List; 14 <appendix> argL0 ; # org/junit/platform/commons/util/ReflectionUtils$$Lambda+0x000002f1a60a4148
instanceKlass  @bci org/junit/platform/commons/util/ReflectionUtils toSortedMutableList ([Ljava/lang/reflect/Field;)Ljava/util/List; 4 <appendix> argL0 ; # org/junit/platform/commons/util/ReflectionUtils$$Lambda+0x000002f1a60a3eb8
instanceKlass africa/semicolon/wallet/infrastructure/adapter/persistence/repositories/WalletRepository
instanceKlass org/springframework/data/jpa/repository/JpaRepository
instanceKlass org/springframework/data/repository/query/QueryByExampleExecutor
instanceKlass org/springframework/data/repository/ListPagingAndSortingRepository
instanceKlass org/springframework/data/repository/PagingAndSortingRepository
instanceKlass org/springframework/data/repository/ListCrudRepository
instanceKlass org/springframework/data/repository/CrudRepository
instanceKlass org/springframework/data/repository/Repository
instanceKlass africa/semicolon/wallet/application/service/WalletService
instanceKlass africa/semicolon/wallet/application/port/input/walletUseCases/WithdrawUseCase
instanceKlass africa/semicolon/wallet/application/port/input/walletUseCases/DepositToWalletUseCase
instanceKlass africa/semicolon/wallet/application/port/input/walletUseCases/FindWalletByIdUsesCase
instanceKlass africa/semicolon/wallet/application/port/input/walletUseCases/CreateWalletUseCase
instanceKlass  @bci org/junit/jupiter/engine/descriptor/ExtensionUtils registerExtensionsFromFields (Lorg/junit/jupiter/engine/extension/ExtensionRegistrar;Ljava/lang/Class;Ljava/lang/Object;)V 18 <appendix> argL0 ; # org/junit/jupiter/engine/descriptor/ExtensionUtils$$Lambda+0x000002f1a60a2248
instanceKlass  @bci org/springframework/test/context/junit/jupiter/SpringExtension <clinit> ()V 95 <appendix> argL0 ; # org/springframework/test/context/junit/jupiter/SpringExtension$$Lambda+0x000002f1a60a2020
instanceKlass  @bci org/springframework/util/ReflectionUtils$MethodFilter and (Lorg/springframework/util/ReflectionUtils$MethodFilter;)Lorg/springframework/util/ReflectionUtils$MethodFilter; 8 <appendix> member <vmtarget> ; # org/springframework/util/ReflectionUtils$MethodFilter$$Lambda+0x000002f1a60a1df0
instanceKlass  @bci org/springframework/test/context/junit/jupiter/SpringExtension <clinit> ()V 85 <appendix> argL0 ; # org/springframework/test/context/junit/jupiter/SpringExtension$$Lambda+0x000002f1a60a1bc8
instanceKlass org/springframework/util/ConcurrentReferenceHashMap$Reference
instanceKlass org/springframework/util/ConcurrentReferenceHashMap$ReferenceManager
instanceKlass org/springframework/util/Assert
instanceKlass org/springframework/util/ConcurrentReferenceHashMap$Task
instanceKlass  @bci org/springframework/util/ReflectionUtils <clinit> ()V 8 <appendix> argL0 ; # org/springframework/util/ReflectionUtils$$Lambda+0x000002f1a609c800
instanceKlass org/springframework/util/ReflectionUtils$FieldFilter
instanceKlass  @bci org/springframework/util/ReflectionUtils <clinit> ()V 0 <appendix> argL0 ; # org/springframework/util/ReflectionUtils$$Lambda+0x000002f1a609d9e0
instanceKlass org/springframework/util/ReflectionUtils$MethodFilter
instanceKlass org/springframework/util/ReflectionUtils
instanceKlass org/junit/jupiter/api/AfterEach
instanceKlass org/junit/jupiter/api/BeforeEach
instanceKlass org/junit/jupiter/api/AfterAll
instanceKlass org/junit/jupiter/api/BeforeAll
instanceKlass java/util/stream/Node$Builder
instanceKlass java/util/stream/Nodes$ArrayNode
instanceKlass java/util/stream/Node$OfDouble
instanceKlass java/util/stream/Node$OfLong
instanceKlass java/util/stream/Node$OfInt
instanceKlass java/util/stream/Node$OfPrimitive
instanceKlass java/util/stream/Nodes$EmptyNode
instanceKlass java/util/stream/Node
instanceKlass java/util/stream/Nodes
instanceKlass  @bci org/junit/platform/commons/util/ReflectionUtils newInstance (Ljava/lang/Class;[Ljava/lang/Object;)Ljava/lang/Object; 35 <appendix> argL0 ; # org/junit/platform/commons/util/ReflectionUtils$$Lambda+0x000002f1a609fa08
instanceKlass java/util/function/IntFunction
instanceKlass  @bci org/junit/platform/commons/util/ReflectionUtils newInstance (Ljava/lang/Class;[Ljava/lang/Object;)Ljava/lang/Object; 25 <appendix> argL0 ; # org/junit/platform/commons/util/ReflectionUtils$$Lambda+0x000002f1a609f7d0
instanceKlass  @bci org/junit/jupiter/engine/extension/MutableExtensionRegistry createRegistryFrom (Lorg/junit/jupiter/engine/extension/MutableExtensionRegistry;Ljava/util/stream/Stream;)Lorg/junit/jupiter/engine/extension/MutableExtensionRegistry; 23 <appendix> member <vmtarget> ; # org/junit/jupiter/engine/extension/MutableExtensionRegistry$$Lambda+0x000002f1a609f5a0
instanceKlass  @bci org/junit/jupiter/engine/descriptor/ExtensionUtils streamExtensionTypes (Ljava/util/List;)Ljava/util/stream/Stream; 16 <appendix> argL0 ; # org/junit/jupiter/engine/descriptor/ExtensionUtils$$Lambda+0x000002f1a609f368
instanceKlass  @bci org/junit/jupiter/engine/descriptor/ExtensionUtils streamExtensionTypes (Ljava/util/List;)Ljava/util/stream/Stream; 6 <appendix> argL0 ; # org/junit/jupiter/engine/descriptor/ExtensionUtils$$Lambda+0x000002f1a609f130
instanceKlass  @bci java/util/Comparator comparingInt (Ljava/util/function/ToIntFunction;)Ljava/util/Comparator; 6 <appendix> member <vmtarget> ; # java/util/Comparator$$Lambda+0x000002f1a6074620
instanceKlass  @bci org/junit/jupiter/engine/descriptor/ExtensionUtils <clinit> ()V 0 <appendix> argL0 ; # org/junit/jupiter/engine/descriptor/ExtensionUtils$$Lambda+0x000002f1a609ef18
instanceKlass  @cpi org/springframework/boot/context/config/ConfigDataEnvironmentContributors 525 form vmentry <vmtarget> ; # java/lang/invoke/LambdaForm$DMH+0x000002f1a609c400
instanceKlass java/util/function/ToIntFunction
instanceKlass org/junit/jupiter/engine/descriptor/ExtensionUtils
instanceKlass  @bci org/junit/platform/engine/support/hierarchical/SameThreadHierarchicalTestExecutorService invokeAll (Ljava/util/List;)V 1 <appendix> argL0 ; # org/junit/platform/engine/support/hierarchical/SameThreadHierarchicalTestExecutorService$$Lambda+0x000002f1a609eaf0
instanceKlass  @bci org/junit/platform/engine/support/hierarchical/NodeTestTask lambda$executeRecursively$6 ()V 98 <appendix> member <vmtarget> ; # org/junit/platform/engine/support/hierarchical/NodeTestTask$$Lambda+0x000002f1a609e8c0
instanceKlass org/junit/platform/engine/support/hierarchical/NodeTestTask$DefaultDynamicTestExecutor
instanceKlass  @bci org/junit/platform/engine/support/hierarchical/NodeTestTask lambda$executeRecursively$6 ()V 25 <appendix> argL0 ; # org/junit/platform/engine/support/hierarchical/NodeTestTask$$Lambda+0x000002f1a609e460
instanceKlass  @bci org/junit/platform/engine/support/hierarchical/NodeTestTask lambda$executeRecursively$6 ()V 15 <appendix> member <vmtarget> ; # org/junit/platform/engine/support/hierarchical/NodeTestTask$$Lambda+0x000002f1a609e220
instanceKlass  @bci org/junit/platform/engine/support/hierarchical/NodeTestTask lambda$executeRecursively$8 (Lorg/junit/platform/engine/support/hierarchical/EngineExecutionContext;)V 10 <appendix> member <vmtarget> ; # org/junit/platform/engine/support/hierarchical/NodeTestTask$$Lambda+0x000002f1a609e000
instanceKlass  @bci org/junit/platform/engine/support/hierarchical/NodeTestTask lambda$executeRecursively$9 ()V 9 <appendix> member <vmtarget> ; # org/junit/platform/engine/support/hierarchical/NodeTestTask$$Lambda+0x000002f1a609bd60
instanceKlass org/junit/platform/engine/support/hierarchical/Node$Invocation
instanceKlass  @bci org/junit/platform/engine/support/hierarchical/NodeTestTask executeRecursively ()V 26 <appendix> member <vmtarget> ; # org/junit/platform/engine/support/hierarchical/NodeTestTask$$Lambda+0x000002f1a609b948
instanceKlass  @bci org/junit/platform/launcher/core/CompositeTestExecutionListener executionStarted (Lorg/junit/platform/launcher/TestIdentifier;)V 36 <appendix> member <vmtarget> ; # org/junit/platform/launcher/core/CompositeTestExecutionListener$$Lambda+0x000002f1a609b728
instanceKlass  @bci org/junit/platform/launcher/core/CompositeTestExecutionListener executionStarted (Lorg/junit/platform/launcher/TestIdentifier;)V 30 <appendix> member <vmtarget> ; # org/junit/platform/launcher/core/CompositeTestExecutionListener$$Lambda+0x000002f1a609b4f8
instanceKlass  @bci org/junit/platform/launcher/core/CompositeTestExecutionListener executionStarted (Lorg/junit/platform/launcher/TestIdentifier;)V 14 <appendix> member <vmtarget> ; # org/junit/platform/launcher/core/CompositeTestExecutionListener$$Lambda+0x000002f1a609b2d8
instanceKlass  @bci org/junit/platform/launcher/core/CompositeTestExecutionListener executionStarted (Lorg/junit/platform/launcher/TestIdentifier;)V 8 <appendix> member <vmtarget> ; # org/junit/platform/launcher/core/CompositeTestExecutionListener$$Lambda+0x000002f1a609b0a8
instanceKlass  @bci org/junit/platform/launcher/core/CompositeEngineExecutionListener notifyEach (Ljava/util/List;Lorg/junit/platform/launcher/core/IterationOrder;Ljava/util/function/Consumer;Ljava/util/function/Supplier;)V 4 <appendix> member <vmtarget> ; # org/junit/platform/launcher/core/CompositeEngineExecutionListener$$Lambda+0x000002f1a609ae78
instanceKlass  @bci org/junit/platform/launcher/core/CompositeEngineExecutionListener executionStarted (Lorg/junit/platform/engine/TestDescriptor;)V 14 <appendix> member <vmtarget> ; # org/junit/platform/launcher/core/CompositeEngineExecutionListener$$Lambda+0x000002f1a609ac58
instanceKlass  @bci org/junit/platform/launcher/core/CompositeEngineExecutionListener executionStarted (Lorg/junit/platform/engine/TestDescriptor;)V 8 <appendix> member <vmtarget> ; # org/junit/platform/launcher/core/CompositeEngineExecutionListener$$Lambda+0x000002f1a609aa28
instanceKlass org/junit/platform/engine/support/hierarchical/Node$SkipResult
instanceKlass  @bci org/junit/platform/engine/support/hierarchical/NodeTestTask checkWhetherSkipped ()V 5 <appendix> member <vmtarget> ; # org/junit/platform/engine/support/hierarchical/NodeTestTask$$Lambda+0x000002f1a609a5f0
instanceKlass org/junit/jupiter/engine/execution/JupiterEngineExecutionContext$Builder
instanceKlass  @bci org/junit/jupiter/engine/descriptor/AbstractExtensionContext <init> (Lorg/junit/jupiter/api/extension/ExtensionContext;Lorg/junit/platform/engine/EngineExecutionListener;Lorg/junit/platform/engine/TestDescriptor;Lorg/junit/jupiter/engine/config/JupiterConfiguration;Lorg/junit/jupiter/api/extension/ExecutableInvoker;)V 85 <appendix> argL0 ; # org/junit/jupiter/engine/descriptor/AbstractExtensionContext$$Lambda+0x000002f1a609a188
instanceKlass  @bci org/junit/jupiter/engine/descriptor/AbstractExtensionContext <init> (Lorg/junit/jupiter/api/extension/ExtensionContext;Lorg/junit/platform/engine/EngineExecutionListener;Lorg/junit/platform/engine/TestDescriptor;Lorg/junit/jupiter/engine/config/JupiterConfiguration;Lorg/junit/jupiter/api/extension/ExecutableInvoker;)V 77 <appendix> argL0 ; # org/junit/jupiter/engine/descriptor/AbstractExtensionContext$$Lambda+0x000002f1a6099f70
instanceKlass  @bci org/junit/jupiter/engine/descriptor/AbstractExtensionContext <init> (Lorg/junit/jupiter/api/extension/ExtensionContext;Lorg/junit/platform/engine/EngineExecutionListener;Lorg/junit/platform/engine/TestDescriptor;Lorg/junit/jupiter/engine/config/JupiterConfiguration;Lorg/junit/jupiter/api/extension/ExecutableInvoker;)V 67 <appendix> argL0 ; # org/junit/jupiter/engine/descriptor/AbstractExtensionContext$$Lambda+0x000002f1a6099d38
instanceKlass org/junit/platform/engine/support/store/NamespacedHierarchicalStore
instanceKlass  @bci org/junit/jupiter/engine/descriptor/AbstractExtensionContext <clinit> ()V 0 <appendix> argL0 ; # org/junit/jupiter/engine/descriptor/AbstractExtensionContext$$Lambda+0x000002f1a60996a8
instanceKlass  @cpi org/junit/jupiter/engine/descriptor/AbstractExtensionContext 315 form vmentry <vmtarget> ; # java/lang/invoke/LambdaForm$DMH+0x000002f1a609c000
instanceKlass org/junit/platform/engine/support/store/NamespacedHierarchicalStore$CloseAction
instanceKlass org/junit/jupiter/api/extension/ExtensionContext$Store
instanceKlass org/junit/jupiter/engine/descriptor/AbstractExtensionContext
instanceKlass org/junit/jupiter/engine/execution/DefaultExecutableInvoker
instanceKlass  @bci org/junit/jupiter/engine/config/CachingJupiterConfiguration isExtensionAutoDetectionEnabled ()Z 7 <appendix> member <vmtarget> ; # org/junit/jupiter/engine/config/CachingJupiterConfiguration$$Lambda+0x000002f1a6098690
instanceKlass org/junit/jupiter/api/extension/AnnotatedElementContext
instanceKlass org/junit/jupiter/engine/extension/TempDirectory
instanceKlass  @bci org/junit/jupiter/engine/extension/MutableExtensionRegistry registerExtension (Ljava/lang/String;Lorg/junit/jupiter/api/extension/Extension;Ljava/lang/Object;)V 21 <appendix> member <vmtarget> ; # org/junit/jupiter/engine/extension/MutableExtensionRegistry$$Lambda+0x000002f1a6095cc0
instanceKlass  @bci org/junit/jupiter/engine/extension/MutableExtensionRegistry createRegistryWithDefaultExtensions (Lorg/junit/jupiter/engine/config/JupiterConfiguration;)Lorg/junit/jupiter/engine/extension/MutableExtensionRegistry; 18 <appendix> member <vmtarget> ; # org/junit/jupiter/engine/extension/MutableExtensionRegistry$$Lambda+0x000002f1a6095a90
instanceKlass org/junit/jupiter/engine/extension/TestReporterParameterResolver
instanceKlass org/junit/jupiter/api/TestInfo
instanceKlass org/junit/jupiter/engine/extension/TestInfoParameterResolver
instanceKlass org/junit/jupiter/api/extension/TestTemplateInvocationContext
instanceKlass org/junit/jupiter/engine/extension/RepeatedTestExtension
instanceKlass org/junit/jupiter/api/extension/TestTemplateInvocationContextProvider
instanceKlass org/junit/jupiter/api/extension/ExtensionContext$Namespace
instanceKlass org/junit/jupiter/api/Timeout
instanceKlass org/junit/jupiter/engine/extension/TimeoutExtension
instanceKlass org/junit/jupiter/engine/extension/DisabledCondition
instanceKlass org/junit/jupiter/api/extension/ExecutionCondition
instanceKlass org/junit/jupiter/engine/extension/MutableExtensionRegistry
instanceKlass  @bci org/junit/platform/engine/support/hierarchical/NodeTestTask prepare ()V 5 <appendix> member <vmtarget> ; # org/junit/platform/engine/support/hierarchical/NodeTestTask$$Lambda+0x000002f1a6096ab8
instanceKlass org/junit/platform/engine/support/hierarchical/ThrowableCollector$Executable
instanceKlass  @bci org/junit/jupiter/engine/support/OpenTest4JAndJUnit4AwareThrowableCollector createAbortedExecutionPredicate ()Ljava/util/function/Predicate; 70 <appendix> argL0 ; # org/junit/jupiter/engine/support/OpenTest4JAndJUnit4AwareThrowableCollector$$Lambda+0x000002f1a60966a8
instanceKlass org/junit/platform/commons/util/UnrecoverableExceptions
instanceKlass  @bci org/junit/jupiter/engine/support/OpenTest4JAndJUnit4AwareThrowableCollector createAbortedExecutionPredicate ()Ljava/util/function/Predicate; 7 <appendix> member <vmtarget> ; # org/junit/jupiter/engine/support/OpenTest4JAndJUnit4AwareThrowableCollector$$Lambda+0x000002f1a6096258
instanceKlass  @bci org/junit/platform/engine/support/hierarchical/NodeTestTask <clinit> ()V 8 <appendix> argL0 ; # org/junit/platform/engine/support/hierarchical/NodeTestTask$$Lambda+0x000002f1a6093a28
instanceKlass  @cpi org/junit/platform/engine/support/hierarchical/NodeTestTask 456 form vmentry <vmtarget> ; # java/lang/invoke/LambdaForm$DMH+0x000002f1a6094800
instanceKlass org/junit/platform/engine/support/hierarchical/Node$DynamicTestExecutor
instanceKlass org/junit/platform/engine/support/hierarchical/NodeTestTask
instanceKlass org/junit/platform/engine/support/hierarchical/NodeTestTaskContext
instanceKlass  @bci org/junit/platform/engine/support/hierarchical/NodeTreeWalker walk (Lorg/junit/platform/engine/TestDescriptor;Lorg/junit/platform/engine/TestDescriptor;Lorg/junit/platform/engine/support/hierarchical/NodeExecutionAdvisor;)V 35 <appendix> member <vmtarget> ; # org/junit/platform/engine/support/hierarchical/NodeTreeWalker$$Lambda+0x000002f1a6093180
instanceKlass  @bci org/junit/jupiter/engine/descriptor/JupiterTestDescriptor getExclusiveResourcesFromAnnotation (Ljava/lang/reflect/AnnotatedElement;)Ljava/util/Set; 11 <appendix> argL0 ; # org/junit/jupiter/engine/descriptor/JupiterTestDescriptor$$Lambda+0x000002f1a6092f48
instanceKlass org/junit/jupiter/api/parallel/ResourceLocks
instanceKlass org/junit/jupiter/api/parallel/ResourceLock
instanceKlass  @bci org/junit/platform/engine/support/hierarchical/NodeTreeWalker walk (Lorg/junit/platform/engine/TestDescriptor;)Lorg/junit/platform/engine/support/hierarchical/NodeExecutionAdvisor; 31 <appendix> member <vmtarget> ; # org/junit/platform/engine/support/hierarchical/NodeTreeWalker$$Lambda+0x000002f1a6092928
instanceKlass org/junit/platform/engine/support/hierarchical/NodeExecutionAdvisor
instanceKlass org/junit/platform/engine/support/hierarchical/NodeUtils$1
instanceKlass org/junit/platform/engine/support/hierarchical/NodeUtils
instanceKlass java/util/concurrent/locks/ReentrantReadWriteLock$WriteLock
instanceKlass java/util/concurrent/locks/ReentrantReadWriteLock$ReadLock
instanceKlass java/util/concurrent/locks/ReentrantReadWriteLock
instanceKlass  @bci org/junit/platform/engine/support/hierarchical/LockManager toLock (Lorg/junit/platform/engine/support/hierarchical/ExclusiveResource;)Ljava/util/concurrent/locks/Lock; 8 <appendix> argL0 ; # org/junit/platform/engine/support/hierarchical/LockManager$$Lambda+0x000002f1a6092008
instanceKlass org/junit/platform/engine/support/hierarchical/SingleLock
instanceKlass  @bci org/junit/platform/engine/support/hierarchical/LockManager <clinit> ()V 19 <appendix> argL0 ; # org/junit/platform/engine/support/hierarchical/LockManager$$Lambda+0x000002f1a6091978
instanceKlass  @bci java/util/Comparator comparing (Ljava/util/function/Function;Ljava/util/Comparator;)Ljava/util/Comparator; 12 <appendix> member <vmtarget> ; # java/util/Comparator$$Lambda+0x000002f1a6072de0
instanceKlass  @cpi java/util/Comparator 256 form vmentry <vmtarget> ; # java/lang/invoke/LambdaForm$DMH+0x000002f1a6094400
instanceKlass  @bci java/util/Comparator thenComparing (Ljava/util/Comparator;)Ljava/util/Comparator; 7 <appendix> member <vmtarget> ; # java/util/Comparator$$Lambda+0x000002f1a6072b48
instanceKlass  @cpi java/util/function/BiPredicate 60 form vmentry <vmtarget> ; # java/lang/invoke/LambdaForm$DMH+0x000002f1a6094000
instanceKlass  @bci java/util/Comparator comparing (Ljava/util/function/Function;)Ljava/util/Comparator; 6 <appendix> member <vmtarget> ; # java/util/Comparator$$Lambda+0x000002f1a6072208
instanceKlass  @bci org/junit/platform/engine/support/hierarchical/LockManager globalKeyFirst ()Ljava/util/Comparator; 0 <appendix> argL0 ; # org/junit/platform/engine/support/hierarchical/LockManager$$Lambda+0x000002f1a6091500
instanceKlass  @bci org/junit/platform/engine/support/hierarchical/LockManager <clinit> ()V 0 <appendix> argL0 ; # org/junit/platform/engine/support/hierarchical/LockManager$$Lambda+0x000002f1a60912c8
instanceKlass org/junit/platform/engine/support/hierarchical/ExclusiveResource
instanceKlass java/util/concurrent/locks/ReadWriteLock
instanceKlass org/junit/platform/engine/support/hierarchical/ResourceLock
instanceKlass org/junit/platform/engine/support/hierarchical/LockManager
instanceKlass org/junit/platform/engine/support/hierarchical/NodeTreeWalker
instanceKlass org/junit/platform/engine/support/hierarchical/HierarchicalTestExecutorService$TestTask
instanceKlass org/junit/platform/engine/support/hierarchical/HierarchicalTestExecutor
instanceKlass  @bci org/junit/jupiter/engine/JupiterTestEngine createThrowableCollectorFactory (Lorg/junit/platform/engine/ExecutionRequest;)Lorg/junit/platform/engine/support/hierarchical/ThrowableCollector$Factory; 0 <appendix> argL0 ; # org/junit/jupiter/engine/JupiterTestEngine$$Lambda+0x000002f1a6090470
instanceKlass org/junit/jupiter/engine/support/JupiterThrowableCollectorFactory
instanceKlass org/junit/platform/engine/support/hierarchical/ThrowableCollector
instanceKlass org/junit/platform/engine/support/hierarchical/ThrowableCollector$Factory
instanceKlass org/junit/jupiter/engine/execution/JupiterEngineExecutionContext$State
instanceKlass org/junit/jupiter/engine/execution/JupiterEngineExecutionContext
instanceKlass java/util/concurrent/Future
instanceKlass org/junit/platform/engine/support/hierarchical/SameThreadHierarchicalTestExecutorService
instanceKlass  @bci org/junit/jupiter/engine/config/CachingJupiterConfiguration isParallelExecutionEnabled ()Z 7 <appendix> member <vmtarget> ; # org/junit/jupiter/engine/config/CachingJupiterConfiguration$$Lambda+0x000002f1a608d568
instanceKlass org/junit/platform/engine/ExecutionRequest
instanceKlass org/junit/platform/launcher/core/DelegatingEngineExecutionListener
instanceKlass org/junit/platform/launcher/core/ExecutionListenerAdapter
instanceKlass  @bci org/junit/platform/launcher/core/ListenerRegistry forEngineExecutionListeners ()Lorg/junit/platform/launcher/core/ListenerRegistry; 0 <appendix> argL0 ; # org/junit/platform/launcher/core/ListenerRegistry$$Lambda+0x000002f1a608f3b8
instanceKlass org/junit/platform/launcher/core/CompositeEngineExecutionListener
instanceKlass  @bci com/intellij/junit5/JUnit5TestExecutionListener getMetaInfo (Lorg/junit/platform/launcher/TestIdentifier;)Ljava/lang/String; 4 <appendix> argL0 ; # com/intellij/junit5/JUnit5TestExecutionListener$$Lambda+0x000002f1a608ef18
instanceKlass  @bci com/intellij/junit5/JUnit5TestExecutionListener getLocationHint (Lorg/junit/platform/launcher/TestIdentifier;Lorg/junit/platform/launcher/TestIdentifier;)Ljava/lang/String; 22 <appendix> member <vmtarget> ; # com/intellij/junit5/JUnit5TestExecutionListener$$Lambda+0x000002f1a608ecd8
instanceKlass  @bci com/intellij/junit5/JUnit5TestExecutionListener getLocationHint (Lorg/junit/platform/launcher/TestIdentifier;Lorg/junit/platform/launcher/TestIdentifier;)Ljava/lang/String; 13 <appendix> argL0 ; # com/intellij/junit5/JUnit5TestExecutionListener$$Lambda+0x000002f1a608ea90
instanceKlass org/junit/platform/engine/support/descriptor/FileSource
instanceKlass org/junit/platform/engine/support/descriptor/FileSystemSource
instanceKlass org/junit/platform/engine/support/descriptor/UriSource
instanceKlass org/junit/platform/engine/support/descriptor/CompositeTestSource
instanceKlass  @bci com/intellij/junit5/JUnit5TestExecutionListener getLocationHint (Lorg/junit/platform/launcher/TestIdentifier;Lorg/junit/platform/launcher/TestIdentifier;)Ljava/lang/String; 5 <appendix> member <vmtarget> ; # com/intellij/junit5/JUnit5TestExecutionListener$$Lambda+0x000002f1a608e000
instanceKlass java/net/URLDecoder
instanceKlass  @bci org/junit/platform/engine/UniqueIdFormat checkDoesNotContain (Ljava/lang/String;C)V 15 <appendix> form vmentry <vmtarget> ; # java/lang/invoke/LambdaForm$DMH+0x000002f1a608c800
instanceKlass  @bci org/junit/platform/engine/UniqueIdFormat checkDoesNotContain (Ljava/lang/String;C)V 15 <appendix> member <vmtarget> ; # org/junit/platform/engine/UniqueIdFormat$$Lambda+0x000002f1a608bd88
instanceKlass  @bci org/junit/platform/engine/UniqueIdFormat parse (Ljava/lang/String;)Lorg/junit/platform/engine/UniqueId; 17 <appendix> member <vmtarget> ; # org/junit/platform/engine/UniqueIdFormat$$Lambda+0x000002f1a608bb48
instanceKlass java/util/Collections$2
instanceKlass  @bci com/intellij/junit5/JUnit5TestExecutionListener getParentId (Lorg/junit/platform/launcher/TestIdentifier;)Ljava/lang/String; 11 <appendix> member <vmtarget> ; # com/intellij/junit5/JUnit5TestExecutionListener$$Lambda+0x000002f1a608b908
instanceKlass  @bci org/junit/platform/launcher/TestPlan getTestIdentifier (Lorg/junit/platform/engine/UniqueId;)Lorg/junit/platform/launcher/TestIdentifier; 24 <appendix> member <vmtarget> ; # org/junit/platform/launcher/TestPlan$$Lambda+0x000002f1a608b6e8
instanceKlass  @bci org/junit/platform/launcher/TestPlan getTestIdentifier (Lorg/junit/platform/engine/UniqueId;)Lorg/junit/platform/launcher/TestIdentifier; 1 <appendix> argL0 ; # org/junit/platform/launcher/TestPlan$$Lambda+0x000002f1a608b4d0
instanceKlass  @bci org/junit/platform/launcher/TestPlan getParent (Lorg/junit/platform/launcher/TestIdentifier;)Ljava/util/Optional; 12 <appendix> member <vmtarget> ; # org/junit/platform/launcher/TestPlan$$Lambda+0x000002f1a608b290
instanceKlass com/intellij/rt/execution/junit/MapSerializerUtil$1
instanceKlass com/intellij/rt/execution/junit/MapSerializerUtil$EscapeInfoProvider
instanceKlass com/intellij/rt/execution/junit/MapSerializerUtil
instanceKlass  @bci org/junit/platform/engine/UniqueIdFormat format (Lorg/junit/platform/engine/UniqueId;)Ljava/lang/String; 10 <appendix> member <vmtarget> ; # org/junit/platform/engine/UniqueIdFormat$$Lambda+0x000002f1a608aa28
instanceKlass  @bci org/junit/platform/launcher/core/CompositeTestExecutionListener notifyEach (Ljava/util/List;Lorg/junit/platform/launcher/core/IterationOrder;Ljava/util/function/Consumer;Ljava/util/function/Supplier;)V 4 <appendix> member <vmtarget> ; # org/junit/platform/launcher/core/CompositeTestExecutionListener$$Lambda+0x000002f1a608a7f8
instanceKlass  @cpi org/springframework/boot/SpringApplicationRunListeners 257 form vmentry <vmtarget> ; # java/lang/invoke/LambdaForm$DMH+0x000002f1a608c400
instanceKlass  @bci org/junit/platform/launcher/core/CompositeTestExecutionListener testPlanExecutionStarted (Lorg/junit/platform/launcher/TestPlan;)V 14 <appendix> member <vmtarget> ; # org/junit/platform/launcher/core/CompositeTestExecutionListener$$Lambda+0x000002f1a608a5d8
instanceKlass  @bci org/junit/platform/launcher/core/CompositeTestExecutionListener testPlanExecutionStarted (Lorg/junit/platform/launcher/TestPlan;)V 8 <appendix> member <vmtarget> ; # org/junit/platform/launcher/core/CompositeTestExecutionListener$$Lambda+0x000002f1a608a3a8
instanceKlass org/junit/platform/engine/EngineExecutionListener$1
instanceKlass  @bci org/junit/platform/launcher/core/EngineExecutionOrchestrator withInterceptedStreams (Lorg/junit/platform/engine/ConfigurationParameters;Lorg/junit/platform/launcher/core/ListenerRegistry;Ljava/util/function/Consumer;)V 35 <appendix> member <vmtarget> ; # org/junit/platform/launcher/core/EngineExecutionOrchestrator$$Lambda+0x000002f1a6089650
instanceKlass org/junit/platform/launcher/core/StreamInterceptingTestExecutionListener
instanceKlass  @bci org/junit/platform/launcher/core/EngineExecutionOrchestrator withInterceptedStreams (Lorg/junit/platform/engine/ConfigurationParameters;Lorg/junit/platform/launcher/core/ListenerRegistry;Ljava/util/function/Consumer;)V 17 <appendix> member <vmtarget> ; # org/junit/platform/launcher/core/EngineExecutionOrchestrator$$Lambda+0x000002f1a6089160
instanceKlass  @cpi org/junit/platform/launcher/core/EngineExecutionOrchestrator 375 form vmentry <vmtarget> ; # java/lang/invoke/LambdaForm$DMH+0x000002f1a608c000
instanceKlass org/junit/platform/engine/reporting/ReportEntry
instanceKlass  @bci org/junit/platform/launcher/core/CompositeTestExecutionListener <init> (Ljava/util/List;)V 50 <appendix> member <vmtarget> ; # org/junit/platform/launcher/core/CompositeTestExecutionListener$$Lambda+0x000002f1a6088d18
instanceKlass  @bci org/junit/platform/launcher/core/CompositeTestExecutionListener <init> (Ljava/util/List;)V 33 <appendix> member <vmtarget> ; # org/junit/platform/launcher/core/CompositeTestExecutionListener$$Lambda+0x000002f1a6088ac8
instanceKlass org/junit/platform/launcher/core/CompositeTestExecutionListener$EagerTestExecutionListener
instanceKlass  @bci org/junit/platform/launcher/core/EngineExecutionOrchestrator execute (Lorg/junit/platform/launcher/core/InternalTestPlan;[Lorg/junit/platform/launcher/TestExecutionListener;)V 18 <appendix> member <vmtarget> ; # org/junit/platform/launcher/core/EngineExecutionOrchestrator$$Lambda+0x000002f1a60886a0
instanceKlass java/util/concurrent/atomic/AtomicBoolean
instanceKlass  @bci org/junit/jupiter/engine/descriptor/MethodBasedTestDescriptor getLegacyReportingName ()Ljava/lang/String; 18 <appendix> argL0 ; # org/junit/jupiter/engine/descriptor/MethodBasedTestDescriptor$$Lambda+0x000002f1a6088468
instanceKlass  @bci org/junit/jupiter/engine/descriptor/MethodBasedTestDescriptor getTags ()Ljava/util/Set; 17 <appendix> member <vmtarget> ; # org/junit/jupiter/engine/descriptor/MethodBasedTestDescriptor$$Lambda+0x000002f1a6088238
instanceKlass  @bci org/junit/platform/launcher/TestPlan addInternal (Lorg/junit/platform/launcher/TestIdentifier;)V 85 <appendix> argL0 ; # org/junit/platform/launcher/TestPlan$$Lambda+0x000002f1a6088000
instanceKlass  @bci org/junit/platform/launcher/TestPlan from (Ljava/util/Collection;Lorg/junit/platform/engine/ConfigurationParameters;)Lorg/junit/platform/launcher/TestPlan; 48 <appendix> member <vmtarget> ; # org/junit/platform/launcher/TestPlan$$Lambda+0x000002f1a6081d08
instanceKlass  @bci org/junit/platform/launcher/TestPlan from (Ljava/util/Collection;Lorg/junit/platform/engine/ConfigurationParameters;)Lorg/junit/platform/launcher/TestPlan; 40 <appendix> member <vmtarget> ; # org/junit/platform/launcher/TestPlan$$Lambda+0x000002f1a6081ae8
instanceKlass  @bci org/junit/platform/launcher/TestPlan from (Ljava/util/Collection;Lorg/junit/platform/engine/ConfigurationParameters;)Lorg/junit/platform/launcher/TestPlan; 24 <appendix> argL0 ; # org/junit/platform/launcher/TestPlan$$Lambda+0x000002f1a60818a0
instanceKlass org/junit/platform/launcher/core/LauncherDiscoveryResult
instanceKlass  @bci org/junit/platform/launcher/core/EngineDiscoveryOrchestrator prune (Ljava/util/Map;)V 2 <appendix> argL0 ; # org/junit/platform/launcher/core/EngineDiscoveryOrchestrator$$Lambda+0x000002f1a6081458
instanceKlass  @bci org/junit/platform/launcher/core/EngineDiscoveryOrchestrator logTestDescriptorExclusionReasons (Ljava/util/Map;)V 1 <appendix> argL0 ; # org/junit/platform/launcher/core/EngineDiscoveryOrchestrator$$Lambda+0x000002f1a6081230
instanceKlass  @bci org/junit/platform/launcher/core/EngineDiscoveryOrchestrator acceptInAllTestEngines (Ljava/util/Map;Lorg/junit/platform/engine/TestDescriptor$Visitor;)V 7 <appendix> member <vmtarget> ; # org/junit/platform/launcher/core/EngineDiscoveryOrchestrator$$Lambda+0x000002f1a6081000
instanceKlass  @bci org/junit/platform/launcher/core/EngineDiscoveryOrchestrator applyPostDiscoveryFilters (Ljava/util/Map;Ljava/util/List;)V 18 <appendix> member <vmtarget> ; # org/junit/platform/launcher/core/EngineDiscoveryOrchestrator$$Lambda+0x000002f1a6083c28
instanceKlass  @bci org/junit/platform/launcher/core/EngineFilterer warnIfAllEnginesExcluded ()V 26 <appendix> argL0 ; # org/junit/platform/launcher/core/EngineFilterer$$Lambda+0x000002f1a60839e0
instanceKlass  @bci org/junit/platform/launcher/core/EngineFilterer getUnmatchedEngineIdsOfIncludeFilters ()Ljava/util/SortedSet; 40 <appendix> argL0 ; # org/junit/platform/launcher/core/EngineFilterer$$Lambda+0x000002f1a60837c8
instanceKlass  @bci org/junit/platform/launcher/core/EngineFilterer getUnmatchedEngineIdsOfIncludeFilters ()Ljava/util/SortedSet; 30 <appendix> argL0 ; # org/junit/platform/launcher/core/EngineFilterer$$Lambda+0x000002f1a6083590
instanceKlass  @bci org/junit/platform/launcher/core/EngineFilterer getUnmatchedEngineIdsOfIncludeFilters ()Ljava/util/SortedSet; 20 <appendix> member <vmtarget> ; # org/junit/platform/launcher/core/EngineFilterer$$Lambda+0x000002f1a6083340
instanceKlass  @bci org/junit/platform/launcher/core/EngineFilterer getUnmatchedEngineIdsOfIncludeFilters ()Ljava/util/SortedSet; 9 <appendix> argL0 ; # org/junit/platform/launcher/core/EngineFilterer$$Lambda+0x000002f1a60830f8
instanceKlass  @bci org/junit/platform/launcher/listeners/discovery/AbortOnFailureLauncherDiscoveryListener engineDiscoveryFinished (Lorg/junit/platform/engine/UniqueId;Lorg/junit/platform/launcher/EngineDiscoveryResult;)V 4 <appendix> argL0 ; # org/junit/platform/launcher/listeners/discovery/AbortOnFailureLauncherDiscoveryListener$$Lambda+0x000002f1a6082ed0
instanceKlass org/junit/platform/commons/util/ExceptionUtils
instanceKlass org/junit/platform/launcher/EngineDiscoveryResult
instanceKlass  @bci org/junit/platform/launcher/core/EngineDiscoveryResultValidator validate (Lorg/junit/platform/engine/TestEngine;Lorg/junit/platform/engine/TestDescriptor;)V 31 <appendix> member <vmtarget> ; # org/junit/platform/launcher/core/EngineDiscoveryResultValidator$$Lambda+0x000002f1a6082468
instanceKlass  @bci org/junit/platform/launcher/core/EngineDiscoveryResultValidator validate (Lorg/junit/platform/engine/TestEngine;Lorg/junit/platform/engine/TestDescriptor;)V 2 <appendix> member <vmtarget> ; # org/junit/platform/launcher/core/EngineDiscoveryResultValidator$$Lambda+0x000002f1a6082248
instanceKlass  @bci org/junit/platform/engine/TestDescriptor containsTests (Lorg/junit/platform/engine/TestDescriptor;)Z 36 <appendix> argL0 ; # org/junit/platform/engine/TestDescriptor$$Lambda+0x000002f1a6082000
instanceKlass  @bci org/junit/jupiter/engine/discovery/MethodOrderingVisitor orderContainedMethods (Lorg/junit/jupiter/engine/descriptor/ClassBasedTestDescriptor;Ljava/lang/Class;)V 53 <appendix> member <vmtarget> ; # org/junit/jupiter/engine/discovery/MethodOrderingVisitor$$Lambda+0x000002f1a6087c58
instanceKlass  @cpi org/springframework/beans/factory/config/YamlProcessor 471 form vmentry <vmtarget> ; # java/lang/invoke/LambdaForm$DMH+0x000002f1a6080c00
instanceKlass  @bci org/junit/jupiter/engine/config/CachingJupiterConfiguration getDefaultTestMethodOrderer ()Ljava/util/Optional; 7 <appendix> member <vmtarget> ; # org/junit/jupiter/engine/config/CachingJupiterConfiguration$$Lambda+0x000002f1a6087a18
instanceKlass  @bci org/junit/jupiter/engine/discovery/MethodOrderingVisitor orderContainedMethods (Lorg/junit/jupiter/engine/descriptor/ClassBasedTestDescriptor;Ljava/lang/Class;)V 39 <appendix> member <vmtarget> ; # org/junit/jupiter/engine/discovery/MethodOrderingVisitor$$Lambda+0x000002f1a60877f8
instanceKlass  @bci org/junit/jupiter/engine/discovery/MethodOrderingVisitor orderContainedMethods (Lorg/junit/jupiter/engine/descriptor/ClassBasedTestDescriptor;Ljava/lang/Class;)V 22 <appendix> argL0 ; # org/junit/jupiter/engine/discovery/MethodOrderingVisitor$$Lambda+0x000002f1a60875c0
instanceKlass  @bci org/junit/jupiter/engine/discovery/MethodOrderingVisitor orderContainedMethods (Lorg/junit/jupiter/engine/descriptor/ClassBasedTestDescriptor;Ljava/lang/Class;)V 14 <appendix> argL0 ; # org/junit/jupiter/engine/discovery/MethodOrderingVisitor$$Lambda+0x000002f1a6087388
instanceKlass  @bci org/junit/jupiter/engine/discovery/MethodOrderingVisitor orderContainedMethods (Lorg/junit/jupiter/engine/descriptor/ClassBasedTestDescriptor;Ljava/lang/Class;)V 6 <appendix> argL0 ; # org/junit/jupiter/engine/discovery/MethodOrderingVisitor$$Lambda+0x000002f1a6087150
instanceKlass org/junit/platform/commons/support/AnnotationSupport
instanceKlass org/junit/jupiter/api/TestMethodOrder
instanceKlass  @bci org/junit/jupiter/engine/discovery/MethodOrderingVisitor visit (Lorg/junit/platform/engine/TestDescriptor;)V 10 <appendix> argL0 ; # org/junit/jupiter/engine/discovery/MethodOrderingVisitor$$Lambda+0x000002f1a6086b20
instanceKlass  @bci org/junit/jupiter/engine/discovery/MethodOrderingVisitor visit (Lorg/junit/platform/engine/TestDescriptor;)V 5 <appendix> member <vmtarget> ; # org/junit/jupiter/engine/discovery/MethodOrderingVisitor$$Lambda+0x000002f1a60868f0
instanceKlass  @bci org/junit/platform/engine/TestDescriptor accept (Lorg/junit/platform/engine/TestDescriptor$Visitor;)V 28 <appendix> member <vmtarget> ; # org/junit/platform/engine/TestDescriptor$$Lambda+0x000002f1a60866c0
instanceKlass  @bci org/junit/jupiter/engine/discovery/ClassOrderingVisitor getDescriptorWrapperOrderer (Lorg/junit/jupiter/engine/discovery/AbstractOrderingVisitor$DescriptorWrapperOrderer;Lorg/junit/jupiter/engine/discovery/AbstractAnnotatedDescriptorWrapper;)Lorg/junit/jupiter/engine/discovery/AbstractOrderingVisitor$DescriptorWrapperOrderer; 28 <appendix> member <vmtarget> ; # org/junit/jupiter/engine/discovery/ClassOrderingVisitor$$Lambda+0x000002f1a6086480
instanceKlass  @bci org/junit/jupiter/engine/discovery/ClassOrderingVisitor getDescriptorWrapperOrderer (Lorg/junit/jupiter/engine/discovery/AbstractOrderingVisitor$DescriptorWrapperOrderer;Lorg/junit/jupiter/engine/discovery/AbstractAnnotatedDescriptorWrapper;)Lorg/junit/jupiter/engine/discovery/AbstractOrderingVisitor$DescriptorWrapperOrderer; 19 <appendix> argL0 ; # org/junit/jupiter/engine/discovery/ClassOrderingVisitor$$Lambda+0x000002f1a6086248
instanceKlass  @bci org/junit/jupiter/engine/discovery/ClassOrderingVisitor getDescriptorWrapperOrderer (Lorg/junit/jupiter/engine/discovery/AbstractOrderingVisitor$DescriptorWrapperOrderer;Lorg/junit/jupiter/engine/discovery/AbstractAnnotatedDescriptorWrapper;)Lorg/junit/jupiter/engine/discovery/AbstractOrderingVisitor$DescriptorWrapperOrderer; 11 <appendix> argL0 ; # org/junit/jupiter/engine/discovery/ClassOrderingVisitor$$Lambda+0x000002f1a6086010
instanceKlass org/junit/jupiter/api/TestClassOrder
instanceKlass  @bci org/junit/jupiter/engine/discovery/AbstractOrderingVisitor orderChildrenTestDescriptors (Lorg/junit/platform/engine/TestDescriptor;Ljava/lang/Class;Ljava/util/function/Function;Lorg/junit/jupiter/engine/discovery/AbstractOrderingVisitor$DescriptorWrapperOrderer;)V 350 <appendix> member <vmtarget> ; # org/junit/jupiter/engine/discovery/AbstractOrderingVisitor$$Lambda+0x000002f1a6085be8
instanceKlass  @cpi org/springframework/beans/factory/config/YamlProcessor 482 form vmentry <vmtarget> ; # java/lang/invoke/LambdaForm$DMH+0x000002f1a6080800
instanceKlass  @bci org/junit/jupiter/engine/discovery/AbstractOrderingVisitor orderChildrenTestDescriptors (Lorg/junit/platform/engine/TestDescriptor;Ljava/lang/Class;Ljava/util/function/Function;Lorg/junit/jupiter/engine/discovery/AbstractOrderingVisitor$DescriptorWrapperOrderer;)V 53 <appendix> argL0 ; # org/junit/jupiter/engine/discovery/AbstractOrderingVisitor$$Lambda+0x000002f1a60859d0
instanceKlass  @bci org/junit/jupiter/engine/discovery/AbstractOrderingVisitor orderChildrenTestDescriptors (Lorg/junit/platform/engine/TestDescriptor;Ljava/lang/Class;Ljava/util/function/Function;Lorg/junit/jupiter/engine/discovery/AbstractOrderingVisitor$DescriptorWrapperOrderer;)V 37 <appendix> member <vmtarget> ; # org/junit/jupiter/engine/discovery/AbstractOrderingVisitor$$Lambda+0x000002f1a6085790
instanceKlass  @bci org/junit/jupiter/engine/discovery/AbstractOrderingVisitor orderChildrenTestDescriptors (Lorg/junit/platform/engine/TestDescriptor;Ljava/lang/Class;Ljava/util/function/Function;Lorg/junit/jupiter/engine/discovery/AbstractOrderingVisitor$DescriptorWrapperOrderer;)V 21 <appendix> member <vmtarget> ; # org/junit/jupiter/engine/discovery/AbstractOrderingVisitor$$Lambda+0x000002f1a6085540
instanceKlass org/junit/jupiter/engine/discovery/AbstractOrderingVisitor$DescriptorWrapperOrderer
instanceKlass  @bci org/junit/jupiter/engine/discovery/ClassOrderingVisitor createDescriptorWrapperOrderer (Lorg/junit/jupiter/api/ClassOrderer;)Lorg/junit/jupiter/engine/discovery/AbstractOrderingVisitor$DescriptorWrapperOrderer; 24 <appendix> member <vmtarget> ; # org/junit/jupiter/engine/discovery/ClassOrderingVisitor$$Lambda+0x000002f1a6085118
instanceKlass  @bci org/junit/jupiter/engine/discovery/ClassOrderingVisitor createDescriptorWrapperOrderer (Lorg/junit/jupiter/api/ClassOrderer;)Lorg/junit/jupiter/engine/discovery/AbstractOrderingVisitor$DescriptorWrapperOrderer; 17 <appendix> member <vmtarget> ; # org/junit/jupiter/engine/discovery/ClassOrderingVisitor$$Lambda+0x000002f1a6084ef8
instanceKlass  @cpi org/junit/jupiter/engine/discovery/ClassOrderingVisitor 247 form vmentry <vmtarget> ; # java/lang/invoke/LambdaForm$DMH+0x000002f1a6080400
instanceKlass org/junit/jupiter/engine/discovery/AbstractOrderingVisitor$MessageGenerator
instanceKlass  @bci org/junit/jupiter/engine/discovery/ClassOrderingVisitor orderContainedClasses (Lorg/junit/jupiter/engine/descriptor/JupiterEngineDescriptor;Lorg/junit/jupiter/api/ClassOrderer;)V 4 <appendix> argL0 ; # org/junit/jupiter/engine/discovery/ClassOrderingVisitor$$Lambda+0x000002f1a6084ac8
instanceKlass org/junit/jupiter/engine/discovery/AbstractAnnotatedDescriptorWrapper
instanceKlass org/junit/jupiter/api/ClassDescriptor
instanceKlass  @bci org/junit/jupiter/engine/discovery/ClassOrderingVisitor visit (Lorg/junit/platform/engine/TestDescriptor;)V 28 <appendix> argL0 ; # org/junit/jupiter/engine/discovery/ClassOrderingVisitor$$Lambda+0x000002f1a6084230
instanceKlass  @bci org/junit/jupiter/engine/discovery/ClassOrderingVisitor visit (Lorg/junit/platform/engine/TestDescriptor;)V 23 <appendix> member <vmtarget> ; # org/junit/jupiter/engine/discovery/ClassOrderingVisitor$$Lambda+0x000002f1a6084000
instanceKlass  @bci org/junit/jupiter/engine/config/CachingJupiterConfiguration getDefaultTestClassOrderer ()Ljava/util/Optional; 7 <appendix> member <vmtarget> ; # org/junit/jupiter/engine/config/CachingJupiterConfiguration$$Lambda+0x000002f1a603dcd0
instanceKlass  @bci org/junit/platform/engine/support/discovery/EngineDiscoveryRequestResolution run ()V 65 <appendix> member <vmtarget> ; # org/junit/platform/engine/support/discovery/EngineDiscoveryRequestResolution$$Lambda+0x000002f1a603daa0
instanceKlass  @cpi org/springframework/boot/context/config/Profiles 380 form vmentry <vmtarget> ; # java/lang/invoke/LambdaForm$DMH+0x000002f1a6080000
instanceKlass org/junit/jupiter/engine/descriptor/Filterable
instanceKlass  @bci org/junit/platform/engine/support/discovery/EngineDiscoveryRequestResolution enqueueAdditionalSelectors (Lorg/junit/platform/engine/support/discovery/SelectorResolver$Resolution;)V 34 <appendix> member <vmtarget> ; # org/junit/platform/engine/support/discovery/EngineDiscoveryRequestResolution$$Lambda+0x000002f1a603d678
instanceKlass  @bci org/junit/platform/engine/support/discovery/EngineDiscoveryRequestResolution enqueueAdditionalSelectors (Lorg/junit/platform/engine/support/discovery/SelectorResolver$Resolution;)V 23 <appendix> argL0 ; # org/junit/platform/engine/support/discovery/EngineDiscoveryRequestResolution$$Lambda+0x000002f1a603d430
instanceKlass java/util/HashMap$HashMapSpliterator
instanceKlass org/junit/platform/engine/SelectorResolutionResult
instanceKlass  @bci org/junit/jupiter/engine/discovery/MethodSelectorResolver expansionCallback (Lorg/junit/platform/engine/TestDescriptor;)Ljava/util/function/Supplier; 1 <appendix> member <vmtarget> ; # org/junit/jupiter/engine/discovery/MethodSelectorResolver$$Lambda+0x000002f1a603fb70
instanceKlass org/junit/platform/engine/support/descriptor/MethodSource
instanceKlass  @bci org/junit/jupiter/api/DisplayNameGenerator parameterTypesAsString (Ljava/lang/reflect/Method;)Ljava/lang/String; 19 <appendix> argL0 ; # org/junit/jupiter/api/DisplayNameGenerator$$Lambda+0x000002f1a603f718
instanceKlass org/springframework/test/context/jdbc/SqlGroup
instanceKlass  @bci org/junit/jupiter/engine/descriptor/DisplayNameUtils createDisplayNameSupplierForMethod (Ljava/lang/Class;Ljava/lang/reflect/Method;Lorg/junit/jupiter/engine/config/JupiterConfiguration;)Ljava/util/function/Supplier; 4 <appendix> member <vmtarget> ; # org/junit/jupiter/engine/descriptor/DisplayNameUtils$$Lambda+0x000002f1a603f2e0
instanceKlass  @bci org/junit/jupiter/engine/execution/InterceptingExecutableInvoker$ReflectiveInterceptorCall ofVoidMethod (Lorg/junit/jupiter/engine/execution/InterceptingExecutableInvoker$ReflectiveInterceptorCall$VoidMethodInterceptorCall;)Lorg/junit/jupiter/engine/execution/InterceptingExecutableInvoker$ReflectiveInterceptorCall; 1 <appendix> member <vmtarget> ; # org/junit/jupiter/engine/execution/InterceptingExecutableInvoker$ReflectiveInterceptorCall$$Lambda+0x000002f1a603f0c0
instanceKlass org/junit/jupiter/engine/execution/InterceptingExecutableInvoker$ReflectiveInterceptorCall
instanceKlass  @bci org/junit/jupiter/engine/descriptor/TestMethodTestDescriptor <clinit> ()V 10 <appendix> argL0 ; # org/junit/jupiter/engine/descriptor/TestMethodTestDescriptor$$Lambda+0x000002f1a603ecb0
instanceKlass  @cpi org/junit/jupiter/engine/descriptor/TestMethodTestDescriptor 622 form vmentry <vmtarget> ; # java/lang/invoke/LambdaForm$DMH+0x000002f1a603cc00
instanceKlass org/junit/jupiter/api/extension/InvocationInterceptor
instanceKlass org/junit/jupiter/engine/execution/InterceptingExecutableInvoker$ReflectiveInterceptorCall$VoidMethodInterceptorCall
instanceKlass  @bci org/junit/platform/commons/util/ClassUtils nullSafeToString ([Ljava/lang/Class;)Ljava/lang/String; 0 <appendix> argL0 ; # org/junit/platform/commons/util/ClassUtils$$Lambda+0x000002f1a603bc50
instanceKlass org/junit/platform/commons/util/ClassUtils
instanceKlass  @bci org/junit/platform/engine/support/discovery/EngineDiscoveryRequestResolution$DefaultContext addToParent (Ljava/util/function/Supplier;Ljava/util/function/Function;)Ljava/util/Optional; 32 <appendix> member <vmtarget> ; # org/junit/platform/engine/support/discovery/EngineDiscoveryRequestResolution$DefaultContext$$Lambda+0x000002f1a603b810
instanceKlass  @bci org/junit/platform/commons/util/CollectionUtils getOnlyElement (Ljava/util/Collection;)Ljava/lang/Object; 23 <appendix> member <vmtarget> ; # org/junit/platform/commons/util/CollectionUtils$$Lambda+0x000002f1a603b5f0
instanceKlass org/junit/platform/commons/util/CollectionUtils
instanceKlass  @bci org/junit/platform/engine/support/discovery/EngineDiscoveryRequestResolution$DefaultContext resolve (Lorg/junit/platform/engine/DiscoverySelector;)Ljava/util/Optional; 17 <appendix> member <vmtarget> ; # org/junit/platform/engine/support/discovery/EngineDiscoveryRequestResolution$DefaultContext$$Lambda+0x000002f1a603b1b0
instanceKlass  @bci org/junit/platform/engine/support/discovery/EngineDiscoveryRequestResolution$DefaultContext resolve (Lorg/junit/platform/engine/DiscoverySelector;)Ljava/util/Optional; 8 <appendix> argL0 ; # org/junit/platform/engine/support/discovery/EngineDiscoveryRequestResolution$DefaultContext$$Lambda+0x000002f1a603af78
instanceKlass  @bci org/junit/platform/engine/support/discovery/EngineDiscoveryRequestResolution lambda$resolve$5 (Lorg/junit/platform/engine/DiscoverySelector;Lorg/junit/platform/engine/support/discovery/SelectorResolver$Resolution;)Lorg/junit/platform/engine/support/discovery/SelectorResolver$Resolution; 28 <appendix> member <vmtarget> ; # org/junit/platform/engine/support/discovery/EngineDiscoveryRequestResolution$$Lambda+0x000002f1a603ad48
instanceKlass  @cpi org/springframework/boot/context/logging/LoggingApplicationListener 694 form vmentry <vmtarget> ; # java/lang/invoke/LambdaForm$DMH+0x000002f1a603c800
instanceKlass  @bci org/junit/platform/engine/support/discovery/EngineDiscoveryRequestResolution resolve (Lorg/junit/platform/engine/DiscoverySelector;Ljava/util/function/Function;)Ljava/util/Optional; 32 <appendix> member <vmtarget> ; # org/junit/platform/engine/support/discovery/EngineDiscoveryRequestResolution$$Lambda+0x000002f1a603ab08
instanceKlass  @bci org/junit/jupiter/engine/discovery/ClassSelectorResolver lambda$toResolution$13 (Lorg/junit/jupiter/engine/descriptor/ClassBasedTestDescriptor;)Lorg/junit/platform/engine/support/discovery/SelectorResolver$Resolution; 29 <appendix> member <vmtarget> ; # org/junit/jupiter/engine/discovery/ClassSelectorResolver$$Lambda+0x000002f1a603a8e8
instanceKlass  @bci org/junit/jupiter/engine/discovery/ClassSelectorResolver toResolution (Ljava/util/Optional;)Lorg/junit/platform/engine/support/discovery/SelectorResolver$Resolution; 2 <appendix> member <vmtarget> ; # org/junit/jupiter/engine/discovery/ClassSelectorResolver$$Lambda+0x000002f1a603a6a8
instanceKlass  @bci org/junit/jupiter/engine/config/EnumConfigurationParameterConverter get (Lorg/junit/platform/engine/ConfigurationParameters;Ljava/lang/String;Ljava/lang/Enum;)Ljava/lang/Enum; 15 <appendix> member <vmtarget> ; # org/junit/jupiter/engine/config/EnumConfigurationParameterConverter$$Lambda+0x000002f1a603a468
instanceKlass  @cpi org/springframework/boot/DefaultApplicationContextFactory 135 form vmentry <vmtarget> ; # java/lang/invoke/LambdaForm$DMH+0x000002f1a603c400
instanceKlass  @bci org/junit/jupiter/engine/config/CachingJupiterConfiguration getDefaultTestInstanceLifecycle ()Lorg/junit/jupiter/api/TestInstance$Lifecycle; 7 <appendix> member <vmtarget> ; # org/junit/jupiter/engine/config/CachingJupiterConfiguration$$Lambda+0x000002f1a603a038
instanceKlass  @bci org/junit/jupiter/engine/descriptor/TestInstanceLifecycleUtils getTestInstanceLifecycle (Ljava/lang/Class;Lorg/junit/jupiter/engine/config/JupiterConfiguration;)Lorg/junit/jupiter/api/TestInstance$Lifecycle; 34 <appendix> member <vmtarget> ; # org/junit/jupiter/engine/descriptor/TestInstanceLifecycleUtils$$Lambda+0x000002f1a6039e18
instanceKlass  @bci org/junit/jupiter/engine/descriptor/TestInstanceLifecycleUtils getTestInstanceLifecycle (Ljava/lang/Class;Lorg/junit/jupiter/engine/config/JupiterConfiguration;)Lorg/junit/jupiter/api/TestInstance$Lifecycle; 20 <appendix> argL0 ; # org/junit/jupiter/engine/descriptor/TestInstanceLifecycleUtils$$Lambda+0x000002f1a6039be0
instanceKlass org/junit/jupiter/api/TestInstance
instanceKlass org/junit/jupiter/engine/descriptor/TestInstanceLifecycleUtils
instanceKlass  @bci java/util/function/Function andThen (Ljava/util/function/Function;)Ljava/util/function/Function; 7 <appendix> member <vmtarget> ; # java/util/function/Function$$Lambda+0x000002f1a60708a8
instanceKlass  @cpi org/springframework/core/io/support/SpringFactoriesLoader$ArgumentResolver 109 form vmentry <vmtarget> ; # java/lang/invoke/LambdaForm$DMH+0x000002f1a603c000
instanceKlass  @bci org/junit/jupiter/engine/descriptor/JupiterTestDescriptor getTags (Ljava/lang/reflect/AnnotatedElement;)Ljava/util/Set; 50 <appendix> argL0 ; # org/junit/jupiter/engine/descriptor/JupiterTestDescriptor$$Lambda+0x000002f1a60395b0
instanceKlass  @bci org/junit/jupiter/engine/descriptor/JupiterTestDescriptor getTags (Ljava/lang/reflect/AnnotatedElement;)Ljava/util/Set; 42 <appendix> argL0 ; # org/junit/jupiter/engine/descriptor/JupiterTestDescriptor$$Lambda+0x000002f1a6039398
instanceKlass  @bci org/junit/jupiter/engine/descriptor/JupiterTestDescriptor getTags (Ljava/lang/reflect/AnnotatedElement;)Ljava/util/Set; 32 <appendix> argL0 ; # org/junit/jupiter/engine/descriptor/JupiterTestDescriptor$$Lambda+0x000002f1a6039160
instanceKlass org/junit/platform/engine/TestTag
instanceKlass  @bci org/junit/jupiter/engine/descriptor/JupiterTestDescriptor getTags (Ljava/lang/reflect/AnnotatedElement;)Ljava/util/Set; 22 <appendix> member <vmtarget> ; # org/junit/jupiter/engine/descriptor/JupiterTestDescriptor$$Lambda+0x000002f1a6038d08
instanceKlass  @bci org/junit/jupiter/engine/descriptor/JupiterTestDescriptor getTags (Ljava/lang/reflect/AnnotatedElement;)Ljava/util/Set; 11 <appendix> argL0 ; # org/junit/jupiter/engine/descriptor/JupiterTestDescriptor$$Lambda+0x000002f1a6038ad0
instanceKlass  @bci org/junit/platform/commons/util/AnnotationUtils lambda$isRepeatableAnnotationContainer$4 (Ljava/lang/Class;)Ljava/lang/Boolean; 22 <appendix> argL0 ; # org/junit/platform/commons/util/AnnotationUtils$$Lambda+0x000002f1a6038898
instanceKlass  @bci org/junit/platform/commons/util/AnnotationUtils lambda$isRepeatableAnnotationContainer$4 (Ljava/lang/Class;)Ljava/lang/Boolean; 7 <appendix> argL0 ; # org/junit/platform/commons/util/AnnotationUtils$$Lambda+0x000002f1a6038650
instanceKlass  @bci org/junit/platform/commons/util/AnnotationUtils isRepeatableAnnotationContainer (Ljava/lang/Class;)Z 4 <appendix> argL0 ; # org/junit/platform/commons/util/AnnotationUtils$$Lambda+0x000002f1a6038418
instanceKlass  @bci org/junit/platform/commons/util/AnnotationUtils findRepeatableAnnotations (Ljava/lang/reflect/AnnotatedElement;Ljava/lang/Class;)Ljava/util/List; 19 <appendix> member <vmtarget> ; # org/junit/platform/commons/util/AnnotationUtils$$Lambda+0x000002f1a60381f8
instanceKlass org/junit/jupiter/api/Tags
instanceKlass org/junit/jupiter/api/Tag
instanceKlass  @bci org/junit/jupiter/engine/config/DefaultJupiterConfiguration getDefaultDisplayNameGenerator ()Lorg/junit/jupiter/api/DisplayNameGenerator; 12 <appendix> argL0 ; # org/junit/jupiter/engine/config/DefaultJupiterConfiguration$$Lambda+0x000002f1a6037ae8
instanceKlass  @bci org/junit/jupiter/engine/config/InstantiatingConfigurationParameterConverter supply (Lorg/junit/platform/engine/ConfigurationParameters;Ljava/lang/String;)Ljava/util/function/Supplier; 33 <appendix> argL0 ; # org/junit/jupiter/engine/config/InstantiatingConfigurationParameterConverter$$Lambda+0x000002f1a60378d0
instanceKlass  @bci org/junit/jupiter/engine/config/InstantiatingConfigurationParameterConverter supply (Lorg/junit/platform/engine/ConfigurationParameters;Ljava/lang/String;)Ljava/util/function/Supplier; 25 <appendix> member <vmtarget> ; # org/junit/jupiter/engine/config/InstantiatingConfigurationParameterConverter$$Lambda+0x000002f1a6037690
instanceKlass  @bci org/junit/jupiter/engine/config/InstantiatingConfigurationParameterConverter supply (Lorg/junit/platform/engine/ConfigurationParameters;Ljava/lang/String;)Ljava/util/function/Supplier; 15 <appendix> argL0 ; # org/junit/jupiter/engine/config/InstantiatingConfigurationParameterConverter$$Lambda+0x000002f1a6037448
instanceKlass  @bci org/junit/jupiter/engine/config/InstantiatingConfigurationParameterConverter supply (Lorg/junit/platform/engine/ConfigurationParameters;Ljava/lang/String;)Ljava/util/function/Supplier; 7 <appendix> argL0 ; # org/junit/jupiter/engine/config/InstantiatingConfigurationParameterConverter$$Lambda+0x000002f1a6037210
instanceKlass  @bci java/io/Console instantiateConsole (Z)Ljava/io/Console; 1 <bsm> form vmentry <vmtarget> ; # java/lang/invoke/LambdaForm$DMH+0x000002f1a602cc00
instanceKlass java/lang/invoke/MethodHandle$1
instanceKlass  @bci org/junit/jupiter/engine/config/CachingJupiterConfiguration getDefaultDisplayNameGenerator ()Lorg/junit/jupiter/api/DisplayNameGenerator; 7 <appendix> member <vmtarget> ; # org/junit/jupiter/engine/config/CachingJupiterConfiguration$$Lambda+0x000002f1a6036fd0
instanceKlass  @bci org/junit/jupiter/engine/descriptor/DisplayNameUtils lambda$createDisplayNameSupplier$5 (Ljava/lang/Class;Ljava/util/function/Function;Lorg/junit/jupiter/engine/config/JupiterConfiguration;)Ljava/lang/String; 10 <appendix> member <vmtarget> ; # org/junit/jupiter/engine/descriptor/DisplayNameUtils$$Lambda+0x000002f1a6036db0
instanceKlass  @bci org/junit/jupiter/engine/descriptor/DisplayNameUtils findDisplayNameGenerator (Ljava/lang/Class;)Ljava/util/Optional; 22 <appendix> argL0 ; # org/junit/jupiter/engine/descriptor/DisplayNameUtils$$Lambda+0x000002f1a6036b78
instanceKlass  @bci org/junit/jupiter/engine/descriptor/DisplayNameUtils findDisplayNameGenerator (Ljava/lang/Class;)Ljava/util/Optional; 14 <appendix> argL0 ; # org/junit/jupiter/engine/descriptor/DisplayNameUtils$$Lambda+0x000002f1a6036940
instanceKlass org/junit/jupiter/api/DisplayNameGeneration
instanceKlass org/junit/jupiter/api/extension/Extensions
instanceKlass org/springframework/test/context/junit/jupiter/SpringExtension
instanceKlass org/junit/jupiter/api/extension/AfterTestExecutionCallback
instanceKlass org/junit/jupiter/api/extension/BeforeTestExecutionCallback
instanceKlass org/junit/jupiter/api/extension/AfterEachCallback
instanceKlass org/junit/jupiter/api/extension/BeforeEachCallback
instanceKlass org/junit/jupiter/api/extension/TestInstancePostProcessor
instanceKlass org/junit/jupiter/api/extension/AfterAllCallback
instanceKlass org/junit/jupiter/api/extension/BeforeAllCallback
instanceKlass org/springframework/test/context/support/AbstractTestContextBootstrapper
instanceKlass org/springframework/test/context/TestContextBootstrapper
instanceKlass africa/semicolon/wallet/UserServiceParameterResolver
instanceKlass org/junit/jupiter/api/extension/ParameterResolver
instanceKlass org/junit/jupiter/api/extension/Extension
instanceKlass org/junit/jupiter/api/extension/ExtendWith
instanceKlass org/springframework/test/context/BootstrapWith
instanceKlass jdk/internal/foreign/MemorySessionImpl
instanceKlass java/lang/foreign/MemorySegment$Scope
instanceKlass  @bci sun/reflect/annotation/AnnotationParser parseClassArray (ILjava/nio/ByteBuffer;Ljdk/internal/reflect/ConstantPool;Ljava/lang/Class;)Ljava/lang/Object; 10 <appendix> member <vmtarget> ; # sun/reflect/annotation/AnnotationParser$$Lambda+0x000002f1a606f970
instanceKlass org/springframework/boot/test/context/SpringBootTest
instanceKlass org/junit/jupiter/api/DisplayName
instanceKlass org/junit/platform/engine/support/descriptor/ClassSource
instanceKlass  @bci org/junit/jupiter/engine/descriptor/DisplayNameUtils createDisplayNameSupplier (Ljava/lang/Class;Lorg/junit/jupiter/engine/config/JupiterConfiguration;Ljava/util/function/Function;)Ljava/util/function/Supplier; 3 <appendix> member <vmtarget> ; # org/junit/jupiter/engine/descriptor/DisplayNameUtils$$Lambda+0x000002f1a60328d0
instanceKlass  @bci org/junit/jupiter/engine/descriptor/DisplayNameUtils createDisplayNameSupplierForClass (Ljava/lang/Class;Lorg/junit/jupiter/engine/config/JupiterConfiguration;)Ljava/util/function/Supplier; 3 <appendix> member <vmtarget> ; # org/junit/jupiter/engine/descriptor/DisplayNameUtils$$Lambda+0x000002f1a6032690
instanceKlass org/junit/jupiter/api/DisplayNameGenerator$IndicativeSentences
instanceKlass org/junit/jupiter/api/DisplayNameGenerator$Standard
instanceKlass org/junit/jupiter/engine/descriptor/DisplayNameUtils
instanceKlass org/junit/jupiter/engine/execution/InvocationInterceptorChain
instanceKlass org/junit/jupiter/api/extension/InvocationInterceptor$Invocation
instanceKlass org/junit/jupiter/api/extension/ReflectiveInvocationContext
instanceKlass org/junit/jupiter/engine/execution/InterceptingExecutableInvoker
instanceKlass org/junit/jupiter/api/extension/ConditionEvaluationResult
instanceKlass org/junit/jupiter/engine/execution/ConditionEvaluator
instanceKlass org/junit/jupiter/api/extension/TestInstanceFactoryContext
instanceKlass org/junit/jupiter/engine/extension/ExtensionRegistrar
instanceKlass org/junit/jupiter/engine/extension/ExtensionRegistry
instanceKlass  @bci org/junit/jupiter/engine/discovery/ClassSelectorResolver resolve (Lorg/junit/platform/engine/discovery/ClassSelector;Lorg/junit/platform/engine/support/discovery/SelectorResolver$Context;)Lorg/junit/platform/engine/support/discovery/SelectorResolver$Resolution; 35 <appendix> member <vmtarget> ; # org/junit/jupiter/engine/discovery/ClassSelectorResolver$$Lambda+0x000002f1a602d240
instanceKlass  @bci org/junit/jupiter/engine/discovery/MethodSelectorResolver$MethodType resolve (Ljava/util/List;Ljava/lang/Class;Ljava/lang/reflect/Method;Lorg/junit/platform/engine/support/discovery/SelectorResolver$Context;Lorg/junit/jupiter/engine/config/JupiterConfiguration;)Ljava/util/Optional; 32 <appendix> member <vmtarget> ; # org/junit/jupiter/engine/discovery/MethodSelectorResolver$MethodType$$Lambda+0x000002f1a602d000
instanceKlass  @bci org/junit/jupiter/engine/discovery/MethodSelectorResolver$MethodType resolve (Ljava/util/List;Ljava/lang/Class;Ljava/lang/reflect/Method;Lorg/junit/platform/engine/support/discovery/SelectorResolver$Context;Lorg/junit/jupiter/engine/config/JupiterConfiguration;)Ljava/util/Optional; 22 <appendix> member <vmtarget> ; # org/junit/jupiter/engine/discovery/MethodSelectorResolver$MethodType$$Lambda+0x000002f1a602fcd8
instanceKlass  @bci org/junit/jupiter/engine/discovery/MethodSelectorResolver resolve (Lorg/junit/platform/engine/support/discovery/SelectorResolver$Context;Ljava/util/List;Ljava/lang/Class;Ljava/util/function/Supplier;Ljava/util/function/BiFunction;)Lorg/junit/platform/engine/support/discovery/SelectorResolver$Resolution; 73 <appendix> member <vmtarget> ; # org/junit/jupiter/engine/discovery/MethodSelectorResolver$$Lambda+0x000002f1a602fa98
instanceKlass  @bci org/junit/jupiter/engine/discovery/MethodSelectorResolver resolve (Lorg/junit/platform/engine/support/discovery/SelectorResolver$Context;Ljava/util/List;Ljava/lang/Class;Ljava/util/function/Supplier;Ljava/util/function/BiFunction;)Lorg/junit/platform/engine/support/discovery/SelectorResolver$Resolution; 60 <appendix> argL0 ; # org/junit/jupiter/engine/discovery/MethodSelectorResolver$$Lambda+0x000002f1a602f860
instanceKlass  @bci org/junit/jupiter/engine/discovery/MethodSelectorResolver resolve (Lorg/junit/platform/engine/support/discovery/SelectorResolver$Context;Ljava/util/List;Ljava/lang/Class;Ljava/util/function/Supplier;Ljava/util/function/BiFunction;)Lorg/junit/platform/engine/support/discovery/SelectorResolver$Resolution; 50 <appendix> argL0 ; # org/junit/jupiter/engine/discovery/MethodSelectorResolver$$Lambda+0x000002f1a602f618
instanceKlass  @bci org/junit/jupiter/engine/discovery/MethodSelectorResolver resolve (Lorg/junit/platform/engine/support/discovery/SelectorResolver$Context;Ljava/util/List;Ljava/lang/Class;Ljava/util/function/Supplier;Ljava/util/function/BiFunction;)Lorg/junit/platform/engine/support/discovery/SelectorResolver$Resolution; 40 <appendix> form vmentry <vmtarget> ; # java/lang/invoke/LambdaForm$DMH+0x000002f1a602c800
instanceKlass  @bci org/junit/jupiter/engine/discovery/MethodSelectorResolver resolve (Lorg/junit/platform/engine/support/discovery/SelectorResolver$Context;Ljava/util/List;Ljava/lang/Class;Ljava/util/function/Supplier;Ljava/util/function/BiFunction;)Lorg/junit/platform/engine/support/discovery/SelectorResolver$Resolution; 40 <appendix> member <vmtarget> ; # org/junit/jupiter/engine/discovery/MethodSelectorResolver$$Lambda+0x000002f1a602f3d8
instanceKlass  @bci org/junit/platform/engine/discovery/MethodSelector lazyLoadJavaMethod ()V 74 <appendix> member <vmtarget> ; # org/junit/platform/engine/discovery/MethodSelector$$Lambda+0x000002f1a602e6a8
instanceKlass java/lang/annotation/Repeatable
instanceKlass org/springframework/test/context/jdbc/SqlConfig
instanceKlass org/springframework/test/context/jdbc/Sql
instanceKlass java/lang/Class$AnnotationData
instanceKlass org/junit/platform/commons/annotation/Testable
instanceKlass org/apiguardian/api/API
instanceKlass  @bci org/springframework/boot/context/config/ConfigDataLocationResolvers resolve (Lorg/springframework/boot/context/config/ConfigDataLocationResolver;Lorg/springframework/boot/context/config/ConfigDataLocationResolverContext;Lorg/springframework/boot/context/config/ConfigDataLocation;Lorg/springframework/boot/context/config/Profiles;)Ljava/util/List; 32 <appendix> form vmentry <vmtarget> ; # java/lang/invoke/LambdaForm$DMH+0x000002f1a602c400
instanceKlass  @bci sun/reflect/annotation/AnnotationParser parseEnumArray (ILjava/lang/Class;Ljava/nio/ByteBuffer;Ljdk/internal/reflect/ConstantPool;Ljava/lang/Class;)Ljava/lang/Object; 16 <appendix> member <vmtarget> ; # sun/reflect/annotation/AnnotationParser$$Lambda+0x000002f1a606e7b8
# instanceKlass java/lang/invoke/LambdaForm$MH+0x000002f1a602c000
instanceKlass java/lang/reflect/Proxy$ProxyBuilder$1
instanceKlass jdk/internal/org/objectweb/asm/Edge
instanceKlass  @bci java/lang/reflect/ProxyGenerator addProxyMethod (Ljava/lang/reflect/Method;Ljava/lang/Class;)V 23 <appendix> argL0 ; # java/lang/reflect/ProxyGenerator$$Lambda+0x000002f1a606dac0
instanceKlass  @bci java/lang/reflect/ProxyGenerator addProxyMethod (Ljava/lang/reflect/ProxyGenerator$ProxyMethod;)V 10 <appendix> argL0 ; # java/lang/reflect/ProxyGenerator$$Lambda+0x000002f1a606d888
instanceKlass java/lang/reflect/ProxyGenerator$ProxyMethod
instanceKlass  @bci java/lang/reflect/Proxy getLoader (Ljava/lang/Module;)Ljava/lang/ClassLoader; 6 <appendix> member <vmtarget> ; # java/lang/reflect/Proxy$$Lambda+0x000002f1a606d148
instanceKlass  @bci java/lang/WeakPairMap computeIfAbsent (Ljava/lang/Object;Ljava/lang/Object;Ljava/util/function/BiFunction;)Ljava/lang/Object; 18 <appendix> member <vmtarget> ; # java/lang/WeakPairMap$$Lambda+0x000002f1a606cd00
instanceKlass  @bci java/lang/Module implAddExportsOrOpens (Ljava/lang/String;Ljava/lang/Module;ZZ)V 145 <appendix> argL0 ; # java/lang/Module$$Lambda+0x000002f1a606cad8
instanceKlass  @bci java/lang/module/ModuleDescriptor$Builder packages (Ljava/util/Set;)Ljava/lang/module/ModuleDescriptor$Builder; 17 <appendix> argL0 ; # java/lang/module/ModuleDescriptor$Builder$$Lambda+0x800000002
instanceKlass jdk/internal/module/Checks
instanceKlass java/lang/module/ModuleDescriptor$Builder
instanceKlass  @bci java/lang/reflect/Proxy$ProxyBuilder getDynamicModule (Ljava/lang/ClassLoader;)Ljava/lang/Module; 4 <appendix> argL0 ; # java/lang/reflect/Proxy$ProxyBuilder$$Lambda+0x000002f1a606c1a0
instanceKlass java/util/Collections$1
instanceKlass java/lang/reflect/Proxy$ProxyBuilder
instanceKlass  @bci java/lang/reflect/Proxy getProxyConstructor (Ljava/lang/Class;Ljava/lang/ClassLoader;[Ljava/lang/Class;)Ljava/lang/reflect/Constructor; 35 <appendix> argL0 ; # java/lang/reflect/Proxy$$Lambda+0x000002f1a606bd70
instanceKlass sun/reflect/annotation/AnnotationInvocationHandler
instanceKlass sun/reflect/annotation/AnnotationParser$1
instanceKlass sun/reflect/annotation/ExceptionProxy
instanceKlass java/lang/annotation/Documented
instanceKlass java/lang/annotation/Retention
instanceKlass sun/reflect/annotation/AnnotationType$1
instanceKlass sun/reflect/annotation/AnnotationType
instanceKlass java/lang/reflect/GenericArrayType
instanceKlass java/lang/annotation/Target
instanceKlass sun/reflect/generics/visitor/Reifier
instanceKlass sun/reflect/generics/visitor/TypeTreeVisitor
instanceKlass sun/reflect/generics/factory/CoreReflectionFactory
instanceKlass sun/reflect/generics/factory/GenericsFactory
instanceKlass sun/reflect/generics/scope/AbstractScope
instanceKlass sun/reflect/generics/scope/Scope
instanceKlass sun/reflect/generics/tree/ClassTypeSignature
instanceKlass sun/reflect/generics/tree/SimpleClassTypeSignature
instanceKlass sun/reflect/generics/tree/FieldTypeSignature
instanceKlass sun/reflect/generics/tree/BaseType
instanceKlass sun/reflect/generics/tree/TypeSignature
instanceKlass sun/reflect/generics/tree/ReturnType
instanceKlass sun/reflect/generics/tree/TypeArgument
instanceKlass sun/reflect/generics/tree/TypeTree
instanceKlass sun/reflect/generics/tree/Tree
instanceKlass sun/reflect/generics/parser/SignatureParser
instanceKlass java/lang/annotation/Inherited
instanceKlass org/junit/platform/commons/util/AnnotationUtils
instanceKlass  @bci org/junit/jupiter/engine/discovery/MethodSelectorResolver resolve (Lorg/junit/platform/engine/discovery/MethodSelector;Lorg/junit/platform/engine/support/discovery/SelectorResolver$Context;)Lorg/junit/platform/engine/support/discovery/SelectorResolver$Resolution; 20 <appendix> argL0 ; # org/junit/jupiter/engine/discovery/MethodSelectorResolver$$Lambda+0x000002f1a6029c18
instanceKlass  @bci org/junit/jupiter/engine/discovery/MethodSelectorResolver resolve (Lorg/junit/platform/engine/discovery/MethodSelector;Lorg/junit/platform/engine/support/discovery/SelectorResolver$Context;)Lorg/junit/platform/engine/support/discovery/SelectorResolver$Resolution; 15 <appendix> member <vmtarget> ; # org/junit/jupiter/engine/discovery/MethodSelectorResolver$$Lambda+0x000002f1a60299f8
instanceKlass  @bci org/junit/platform/engine/discovery/MethodSelector lazyLoadJavaClass ()V 39 <appendix> member <vmtarget> ; # org/junit/platform/engine/discovery/MethodSelector$$Lambda+0x000002f1a60297b8
instanceKlass  @bci org/junit/platform/commons/function/Try call (Ljava/util/concurrent/Callable;)Lorg/junit/platform/commons/function/Try; 8 <appendix> member <vmtarget> ; # org/junit/platform/commons/function/Try$$Lambda+0x000002f1a6029598
instanceKlass  @bci org/junit/platform/commons/util/ReflectionUtils tryToLoadClass (Ljava/lang/String;Ljava/lang/ClassLoader;)Lorg/junit/platform/commons/function/Try; 51 <appendix> member <vmtarget> ; # org/junit/platform/commons/util/ReflectionUtils$$Lambda+0x000002f1a6028ed8
instanceKlass java/util/concurrent/Callable
instanceKlass org/junit/platform/engine/discovery/FileSelector
instanceKlass org/junit/platform/engine/discovery/DirectorySelector
instanceKlass org/junit/platform/engine/discovery/NestedClassSelector
instanceKlass org/junit/platform/engine/discovery/IterationSelector
instanceKlass org/junit/platform/engine/discovery/ClassSelector
instanceKlass org/junit/platform/engine/discovery/ClasspathRootSelector
instanceKlass org/junit/platform/engine/discovery/ClasspathResourceSelector
instanceKlass  @bci org/junit/platform/engine/support/discovery/EngineDiscoveryRequestResolution resolve (Lorg/junit/platform/engine/DiscoverySelector;Ljava/util/function/Function;)Ljava/util/Optional; 15 <appendix> argL0 ; # org/junit/platform/engine/support/discovery/EngineDiscoveryRequestResolution$$Lambda+0x000002f1a6021cf0
instanceKlass  @bci org/junit/platform/engine/support/discovery/EngineDiscoveryRequestResolution resolve (Lorg/junit/platform/engine/DiscoverySelector;)Ljava/util/Optional; 50 <appendix> member <vmtarget> ; # org/junit/platform/engine/support/discovery/EngineDiscoveryRequestResolution$$Lambda+0x000002f1a6021ab0
instanceKlass org/junit/platform/engine/support/discovery/SelectorResolver$Resolution
instanceKlass org/junit/platform/engine/discovery/UniqueIdSelector
instanceKlass  @bci java/util/ArrayDeque copyElements (Ljava/util/Collection;)V 2 <appendix> member <vmtarget> ; # java/util/ArrayDeque$$Lambda+0x000002f1a60668e8
instanceKlass  @bci org/junit/platform/launcher/core/DefaultDiscoveryRequest getSelectorsByType (Ljava/lang/Class;)Ljava/util/List; 38 <appendix> member <vmtarget> ; # org/junit/platform/launcher/core/DefaultDiscoveryRequest$$Lambda+0x000002f1a6021440
instanceKlass  @bci org/junit/platform/launcher/core/DefaultDiscoveryRequest getSelectorsByType (Ljava/lang/Class;)Ljava/util/List; 22 <appendix> member <vmtarget> ; # org/junit/platform/launcher/core/DefaultDiscoveryRequest$$Lambda+0x000002f1a60211f0
instanceKlass  @bci org/junit/platform/engine/support/discovery/SelectorResolver$Match exact (Lorg/junit/platform/engine/TestDescriptor;)Lorg/junit/platform/engine/support/discovery/SelectorResolver$Match; 1 <appendix> argL0 ; # org/junit/platform/engine/support/discovery/SelectorResolver$Match$$Lambda+0x000002f1a6023a30
instanceKlass org/junit/platform/engine/support/discovery/SelectorResolver$Match
instanceKlass org/junit/platform/engine/support/discovery/EngineDiscoveryRequestResolution$DefaultContext
instanceKlass org/junit/platform/engine/support/discovery/SelectorResolver$Context
instanceKlass org/junit/platform/engine/support/discovery/EngineDiscoveryRequestResolution
instanceKlass  @bci org/junit/jupiter/engine/discovery/DiscoverySelectorResolver lambda$static$4 (Lorg/junit/platform/engine/support/discovery/EngineDiscoveryRequestResolver$InitializationContext;)Lorg/junit/platform/engine/TestDescriptor$Visitor; 0 <appendix> argL0 ; # org/junit/jupiter/engine/discovery/DiscoverySelectorResolver$$Lambda+0x000002f1a6022fa8
instanceKlass  @cpi org/junit/platform/engine/support/hierarchical/SameThreadHierarchicalTestExecutorService 70 form vmentry <vmtarget> ; # java/lang/invoke/LambdaForm$DMH+0x000002f1a6020c00
instanceKlass org/junit/jupiter/api/MethodOrdererContext
instanceKlass org/junit/jupiter/api/ClassOrdererContext
instanceKlass org/junit/jupiter/engine/discovery/AbstractOrderingVisitor
instanceKlass org/junit/jupiter/engine/discovery/MethodFinder
instanceKlass org/junit/jupiter/engine/discovery/MethodSelectorResolver
instanceKlass org/junit/jupiter/engine/discovery/ClassSelectorResolver
instanceKlass org/junit/platform/engine/support/discovery/ClassContainerSelectorResolver
instanceKlass  @bci org/junit/platform/engine/support/discovery/EngineDiscoveryRequestResolver instantiate (Ljava/util/List;Lorg/junit/platform/engine/support/discovery/EngineDiscoveryRequestResolver$InitializationContext;)Ljava/util/List; 17 <appendix> argL0 ; # org/junit/platform/engine/support/discovery/EngineDiscoveryRequestResolver$$Lambda+0x000002f1a6027718
instanceKlass  @bci org/junit/platform/engine/support/discovery/EngineDiscoveryRequestResolver instantiate (Ljava/util/List;Lorg/junit/platform/engine/support/discovery/EngineDiscoveryRequestResolver$InitializationContext;)Ljava/util/List; 7 <appendix> member <vmtarget> ; # org/junit/platform/engine/support/discovery/EngineDiscoveryRequestResolver$$Lambda+0x000002f1a60274d8
instanceKlass  @bci org/junit/platform/engine/CompositeFilter$1 toPredicate ()Ljava/util/function/Predicate; 0 <appendix> argL0 ; # org/junit/platform/engine/CompositeFilter$1$$Lambda+0x000002f1a6027290
instanceKlass org/junit/platform/engine/CompositeFilter$1
instanceKlass org/junit/platform/engine/CompositeFilter
instanceKlass org/junit/platform/engine/discovery/PackageNameFilter
instanceKlass  @bci java/util/stream/Collectors toList ()Ljava/util/stream/Collector; 14 <appendix> argL0 ; # java/util/stream/Collectors$$Lambda+0x000002f1a60666a8
instanceKlass  @bci java/util/stream/Collectors toList ()Ljava/util/stream/Collector; 9 <appendix> argL0 ; # java/util/stream/Collectors$$Lambda+0x000002f1a6066480
instanceKlass  @bci java/util/stream/Collectors toList ()Ljava/util/stream/Collector; 4 <appendix> argL0 ; # java/util/stream/Collectors$$Lambda+0x000002f1a6066268
instanceKlass  @bci org/junit/platform/launcher/core/DefaultDiscoveryRequest getFiltersByType (Ljava/lang/Class;)Ljava/util/List; 38 <appendix> member <vmtarget> ; # org/junit/platform/launcher/core/DefaultDiscoveryRequest$$Lambda+0x000002f1a60269f0
instanceKlass  @bci org/junit/platform/launcher/core/DefaultDiscoveryRequest getFiltersByType (Ljava/lang/Class;)Ljava/util/List; 22 <appendix> member <vmtarget> ; # org/junit/platform/launcher/core/DefaultDiscoveryRequest$$Lambda+0x000002f1a60267a0
instanceKlass  @cpi org/springframework/boot/context/config/ConfigDataEnvironmentContributors 515 form vmentry <vmtarget> ; # java/lang/invoke/LambdaForm$DMH+0x000002f1a6020800
instanceKlass org/junit/platform/engine/discovery/ClassNameFilter
instanceKlass org/junit/platform/engine/DiscoveryFilter
instanceKlass org/junit/platform/engine/support/discovery/EngineDiscoveryRequestResolver$DefaultInitializationContext
instanceKlass  @bci org/junit/jupiter/engine/discovery/DiscoverySelectorResolver <clinit> ()V 45 <appendix> argL0 ; # org/junit/jupiter/engine/discovery/DiscoverySelectorResolver$$Lambda+0x000002f1a6025f30
instanceKlass  @bci org/junit/jupiter/engine/discovery/DiscoverySelectorResolver <clinit> ()V 37 <appendix> argL0 ; # org/junit/jupiter/engine/discovery/DiscoverySelectorResolver$$Lambda+0x000002f1a6025cf8
instanceKlass  @bci org/junit/jupiter/engine/discovery/DiscoverySelectorResolver <clinit> ()V 29 <appendix> argL0 ; # org/junit/jupiter/engine/discovery/DiscoverySelectorResolver$$Lambda+0x000002f1a6025ac0
instanceKlass  @bci org/junit/jupiter/engine/discovery/DiscoverySelectorResolver <clinit> ()V 21 <appendix> argL0 ; # org/junit/jupiter/engine/discovery/DiscoverySelectorResolver$$Lambda+0x000002f1a6025888
instanceKlass  @bci org/junit/jupiter/engine/discovery/DiscoverySelectorResolver <clinit> ()V 13 <appendix> argL0 ; # org/junit/jupiter/engine/discovery/DiscoverySelectorResolver$$Lambda+0x000002f1a6025650
instanceKlass  @bci org/junit/platform/engine/support/discovery/EngineDiscoveryRequestResolver$Builder addClassContainerSelectorResolver (Ljava/util/function/Predicate;)Lorg/junit/platform/engine/support/discovery/EngineDiscoveryRequestResolver$Builder; 9 <appendix> member <vmtarget> ; # org/junit/platform/engine/support/discovery/EngineDiscoveryRequestResolver$Builder$$Lambda+0x000002f1a6025410
instanceKlass org/junit/jupiter/engine/discovery/predicates/IsInnerClass
instanceKlass org/junit/jupiter/engine/discovery/predicates/IsNestedTestClass
instanceKlass org/junit/jupiter/engine/discovery/predicates/IsPotentialTestContainer
instanceKlass  @bci java/util/function/Predicate or (Ljava/util/function/Predicate;)Ljava/util/function/Predicate; 7 <appendix> member <vmtarget> ; # java/util/function/Predicate$$Lambda+0x000002f1a6066018
instanceKlass  @cpi org/springframework/util/ReflectionUtils$MethodFilter 50 form vmentry <vmtarget> ; # java/lang/invoke/LambdaForm$DMH+0x000002f1a6020400
instanceKlass org/junit/jupiter/api/TestTemplate
instanceKlass org/junit/jupiter/api/TestFactory
instanceKlass org/junit/jupiter/api/Test
instanceKlass org/junit/jupiter/engine/discovery/predicates/IsTestableMethod
instanceKlass org/junit/jupiter/engine/discovery/predicates/IsTestClassWithTests
instanceKlass org/junit/platform/engine/support/discovery/EngineDiscoveryRequestResolver$Builder
instanceKlass org/junit/platform/engine/support/discovery/EngineDiscoveryRequestResolver$InitializationContext
instanceKlass org/junit/platform/engine/support/discovery/EngineDiscoveryRequestResolver
instanceKlass org/junit/platform/engine/TestDescriptor$Visitor
instanceKlass org/junit/platform/engine/support/discovery/SelectorResolver
instanceKlass org/junit/jupiter/engine/discovery/DiscoverySelectorResolver
instanceKlass org/junit/jupiter/api/extension/ExtensionContext
instanceKlass org/junit/jupiter/api/extension/ExecutableInvoker
instanceKlass org/junit/platform/engine/support/hierarchical/Node
instanceKlass org/junit/jupiter/api/io/TempDirFactory
instanceKlass org/junit/jupiter/api/ClassOrderer
instanceKlass org/junit/jupiter/api/MethodOrderer
instanceKlass org/junit/jupiter/api/DisplayNameGenerator
instanceKlass org/junit/jupiter/engine/config/InstantiatingConfigurationParameterConverter
instanceKlass org/junit/jupiter/engine/config/EnumConfigurationParameterConverter
instanceKlass org/junit/jupiter/engine/config/DefaultJupiterConfiguration
instanceKlass org/junit/jupiter/engine/config/CachingJupiterConfiguration
instanceKlass  @bci org/junit/platform/launcher/core/EngineDiscoveryOrchestrator discoverSafely (Lorg/junit/platform/launcher/LauncherDiscoveryRequest;Lorg/junit/platform/launcher/core/EngineDiscoveryOrchestrator$Phase;Lorg/junit/platform/launcher/LauncherDiscoveryListener;Ljava/util/function/Function;)Ljava/util/Map; 96 <appendix> member <vmtarget> ; # org/junit/platform/launcher/core/EngineDiscoveryOrchestrator$$Lambda+0x000002f1a601c8c0
instanceKlass  @bci java/util/stream/MatchOps makeRef (Ljava/util/function/Predicate;Ljava/util/stream/MatchOps$MatchKind;)Ljava/util/stream/TerminalOp; 20 <appendix> member <vmtarget> ; # java/util/stream/MatchOps$$Lambda+0x000002f1a6065b40
instanceKlass java/util/stream/MatchOps$BooleanTerminalSink
instanceKlass java/util/stream/MatchOps$MatchOp
instanceKlass java/util/stream/MatchOps
instanceKlass  @bci org/junit/platform/launcher/core/EngineFilterer isExcluded (Lorg/junit/platform/engine/TestEngine;)Z 20 <appendix> argL0 ; # org/junit/platform/launcher/core/EngineFilterer$$Lambda+0x000002f1a601c678
instanceKlass  @cpi org/springframework/boot/env/OriginTrackedPropertiesLoader 259 form vmentry <vmtarget> ; # java/lang/invoke/LambdaForm$DMH+0x000002f1a6020000
instanceKlass  @bci org/junit/platform/launcher/core/EngineFilterer isExcluded (Lorg/junit/platform/engine/TestEngine;)Z 10 <appendix> member <vmtarget> ; # org/junit/platform/launcher/core/EngineFilterer$$Lambda+0x000002f1a601c438
instanceKlass org/junit/platform/engine/FilterResult
instanceKlass org/junit/platform/launcher/EngineFilter
instanceKlass org/junit/platform/launcher/core/EngineFilterer
instanceKlass  @bci org/junit/platform/launcher/core/EngineDiscoveryOrchestrator discover (Lorg/junit/platform/launcher/LauncherDiscoveryRequest;Lorg/junit/platform/launcher/core/EngineDiscoveryOrchestrator$Phase;)Lorg/junit/platform/launcher/core/LauncherDiscoveryResult; 3 <appendix> argL0 ; # org/junit/platform/launcher/core/EngineDiscoveryOrchestrator$$Lambda+0x000002f1a601bb78
instanceKlass  @bci org/junit/platform/launcher/core/SessionPerRequestLauncher createSession ()Lorg/junit/platform/launcher/LauncherSession; 77 <appendix> member <vmtarget> ; # org/junit/platform/launcher/core/SessionPerRequestLauncher$$Lambda+0x000002f1a601b708
instanceKlass  @bci org/junit/platform/launcher/core/SessionPerRequestLauncher createSession ()Lorg/junit/platform/launcher/LauncherSession; 51 <appendix> member <vmtarget> ; # org/junit/platform/launcher/core/SessionPerRequestLauncher$$Lambda+0x000002f1a601b4d8
instanceKlass org/junit/platform/launcher/core/DelegatingLauncher
instanceKlass  @bci org/junit/platform/launcher/core/LauncherFactory registerTestExecutionListeners (Lorg/junit/platform/launcher/core/LauncherConfig;Lorg/junit/platform/launcher/Launcher;Lorg/junit/platform/launcher/core/LauncherConfigurationParameters;)V 41 <appendix> member <vmtarget> ; # org/junit/platform/launcher/core/LauncherFactory$$Lambda+0x000002f1a601b040
instanceKlass org/junit/platform/launcher/listeners/UniqueIdTrackingListener
instanceKlass java/util/stream/ForEachOps$ForEachOp
instanceKlass java/util/stream/ForEachOps
instanceKlass  @bci org/junit/platform/launcher/core/LauncherFactory registerTestExecutionListeners (Lorg/junit/platform/launcher/core/LauncherConfig;Lorg/junit/platform/launcher/Launcher;Lorg/junit/platform/launcher/core/LauncherConfigurationParameters;)V 19 <appendix> member <vmtarget> ; # org/junit/platform/launcher/core/LauncherFactory$$Lambda+0x000002f1a601ab88
instanceKlass  @bci org/junit/platform/commons/util/ClassNamePatternFilterUtils excludeMatchingClasses (Ljava/lang/String;Ljava/util/function/Function;)Ljava/util/function/Predicate; 29 <appendix> argL0 ; # org/junit/platform/commons/util/ClassNamePatternFilterUtils$$Lambda+0x000002f1a601a940
instanceKlass  @bci org/junit/platform/commons/util/ClassNamePatternFilterUtils excludeMatchingClasses (Ljava/lang/String;Ljava/util/function/Function;)Ljava/util/function/Predicate; 21 <appendix> member <vmtarget> ; # org/junit/platform/commons/util/ClassNamePatternFilterUtils$$Lambda+0x000002f1a601a700
instanceKlass  @bci org/junit/platform/commons/util/ClassNamePatternFilterUtils excludeMatchingClasses (Ljava/lang/String;Ljava/util/function/Function;)Ljava/util/function/Predicate; 12 <appendix> argL0 ; # org/junit/platform/commons/util/ClassNamePatternFilterUtils$$Lambda+0x000002f1a601a4c8
instanceKlass  @bci org/junit/platform/commons/util/ClassNamePatternFilterUtils excludeMatchingClasses (Ljava/lang/String;Ljava/util/function/Function;)Ljava/util/function/Predicate; 4 <appendix> argL0 ; # org/junit/platform/commons/util/ClassNamePatternFilterUtils$$Lambda+0x000002f1a601a280
instanceKlass  @bci org/junit/platform/commons/util/ClassNamePatternFilterUtils excludeMatchingClasses (Ljava/lang/String;)Ljava/util/function/Predicate; 1 <appendix> argL0 ; # org/junit/platform/commons/util/ClassNamePatternFilterUtils$$Lambda+0x000002f1a601a048
instanceKlass org/junit/platform/commons/util/ClassNamePatternFilterUtils
instanceKlass  @bci org/junit/platform/launcher/core/LauncherFactory registerLauncherDiscoveryListeners (Lorg/junit/platform/launcher/core/LauncherConfig;Lorg/junit/platform/launcher/Launcher;)V 42 <appendix> member <vmtarget> ; # org/junit/platform/launcher/core/LauncherFactory$$Lambda+0x000002f1a6019c18
instanceKlass  @bci org/junit/platform/launcher/core/LauncherFactory registerLauncherDiscoveryListeners (Lorg/junit/platform/launcher/core/LauncherConfig;Lorg/junit/platform/launcher/Launcher;)V 20 <appendix> member <vmtarget> ; # org/junit/platform/launcher/core/LauncherFactory$$Lambda+0x000002f1a60199e8
instanceKlass org/junit/platform/launcher/core/EngineIdValidator
instanceKlass org/junit/platform/launcher/core/EngineDiscoveryResultValidator
instanceKlass org/junit/platform/launcher/core/EngineDiscoveryOrchestrator
instanceKlass  @bci org/junit/platform/launcher/core/DefaultLauncher <init> (Ljava/lang/Iterable;Ljava/util/Collection;)V 56 <appendix> argL0 ; # org/junit/platform/launcher/core/DefaultLauncher$$Lambda+0x000002f1a60191a8
instanceKlass org/junit/platform/engine/EngineExecutionListener
instanceKlass org/junit/platform/launcher/TestPlan$Visitor
instanceKlass org/junit/platform/launcher/core/EngineExecutionOrchestrator
instanceKlass org/junit/platform/launcher/TestPlan
instanceKlass org/junit/platform/launcher/core/DefaultLauncher
instanceKlass  @bci org/junit/platform/launcher/core/LauncherFactory collectPostDiscoveryFilters (Lorg/junit/platform/launcher/core/LauncherConfig;)Ljava/util/List; 28 <appendix> member <vmtarget> ; # org/junit/platform/launcher/core/LauncherFactory$$Lambda+0x000002f1a60181f8
instanceKlass org/junit/platform/engine/support/hierarchical/EngineExecutionContext
instanceKlass org/junit/jupiter/engine/config/JupiterConfiguration
instanceKlass org/junit/platform/engine/support/hierarchical/HierarchicalTestExecutorService
instanceKlass org/junit/platform/engine/support/hierarchical/HierarchicalTestEngine
instanceKlass sun/net/www/MessageHeader
instanceKlass sun/net/www/protocol/jar/JarFileFactory
instanceKlass sun/net/www/protocol/jar/URLJarFile$URLJarFileCloseController
instanceKlass java/net/URLConnection
instanceKlass  @bci org/junit/platform/launcher/core/LauncherFactory collectTestEngines (Lorg/junit/platform/launcher/core/LauncherConfig;)Ljava/util/Set; 33 <appendix> member <vmtarget> ; # org/junit/platform/launcher/core/LauncherFactory$$Lambda+0x000002f1a6011418
instanceKlass  @bci org/junit/platform/launcher/core/ServiceLoaderTestEngineRegistry loadTestEngines ()Ljava/lang/Iterable; 13 <appendix> member <vmtarget> ; # org/junit/platform/launcher/core/ServiceLoaderTestEngineRegistry$$Lambda+0x000002f1a60111f8
instanceKlass org/junit/platform/engine/TestEngine
instanceKlass org/junit/platform/launcher/core/ServiceLoaderTestEngineRegistry
instanceKlass org/junit/platform/launcher/LauncherSessionListener$1
instanceKlass  @bci org/junit/platform/launcher/core/LauncherFactory createLauncherSessionListener (Lorg/junit/platform/launcher/core/LauncherConfig;)Lorg/junit/platform/launcher/LauncherSessionListener; 46 <appendix> member <vmtarget> ; # org/junit/platform/launcher/core/LauncherFactory$$Lambda+0x000002f1a60137b0
instanceKlass  @bci org/junit/platform/launcher/core/LauncherFactory createLauncherSessionListener (Lorg/junit/platform/launcher/core/LauncherConfig;)Lorg/junit/platform/launcher/LauncherSessionListener; 24 <appendix> member <vmtarget> ; # org/junit/platform/launcher/core/LauncherFactory$$Lambda+0x000002f1a6013580
instanceKlass  @cpi org/springframework/core/env/AbstractPropertyResolver 256 form vmentry <vmtarget> ; # java/lang/invoke/LambdaForm$DMH+0x000002f1a6010c00
instanceKlass  @bci org/junit/platform/launcher/core/ServiceLoaderRegistry load (Ljava/lang/Class;)Ljava/lang/Iterable; 13 <appendix> member <vmtarget> ; # org/junit/platform/launcher/core/ServiceLoaderRegistry$$Lambda+0x000002f1a6013360
instanceKlass org/junit/platform/launcher/core/ServiceLoaderRegistry
instanceKlass  @bci org/junit/platform/launcher/core/ListenerRegistry forLauncherSessionListeners ()Lorg/junit/platform/launcher/core/ListenerRegistry; 0 <appendix> argL0 ; # org/junit/platform/launcher/core/ListenerRegistry$$Lambda+0x000002f1a6012f28
instanceKlass org/junit/platform/launcher/listeners/session/LauncherSessionListeners
instanceKlass  @bci org/junit/platform/launcher/core/LauncherConfigurationParameters getBoolean (Ljava/lang/String;)Ljava/util/Optional; 5 <appendix> argL0 ; # org/junit/platform/launcher/core/LauncherConfigurationParameters$$Lambda+0x000002f1a6012af0
instanceKlass org/junit/platform/launcher/core/DefaultLauncherSession$1
instanceKlass org/junit/platform/launcher/LauncherInterceptor
instanceKlass org/junit/platform/launcher/core/DefaultLauncherSession
instanceKlass org/junit/platform/launcher/core/DefaultDiscoveryRequest
instanceKlass  @bci org/junit/platform/launcher/listeners/discovery/LauncherDiscoveryListeners fromConfigurationParameter (Ljava/lang/String;Ljava/lang/String;)Lorg/junit/platform/launcher/LauncherDiscoveryListener; 32 <appendix> member <vmtarget> ; # org/junit/platform/launcher/listeners/discovery/LauncherDiscoveryListeners$$Lambda+0x000002f1a6017db8
instanceKlass org/junit/platform/launcher/LauncherDiscoveryListener$1
instanceKlass org/junit/platform/engine/EngineDiscoveryListener$1
instanceKlass org/junit/platform/launcher/listeners/discovery/AbortOnFailureLauncherDiscoveryListener
instanceKlass  @bci org/junit/platform/launcher/listeners/discovery/LauncherDiscoveryListeners fromConfigurationParameter (Ljava/lang/String;Ljava/lang/String;)Lorg/junit/platform/launcher/LauncherDiscoveryListener; 22 <appendix> argL0 ; # org/junit/platform/launcher/listeners/discovery/LauncherDiscoveryListeners$$Lambda+0x000002f1a6017480
instanceKlass  @bci org/junit/platform/launcher/listeners/discovery/LauncherDiscoveryListeners fromConfigurationParameter (Ljava/lang/String;Ljava/lang/String;)Lorg/junit/platform/launcher/LauncherDiscoveryListener; 7 <appendix> member <vmtarget> ; # org/junit/platform/launcher/listeners/discovery/LauncherDiscoveryListeners$$Lambda+0x000002f1a6017230
instanceKlass  @bci org/junit/platform/launcher/listeners/discovery/LauncherDiscoveryListeners$LauncherDiscoveryListenerType <clinit> ()V 29 <appendix> argL0 ; # org/junit/platform/launcher/listeners/discovery/LauncherDiscoveryListeners$LauncherDiscoveryListenerType$$Lambda+0x000002f1a6016e28
instanceKlass  @bci org/junit/platform/launcher/listeners/discovery/LauncherDiscoveryListeners$LauncherDiscoveryListenerType <clinit> ()V 9 <appendix> argL0 ; # org/junit/platform/launcher/listeners/discovery/LauncherDiscoveryListeners$LauncherDiscoveryListenerType$$Lambda+0x000002f1a6016c10
instanceKlass  @bci org/junit/platform/launcher/core/LauncherConfigurationParameters getProperty (Ljava/lang/String;)Ljava/lang/String; 27 <appendix> argL0 ; # org/junit/platform/launcher/core/LauncherConfigurationParameters$$Lambda+0x000002f1a6016788
instanceKlass  @bci org/junit/platform/launcher/core/LauncherConfigurationParameters getProperty (Ljava/lang/String;)Ljava/lang/String; 17 <appendix> member <vmtarget> ; # org/junit/platform/launcher/core/LauncherConfigurationParameters$$Lambda+0x000002f1a6016548
instanceKlass  @bci org/junit/platform/commons/util/Preconditions containsNoNullElements (Ljava/util/Collection;Ljava/lang/String;)Ljava/util/Collection; 6 <appendix> member <vmtarget> ; # org/junit/platform/commons/util/Preconditions$$Lambda+0x000002f1a6016318
instanceKlass  @bci org/junit/platform/commons/util/ReflectionUtils toSortedMutableList ([Ljava/lang/reflect/Method;)Ljava/util/List; 14 <appendix> argL0 ; # org/junit/platform/commons/util/ReflectionUtils$$Lambda+0x000002f1a6015f10
instanceKlass java/util/stream/SortedOps
instanceKlass  @bci org/junit/platform/commons/util/ReflectionUtils toSortedMutableList ([Ljava/lang/reflect/Method;)Ljava/util/List; 4 <appendix> argL0 ; # org/junit/platform/commons/util/ReflectionUtils$$Lambda+0x000002f1a6015c80
instanceKlass africa/semicolon/wallet/domain/models/Wallet
instanceKlass africa/semicolon/wallet/infrastructure/adapter/persistence/entities/UserEntity
instanceKlass africa/semicolon/wallet/infrastructure/adapter/persistence/entities/WalletEntity
instanceKlass  @bci java/util/stream/Collectors toCollection (Ljava/util/function/Supplier;)Ljava/util/stream/Collector; 10 <appendix> argL0 ; # java/util/stream/Collectors$$Lambda+0x000002f1a6061980
instanceKlass  @bci java/util/stream/Collectors toCollection (Ljava/util/function/Supplier;)Ljava/util/stream/Collector; 5 <appendix> argL0 ; # java/util/stream/Collectors$$Lambda+0x000002f1a6061758
instanceKlass  @bci org/junit/platform/commons/util/ReflectionUtils getDefaultMethods (Ljava/lang/Class;)Ljava/util/List; 17 <appendix> argL0 ; # org/junit/platform/commons/util/ReflectionUtils$$Lambda+0x000002f1a6015398
instanceKlass  @bci org/junit/platform/commons/util/ReflectionUtils getDefaultMethods (Ljava/lang/Class;)Ljava/util/List; 7 <appendix> argL0 ; # org/junit/platform/commons/util/ReflectionUtils$$Lambda+0x000002f1a6015150
instanceKlass java/util/LinkedHashMap$LinkedHashIterator
instanceKlass java/lang/PublicMethods
instanceKlass  @bci org/junit/platform/commons/util/ReflectionUtils findMethod (Ljava/lang/Class;Ljava/lang/String;[Ljava/lang/Class;)Ljava/util/Optional; 34 <appendix> member <vmtarget> ; # org/junit/platform/commons/util/ReflectionUtils$$Lambda+0x000002f1a6014ad0
instanceKlass  @cpi org/junit/platform/commons/util/ReflectionUtils 1555 form vmentry <vmtarget> ; # java/lang/invoke/LambdaForm$DMH+0x000002f1a6010800
instanceKlass  @bci org/junit/platform/commons/util/Preconditions containsNoNullElements ([Ljava/lang/Object;Ljava/lang/String;)[Ljava/lang/Object; 9 <appendix> member <vmtarget> ; # org/junit/platform/commons/util/Preconditions$$Lambda+0x000002f1a60148a0
instanceKlass org/junit/platform/commons/support/ReflectionSupport
instanceKlass africa/semicolon/wallet/walletService/WalletServiceTest
instanceKlass org/junit/platform/engine/discovery/MethodSelector
instanceKlass  @bci org/junit/platform/commons/util/ReflectionUtils parseFullyQualifiedMethodName (Ljava/lang/String;)[Ljava/lang/String; 37 <appendix> member <vmtarget> ; # org/junit/platform/commons/util/ReflectionUtils$$Lambda+0x000002f1a6014000
instanceKlass  @bci org/junit/platform/commons/util/ReflectionUtils <clinit> ()V 433 <appendix> member <vmtarget> ; # org/junit/platform/commons/util/ReflectionUtils$$Lambda+0x000002f1a6009c70
instanceKlass  @cpi org/springframework/boot/logging/LoggingSystemProperties 350 form vmentry <vmtarget> ; # java/lang/invoke/LambdaForm$DMH+0x000002f1a6010400
instanceKlass  @bci org/junit/platform/commons/util/ReflectionUtils <clinit> ()V 51 <appendix> argL0 ; # org/junit/platform/commons/util/ReflectionUtils$$Lambda+0x000002f1a6009a48
instanceKlass  @cpi org/junit/platform/commons/util/ReflectionUtils 1623 form vmentry <vmtarget> ; # java/lang/invoke/LambdaForm$DMH+0x000002f1a6010000
instanceKlass org/junit/platform/commons/function/Try
instanceKlass  @bci org/junit/platform/commons/util/ReflectionUtils <clinit> ()V 46 <appendix> argL0 ; # org/junit/platform/commons/util/ReflectionUtils$$Lambda+0x000002f1a600bd18
instanceKlass java/nio/file/FileVisitor
instanceKlass org/junit/platform/commons/util/ClasspathScanner
instanceKlass  @bci java/util/regex/Pattern negate (Ljava/util/regex/Pattern$CharPredicate;)Ljava/util/regex/Pattern$CharPredicate; 1 <appendix> member <vmtarget> ; # java/util/regex/Pattern$$Lambda+0x800000032
instanceKlass  @bci java/util/regex/Pattern DOT ()Ljava/util/regex/Pattern$CharPredicate; 0 <appendix> argL0 ; # java/util/regex/Pattern$$Lambda+0x000002f1a605e368
instanceKlass org/junit/platform/commons/util/ReflectionUtils
instanceKlass org/junit/platform/engine/discovery/DiscoverySelectors
instanceKlass org/junit/platform/launcher/LauncherDiscoveryRequest
instanceKlass org/junit/platform/engine/EngineDiscoveryRequest
instanceKlass org/junit/platform/launcher/core/LauncherDiscoveryRequestBuilder
instanceKlass org/junit/platform/launcher/PostDiscoveryFilter
instanceKlass org/junit/platform/engine/Filter
instanceKlass org/junit/platform/engine/DiscoverySelector
instanceKlass com/intellij/junit5/JUnit5TestRunnerUtil
instanceKlass com/intellij/rt/execution/junit/TestsRepeater
instanceKlass com/intellij/rt/junit/IdeaTestRunner$Repeater$1
instanceKlass  @bci org/junit/platform/launcher/core/ListenerRegistry forTestExecutionListeners ()Lorg/junit/platform/launcher/core/ListenerRegistry; 0 <appendix> argL0 ; # org/junit/platform/launcher/core/ListenerRegistry$$Lambda+0x000002f1a600a4c0
instanceKlass org/junit/platform/launcher/core/CompositeTestExecutionListener
instanceKlass  @bci org/junit/platform/launcher/core/ListenerRegistry forLauncherDiscoveryListeners ()Lorg/junit/platform/launcher/core/ListenerRegistry; 0 <appendix> argL0 ; # org/junit/platform/launcher/core/ListenerRegistry$$Lambda+0x000002f1a600a000
instanceKlass org/junit/platform/launcher/LauncherDiscoveryListener
instanceKlass org/junit/platform/engine/EngineDiscoveryListener
instanceKlass org/junit/platform/launcher/listeners/discovery/LauncherDiscoveryListeners
instanceKlass org/junit/platform/launcher/core/ListenerRegistry
instanceKlass org/junit/platform/launcher/core/LauncherListenerRegistry
instanceKlass  @bci org/junit/platform/launcher/core/LauncherFactory create (Lorg/junit/platform/launcher/core/LauncherConfig;)Lorg/junit/platform/launcher/Launcher; 32 <appendix> member <vmtarget> ; # org/junit/platform/launcher/core/LauncherFactory$$Lambda+0x000002f1a600f1b0
instanceKlass  @bci org/junit/platform/launcher/core/LauncherFactory create (Lorg/junit/platform/launcher/core/LauncherConfig;)Lorg/junit/platform/launcher/Launcher; 26 <appendix> member <vmtarget> ; # org/junit/platform/launcher/core/LauncherFactory$$Lambda+0x000002f1a600ef90
instanceKlass org/junit/platform/launcher/LauncherSessionListener
instanceKlass java/util/TimSort
instanceKlass  @bci java/util/Map$Entry comparingByKey ()Ljava/util/Comparator; 0 <appendix> argL0 ; # java/util/Map$Entry$$Lambda+0x000002f1a605da10
instanceKlass  @bci org/junit/platform/launcher/core/LauncherFactory create (Lorg/junit/platform/launcher/core/LauncherConfig;)Lorg/junit/platform/launcher/Launcher; 20 <appendix> member <vmtarget> ; # org/junit/platform/launcher/core/LauncherFactory$$Lambda+0x000002f1a600eb78
instanceKlass  @bci java/lang/invoke/BootstrapMethodInvoker invoke (Ljava/lang/Class;Ljava/lang/invoke/MethodHandle;Ljava/lang/String;Ljava/lang/Object;Ljava/lang/Object;Ljava/lang/Class;)Ljava/lang/Object; 462 <adapter> ; # java/lang/invoke/LambdaForm$MH+0x000002f1a6009400
instanceKlass org/junit/platform/launcher/core/SessionPerRequestLauncher
instanceKlass org/junit/platform/launcher/core/LauncherConfigurationParameters$ParameterProvider$3
instanceKlass org/junit/platform/commons/util/ClassLoaderUtils
instanceKlass org/junit/platform/launcher/core/LauncherConfigurationParameters$ParameterProvider$2
instanceKlass org/junit/platform/launcher/core/LauncherConfigurationParameters$ParameterProvider
instanceKlass org/junit/platform/launcher/core/LauncherConfigurationParameters$Builder
instanceKlass sun/util/cldr/CLDRBaseLocaleDataMetaInfo$TZCanonicalIDMapHolder
instanceKlass jdk/internal/logger/DefaultLoggerFinder$1
instanceKlass java/util/logging/Logger$SystemLoggerHelper$1
instanceKlass java/util/logging/Logger$SystemLoggerHelper
instanceKlass java/util/logging/LogManager$4
instanceKlass jdk/internal/logger/BootstrapLogger$BootstrapExecutors
instanceKlass jdk/internal/logger/BootstrapLogger$RedirectedLoggers
instanceKlass java/time/chrono/AbstractChronology
instanceKlass java/time/chrono/Chronology
instanceKlass java/time/LocalTime
instanceKlass java/time/temporal/ValueRange
instanceKlass java/time/Duration
instanceKlass java/time/temporal/TemporalAmount
instanceKlass java/time/temporal/TemporalUnit
instanceKlass java/time/temporal/TemporalField
instanceKlass java/time/LocalDate
instanceKlass java/time/chrono/ChronoLocalDate
instanceKlass java/time/zone/ZoneOffsetTransition
instanceKlass  @bci java/time/ZoneOffset ofTotalSeconds (I)Ljava/time/ZoneOffset; 37 <appendix> argL0 ; # java/time/ZoneOffset$$Lambda+0x80000000e
instanceKlass java/time/LocalDateTime
instanceKlass java/time/chrono/ChronoLocalDateTime
instanceKlass java/time/temporal/TemporalAdjuster
instanceKlass java/time/temporal/Temporal
instanceKlass java/time/temporal/TemporalAccessor
instanceKlass java/time/zone/ZoneOffsetTransitionRule
instanceKlass java/time/zone/ZoneRules
instanceKlass java/time/zone/Ser
instanceKlass jdk/internal/logger/BootstrapLogger$DetectBackend$1
instanceKlass jdk/internal/logger/BootstrapLogger$DetectBackend
instanceKlass jdk/internal/logger/BootstrapLogger
instanceKlass sun/util/logging/PlatformLogger$ConfigurableBridge
instanceKlass sun/util/logging/PlatformLogger$Bridge
instanceKlass java/lang/System$Logger
instanceKlass java/util/stream/Streams
instanceKlass java/util/stream/Stream$Builder
instanceKlass java/util/stream/Streams$AbstractStreamBuilderImpl
instanceKlass  @bci java/util/logging/Level$KnownLevel findByName (Ljava/lang/String;Ljava/util/function/Function;)Ljava/util/Optional; 29 <appendix> argL0 ; # java/util/logging/Level$KnownLevel$$Lambda+0x800000025
instanceKlass java/util/ArrayList$ArrayListSpliterator
instanceKlass  @bci java/util/logging/Level findLevel (Ljava/lang/String;)Ljava/util/logging/Level; 13 <appendix> argL0 ; # java/util/logging/Level$$Lambda+0x800000013
instanceKlass java/util/Hashtable$Enumerator
instanceKlass java/util/Collections$3
instanceKlass java/util/logging/LogManager$LoggerContext$1
instanceKlass java/util/logging/LogManager$VisitedLoggers
instanceKlass  @bci org/springframework/test/context/observation/MicrometerObservationRegistryTestExecutionListener <clinit> ()V 71 <appendix> form vmentry <vmtarget> ; # java/lang/invoke/LambdaForm$MH+0x000002f1a6009000
instanceKlass java/util/logging/LogManager$2
instanceKlass java/lang/System$LoggerFinder
instanceKlass jdk/internal/loader/URLClassPath$1
instanceKlass java/security/Security$1
instanceKlass jdk/internal/access/JavaSecurityPropertiesAccess
instanceKlass java/lang/CompoundEnumeration
instanceKlass jdk/internal/loader/BuiltinClassLoader$1
instanceKlass jdk/internal/loader/BuiltinClassLoader$2
instanceKlass jdk/internal/module/Resources
instanceKlass java/util/Spliterators$1Adapter
instanceKlass java/util/Arrays$ArrayItr
instanceKlass java/time/zone/ZoneRulesProvider$1
instanceKlass java/time/zone/ZoneRulesProvider
instanceKlass java/time/ZoneId
instanceKlass  @bci java/security/Security <clinit> ()V 9 <appendix> argL0 ; # java/security/Security$$Lambda+0x80000000b
instanceKlass java/security/Security
instanceKlass sun/security/util/SecurityProperties
instanceKlass sun/security/util/FilePermCompat
instanceKlass java/util/logging/LogManager$LoggingProviderAccess
instanceKlass sun/util/logging/internal/LoggingProviderImpl$LogManagerAccess
instanceKlass java/lang/Shutdown$Lock
instanceKlass java/lang/Shutdown
instanceKlass java/lang/ApplicationShutdownHooks$1
instanceKlass java/lang/ApplicationShutdownHooks
instanceKlass java/util/Collections$SynchronizedMap
instanceKlass java/util/logging/LogManager$LogNode
instanceKlass java/util/logging/LogManager$LoggerContext
instanceKlass java/util/logging/LogManager$1
instanceKlass java/util/logging/LogManager
instanceKlass java/util/logging/Logger$ConfigurationData
instanceKlass java/util/logging/Logger$LoggerBundle
instanceKlass sun/util/resources/Bundles$CacheKeyReference
instanceKlass  @bci java/util/ResourceBundle$ResourceBundleProviderHelper newResourceBundle (Ljava/lang/Class;)Ljava/util/ResourceBundle; 22 <appendix> member <vmtarget> ; # java/util/ResourceBundle$ResourceBundleProviderHelper$$Lambda+0x800000012
instanceKlass java/util/ResourceBundle$ResourceBundleProviderHelper
instanceKlass  @bci sun/util/cldr/CLDRLocaleProviderAdapter applyAliases (Ljava/util/Locale;)Ljava/util/Locale; 4 <appendix> argL0 ; # sun/util/cldr/CLDRLocaleProviderAdapter$$Lambda+0x800000064
instanceKlass sun/util/resources/Bundles$CacheKey
instanceKlass  @bci java/util/logging/Level$KnownLevel add (Ljava/util/logging/Level;)V 49 <appendix> argL0 ; # java/util/logging/Level$KnownLevel$$Lambda+0x800000024
instanceKlass java/util/ResourceBundle$1
instanceKlass jdk/internal/access/JavaUtilResourceBundleAccess
instanceKlass sun/util/resources/Bundles
instanceKlass sun/util/resources/LocaleData$LocaleDataStrategy
instanceKlass sun/util/resources/Bundles$Strategy
instanceKlass sun/util/resources/LocaleData$1
instanceKlass sun/util/resources/LocaleData
instanceKlass  @bci java/util/logging/Level$KnownLevel add (Ljava/util/logging/Level;)V 19 <appendix> argL0 ; # java/util/logging/Level$KnownLevel$$Lambda+0x800000023
instanceKlass sun/util/locale/provider/LocaleResources
instanceKlass java/util/logging/Level
instanceKlass java/util/logging/Handler
instanceKlass java/util/logging/Logger
instanceKlass java/util/Collections$EmptyEnumeration
instanceKlass org/junit/platform/commons/logging/LoggerFactory$DelegatingLogger
instanceKlass sun/util/resources/provider/NonBaseLocaleDataMetaInfo
instanceKlass  @bci sun/util/locale/provider/JRELocaleProviderAdapter createSupportedLocaleString (Ljava/lang/String;)Ljava/lang/String; 6 <appendix> member <vmtarget> ; # sun/util/locale/provider/JRELocaleProviderAdapter$$Lambda+0x000002f1a6058898
instanceKlass sun/util/locale/provider/BaseLocaleDataMetaInfo
instanceKlass org/junit/platform/commons/logging/Logger
instanceKlass  @bci sun/util/locale/provider/JRELocaleProviderAdapter getTimeZoneNameProvider ()Ljava/util/spi/TimeZoneNameProvider; 8 <appendix> member <vmtarget> ; # sun/util/locale/provider/JRELocaleProviderAdapter$$Lambda+0x000002f1a6058428
instanceKlass java/util/Collections$EmptyIterator
instanceKlass org/junit/platform/commons/logging/LoggerFactory
instanceKlass org/junit/platform/launcher/core/LauncherConfigurationParameters
instanceKlass java/util/regex/IntHashSet
instanceKlass java/util/regex/Matcher
instanceKlass java/util/regex/MatchResult
instanceKlass  @bci sun/util/cldr/CLDRLocaleProviderAdapter getTimeZoneNameProvider ()Ljava/util/spi/TimeZoneNameProvider; 8 <appendix> member <vmtarget> ; # sun/util/cldr/CLDRLocaleProviderAdapter$$Lambda+0x000002f1a6057ba8
instanceKlass java/util/ServiceLoader$ProviderImpl
instanceKlass java/util/ServiceLoader$Provider
instanceKlass java/util/ServiceLoader$1
instanceKlass sun/util/resources/cldr/provider/CLDRLocaleDataMetaInfo
instanceKlass org/junit/platform/launcher/core/DefaultLauncherConfig
instanceKlass jdk/internal/jimage/ImageLocation
instanceKlass jdk/internal/jimage/decompressor/Decompressor
instanceKlass jdk/internal/jimage/ImageStringsReader
instanceKlass jdk/internal/jimage/ImageStrings
instanceKlass jdk/internal/jimage/ImageHeader
instanceKlass org/junit/platform/launcher/core/LauncherConfig$Builder
instanceKlass jdk/internal/jimage/NativeImageBuffer$1
instanceKlass jdk/internal/jimage/NativeImageBuffer
instanceKlass jdk/internal/jimage/BasicImageReader$1
instanceKlass jdk/internal/jimage/BasicImageReader
instanceKlass jdk/internal/jimage/ImageReader
instanceKlass jdk/internal/jimage/ImageReaderFactory$1
instanceKlass org/junit/platform/launcher/core/LauncherConfig
instanceKlass java/nio/file/FileSystems$DefaultFileSystemHolder$1
instanceKlass java/nio/file/FileSystems$DefaultFileSystemHolder
instanceKlass java/nio/file/FileSystems
instanceKlass java/nio/file/Paths
instanceKlass jdk/internal/jimage/ImageReaderFactory
instanceKlass jdk/internal/module/SystemModuleFinders$SystemImage
instanceKlass jdk/internal/module/ModulePatcher$PatchedModuleReader
instanceKlass org/junit/platform/engine/ConfigurationParameters
instanceKlass jdk/internal/module/SystemModuleFinders$SystemModuleReader
instanceKlass java/lang/module/ModuleReader
instanceKlass jdk/internal/loader/BuiltinClassLoader$5
instanceKlass java/util/ServiceLoader$3
instanceKlass java/util/ServiceLoader$2
instanceKlass java/util/ServiceLoader$LazyClassPathLookupIterator
instanceKlass java/util/concurrent/CopyOnWriteArrayList$COWIterator
instanceKlass java/util/ServiceLoader$ModuleServicesLookupIterator
instanceKlass java/util/ServiceLoader
instanceKlass  @bci sun/util/cldr/CLDRLocaleProviderAdapter <init> ()V 4 <appendix> argL0 ; # sun/util/cldr/CLDRLocaleProviderAdapter$$Lambda+0x800000066
instanceKlass org/junit/platform/launcher/LauncherSession
instanceKlass org/junit/platform/launcher/Launcher
instanceKlass sun/util/locale/BaseLocale$Key
instanceKlass sun/util/locale/InternalLocaleBuilder$CaseInsensitiveChar
instanceKlass sun/util/locale/InternalLocaleBuilder
instanceKlass sun/util/locale/StringTokenIterator
instanceKlass org/junit/platform/launcher/core/LauncherFactory
instanceKlass sun/util/locale/ParseStatus
instanceKlass sun/util/locale/LanguageTag
instanceKlass sun/util/cldr/CLDRBaseLocaleDataMetaInfo
instanceKlass sun/util/locale/provider/LocaleDataMetaInfo
instanceKlass sun/util/locale/provider/ResourceBundleBasedAdapter
instanceKlass sun/util/locale/provider/LocaleProviderAdapter
instanceKlass sun/util/locale/LocaleObjectCache
instanceKlass java/util/ResourceBundle
instanceKlass java/util/ResourceBundle$Control
instanceKlass sun/util/locale/provider/TimeZoneNameUtility$TimeZoneNameGetter
instanceKlass sun/util/locale/provider/LocaleServiceProviderPool$LocalizedObjectGetter
instanceKlass sun/util/locale/provider/LocaleServiceProviderPool
instanceKlass java/util/spi/LocaleServiceProvider
instanceKlass sun/util/locale/provider/TimeZoneNameUtility
instanceKlass sun/util/calendar/CalendarUtils
instanceKlass sun/util/calendar/CalendarDate
instanceKlass sun/util/calendar/ZoneInfoFile$ZoneOffsetTransitionRule
instanceKlass com/intellij/junit5/JUnit5TestExecutionListener
instanceKlass org/junit/platform/launcher/TestExecutionListener
instanceKlass com/intellij/rt/execution/junit/TestsRepeater$TestRun
instanceKlass com/intellij/rt/junit/IdeaTestRunner$Repeater
instanceKlass  @bci org/junit/platform/launcher/TestIdentifier from (Lorg/junit/platform/engine/TestDescriptor;)Lorg/junit/platform/launcher/TestIdentifier; 57 <appendix> argL0 ; # org/junit/platform/launcher/TestIdentifier$$Lambda+0x000002f1a6005a40
instanceKlass  @cpi java/io/Console 246 form vmentry <vmtarget> ; # java/lang/invoke/LambdaForm$DMH+0x000002f1a6008400
instanceKlass java/io/ObjectStreamClass$FieldReflector
instanceKlass java/io/ObjectStreamClass$FieldReflectorKey
instanceKlass  @bci java/util/stream/Collectors joining (Ljava/lang/CharSequence;Ljava/lang/CharSequence;Ljava/lang/CharSequence;)Ljava/util/stream/Collector; 22 <appendix> argL0 ; # java/util/stream/Collectors$$Lambda+0x800000044
instanceKlass  @bci java/util/stream/Collectors joining (Ljava/lang/CharSequence;Ljava/lang/CharSequence;Ljava/lang/CharSequence;)Ljava/util/stream/Collector; 17 <appendix> argL0 ; # java/util/stream/Collectors$$Lambda+0x800000042
instanceKlass  @bci java/util/stream/Collectors joining (Ljava/lang/CharSequence;Ljava/lang/CharSequence;Ljava/lang/CharSequence;)Ljava/util/stream/Collector; 12 <appendix> argL0 ; # java/util/stream/Collectors$$Lambda+0x80000003f
instanceKlass  @bci java/util/stream/Collectors joining (Ljava/lang/CharSequence;Ljava/lang/CharSequence;Ljava/lang/CharSequence;)Ljava/util/stream/Collector; 7 <appendix> member <vmtarget> ; # java/util/stream/Collectors$$Lambda+0x800000047
instanceKlass java/util/StringJoiner
instanceKlass jdk/internal/util/ByteArray
instanceKlass  @bci java/lang/Class methodToString (Ljava/lang/String;[Ljava/lang/Class;)Ljava/lang/String; 42 <appendix> argL0 ; # java/lang/Class$$Lambda+0x000002f1a60559c8
instanceKlass sun/util/calendar/ZoneInfoFile$1
instanceKlass sun/util/calendar/ZoneInfoFile
instanceKlass java/util/TimeZone
instanceKlass sun/util/calendar/CalendarSystem$GregorianHolder
instanceKlass sun/util/calendar/CalendarSystem
instanceKlass java/util/Date
instanceKlass sun/nio/cs/Surrogate
instanceKlass sun/nio/cs/Surrogate$Parser
instanceKlass java/util/Spliterators$ArraySpliterator
instanceKlass java/io/ObjectInput
instanceKlass java/util/concurrent/ConcurrentHashMap$MapEntry
instanceKlass java/util/Properties$EntrySet
instanceKlass jdk/internal/vm/VMSupport
instanceKlass java/io/ObjectStreamConstants
instanceKlass java/io/ObjectOutput
instanceKlass jdk/internal/reflect/ClassDefiner$1
instanceKlass jdk/internal/reflect/ClassDefiner
instanceKlass jdk/internal/reflect/MethodAccessorGenerator$1
instanceKlass jdk/internal/reflect/Label$PatchInfo
instanceKlass jdk/internal/reflect/Label
instanceKlass jdk/internal/reflect/UTF8
instanceKlass jdk/internal/reflect/ClassFileAssembler
instanceKlass jdk/internal/reflect/ByteVectorImpl
instanceKlass jdk/internal/reflect/ByteVector
instanceKlass jdk/internal/reflect/ByteVectorFactory
instanceKlass jdk/internal/reflect/AccessorGenerator
instanceKlass jdk/internal/reflect/ClassFileConstants
instanceKlass java/util/ComparableTimSort
instanceKlass java/util/Arrays$LegacyMergeSort
instanceKlass java/lang/Long$LongCache
instanceKlass  @bci jdk/internal/reflect/MethodHandleLongFieldAccessorImpl getLong (Ljava/lang/Object;)J 11 <adapter> ; # java/lang/invoke/LambdaForm$MH+0x000002f1a6004c00
# instanceKlass java/lang/invoke/LambdaForm$DMH+0x000002f1a6004800
instanceKlass org/junit/platform/engine/TestSource
instanceKlass java/io/ObjectStreamClass$2
instanceKlass java/io/Externalizable
instanceKlass java/lang/reflect/InvocationHandler
instanceKlass java/lang/reflect/Proxy
instanceKlass java/io/ClassCache
instanceKlass java/io/ObjectStreamClass$Caches
instanceKlass java/io/ObjectStreamClass
instanceKlass org/junit/platform/launcher/TestIdentifier$SerializedForm
instanceKlass org/junit/platform/launcher/TestIdentifier
instanceKlass java/util/Collections$SynchronizedCollection
instanceKlass org/junit/platform/engine/UniqueId$Segment
instanceKlass  @bci org/junit/platform/engine/UniqueIdFormat <init> (CCCC)V 171 <appendix> argL0 ; # org/junit/platform/engine/UniqueIdFormat$$Lambda+0x000002f1a6007b78
instanceKlass  @bci org/junit/platform/engine/UniqueIdFormat <init> (CCCC)V 153 <appendix> argL0 ; # org/junit/platform/engine/UniqueIdFormat$$Lambda+0x000002f1a6007940
instanceKlass  @bci org/junit/platform/engine/UniqueIdFormat <init> (CCCC)V 136 <appendix> argL0 ; # org/junit/platform/engine/UniqueIdFormat$$Lambda+0x000002f1a6007708
instanceKlass  @bci org/junit/platform/engine/UniqueIdFormat <init> (CCCC)V 119 <appendix> argL0 ; # org/junit/platform/engine/UniqueIdFormat$$Lambda+0x000002f1a60074d0
instanceKlass  @bci org/junit/platform/engine/UniqueIdFormat <init> (CCCC)V 102 <appendix> argL0 ; # org/junit/platform/engine/UniqueIdFormat$$Lambda+0x000002f1a6007298
instanceKlass java/util/BitSet
instanceKlass java/net/URLEncoder
instanceKlass  @bci org/junit/platform/engine/UniqueIdFormat <init> (CCCC)V 84 <appendix> argL0 ; # org/junit/platform/engine/UniqueIdFormat$$Lambda+0x000002f1a6007060
instanceKlass  @cpi java/io/Console 240 form vmentry <vmtarget> ; # java/lang/invoke/LambdaForm$DMH+0x000002f1a6004400
instanceKlass  @bci java/util/regex/Pattern ALL ()Ljava/util/regex/Pattern$CharPredicate; 0 <appendix> argL0 ; # java/util/regex/Pattern$$Lambda+0x000002f1a604eec0
instanceKlass java/util/regex/ASCII
instanceKlass java/util/Formatter$Flags
instanceKlass java/util/Formattable
instanceKlass java/util/Formatter$FixedString
instanceKlass java/util/Formatter$FormatSpecifier
instanceKlass java/util/Formatter$FormatString
instanceKlass java/util/Formatter$Conversion
instanceKlass  @bci java/util/regex/Pattern union (Ljava/util/regex/Pattern$CharPredicate;Ljava/util/regex/Pattern$CharPredicate;Z)Ljava/util/regex/Pattern$CharPredicate; 6 <appendix> member <vmtarget> ; # java/util/regex/Pattern$$Lambda+0x800000033
instanceKlass  @bci java/util/regex/Pattern Range (II)Ljava/util/regex/Pattern$CharPredicate; 23 <appendix> member <vmtarget> ; # java/util/regex/Pattern$$Lambda+0x80000002b
instanceKlass java/util/regex/Pattern$BitClass
instanceKlass  @bci java/util/regex/CharPredicates ASCII_DIGIT ()Ljava/util/regex/Pattern$BmpCharPredicate; 0 <appendix> argL0 ; # java/util/regex/CharPredicates$$Lambda+0x800000026
instanceKlass  @bci java/util/regex/Pattern Single (I)Ljava/util/regex/Pattern$BmpCharPredicate; 1 <appendix> member <vmtarget> ; # java/util/regex/Pattern$$Lambda+0x80000002a
instanceKlass java/util/Formatter
instanceKlass org/junit/platform/engine/UniqueIdFormat
instanceKlass  @bci java/util/regex/CharPredicates ASCII_SPACE ()Ljava/util/regex/Pattern$BmpCharPredicate; 0 <appendix> argL0 ; # java/util/regex/CharPredicates$$Lambda+0x800000027
instanceKlass java/util/regex/Pattern$TreeInfo
instanceKlass java/util/regex/Pattern$BmpCharPredicate
instanceKlass  @bci java/util/regex/CharPredicates CONTROL ()Ljava/util/regex/Pattern$CharPredicate; 0 <appendix> argL0 ; # java/util/regex/CharPredicates$$Lambda+0x000002f1a604e198
instanceKlass java/util/regex/Pattern$CharPredicate
instanceKlass java/util/regex/CharPredicates
instanceKlass java/util/regex/Pattern$Node
instanceKlass java/util/regex/Pattern
instanceKlass org/junit/platform/commons/util/StringUtils
instanceKlass org/junit/platform/commons/util/Preconditions
instanceKlass org/junit/platform/engine/UniqueId
instanceKlass org/junit/platform/engine/support/descriptor/AbstractTestDescriptor
instanceKlass org/junit/platform/engine/TestDescriptor
instanceKlass java/nio/DirectByteBuffer$Deallocator
instanceKlass sun/nio/ch/Util$BufferCache
instanceKlass sun/nio/ch/Util
instanceKlass java/lang/invoke/VarHandle$AccessDescriptor
instanceKlass sun/nio/ch/NativeThread
instanceKlass sun/net/NetHooks
instanceKlass sun/net/spi/DefaultProxySelector$3
instanceKlass sun/net/spi/DefaultProxySelector$NonProxyInfo
instanceKlass java/net/URI$Parser
instanceKlass java/io/FileInputStream$1
instanceKlass java/util/Properties$LineReader
instanceKlass sun/net/NetProperties$1
instanceKlass sun/net/NetProperties
instanceKlass sun/net/spi/DefaultProxySelector$1
instanceKlass java/util/TreeMap$PrivateEntryIterator
instanceKlass java/net/Proxy
instanceKlass java/util/TreeMap$Entry
instanceKlass java/net/ProxySelector
instanceKlass java/net/SocksSocketImpl$3
instanceKlass  @bci sun/nio/ch/NioSocketImpl closerFor (Ljava/io/FileDescriptor;Z)Ljava/lang/Runnable; 5 <appendix> member <vmtarget> ; # sun/nio/ch/NioSocketImpl$$Lambda+0x000002f1a6049cd8
instanceKlass  @cpi org/junit/jupiter/engine/extension/TempDirectory 531 form vmentry <vmtarget> ; # java/lang/invoke/LambdaForm$DMH+0x000002f1a6004000
instanceKlass jdk/net/ExtendedSocketOptions$2
instanceKlass jdk/net/ExtendedSocketOptions$PlatformSocketOptions
instanceKlass jdk/net/ExtendedSocketOptions$ExtSocketOption
instanceKlass java/net/SocketOption
instanceKlass jdk/net/ExtendedSocketOptions
instanceKlass sun/net/ext/ExtendedSocketOptions
instanceKlass java/net/Inet6Address$Inet6AddressHolder
instanceKlass sun/nio/ch/Net$1
instanceKlass java/net/ProtocolFamily
instanceKlass sun/nio/ch/Net
instanceKlass java/net/SocksConsts
instanceKlass sun/nio/ch/IOUtil
instanceKlass sun/nio/ch/NativeDispatcher
instanceKlass sun/net/PlatformSocketImpl
instanceKlass java/net/SocketImpl
instanceKlass java/net/SocketOptions
instanceKlass java/net/InetSocketAddress$InetSocketAddressHolder
instanceKlass java/net/InetAddress$PlatformResolver
instanceKlass java/net/spi/InetAddressResolver
instanceKlass java/net/spi/InetAddressResolver$LookupPolicy
instanceKlass java/net/Inet4AddressImpl
instanceKlass java/net/Inet6AddressImpl
instanceKlass java/net/InetAddressImpl
instanceKlass java/util/concurrent/ConcurrentSkipListMap$Node
instanceKlass com/intellij/junit5/JUnit5IdeaTestRunner
instanceKlass java/util/concurrent/ConcurrentSkipListMap$Index
instanceKlass java/util/concurrent/ConcurrentNavigableMap
instanceKlass java/util/NavigableMap
instanceKlass java/util/SortedMap
instanceKlass java/util/NavigableSet
instanceKlass java/util/SortedSet
instanceKlass com/intellij/rt/junit/IdeaTestRunner
instanceKlass java/net/InetAddress$InetAddressHolder
instanceKlass java/net/InetAddress$1
instanceKlass jdk/internal/access/JavaNetInetAddressAccess
instanceKlass java/net/InetAddress
instanceKlass java/net/SocketAddress
instanceKlass java/lang/invoke/VarForm
instanceKlass java/lang/invoke/VarHandleGuards
instanceKlass com/intellij/rt/execution/junit/RepeatCount
instanceKlass java/lang/ClassValue$Version
instanceKlass java/lang/ClassValue$Identity
instanceKlass java/lang/ClassValue
instanceKlass java/lang/invoke/VarHandles
instanceKlass java/net/Socket
instanceKlass jdk/internal/misc/PreviewFeatures
instanceKlass jdk/internal/misc/MainMethodFinder
instanceKlass com/intellij/rt/junit/JUnitStarter
instanceKlass sun/nio/cs/SingleByte
instanceKlass sun/nio/cs/MS1252$Holder
instanceKlass sun/nio/cs/ArrayDecoder
instanceKlass sun/launcher/LauncherHelper
instanceKlass jdk/internal/vm/PostVMInitHook$1
instanceKlass jdk/internal/util/EnvUtils
instanceKlass jdk/internal/vm/PostVMInitHook$2
instanceKlass jdk/internal/vm/PostVMInitHook
instanceKlass java/io/Reader
instanceKlass com/intellij/rt/execution/application/AppMainV2
instanceKlass  @bci jdk/internal/reflect/DirectConstructorHandleAccessor invokeImpl ([Ljava/lang/Object;)Ljava/lang/Object; 88 <adapter> ; # java/lang/invoke/LambdaForm$MH+0x000002f1a6002800
# instanceKlass java/lang/invoke/LambdaForm$MH+0x000002f1a6002400
# instanceKlass java/lang/invoke/LambdaForm$MH+0x000002f1a6002000
# instanceKlass java/lang/invoke/LambdaForm$MH+0x000002f1a6001c00
instanceKlass  @bci org/springframework/boot/ansi/AnsiOutput <clinit> ()V 23 <appendix> form vmentry <vmtarget> ; # java/lang/invoke/LambdaForm$MH+0x000002f1a6001800
# instanceKlass java/lang/invoke/LambdaForm$MH+0x000002f1a6001400
instanceKlass  @cpi org/springframework/boot/env/PropertiesPropertySourceLoader 170 form vmentry <vmtarget> ; # java/lang/invoke/LambdaForm$DMH+0x000002f1a6001000
instanceKlass com/intellij/rt/execution/application/AppMainV2$Agent
instanceKlass java/security/SecureClassLoader$DebugHolder
instanceKlass java/security/Permission
instanceKlass java/security/Guard
instanceKlass java/security/PermissionCollection
instanceKlass java/security/SecureClassLoader$1
instanceKlass java/util/zip/Checksum$1
instanceKlass java/util/zip/CRC32
instanceKlass java/util/zip/Checksum
instanceKlass sun/nio/ByteBuffered
instanceKlass java/lang/Package$VersionInfo
instanceKlass java/lang/NamedPackage
instanceKlass java/util/jar/Attributes$Name
instanceKlass java/util/jar/Attributes
instanceKlass jdk/internal/loader/Resource
instanceKlass java/nio/charset/CoderResult
instanceKlass java/nio/charset/CharsetDecoder
instanceKlass java/lang/Readable
instanceKlass sun/security/action/GetIntegerAction
instanceKlass sun/security/util/Debug
instanceKlass sun/security/util/SignatureFileVerifier
instanceKlass java/util/zip/ZipFile$InflaterCleanupAction
instanceKlass java/util/zip/Inflater$InflaterZStreamRef
instanceKlass java/util/zip/Inflater
instanceKlass java/util/zip/ZipEntry
instanceKlass java/util/zip/ZipFile$2
instanceKlass java/nio/Bits$1
instanceKlass jdk/internal/misc/VM$BufferPool
instanceKlass java/nio/Bits
instanceKlass sun/nio/ch/DirectBuffer
instanceKlass jdk/internal/perf/PerfCounter$CoreCounters
instanceKlass jdk/internal/perf/Perf
instanceKlass jdk/internal/perf/Perf$GetPerfAction
instanceKlass jdk/internal/perf/PerfCounter
instanceKlass sun/util/locale/LocaleUtils
instanceKlass sun/util/locale/BaseLocale
instanceKlass java/util/Locale
instanceKlass java/nio/file/attribute/FileTime
instanceKlass java/lang/StringCoding
instanceKlass java/util/zip/ZipUtils
instanceKlass java/util/zip/ZipFile$Source$End
instanceKlass java/io/RandomAccessFile$2
instanceKlass jdk/internal/access/JavaIORandomAccessFileAccess
instanceKlass java/io/RandomAccessFile
instanceKlass java/io/DataInput
instanceKlass java/io/DataOutput
instanceKlass sun/nio/fs/WindowsNativeDispatcher$CompletionStatus
instanceKlass sun/nio/fs/WindowsNativeDispatcher$AclInformation
instanceKlass sun/nio/fs/WindowsNativeDispatcher$Account
instanceKlass sun/nio/fs/WindowsNativeDispatcher$DiskFreeSpace
instanceKlass sun/nio/fs/WindowsNativeDispatcher$VolumeInformation
instanceKlass sun/nio/fs/WindowsNativeDispatcher$FirstStream
instanceKlass sun/nio/fs/WindowsNativeDispatcher$FirstFile
instanceKlass java/util/Enumeration
instanceKlass java/util/concurrent/ConcurrentHashMap$Traverser
instanceKlass sun/nio/fs/WindowsNativeDispatcher
instanceKlass sun/nio/fs/NativeBuffer$Deallocator
instanceKlass sun/nio/fs/NativeBuffer
instanceKlass java/lang/ThreadLocal$ThreadLocalMap
instanceKlass java/lang/ThreadLocal
instanceKlass sun/nio/fs/NativeBuffers
instanceKlass sun/nio/fs/WindowsFileAttributes
instanceKlass java/nio/file/attribute/DosFileAttributes
instanceKlass sun/nio/fs/AbstractBasicFileAttributeView
instanceKlass sun/nio/fs/DynamicFileAttributeView
instanceKlass sun/nio/fs/WindowsFileAttributeViews
instanceKlass sun/nio/fs/Util
instanceKlass java/nio/file/attribute/BasicFileAttributeView
instanceKlass java/nio/file/attribute/FileAttributeView
instanceKlass java/nio/file/attribute/AttributeView
instanceKlass java/nio/file/Files
instanceKlass java/nio/file/CopyOption
instanceKlass java/nio/file/attribute/BasicFileAttributes
instanceKlass sun/nio/fs/WindowsPath
instanceKlass java/util/zip/ZipFile$Source$Key
instanceKlass sun/nio/fs/WindowsPathParser$Result
instanceKlass sun/nio/fs/WindowsPathParser
instanceKlass java/nio/file/FileSystem
instanceKlass java/nio/file/OpenOption
instanceKlass java/nio/file/spi/FileSystemProvider
instanceKlass sun/nio/fs/DefaultFileSystemProvider
instanceKlass java/util/zip/ZipFile$Source
instanceKlass java/util/zip/ZipCoder
instanceKlass java/util/zip/ZipFile$CleanableResource
instanceKlass java/lang/Runtime$Version
instanceKlass java/util/jar/JavaUtilJarAccessImpl
instanceKlass jdk/internal/access/JavaUtilJarAccess
instanceKlass jdk/internal/loader/FileURLMapper
instanceKlass jdk/internal/loader/URLClassPath$JarLoader$1
instanceKlass java/util/zip/ZipFile$1
instanceKlass jdk/internal/access/JavaUtilZipFileAccess
instanceKlass java/util/zip/ZipFile
instanceKlass java/util/zip/ZipConstants
instanceKlass jdk/internal/loader/URLClassPath$Loader
instanceKlass jdk/internal/loader/URLClassPath$3
instanceKlass java/security/PrivilegedExceptionAction
instanceKlass sun/net/util/URLUtil
instanceKlass sun/instrument/TransformerManager$TransformerInfo
instanceKlass sun/instrument/TransformerManager
instanceKlass jdk/internal/loader/NativeLibraries$3
instanceKlass jdk/internal/loader/NativeLibrary
instanceKlass java/util/ArrayDeque$DeqIterator
instanceKlass jdk/internal/loader/NativeLibraries$NativeLibraryContext$1
instanceKlass jdk/internal/loader/NativeLibraries$NativeLibraryContext
instanceKlass jdk/internal/loader/NativeLibraries$2
instanceKlass jdk/internal/loader/NativeLibraries$1
instanceKlass jdk/internal/loader/NativeLibraries$LibraryPaths
instanceKlass  @bci sun/instrument/InstrumentationImpl <clinit> ()V 16 <appendix> argL0 ; # sun/instrument/InstrumentationImpl$$Lambda+0x000002f1a6041908
instanceKlass sun/instrument/InstrumentationImpl
instanceKlass java/lang/instrument/Instrumentation
instanceKlass java/lang/invoke/StringConcatFactory
instanceKlass jdk/internal/module/ModuleBootstrap$SafeModuleFinder
instanceKlass java/lang/ModuleLayer$Controller
instanceKlass java/util/concurrent/CopyOnWriteArrayList
instanceKlass jdk/internal/module/ServicesCatalog$ServiceProvider
instanceKlass jdk/internal/loader/AbstractClassLoaderValue$Memoizer
instanceKlass jdk/internal/module/ModuleLoaderMap$Modules
instanceKlass jdk/internal/module/ModuleLoaderMap$Mapper
instanceKlass jdk/internal/module/ModuleLoaderMap
instanceKlass java/lang/module/ResolvedModule
instanceKlass java/util/Collections$UnmodifiableCollection$1
instanceKlass java/util/SequencedMap
instanceKlass java/util/SequencedSet
instanceKlass java/lang/ModuleLayer
instanceKlass java/util/ImmutableCollections$ListItr
instanceKlass java/util/ListIterator
instanceKlass java/lang/module/ModuleFinder$1
instanceKlass java/nio/file/Path
instanceKlass java/nio/file/Watchable
instanceKlass java/lang/module/Resolver
instanceKlass java/lang/module/Configuration
instanceKlass  @bci java/util/stream/FindOps$FindSink$OfRef <clinit> ()V 43 <appendix> argL0 ; # java/util/stream/FindOps$FindSink$OfRef$$Lambda+0x80000004d
instanceKlass  @bci java/util/stream/FindOps$FindSink$OfRef <clinit> ()V 38 <appendix> argL0 ; # java/util/stream/FindOps$FindSink$OfRef$$Lambda+0x80000004f
instanceKlass  @bci java/util/stream/FindOps$FindSink$OfRef <clinit> ()V 16 <appendix> argL0 ; # java/util/stream/FindOps$FindSink$OfRef$$Lambda+0x80000004e
instanceKlass  @bci java/util/stream/FindOps$FindSink$OfRef <clinit> ()V 11 <appendix> argL0 ; # java/util/stream/FindOps$FindSink$OfRef$$Lambda+0x800000050
instanceKlass java/util/stream/FindOps$FindOp
instanceKlass java/util/stream/FindOps$FindSink
instanceKlass java/util/stream/FindOps
instanceKlass  @bci jdk/internal/module/DefaultRoots exportsAPI (Ljava/lang/module/ModuleDescriptor;)Z 9 <appendix> argL0 ; # jdk/internal/module/DefaultRoots$$Lambda+0x800000056
instanceKlass java/util/stream/Sink$ChainedReference
instanceKlass java/util/stream/ReduceOps$AccumulatingSink
instanceKlass java/util/stream/TerminalSink
instanceKlass java/util/stream/Sink
instanceKlass java/util/function/Consumer
instanceKlass java/util/stream/ReduceOps$Box
instanceKlass java/util/stream/ReduceOps$ReduceOp
instanceKlass java/util/stream/TerminalOp
instanceKlass java/util/stream/ReduceOps
instanceKlass  @bci java/util/stream/Collectors castingIdentity ()Ljava/util/function/Function; 0 <appendix> argL0 ; # java/util/stream/Collectors$$Lambda+0x800000043
instanceKlass  @bci java/util/stream/Collectors toSet ()Ljava/util/stream/Collector; 14 <appendix> argL0 ; # java/util/stream/Collectors$$Lambda+0x800000041
instanceKlass java/util/function/BinaryOperator
instanceKlass  @bci java/util/stream/Collectors toSet ()Ljava/util/stream/Collector; 9 <appendix> argL0 ; # java/util/stream/Collectors$$Lambda+0x80000003a
instanceKlass java/util/function/BiConsumer
instanceKlass  @bci java/util/stream/Collectors toSet ()Ljava/util/stream/Collector; 4 <appendix> argL0 ; # java/util/stream/Collectors$$Lambda+0x800000046
instanceKlass java/util/stream/Collector
instanceKlass java/util/Collections$UnmodifiableCollection
instanceKlass java/util/stream/Collectors
instanceKlass  @bci jdk/internal/module/DefaultRoots compute (Ljava/lang/module/ModuleFinder;Ljava/lang/module/ModuleFinder;)Ljava/util/Set; 42 <appendix> argL0 ; # jdk/internal/module/DefaultRoots$$Lambda+0x800000053
instanceKlass  @bci jdk/internal/module/DefaultRoots compute (Ljava/lang/module/ModuleFinder;Ljava/lang/module/ModuleFinder;)Ljava/util/Set; 32 <appendix> member <vmtarget> ; # jdk/internal/module/DefaultRoots$$Lambda+0x800000057
instanceKlass java/util/concurrent/ForkJoinPool$ManagedBlocker
instanceKlass java/util/concurrent/locks/AbstractQueuedSynchronizer$Node
instanceKlass  @bci jdk/internal/module/DefaultRoots compute (Ljava/lang/module/ModuleFinder;Ljava/lang/module/ModuleFinder;)Ljava/util/Set; 21 <appendix> argL0 ; # jdk/internal/module/DefaultRoots$$Lambda+0x800000054
instanceKlass java/lang/ref/Cleaner$Cleanable
instanceKlass jdk/internal/ref/CleanerImpl
instanceKlass java/lang/ref/Cleaner$1
instanceKlass java/lang/ref/Cleaner
instanceKlass jdk/internal/ref/CleanerFactory$1
instanceKlass java/util/concurrent/ThreadFactory
instanceKlass jdk/internal/ref/CleanerFactory
instanceKlass  @bci java/io/Console lambda$instantiateConsole$3 (Z)Ljava/io/Console; 19 <appendix> form vmentry <vmtarget> ; # java/lang/invoke/LambdaForm$MH+0x000002f1a6000800
instanceKlass  @bci jdk/internal/module/DefaultRoots compute (Ljava/lang/module/ModuleFinder;Ljava/lang/module/ModuleFinder;)Ljava/util/Set; 11 <appendix> argL0 ; # jdk/internal/module/DefaultRoots$$Lambda+0x800000055
instanceKlass java/lang/invoke/LambdaProxyClassArchive
instanceKlass java/lang/invoke/InfoFromMemberName
instanceKlass java/lang/invoke/MethodHandleInfo
instanceKlass jdk/internal/org/objectweb/asm/ConstantDynamic
instanceKlass jdk/internal/org/objectweb/asm/Handle
instanceKlass sun/security/action/GetBooleanAction
instanceKlass java/lang/invoke/AbstractValidatingLambdaMetafactory
instanceKlass java/lang/invoke/BootstrapMethodInvoker
instanceKlass java/util/function/Predicate
instanceKlass java/lang/WeakPairMap$Pair$Lookup
instanceKlass java/lang/WeakPairMap$Pair
instanceKlass java/lang/WeakPairMap
instanceKlass java/lang/Module$ReflectionData
instanceKlass java/lang/invoke/LambdaMetafactory
# instanceKlass java/lang/invoke/LambdaForm$MH+0x000002f1a6000400
instanceKlass java/lang/invoke/MethodHandles$Lookup$ClassDefiner
instanceKlass java/lang/invoke/MethodHandles$Lookup$ClassFile
instanceKlass jdk/internal/org/objectweb/asm/Handler
instanceKlass jdk/internal/org/objectweb/asm/Attribute
instanceKlass jdk/internal/org/objectweb/asm/FieldVisitor
instanceKlass java/util/ArrayList$Itr
instanceKlass sun/invoke/empty/Empty
instanceKlass sun/invoke/util/VerifyType
instanceKlass java/lang/invoke/InvokerBytecodeGenerator$ClassData
instanceKlass jdk/internal/org/objectweb/asm/AnnotationVisitor
instanceKlass jdk/internal/org/objectweb/asm/Frame
instanceKlass jdk/internal/org/objectweb/asm/Label
instanceKlass jdk/internal/org/objectweb/asm/Type
instanceKlass jdk/internal/org/objectweb/asm/MethodVisitor
instanceKlass sun/invoke/util/BytecodeDescriptor
instanceKlass jdk/internal/org/objectweb/asm/ByteVector
instanceKlass jdk/internal/org/objectweb/asm/Symbol
instanceKlass jdk/internal/org/objectweb/asm/SymbolTable
instanceKlass jdk/internal/org/objectweb/asm/ClassVisitor
instanceKlass java/lang/invoke/LambdaFormBuffer
instanceKlass java/lang/invoke/LambdaFormEditor$TransformKey
instanceKlass java/lang/invoke/LambdaFormEditor
instanceKlass java/lang/invoke/Invokers$Holder
instanceKlass java/lang/invoke/DelegatingMethodHandle$Holder
instanceKlass java/lang/invoke/DirectMethodHandle$2
instanceKlass java/lang/invoke/ClassSpecializer$Factory
instanceKlass java/lang/invoke/ClassSpecializer$SpeciesData
instanceKlass java/lang/invoke/ClassSpecializer$1
instanceKlass java/lang/invoke/ClassSpecializer
instanceKlass java/lang/invoke/InvokerBytecodeGenerator$1
instanceKlass java/lang/invoke/InvokerBytecodeGenerator
instanceKlass java/lang/invoke/LambdaForm$Holder
instanceKlass java/lang/invoke/LambdaForm$Name
instanceKlass java/lang/reflect/Array
instanceKlass java/lang/invoke/Invokers
instanceKlass sun/invoke/util/ValueConversions
instanceKlass java/lang/invoke/DirectMethodHandle$Holder
instanceKlass java/lang/Void
instanceKlass sun/invoke/util/Wrapper$Format
instanceKlass java/lang/invoke/MethodHandleImpl$1
instanceKlass jdk/internal/access/JavaLangInvokeAccess
instanceKlass java/lang/invoke/LambdaForm$NamedFunction
instanceKlass java/lang/invoke/MethodHandleImpl
instanceKlass jdk/internal/reflect/MethodHandleAccessorFactory$LazyStaticHolder
instanceKlass java/lang/invoke/MethodTypeForm
instanceKlass java/lang/invoke/MethodType$ConcurrentWeakInternSet
instanceKlass sun/reflect/annotation/AnnotationParser
instanceKlass java/lang/Class$3
instanceKlass java/lang/PublicMethods$Key
instanceKlass java/lang/PublicMethods$MethodList
instanceKlass java/util/EnumMap$1
instanceKlass java/util/stream/StreamOpFlag$MaskBuilder
instanceKlass java/util/stream/Stream
instanceKlass java/util/stream/BaseStream
instanceKlass java/util/stream/PipelineHelper
instanceKlass java/util/stream/StreamSupport
instanceKlass java/util/Spliterators$IteratorSpliterator
instanceKlass java/util/Spliterator$OfDouble
instanceKlass java/util/Spliterator$OfLong
instanceKlass java/util/Spliterator$OfInt
instanceKlass java/util/Spliterator$OfPrimitive
instanceKlass java/util/Spliterator
instanceKlass java/util/Spliterators$EmptySpliterator
instanceKlass java/util/Spliterators
instanceKlass jdk/internal/module/DefaultRoots
instanceKlass jdk/internal/loader/BuiltinClassLoader$LoadedModule
instanceKlass jdk/internal/loader/AbstractClassLoaderValue
instanceKlass jdk/internal/module/ServicesCatalog
instanceKlass java/util/Deque
instanceKlass java/util/Queue
instanceKlass sun/net/util/IPAddressUtil$MASKS
instanceKlass sun/net/util/IPAddressUtil
instanceKlass java/net/URLStreamHandler
instanceKlass java/lang/StringUTF16
instanceKlass sun/net/www/ParseUtil
instanceKlass java/net/URL$3
instanceKlass jdk/internal/access/JavaNetURLAccess
instanceKlass java/net/URL$DefaultFactory
instanceKlass java/net/URLStreamHandlerFactory
instanceKlass jdk/internal/loader/URLClassPath
instanceKlass java/security/Principal
instanceKlass java/security/ProtectionDomain$Key
instanceKlass java/security/ProtectionDomain$JavaSecurityAccessImpl
instanceKlass jdk/internal/access/JavaSecurityAccess
instanceKlass java/lang/ClassLoader$ParallelLoaders
instanceKlass java/security/cert/Certificate
instanceKlass jdk/internal/loader/ArchivedClassLoaders
instanceKlass java/util/concurrent/ConcurrentHashMap$CollectionView
instanceKlass jdk/internal/loader/ClassLoaderHelper
instanceKlass jdk/internal/loader/NativeLibraries
instanceKlass java/lang/Module$EnableNativeAccess
instanceKlass jdk/internal/loader/BootLoader
instanceKlass java/util/Optional
instanceKlass jdk/internal/module/SystemModuleFinders$SystemModuleFinder
instanceKlass java/lang/module/ModuleFinder
instanceKlass jdk/internal/module/SystemModuleFinders$3
instanceKlass jdk/internal/module/ModuleHashes$HashSupplier
instanceKlass jdk/internal/module/SystemModuleFinders$2
instanceKlass java/util/function/Supplier
instanceKlass java/lang/module/ModuleReference
instanceKlass jdk/internal/module/ModuleResolution
instanceKlass java/util/Collections$UnmodifiableMap
instanceKlass jdk/internal/module/ModuleHashes$Builder
instanceKlass jdk/internal/module/ModuleHashes
instanceKlass jdk/internal/module/ModuleTarget
instanceKlass java/util/ImmutableCollections$Set12$1
instanceKlass java/lang/reflect/AccessFlag$18
instanceKlass java/lang/reflect/AccessFlag$17
instanceKlass java/lang/reflect/AccessFlag$16
instanceKlass java/lang/reflect/AccessFlag$15
instanceKlass java/lang/reflect/AccessFlag$14
instanceKlass java/lang/reflect/AccessFlag$13
instanceKlass java/lang/reflect/AccessFlag$12
instanceKlass java/lang/reflect/AccessFlag$11
instanceKlass java/lang/reflect/AccessFlag$10
instanceKlass java/lang/reflect/AccessFlag$9
instanceKlass java/lang/reflect/AccessFlag$8
instanceKlass java/lang/reflect/AccessFlag$7
instanceKlass java/lang/reflect/AccessFlag$6
instanceKlass java/lang/reflect/AccessFlag$5
instanceKlass java/lang/reflect/AccessFlag$4
instanceKlass java/lang/reflect/AccessFlag$3
instanceKlass java/lang/reflect/AccessFlag$2
instanceKlass java/lang/reflect/AccessFlag$1
instanceKlass java/lang/module/ModuleDescriptor$Version
instanceKlass java/lang/module/ModuleDescriptor$Provides
instanceKlass java/lang/module/ModuleDescriptor$Opens
instanceKlass java/util/ImmutableCollections$SetN$SetNIterator
instanceKlass java/lang/module/ModuleDescriptor$Exports
instanceKlass java/lang/module/ModuleDescriptor$Requires
instanceKlass jdk/internal/module/Builder
instanceKlass jdk/internal/module/SystemModules$all
instanceKlass jdk/internal/module/SystemModules
instanceKlass jdk/internal/module/SystemModulesMap
instanceKlass java/net/URI$1
instanceKlass jdk/internal/access/JavaNetUriAccess
instanceKlass java/net/URI
instanceKlass jdk/internal/module/SystemModuleFinders
instanceKlass jdk/internal/module/ArchivedModuleGraph
instanceKlass jdk/internal/module/ArchivedBootLayer
instanceKlass jdk/internal/module/ModuleBootstrap$Counters
instanceKlass jdk/internal/module/ModulePatcher
instanceKlass java/io/FileSystem
instanceKlass java/io/DefaultFileSystem
instanceKlass java/io/File
instanceKlass java/lang/module/ModuleDescriptor$1
instanceKlass jdk/internal/access/JavaLangModuleAccess
instanceKlass sun/invoke/util/VerifyAccess
instanceKlass java/util/KeyValueHolder
instanceKlass java/util/ImmutableCollections$MapN$MapNIterator
instanceKlass java/lang/StrictMath
instanceKlass java/lang/invoke/MethodHandles$Lookup
instanceKlass java/lang/invoke/MemberName$Factory
instanceKlass java/lang/invoke/MethodHandles
instanceKlass java/lang/module/ModuleDescriptor
instanceKlass jdk/internal/module/ModuleBootstrap
instanceKlass jdk/internal/misc/Blocker
instanceKlass java/lang/Character$CharacterCache
instanceKlass java/util/HexFormat
instanceKlass jdk/internal/util/ClassFileDumper
instanceKlass sun/security/action/GetPropertyAction
instanceKlass java/lang/invoke/MethodHandleStatics
instanceKlass java/util/concurrent/locks/AbstractQueuedSynchronizer$ConditionObject
instanceKlass java/util/concurrent/locks/Condition
instanceKlass java/util/Collections
instanceKlass java/lang/Thread$ThreadIdentifiers
instanceKlass sun/io/Win32ErrorMode
instanceKlass jdk/internal/misc/OSEnvironment
instanceKlass java/lang/Integer$IntegerCache
instanceKlass jdk/internal/misc/Signal$NativeHandler
instanceKlass java/util/Hashtable$Entry
instanceKlass jdk/internal/misc/Signal
instanceKlass java/lang/Terminator$1
instanceKlass jdk/internal/misc/Signal$Handler
instanceKlass java/lang/Terminator
instanceKlass java/nio/ByteOrder
instanceKlass java/nio/Buffer$2
instanceKlass jdk/internal/access/JavaNioAccess
instanceKlass java/nio/Buffer$1
instanceKlass jdk/internal/misc/ScopedMemoryAccess
instanceKlass java/nio/charset/CodingErrorAction
instanceKlass java/nio/charset/CharsetEncoder
instanceKlass java/io/Writer
instanceKlass java/io/PrintStream$1
instanceKlass jdk/internal/access/JavaIOPrintStreamAccess
instanceKlass jdk/internal/misc/InternalLock
instanceKlass java/io/OutputStream
instanceKlass java/io/Flushable
instanceKlass java/io/FileDescriptor$1
instanceKlass jdk/internal/access/JavaIOFileDescriptorAccess
instanceKlass java/io/FileDescriptor
instanceKlass jdk/internal/util/StaticProperty
instanceKlass jdk/internal/reflect/MethodHandleAccessorFactory
instanceKlass java/lang/reflect/Modifier
instanceKlass java/lang/Class$1
instanceKlass java/lang/Class$Atomic
instanceKlass java/lang/Class$ReflectionData
instanceKlass java/nio/charset/StandardCharsets
instanceKlass sun/nio/cs/HistoricallyNamedCharset
instanceKlass java/nio/charset/spi/CharsetProvider
instanceKlass java/nio/charset/Charset
instanceKlass java/util/HashMap$HashIterator
instanceKlass java/util/concurrent/locks/LockSupport
instanceKlass java/util/concurrent/ConcurrentHashMap$Node
instanceKlass java/util/concurrent/ConcurrentHashMap$CounterCell
instanceKlass java/util/concurrent/locks/ReentrantLock
instanceKlass java/util/concurrent/locks/Lock
instanceKlass java/lang/CharacterData
instanceKlass java/util/Arrays
instanceKlass jdk/internal/util/Preconditions$3
instanceKlass jdk/internal/util/Preconditions$2
instanceKlass jdk/internal/util/Preconditions$4
instanceKlass java/util/function/BiFunction
instanceKlass jdk/internal/util/Preconditions$1
instanceKlass java/util/function/Function
instanceKlass jdk/internal/util/Preconditions
instanceKlass java/lang/Runtime
instanceKlass java/lang/VersionProps
instanceKlass java/lang/StringConcatHelper
instanceKlass java/util/HashMap$Node
instanceKlass java/util/Map$Entry
instanceKlass jdk/internal/util/ArraysSupport
instanceKlass jdk/internal/util/SystemProps$Raw
instanceKlass jdk/internal/util/SystemProps
instanceKlass java/lang/System$2
instanceKlass jdk/internal/access/JavaLangAccess
instanceKlass java/lang/ref/NativeReferenceQueue$Lock
instanceKlass java/lang/ref/ReferenceQueue
instanceKlass java/lang/ref/Reference$1
instanceKlass jdk/internal/access/JavaLangRefAccess
instanceKlass jdk/internal/reflect/ReflectionFactory
instanceKlass java/lang/Math
instanceKlass java/lang/StringLatin1
instanceKlass jdk/internal/reflect/Reflection
instanceKlass jdk/internal/reflect/ReflectionFactory$GetReflectionFactoryAction
instanceKlass java/security/PrivilegedAction
instanceKlass jdk/internal/access/SharedSecrets
instanceKlass java/lang/reflect/ReflectAccess
instanceKlass jdk/internal/access/JavaLangReflectAccess
instanceKlass java/util/ImmutableCollections
instanceKlass java/util/Objects
instanceKlass java/util/Set
instanceKlass jdk/internal/misc/CDS
instanceKlass java/lang/Module$ArchivedData
instanceKlass jdk/internal/misc/VM
instanceKlass java/lang/String$CaseInsensitiveComparator
instanceKlass java/util/Comparator
instanceKlass java/io/ObjectStreamField
instanceKlass jdk/internal/vm/FillerObject
instanceKlass jdk/internal/vm/vector/VectorSupport$VectorPayload
instanceKlass jdk/internal/vm/vector/VectorSupport
instanceKlass java/lang/reflect/RecordComponent
instanceKlass java/util/Iterator
instanceKlass java/lang/Number
instanceKlass java/lang/Character
instanceKlass java/lang/Boolean
instanceKlass java/util/concurrent/locks/AbstractOwnableSynchronizer
instanceKlass java/lang/LiveStackFrame
instanceKlass java/lang/StackFrameInfo
instanceKlass java/lang/StackWalker$StackFrame
instanceKlass java/lang/StackStreamFactory$AbstractStackWalker
instanceKlass java/lang/StackWalker
instanceKlass java/nio/Buffer
instanceKlass java/lang/StackTraceElement
instanceKlass java/util/RandomAccess
instanceKlass java/util/List
instanceKlass java/util/SequencedCollection
instanceKlass java/util/AbstractCollection
instanceKlass java/util/Collection
instanceKlass java/lang/Iterable
instanceKlass java/util/concurrent/ConcurrentMap
instanceKlass java/util/AbstractMap
instanceKlass java/security/CodeSource
instanceKlass jdk/internal/loader/ClassLoaders
instanceKlass java/util/jar/Manifest
instanceKlass java/lang/Enum
instanceKlass java/net/URL
instanceKlass java/io/InputStream
instanceKlass java/io/Closeable
instanceKlass java/lang/AutoCloseable
instanceKlass jdk/internal/module/Modules
instanceKlass jdk/internal/misc/Unsafe
instanceKlass jdk/internal/misc/UnsafeConstants
instanceKlass java/lang/AbstractStringBuilder
instanceKlass java/lang/Appendable
instanceKlass java/lang/AssertionStatusDirectives
instanceKlass java/lang/invoke/MethodHandleNatives$CallSiteContext
instanceKlass jdk/internal/foreign/abi/ABIDescriptor
instanceKlass jdk/internal/foreign/abi/NativeEntryPoint
instanceKlass java/lang/invoke/CallSite
instanceKlass java/lang/invoke/MethodType
instanceKlass java/lang/invoke/TypeDescriptor$OfMethod
instanceKlass java/lang/invoke/LambdaForm
instanceKlass java/lang/invoke/MethodHandleNatives
instanceKlass java/lang/invoke/ResolvedMethodName
instanceKlass java/lang/invoke/MemberName
instanceKlass java/lang/invoke/VarHandle
instanceKlass java/lang/invoke/MethodHandle
instanceKlass jdk/internal/reflect/CallerSensitive
instanceKlass java/lang/annotation/Annotation
instanceKlass jdk/internal/reflect/FieldAccessor
instanceKlass jdk/internal/reflect/ConstantPool
instanceKlass jdk/internal/reflect/ConstructorAccessor
instanceKlass jdk/internal/reflect/MethodAccessor
instanceKlass jdk/internal/reflect/MagicAccessorImpl
instanceKlass jdk/internal/vm/StackChunk
instanceKlass jdk/internal/vm/Continuation
instanceKlass jdk/internal/vm/ContinuationScope
instanceKlass java/lang/reflect/Parameter
instanceKlass java/lang/reflect/Member
instanceKlass java/lang/reflect/AccessibleObject
instanceKlass java/lang/Module
instanceKlass java/util/Map
instanceKlass java/util/Dictionary
instanceKlass java/lang/ThreadGroup
instanceKlass java/lang/Thread$UncaughtExceptionHandler
instanceKlass java/lang/Thread$Constants
instanceKlass java/lang/Thread$FieldHolder
instanceKlass java/lang/Thread
instanceKlass java/lang/Runnable
instanceKlass java/lang/ref/Reference
instanceKlass java/lang/Record
instanceKlass java/security/AccessController
instanceKlass java/security/AccessControlContext
instanceKlass java/security/ProtectionDomain
instanceKlass java/lang/SecurityManager
instanceKlass java/lang/Throwable
instanceKlass java/lang/System
instanceKlass java/lang/ClassLoader
instanceKlass java/lang/Cloneable
instanceKlass java/lang/Class
instanceKlass java/lang/invoke/TypeDescriptor$OfField
instanceKlass java/lang/invoke/TypeDescriptor
instanceKlass java/lang/reflect/Type
instanceKlass java/lang/reflect/GenericDeclaration
instanceKlass java/lang/reflect/AnnotatedElement
instanceKlass java/lang/String
instanceKlass java/lang/constant/ConstantDesc
instanceKlass java/lang/constant/Constable
instanceKlass java/lang/CharSequence
instanceKlass java/lang/Comparable
instanceKlass java/io/Serializable
ciInstanceKlass java/lang/Object 1 1 124 7 1 10 12 1 1 10 7 12 1 1 1 10 7 12 1 1 1 10 12 1 1 8 1 10 12 1 1 10 7 12 1 1 1 10 12 1 10 12 1 1 10 7 12 1 1 1 10 12 1 10 12 1 7 1 10 7 12 1 1 1 10 12 1 1 10 12 1 100 1 8 1 10 12 1 3 8 1 7 1 5 0 1 1 1 1 1 1 1 1 1 1 1 1 1 1 1 1 7 1 1 1 1 1 1 1 1 1 1 7 1 1 1 1 1 1 1 1 1 1 3 1 1
ciMethod java/lang/Object clone ()Ljava/lang/Object; 512 0 256 0 -1
ciInstanceKlass java/io/Serializable 1 0 7 100 1 100 1 1 1
ciInstanceKlass java/lang/System 1 1 834 10 7 12 1 1 1 9 7 12 1 1 1 10 12 1 10 12 1 1 10 12 1 1 10 12 1 9 12 1 1 10 7 12 1 1 1 11 7 12 1 1 1 10 100 12 1 1 1 10 12 1 1 10 12 1 1 100 1 8 1 10 12 1 10 7 12 1 1 1 10 7 12 1 1 1 18 12 1 1 10 7 12 1 1 1 7 1 10 12 1 1 10 7 12 1 1 1 10 12 1 10 7 12 1 1 1 9 100 12 1 1 1 10 7 12 1 1 1 11 7 12 1 1 1 10 12 1 1 10 7 12 1 1 1 7 1 10 10 12 1 1 8 1 10 12 1 8 1 10 12 1 9 12 1 1 8 1 10 7 12 1 1 1 10 12 1 1 100 1 8 1 10 9 12 1 1 8 1 10 12 1 1 10 100 12 1 1 1 8 1 10 12 1 7 1 10 12 1 8 1 10 12 1 10 12 1 1 100 1 10 12 10 12 1 9 12 1 1 9 12 1 1 10 7 12 1 1 1 10 7 12 1 1 1 10 12 1 1 10 12 1 10 12 1 10 7 12 1 1 1 10 12 1 100 1 100 1 8 1 10 12 1 10 12 1 1 7 1 10 12 1 100 1 8 1 10 10 12 1 100 1 8 1 10 8 1 10 7 12 1 1 8 1 10 12 100 1 8 1 10 10 12 1 1 10 7 12 1 1 1 100 1 18 12 1 100 1 9 100 12 1 1 1 10 12 1 100 1 10 12 1 1 10 12 1 1 10 7 12 1 1 1 10 12 1 1 10 12 1 10 12 1 10 12 1 1 10 12 1 7 1 10 12 1 9 7 12 1 1 1 10 7 12 1 1 1 10 12 1 10 12 1 10 7 12 1 1 1 7 1 8 1 10 9 12 1 9 12 1 10 12 1 10 7 12 1 1 10 12 1 10 12 1 1 8 1 10 12 1 1 8 1 11 12 1 10 12 11 12 1 1 11 7 12 1 1 1 11 7 12 1 1 11 12 1 1 7 1 11 12 1 10 12 1 8 1 10 12 1 1 8 1 8 1 8 1 8 1 11 12 1 10 12 1 10 12 1 10 12 1 8 1 10 12 1 1 8 1 9 12 1 8 1 10 7 12 1 1 8 1 7 1 9 7 12 1 1 1 10 12 1 7 1 9 12 10 9 12 7 1 10 12 9 12 1 1 8 1 10 12 1 1 8 1 10 7 12 1 1 10 12 1 10 12 1 1 11 7 12 1 1 10 12 10 7 12 1 1 1 9 12 1 1 7 1 8 1 10 12 1 1 10 7 12 1 1 1 7 1 10 12 1 1 10 12 1 8 1 8 1 10 8 1 8 1 8 1 8 1 10 10 7 12 1 1 10 12 1 10 12 1 1 10 12 1 1 10 12 1 10 100 12 1 1 1 10 7 1 8 1 10 10 10 12 1 1 10 12 1 1 8 1 10 12 1 8 1 8 1 10 12 1 10 7 12 1 1 1 10 12 1 1 7 1 10 10 12 1 10 12 1 9 12 1 1 3 1 3 1 1 1 1 1 1 1 1 1 1 1 1 100 1 1 100 1 1 1 1 1 1 1 1 1 1 1 100 1 7 1 1 1 1 1 1 1 1 1 1 1 1 1 1 1 1 1 1 1 1 1 1 1 1 1 1 1 1 1 1 1 1 1 1 1 1 1 1 1 1 1 1 1 1 1 1 1 1 1 1 1 1 1 1 1 1 1 1 100 1 1 1 1 1 1 1 1 1 1 1 1 1 1 1 1 1 1 1 1 1 1 1 1 1 1 1 1 1 1 1 1 1 100 1 1 16 15 10 12 1 1 16 15 10 12 16 1 15 10 100 12 1 1 1 1 1 1 1 1 1 100 1 100 1 1
staticfield java/lang/System in Ljava/io/InputStream; java/io/BufferedInputStream
staticfield java/lang/System out Ljava/io/PrintStream; java/io/PrintStream
staticfield java/lang/System err Ljava/io/PrintStream; java/io/PrintStream
ciInstanceKlass java/lang/SecurityManager 0 0 576 10 7 12 1 1 1 9 7 12 1 1 1 10 7 12 1 1 1 100 1 8 1 10 12 1 10 12 1 1 10 7 12 1 1 1 10 7 1 10 100 1 10 9 100 12 1 1 1 10 7 12 1 1 1 10 12 1 1 10 7 12 1 1 100 1 8 1 10 9 12 1 1 9 12 1 8 1 9 12 1 7 1 10 8 1 10 12 1 1 10 12 1 10 12 1 1 100 1 10 10 12 1 1 100 1 8 1 10 12 1 8 1 8 1 8 1 8 1 8 1 8 1 10 12 1 8 1 8 1 8 1 8 1 8 1 10 7 12 1 1 1 10 12 1 1 8 1 100 1 8 1 10 8 1 8 1 8 1 8 1 8 1 10 100 12 1 1 8 1 100 1 8 1 8 1 10 8 1 10 12 1 100 1 8 1 10 10 12 1 1 10 12 1 10 12 1 10 12 1 10 100 12 1 1 1 10 12 1 10 100 12 1 1 11 100 12 1 1 1 18 12 1 1 11 100 12 1 1 1 18 12 1 1 11 12 1 1 18 18 11 12 1 18 12 1 11 12 1 1 9 12 1 1 9 12 1 9 12 1 9 12 1 100 1 10 100 12 1 1 10 12 1 10 12 1 18 12 1 18 10 100 12 1 1 1 18 12 1 10 12 1 18 18 8 1 10 12 1 9 12 1 1 11 7 12 1 1 1 8 1 100 1 10 12 1 10 12 1 1 10 12 1 1 9 12 1 1 10 12 1 10 12 1 1 8 1 100 1 10 9 12 1 8 1 10 12 1 8 1 100 1 10 10 100 12 1 1 10 100 1 9 7 12 1 1 1 11 12 1 1 10 12 1 11 12 1 10 12 1 7 1 10 10 12 1 1 10 12 1 1 1 1 1 1 1 1 1 1 1 7 1 1 1 1 1 1 1 1 1 1 1 1 1 1 1 1 1 1 1 1 1 1 1 1 1 1 1 1 1 1 1 1 1 1 1 1 1 1 1 1 1 1 1 1 1 1 1 1 1 1 1 1 1 1 1 1 3 1 1 1 1 1 1 1 1 1 1 100 1 1 1 1 1 1 1 1 1 1 1 1 1 1 1 1 1 1 1 1 1 1 1 1 1 1 1 1 1 1 1 1 1 1 1 1 1 1 16 15 10 7 12 1 1 1 16 1 16 15 10 12 16 1 15 10 12 16 15 11 7 1 16 1 16 1 15 10 12 16 15 10 12 16 15 10 12 1 16 1 15 11 12 1 15 10 12 16 15 10 16 1 15 10 100 12 1 1 1 1 1 1 100 1 100 1 1
ciInstanceKlass java/security/AccessController 1 1 295 10 7 12 1 1 1 10 7 12 1 1 1 10 7 12 1 1 1 10 12 1 1 10 12 1 1 10 7 12 1 1 1 10 12 1 1 10 12 1 10 12 1 1 10 12 1 100 1 8 1 10 12 1 10 12 1 10 12 1 1 10 12 1 7 1 7 1 10 12 1 1 10 12 1 10 12 1 10 12 1 1 10 7 12 1 1 1 10 12 1 1 9 100 12 1 1 1 10 7 12 1 1 1 10 12 1 10 12 1 9 100 12 1 1 1 10 12 1 10 12 1 1 9 12 1 1 10 100 1 10 11 7 12 1 1 1 10 7 12 1 1 11 7 1 100 1 10 12 1 10 12 1 10 12 1 8 1 10 12 1 1 8 1 10 100 12 1 1 1 8 1 7 1 10 10 12 1 1 10 12 1 10 7 12 1 1 1 10 12 1 8 1 10 7 12 1 1 8 1 8 1 10 12 1 8 1 10 12 1 10 12 1 1 10 12 1 1 1 1 1 1 1 1 1 1 1 1 1 1 1 1 1 1 1 1 1 1 1 1 1 1 1 1 100 1 1 1 1 1 1 1 1 1 1 1 1 1 1 1 1 1 1 1 1 1 1 1 1 1 1 1 1 1 1 1 1 1 1 100 1 100 1 1 1 1 1 1 1 1 1 3 1 1 1
staticfield java/security/AccessController $assertionsDisabled Z 1
ciInstanceKlass java/security/ProtectionDomain 1 1 348 10 7 12 1 1 1 9 7 12 1 1 1 7 1 10 9 12 1 1 9 12 1 1 9 12 1 1 10 7 12 1 1 7 1 9 12 1 9 12 1 1 7 1 9 12 1 1 9 12 1 10 7 12 1 1 10 7 12 1 1 1 10 12 1 1 10 12 1 9 12 1 9 100 12 1 1 10 12 1 1 10 100 1 10 12 1 1 8 1 7 1 8 1 10 12 1 10 11 10 7 12 1 1 1 10 12 1 1 8 1 11 8 1 10 12 1 8 1 8 1 10 12 1 1 10 12 1 10 12 1 1 10 12 1 8 1 10 12 1 8 1 8 1 10 7 12 1 1 1 9 100 12 1 1 1 10 12 1 1 9 100 12 1 1 1 10 7 12 1 1 1 100 1 18 12 1 1 10 7 12 1 1 1 10 7 1 10 12 1 10 12 1 1 11 100 12 1 1 11 12 1 100 1 11 7 12 1 1 1 10 12 1 10 11 12 1 1 11 12 1 1 10 12 1 10 7 12 1 1 10 100 12 1 1 11 12 1 10 12 10 12 1 8 1 8 1 10 7 12 1 1 1 7 1 10 10 7 12 1 1 1 1 1 1 1 1 1 1 7 1 1 7 1 1 1 1 1 1 1 1 1 1 1 1 1 1 1 1 1 1 1 1 1 1 1 1 1 1 1 1 1 1 1 1 1 1 1 1 1 1 1 1 1 1 1 1 7 1 1 1 1 1 1 100 1 1 16 15 10 12 16 15 10 100 12 1 1 1 1 1 1 1 100 1 100 1 1
staticfield java/security/ProtectionDomain filePermCompatInPD Z 0
ciInstanceKlass java/security/CodeSource 1 1 398 10 7 12 1 1 1 9 7 12 1 1 1 9 12 1 1 9 12 1 1 9 12 1 1 10 7 12 1 1 1 9 12 1 1 10 100 12 1 1 10 100 10 7 12 1 1 1 10 100 12 1 1 1 10 12 1 1 7 1 10 10 100 12 1 1 1 10 100 12 1 1 1 10 12 1 1 100 1 10 12 1 1 10 12 1 1 10 12 1 1 10 12 1 10 10 10 12 1 1 10 7 12 1 1 1 10 12 1 10 12 1 10 12 1 8 1 10 12 1 10 12 1 10 12 1 1 10 12 1 8 1 10 12 1 1 10 7 1 10 10 12 1 1 8 1 10 12 1 10 12 1 10 12 1 8 1 8 1 9 12 1 1 100 1 8 1 10 12 1 10 12 1 1 8 1 10 12 1 8 1 8 1 8 1 10 100 12 1 1 10 12 1 1 10 12 1 10 12 1 1 10 12 1 1 10 12 1 1 100 1 100 1 10 12 1 10 12 10 12 1 1 10 100 12 1 1 10 12 1 7 1 10 12 10 100 12 1 1 1 10 8 1 10 12 1 10 12 1 10 12 1 1 100 1 10 12 1 1 100 1 7 1 8 1 8 1 10 10 12 1 1 10 100 12 1 1 1 7 1 10 12 10 12 1 1 11 7 12 1 1 10 10 12 1 11 10 12 1 8 1 100 1 10 12 1 10 12 1 1 10 12 1 11 12 1 1 7 1 1 1 1 5 0 1 1 1 1 1 1 1 1 1 1 1 1 1 1 1 1 1 1 1 1 1 1 1 1 1 1 1 1 1 1 1 1 1 1 1 1 1 1 1 1 1 1 1 1 1 1 1 1 1 1 1 1 1 1 1 1 1 1 1 1 1 1 1 1 1 1 100 1 1 1 1 1 1 1
ciInstanceKlass java/lang/Boolean 1 1 152 10 7 12 1 1 1 9 7 12 1 1 1 10 12 1 1 10 12 1 8 1 10 7 12 1 1 9 12 1 1 9 12 1 10 12 1 1 10 12 1 1 10 12 1 1 10 7 12 1 1 1 100 1 100 1 10 12 1 1 9 100 12 1 1 9 12 10 100 12 1 1 1 10 12 1 1 8 1 10 7 12 1 1 1 9 12 1 1 7 1 7 1 7 1 1 1 1 1 1 5 0 1 1 1 1 1 1 1 1 1 1 3 1 1 1 1 1 1 1 1 1 1 1 1 1 1 1 1 1 1 7 1 1 1 1 1 1 1 1 1 1 100 1 1 1 1 1 1 1 1 1
staticfield java/lang/Boolean TRUE Ljava/lang/Boolean; java/lang/Boolean
staticfield java/lang/Boolean FALSE Ljava/lang/Boolean; java/lang/Boolean
staticfield java/lang/Boolean TYPE Ljava/lang/Class; java/lang/Class
ciInstanceKlass java/lang/Comparable 1 0 12 100 1 100 1 1 1 1 1 1 1 1
ciInstanceKlass java/lang/constant/Constable 1 0 11 100 1 100 1 1 1 1 1 1 1
ciInstanceKlass java/util/Map 1 1 263 11 7 12 1 1 1 11 12 1 1 10 100 12 1 1 11 12 1 1 11 7 12 1 1 1 11 100 12 1 1 1 11 12 1 1 7 1 11 12 1 11 12 1 100 1 100 1 10 12 1 1 11 100 12 1 1 1 11 100 12 1 1 1 11 12 1 11 12 1 10 12 1 1 11 12 1 11 100 12 1 9 7 12 1 1 1 100 1 10 12 7 1 7 1 10 12 1 7 1 10 7 1 11 12 1 11 12 1 1 11 12 1 1 7 1 11 12 1 1 1 1 1 1 1 1 1 1 1 1 1 1 1 1 1 1 1 1 1 1 1 1 1 1 1 1 1 1 1 1 1 1 1 1 1 1 1 1 1 1 1 1 1 1 1 1 1 1 1 1 1 1 1 1 1 1 1 1 1 1 1 1 1 1 1 1 1 1 1 1 1 1 1 1 1 1 1 1 1 1 1 1 1 1 1 1 1 1 1 1 1 1 1 1 1 1 1 1 1 1 1 1 1 1 1 1 1 1 1 1 1 1 1 1 1 1 1 1 1 1 1 1 1 1 100 1 1 1 1 1 1 1 1 1 1 1 1 1 1 1 1 1 1
ciInstanceKlass java/lang/Class 1 1 1698 10 7 12 1 1 1 9 7 12 1 1 1 9 12 1 1 10 12 1 1 8 1 10 12 1 8 1 8 1 10 12 1 1 10 7 12 1 1 1 10 12 1 7 1 10 10 12 1 10 12 1 1 10 12 1 1 10 12 1 1 10 7 12 1 1 10 12 1 10 12 1 10 12 1 8 1 10 12 1 8 1 10 12 1 8 1 8 1 10 12 1 1 10 7 12 1 1 1 18 12 1 1 11 7 12 1 1 1 8 1 8 1 8 1 10 7 12 1 1 1 11 12 1 1 8 1 10 12 1 10 11 100 12 1 1 1 11 7 12 1 1 1 11 8 1 18 8 1 10 12 1 10 7 12 1 1 10 12 1 1 10 7 12 1 1 1 10 12 1 1 10 12 1 1 10 7 12 1 1 1 10 12 9 100 12 1 1 1 10 7 12 1 1 1 10 12 1 10 7 12 1 1 1 10 12 1 1 18 12 1 1 10 7 12 1 1 1 10 7 12 1 10 12 1 1 10 7 1 7 1 10 12 1 1 9 12 1 1 100 1 8 1 10 12 1 10 12 1 1 10 12 1 1 10 7 12 1 1 1 7 1 10 12 1 7 1 100 1 10 10 12 1 1 10 12 1 1 100 1 10 7 12 1 1 1 10 12 1 1 10 12 1 1 9 12 1 1 10 12 1 10 12 1 1 9 12 1 1 9 12 1 1 10 12 1 1 10 7 1 10 12 1 10 12 1 10 12 1 1 10 9 12 1 10 12 1 8 1 10 12 1 1 10 12 1 1 10 12 1 10 12 1 1 10 12 1 1 10 12 1 1 9 7 12 1 1 1 10 7 12 1 1 10 12 10 12 1 10 12 1 10 12 1 10 12 1 9 100 12 1 1 1 9 12 1 10 12 1 10 100 12 1 1 1 10 12 1 1 10 100 12 1 1 10 12 1 10 12 1 1 10 100 12 1 1 1 10 12 1 10 12 1 1 10 12 1 10 12 1 10 12 1 1 10 7 1 10 10 10 12 1 1 10 12 1 1 10 12 10 10 12 1 1 7 1 8 1 10 10 12 1 1 10 12 1 100 1 11 12 1 10 7 12 1 1 10 12 1 10 12 1 10 100 12 1 1 10 10 12 1 1 8 1 10 12 1 10 12 1 1 8 1 10 12 1 9 12 1 10 12 1 10 12 1 10 12 1 10 12 7 1 9 12 1 10 12 1 9 12 1 10 12 1 10 12 1 10 12 1 10 10 12 1 10 12 1 10 7 12 1 1 10 12 1 10 12 1 10 12 1 1 10 12 1 10 12 1 10 12 1 100 1 10 12 1 10 12 1 1 10 12 1 1 10 12 1 1 10 12 1 1 10 12 1 1 10 12 1 1 7 1 10 10 12 1 1 10 12 1 1 10 12 1 1 10 10 12 1 10 12 1 1 10 12 1 1 10 12 1 1 10 12 1 1 7 1 10 10 12 11 7 12 1 1 10 12 1 10 12 1 10 100 12 1 1 1 10 12 1 1 10 10 12 1 1 7 1 10 10 12 1 1 10 7 12 1 1 1 100 1 100 1 10 12 1 1 10 12 1 10 10 12 1 1 10 12 1 10 12 1 10 12 1 10 100 12 1 1 1 11 7 12 1 1 10 12 1 10 12 1 9 12 1 10 12 1 1 10 12 1 9 12 1 1 100 1 10 9 12 1 1 10 12 7 1 10 12 1 9 12 1 10 100 12 1 1 1 10 12 1 10 12 1 10 100 12 1 1 1 10 12 1 10 12 10 12 1 1 100 1 10 8 1 10 12 1 11 11 12 1 1 11 7 12 1 1 11 12 1 8 1 10 12 1 10 12 1 1 9 12 1 9 12 1 1 10 7 12 1 1 9 12 1 10 12 1 1 10 10 12 1 10 7 12 1 1 1 10 7 12 1 1 10 7 12 1 1 9 12 1 1 10 12 1 9 12 1 10 12 1 10 12 1 1 9 12 1 1 9 12 1 10 12 1 10 12 1 1 9 12 1 100 1 10 10 12 1 1 7 1 10 12 1 1 100 11 7 1 9 12 1 1 9 12 1 7 1 10 12 1 9 12 1 1 9 12 1 10 12 1 10 12 1 1 9 12 1 7 1 10 10 12 1 1 10 10 12 1 10 12 10 10 12 1 9 12 1 10 12 1 1 10 7 12 1 1 1 10 12 1 1 10 12 1 8 10 7 8 1 18 8 1 8 1 10 12 1 9 12 1 9 12 1 1 10 12 1 7 1 7 1 10 12 1 9 12 1 1 7 1 10 10 12 1 10 7 1 9 12 1 8 1 10 12 1 7 1 10 12 1 10 12 1 1 100 1 7 1 9 12 1 100 1 8 1 10 10 7 12 1 1 1 10 12 11 7 12 1 1 1 10 12 1 10 12 1 1 10 8 1 8 1 10 12 1 1 9 7 12 1 1 11 12 7 1 11 7 12 1 1 9 12 1 10 100 12 1 1 1 10 7 12 1 1 10 12 1 1 9 12 1 9 10 12 1 1 10 12 1 1 10 12 1 1 10 12 1 1 10 12 1 1 11 12 1 100 1 11 12 1 10 100 12 1 1 1 10 12 1 11 12 1 10 100 12 1 1 1 10 12 1 10 100 12 1 1 1 11 12 1 11 12 1 1 10 12 1 10 12 1 1 9 12 1 1 9 100 12 1 1 10 12 1 10 100 12 1 1 1 10 12 1 1 10 12 1 10 12 1 10 12 1 10 7 12 1 1 1 10 12 1 8 1 10 12 1 10 12 1 10 12 1 100 1 10 12 10 100 12 1 1 1 11 100 12 1 1 1 10 12 1 1 10 12 1 18 12 1 1 11 12 1 1 18 11 12 1 18 12 1 11 12 1 10 12 1 1 10 12 1 10 12 1 10 12 1 10 12 1 10 12 10 12 1 8 1 10 12 1 7 1 9 12 1 1 7 1 7 1 7 1 7 1 1 1 3 1 3 1 3 1 1 1 1 1 1 1 5 0 1 1 1 1 1 1 1 1 1 1 1 1 1 1 1 1 1 1 1 1 1 1 1 1 100 1 1 1 1 1 1 1 100 1 1 1 1 1 7 1 1 1 1 1 1 1 1 1 1 1 1 1 1 1 1 1 1 1 1 1 1 1 1 1 1 1 1 1 1 1 1 1 1 1 1 1 1 1 1 1 1 100 1 1 1 1 1 1 1 1 1 1 1 1 1 1 1 1 1 1 1 1 1 1 1 1 1 1 1 1 1 1 1 100 1 1 1 1 1 1 1 1 1 1 1 1 1 1 1 1 1 1 1 1 3 1 1 1 1 1 1 1 1 1 1 1 1 1 1 1 1 1 1 1 1 1 1 1 1 1 1 1 1 1 1 1 1 1 1 1 7 1 7 1 1 1 1 1 1 1 1 1 1 1 1 1 1 1 1 1 1 1 1 1 1 1 1 1 1 1 1 1 1 1 1 1 1 1 1 1 1 1 1 1 1 1 1 1 1 1 1 1 1 1 1 1 1 1 1 1 1 1 1 1 1 1 1 1 1 1 1 1 1 1 1 1 1 1 1 1 1 1 1 1 1 1 1 1 1 1 1 1 1 1 1 1 1 1 1 1 1 1 1 1 1 1 1 1 1 1 1 1 1 1 1 1 1 1 1 1 1 1 1 1 1 1 1 1 1 1 1 1 1 1 1 16 15 10 12 16 15 11 12 16 1 16 15 16 15 10 12 16 16 15 10 12 16 15 16 1 15 10 12 16 15 10 7 12 1 1 1 1 1 1 1 1 1 1 1 1 7 1 1 100 1 100 1 1 100 1 100 1 1 100 1 100 1 1
staticfield java/lang/Class EMPTY_CLASS_ARRAY [Ljava/lang/Class; 0 [Ljava/lang/Class;
staticfield java/lang/Class serialPersistentFields [Ljava/io/ObjectStreamField; 0 [Ljava/io/ObjectStreamField;
ciInstanceKlass java/lang/reflect/AnnotatedElement 1 1 164 11 7 12 1 1 1 11 12 1 1 7 1 10 100 12 1 1 1 10 12 1 1 10 12 1 1 10 12 1 10 100 12 1 1 1 11 12 1 1 11 7 12 1 1 10 7 12 1 1 1 10 12 1 10 100 12 1 1 1 18 12 1 1 11 100 12 1 1 18 12 1 18 12 1 1 10 100 12 1 1 1 11 100 12 1 1 1 7 1 10 100 12 1 1 1 1 1 1 1 1 1 1 1 1 1 1 1 1 1 1 1 1 1 1 1 1 1 100 1 1 1 1 1 1 1 1 1 1 1 16 15 16 1 16 1 15 11 12 16 16 1 15 10 100 12 1 1 1 16 1 15 10 100 12 1 1 1 1 100 1 100 1 1
ciInstanceKlass java/lang/invoke/TypeDescriptor 1 0 17 100 1 100 1 1 1 1 1 1 100 1 100 1 1 1 1
ciInstanceKlass java/lang/reflect/GenericDeclaration 1 0 30 7 1 7 1 7 1 1 1 1 1 1 1 1 100 1 8 1 1 12 10 1 1 1 8 1 1 1 8 1
ciInstanceKlass java/lang/reflect/Type 1 1 17 11 100 12 1 1 1 100 1 1 1 1 1 1 1 1 1
ciInstanceKlass java/lang/invoke/TypeDescriptor$OfField 1 0 21 100 1 100 1 100 1 1 1 1 1 1 1 1 1 1 1 1 1 1 1
ciInstanceKlass java/lang/StringBuilder 1 1 422 10 7 12 1 1 1 10 12 1 10 12 1 10 12 1 1 10 7 12 1 1 1 10 7 12 1 1 1 10 12 1 10 12 1 10 12 1 10 12 1 10 12 1 10 12 1 10 12 1 10 12 1 10 12 1 10 12 1 10 12 1 10 12 1 10 12 1 10 12 1 1 10 12 1 10 12 1 1 10 12 1 1 10 12 1 10 12 1 10 12 1 10 12 1 10 12 1 10 12 1 10 12 1 10 12 10 12 1 10 12 1 10 12 1 10 12 1 1 10 12 1 10 12 1 10 12 10 12 1 1 10 12 1 10 12 1 10 12 1 10 100 12 1 1 1 9 12 1 1 10 12 1 10 12 1 1 10 12 1 1 9 12 1 1 10 100 12 1 1 1 10 100 1 10 12 1 1 10 100 12 1 1 10 12 1 10 12 1 1 100 1 100 1 8 1 10 10 12 1 1 10 12 1 10 12 1 10 12 1 1 10 12 1 10 12 1 10 12 1 10 12 1 10 12 1 10 12 10 12 1 10 12 1 10 12 1 10 12 1 10 12 1 10 12 1 10 12 1 10 12 1 10 12 1 1 10 12 1 1 10 12 1 10 12 1 10 12 1 10 12 10 12 10 12 1 10 12 1 10 12 1 10 12 10 12 1 10 12 1 10 12 1 10 12 1 10 12 1 10 12 1 10 12 1 10 12 1 10 12 1 1 10 12 1 10 12 1 1 10 12 1 10 12 1 1 10 12 1 10 12 1 1 10 12 1 10 12 1 10 12 1 10 10 12 1 10 12 1 7 1 7 1 7 1 7 1 1 1 1 5 0 1 1 1 1 1 1 1 1 1 1 1 1 1 1 1 1 1 1 1 1 1 1 1 1 1 1 1 1 1 1 1 1 1 1 1 1 1 1 1 1 1 1 1 1 100 1 1 1 7 1 1 1 1 1 1 1 1 1 1 1
instanceKlass java/lang/StringBuilder
instanceKlass java/lang/StringBuffer
ciInstanceKlass java/lang/AbstractStringBuilder 1 1 605 7 1 10 7 12 1 1 1 9 7 12 1 1 1 9 12 1 9 12 1 1 9 12 1 1 10 7 12 1 1 1 10 12 1 1 7 1 3 3 10 12 1 10 12 1 1 11 7 1 100 1 7 1 10 8 1 10 12 1 10 12 1 10 12 1 1 10 12 1 10 12 1 9 12 1 10 12 1 9 12 1 1 10 12 1 1 10 7 12 1 1 1 10 10 12 1 10 12 1 10 12 1 1 10 12 1 1 10 7 12 1 1 1 10 7 12 1 1 1 7 1 8 1 10 10 12 1 1 100 1 10 12 10 12 1 1 10 10 12 1 1 10 12 1 1 10 12 1 1 10 12 1 1 10 10 7 12 1 1 1 10 12 1 100 1 10 10 7 12 1 1 1 9 12 1 1 9 12 1 10 12 1 1 10 10 12 1 1 10 12 10 12 1 10 12 1 1 10 12 1 1 10 12 1 1 10 12 1 10 12 1 1 10 12 1 1 10 12 1 10 12 1 1 8 1 10 12 1 1 10 12 1 10 12 1 10 12 1 10 12 1 10 12 1 10 12 1 10 7 12 1 1 10 12 1 10 12 1 10 100 12 1 1 1 100 1 100 1 10 12 1 10 100 12 1 1 10 12 1 10 12 1 10 12 1 10 12 1 1 10 12 1 10 12 1 1 10 12 1 1 10 10 7 12 1 1 1 10 12 1 10 12 1 10 12 1 1 10 12 1 10 12 1 10 12 1 10 12 1 10 12 1 10 12 1 10 12 1 10 12 1 10 12 1 1 10 12 1 10 12 1 10 12 10 12 1 1 18 12 1 1 100 1 10 100 12 1 1 1 18 10 12 1 1 10 12 1 10 12 1 1 11 12 1 1 10 12 1 10 12 10 12 1 10 10 10 12 1 10 5 0 10 10 12 1 1 100 1 8 1 10 10 12 1 1 10 100 12 1 1 1 10 12 1 10 12 1 1 100 1 10 12 100 1 10 100 1 10 7 1 1 1 1 1 1 1 1 1 1 1 100 1 1 1 1 1 1 1 1 1 1 1 1 1 1 1 1 1 1 1 1 1 1 1 1 1 1 1 1 1 1 1 1 1 1 1 1 1 1 1 1 1 1 1 1 1 1 1 1 1 1 1 1 1 1 1 1 1 1 1 1 1 1 1 1 1 1 1 1 1 1 1 1 1 1 1 1 1 1 1 1 1 1 1 1 1 1 1 1 1 1 1 1 1 1 1 1 1 1 1 1 100 1 1 1 1 1 1 1 1 1 1 1 1 1 1 1 1 1 100 1 1 1 1 1 1 7 1 1 16 1 15 10 12 16 15 10 12 15 10 100 12 1 1 1 1 1 1 1 100 1 100 1 1
staticfield java/lang/AbstractStringBuilder EMPTYVALUE [B 0
ciMethod java/lang/StringBuilder length ()I 512 0 6339 0 80
ciMethod java/lang/StringBuilder charAt (I)C 0 0 5578 0 240
ciInstanceKlass java/lang/Appendable 1 0 14 100 1 100 1 1 1 1 100 1 1 1 1 1
ciInstanceKlass java/lang/CharSequence 1 1 131 11 7 12 1 1 1 18 12 1 1 100 1 10 100 12 1 1 1 18 10 100 12 1 1 1 11 12 1 1 11 7 1 11 12 1 1 10 100 12 1 1 1 11 12 1 1 100 1 10 12 1 1 10 100 12 1 1 1 100 1 10 10 12 1 1 7 1 1 1 1 1 1 1 1 1 1 1 1 1 1 1 1 1 1 1 1 1 1 1 1 1 1 1 1 1 1 1 1 1 16 1 15 11 12 16 15 11 12 15 10 100 12 1 1 1 1 1 100 1 100 1 1 100 1 1 100 1 100 1 1
ciInstanceKlass java/lang/AutoCloseable 1 0 12 100 1 100 1 1 1 1 100 1 1 1
ciInstanceKlass java/io/Closeable 1 0 14 100 1 100 1 100 1 1 1 1 100 1 1 1
instanceKlass javax/xml/stream/XMLStreamException
instanceKlass ch/qos/logback/core/spi/ScanException
instanceKlass java/beans/IntrospectionException
instanceKlass sun/nio/fs/WindowsException
instanceKlass javax/naming/NamingException
instanceKlass org/springframework/test/context/ContextLoadException
instanceKlass java/util/concurrent/TimeoutException
instanceKlass java/text/ParseException
instanceKlass ch/qos/logback/core/boolex/EvaluationException
instanceKlass java/security/GeneralSecurityException
instanceKlass ch/qos/logback/core/util/DynamicClassLoadingException
instanceKlass ch/qos/logback/core/util/IncompatibleClassException
instanceKlass ch/qos/logback/core/joran/spi/JoranException
instanceKlass java/util/concurrent/ExecutionException
instanceKlass java/net/URISyntaxException
instanceKlass java/lang/CloneNotSupportedException
instanceKlass java/lang/InterruptedException
instanceKlass java/io/IOException
instanceKlass java/lang/ReflectiveOperationException
instanceKlass java/lang/RuntimeException
ciInstanceKlass java/lang/Exception 1 1 40 10 7 12 1 1 1 10 12 1 10 12 1 10 12 1 10 12 1 100 1 1 1 1 5 0 1 1 1 1 1 1 1 1 1 1 1 1 1 1
instanceKlass java/lang/Exception
instanceKlass java/lang/Error
ciInstanceKlass java/lang/Throwable 1 1 404 10 7 12 1 1 1 9 7 12 1 1 1 9 12 1 1 9 12 1 9 12 1 1 9 12 1 10 12 1 1 9 12 1 1 10 12 1 1 10 12 1 100 1 7 1 10 8 1 10 12 1 1 8 1 10 100 12 1 1 10 10 12 1 100 1 8 1 10 10 12 1 1 10 7 12 1 1 10 12 1 8 1 9 7 12 1 1 1 10 12 1 1 100 1 10 12 10 12 1 10 100 12 1 1 1 100 1 10 12 10 12 1 10 12 1 100 1 10 10 7 12 1 1 1 11 100 12 1 1 1 10 12 1 1 10 12 1 1 8 1 10 12 1 10 12 1 1 8 1 8 1 10 12 1 1 10 12 1 8 1 8 1 9 12 1 1 10 12 1 1 100 1 10 11 12 1 8 1 8 1 10 7 12 1 1 8 1 10 12 1 8 1 100 1 10 12 1 9 12 1 1 10 12 1 10 100 12 1 9 12 1 1 10 12 1 1 100 1 8 1 10 12 1 10 100 12 1 1 10 12 1 1 7 1 10 100 12 1 1 1 10 12 1 11 7 12 1 1 1 11 7 12 1 1 11 12 1 8 1 10 12 1 1 8 1 10 10 9 100 12 1 1 1 8 1 10 12 1 1 11 10 100 1 8 1 10 11 12 1 1 8 1 9 12 1 10 100 12 1 1 11 9 12 1 1 11 12 1 1 100 10 12 1 10 12 1 1 7 1 1 1 1 5 0 1 1 1 1 1 1 1 1 1 1 1 1 1 7 1 1 1 1 1 1 1 1 1 1 1 1 1 1 1 1 1 1 1 1 1 1 1 1 1 1 1 1 1 1 1 1 1 1 1 1 1 1 1 1 1 1 1 1 100 1 7 1 1 1 1 1 1 1 1 1 1 1 1 1 1 1 1 1 1
staticfield java/lang/Throwable UNASSIGNED_STACK [Ljava/lang/StackTraceElement; 0 [Ljava/lang/StackTraceElement;
staticfield java/lang/Throwable SUPPRESSED_SENTINEL Ljava/util/List; java/util/Collections$EmptyList
staticfield java/lang/Throwable EMPTY_THROWABLE_ARRAY [Ljava/lang/Throwable; 0 [Ljava/lang/Throwable;
staticfield java/lang/Throwable $assertionsDisabled Z 1
instanceKlass org/springframework/core/SortedProperties
instanceKlass org/springframework/test/context/support/TestPropertySourceUtils$SequencedProperties
ciInstanceKlass java/util/Properties 1 1 690 10 7 12 1 1 1 100 1 10 7 12 1 1 7 1 10 12 1 9 12 1 1 9 12 1 1 9 12 1 1 10 7 12 1 1 1 10 12 1 1 8 1 10 7 12 1 1 1 7 1 10 12 1 10 12 1 1 8 1 10 12 1 7 1 10 12 10 12 1 1 9 12 1 1 10 12 1 1 7 1 10 12 1 10 12 1 10 12 1 1 100 1 8 1 10 12 1 10 12 1 10 12 1 1 10 12 1 7 1 3 10 10 7 12 1 1 1 10 12 1 10 12 1 1 8 1 10 12 1 10 12 1 1 8 1 10 7 12 1 1 10 12 1 1 10 12 1 10 12 1 1 100 1 10 12 1 10 12 1 1 7 1 9 7 12 1 1 1 10 12 1 10 12 1 1 10 12 1 1 10 12 1 1 7 1 9 12 1 1 7 1 7 1 10 12 1 7 1 11 7 12 1 1 1 11 12 1 1 11 7 12 1 1 1 11 7 12 1 1 1 11 12 1 1 11 12 1 11 12 1 10 12 1 1 8 1 10 12 1 10 7 12 1 1 10 12 1 7 1 10 10 12 1 10 12 1 100 1 10 10 12 1 1 10 7 12 1 1 9 100 12 1 1 10 12 1 1 10 100 12 1 1 1 100 1 100 1 100 1 10 8 1 8 1 10 12 1 10 12 1 10 12 1 1 10 10 12 1 1 10 12 1 1 7 1 10 10 12 1 11 7 12 1 1 10 7 12 1 1 1 8 1 10 100 12 1 1 11 11 7 1 8 1 10 100 1 11 10 12 1 10 10 12 1 10 12 1 1 10 12 1 1 10 12 1 1 10 12 1 10 12 1 10 10 12 1 10 12 1 10 12 1 10 10 12 1 1 10 12 1 1 10 10 12 1 10 12 1 10 12 1 10 12 1 10 12 1 1 10 12 1 1 10 12 1 10 12 1 10 12 1 1 10 12 10 12 1 1 10 12 1 1 10 12 1 10 12 1 1 10 12 1 1 10 12 10 11 12 1 4 11 10 12 1 1 10 100 12 1 1 11 12 1 10 12 1 1 10 100 12 1 1 10 12 1 100 1 8 1 10 12 1 10 10 100 12 1 1 1 100 1 6 0 10 12 1 1 11 100 12 1 1 1 10 12 1 10 12 1 1 1 1 1 5 0 1 1 1 1 1 1 1 1 1 1 1 1 1 1 1 1 1 1 1 1 1 1 1 1 1 1 1 1 1 1 1 1 1 1 1 1 1 1 1 100 1 1 1 1 1 1 1 1 1 1 1 1 1 1 1 1 1 1 1 1 100 1 1 1 1 1 1 1 1 1 1 1 1 7 1 7 1 1 1 1 1 100 1 1 1 1 1 1 1 1 1 1 1 1 1 1 1 1 1 1 1 1 1 1 1 1 1 1 1 1 1 1 1 1 1 1 1 1 1 1 1 1 1 1 1 1 1 1 1 1 1 1 1 1 1 1 1 1 1 1 1 1 1 1 1 1 1 1 1 1 1 1 1 1 1 1 1 1 1 7 1 1 1 1 1 1 1 1 1 1 1 100 1 1
staticfield java/util/Properties UNSAFE Ljdk/internal/misc/Unsafe; jdk/internal/misc/Unsafe
instanceKlass java/util/Hashtable
ciInstanceKlass java/util/Dictionary 1 1 36 10 7 12 1 1 1 100 1 1 1 1 1 1 1 1 1 1 1 1 1 1 1 1 1 1 1 1 1 1 1 1 1 1 1 1
instanceKlass java/util/Properties
ciInstanceKlass java/util/Hashtable 1 1 516 7 1 10 7 12 1 1 1 9 7 12 1 1 1 100 1 7 1 10 8 1 10 12 1 1 10 12 1 10 12 1 1 10 12 1 10 7 12 1 1 1 8 1 10 12 1 9 12 1 1 7 1 9 12 1 1 4 10 7 12 1 1 1 9 12 1 4 10 12 1 11 7 12 1 1 1 10 12 1 1 10 12 1 1 9 12 1 10 12 1 1 100 1 10 9 12 1 1 10 7 12 1 1 1 9 12 1 1 10 12 1 10 12 1 3 9 12 1 9 12 1 3 10 12 1 10 12 1 10 12 1 1 11 12 1 1 11 100 12 1 1 1 11 7 12 1 1 1 11 12 1 100 1 11 12 1 11 12 1 10 12 1 1 10 12 1 1 10 12 1 9 12 1 1 9 12 9 12 1 1 10 100 1 7 1 10 12 1 10 8 1 10 10 12 1 8 1 10 8 1 10 7 12 1 1 1 7 1 10 12 1 10 12 1 7 1 10 12 1 10 12 1 1 100 1 10 100 1 10 10 12 1 1 11 12 1 1 11 12 1 7 1 10 10 10 100 12 1 1 11 100 12 1 1 1 100 1 10 11 100 12 1 1 11 100 12 1 10 12 1 10 12 1 1 10 100 12 1 1 10 12 1 1 10 12 1 1 10 12 1 1 10 100 12 1 1 1 8 10 100 12 1 1 100 1 8 1 10 4 4 10 12 1 1 10 12 1 8 1 4 10 12 10 100 12 1 1 1 100 1 11 100 12 1 1 1 10 100 12 1 1 1 10 12 1 10 12 1 1 10 7 1 7 1 1 1 1 1 1 5 0 1 1 1 1 1 3 1 3 1 3 1 1 1 1 1 1 1 1 1 1 1 1 1 1 1 1 1 1 1 1 1 1 1 1 1 100 1 1 1 1 1 1 1 1 1 1 1 1 1 1 1 1 1 1 1 1 1 1 1 1 1 1 1 1 1 7 1 1 1 1 1 1 1 1 1 1 1 1 1 1 7 1 1 1 1 1 1 1 1 1 1 1 1 1 1 1 1 1 1 1 1 1 1 1 1 1 1 1 1 1 1 1 1 1 1 1 1 1 1 1 1 1 1 1 1 100 1 1 1 7 1 1 1 1 1 7 1 1 1 1 1 1 1 1 1 1 1 1 1 1 1 1 1 1
ciInstanceKlass java/lang/String 1 1 1443 10 7 12 1 1 1 8 1 9 7 12 1 1 1 9 12 1 1 9 12 1 1 9 12 1 1 10 12 1 10 12 1 1 10 12 1 1 9 12 1 10 7 12 1 1 1 10 7 1 10 7 12 1 1 1 10 12 1 1 10 12 1 1 10 12 1 10 12 1 1 10 12 1 10 7 12 1 1 1 7 1 9 7 12 1 1 1 10 7 12 1 1 1 10 7 12 1 1 1 10 12 1 1 10 12 1 1 10 12 1 1 10 12 1 1 9 7 12 1 1 10 12 9 7 12 1 1 10 12 1 1 3 10 12 1 1 7 1 11 12 1 1 11 12 1 11 12 1 1 10 100 12 1 1 1 10 12 1 1 9 100 12 1 1 1 10 12 1 1 10 12 1 11 12 1 1 10 12 1 1 10 12 10 12 1 1 10 7 12 1 1 1 10 12 1 1 10 12 1 1 7 1 7 1 10 12 1 10 12 1 10 12 1 1 100 1 10 12 1 1 100 1 10 12 1 1 10 12 1 1 10 12 1 10 10 12 1 100 1 100 1 7 1 10 12 1 10 12 1 1 10 12 1 1 10 12 1 10 12 1 1 10 12 1 1 10 100 12 1 1 100 1 11 10 7 12 1 1 11 12 1 11 12 1 10 12 1 1 10 12 1 10 12 10 12 1 1 10 10 100 12 1 1 1 10 100 12 1 1 10 12 1 1 10 100 12 1 1 10 12 1 10 12 1 1 10 12 1 1 10 12 1 10 12 1 10 12 1 1 100 1 10 12 1 1 10 12 10 12 1 10 12 1 1 10 12 1 1 10 7 12 1 1 1 10 12 1 10 12 1 1 10 12 1 10 12 1 3 3 10 12 1 1 10 12 1 10 12 1 1 10 12 1 1 10 12 1 1 10 12 1 10 12 1 1 10 12 1 1 10 12 1 10 12 1 10 12 1 10 12 1 1 10 12 1 10 12 1 10 12 1 10 12 1 10 12 1 10 12 1 10 7 1 10 8 1 10 12 1 1 10 12 1 8 1 10 12 1 1 10 12 10 12 1 8 1 10 10 12 1 1 10 12 1 1 10 12 1 1 10 7 1 10 10 12 1 10 12 1 10 12 1 10 10 12 1 10 12 1 10 12 1 10 12 1 10 12 1 10 12 1 10 12 1 1 10 12 1 1 10 12 1 1 10 10 12 1 1 10 10 12 1 100 1 10 10 12 1 1 10 12 1 1 10 7 1 10 12 1 10 12 1 10 7 12 1 1 1 10 12 1 10 12 1 1 10 12 1 11 7 1 11 12 10 12 1 10 12 1 1 10 12 1 1 10 10 12 1 10 12 1 9 12 1 1 11 7 12 1 1 1 10 12 10 10 12 1 10 12 1 1 10 10 12 1 10 12 1 10 12 1 1 10 12 1 1 10 10 12 1 1 10 12 1 10 10 12 1 10 12 10 10 12 10 10 12 1 10 12 1 10 10 12 10 7 12 1 1 1 10 12 10 10 12 10 12 1 10 12 10 12 10 10 12 1 10 12 1 1 10 12 1 1 10 10 12 1 10 7 12 1 1 1 10 12 1 1 10 10 7 12 1 1 1 11 10 12 1 10 12 1 1 10 12 1 1 10 7 12 1 1 1 10 12 1 10 12 1 10 12 1 10 12 1 10 12 1 10 12 1 100 1 7 1 8 1 10 10 10 12 1 10 12 1 1 8 1 10 12 1 3 3 10 12 1 10 12 1 1 10 12 7 1 10 10 12 1 1 10 12 1 10 12 1 10 12 1 1 10 12 1 1 11 7 12 1 1 1 7 1 10 12 1 10 12 1 1 8 1 10 12 1 1 10 12 1 11 7 12 1 1 1 11 7 12 1 1 11 12 1 10 12 1 10 12 1 1 10 10 7 12 1 1 1 10 12 1 10 12 1 10 10 12 10 12 1 1 10 10 12 1 10 10 12 1 10 10 12 1 10 10 12 1 10 12 1 1 10 10 12 1 8 1 10 12 1 1 18 12 1 1 11 100 12 1 1 1 7 1 3 18 12 1 18 12 1 8 1 10 100 12 1 1 1 11 12 1 1 10 12 10 10 12 1 10 11 12 1 1 10 12 1 1 11 12 1 18 3 11 10 12 1 11 11 10 12 1 10 12 1 1 8 1 10 12 1 10 12 1 10 12 1 1 10 10 12 1 11 100 12 1 7 1 100 1 10 12 100 1 10 10 7 12 1 1 1 100 1 10 7 1 10 10 12 1 10 10 12 1 8 1 10 10 12 1 8 1 8 1 10 12 1 10 12 1 10 10 12 10 7 12 1 1 10 7 12 1 1 10 7 12 1 1 8 1 10 12 1 10 12 1 10 9 12 1 10 12 9 7 12 1 1 1 10 12 1 10 12 1 10 12 1 10 12 1 10 12 1 8 1 10 100 12 1 1 1 10 12 10 12 1 1 10 12 10 10 12 10 12 7 1 9 12 1 1 7 1 10 7 1 7 1 7 1 7 1 1 1 1 1 1 5 0 1 1 1 1 1 3 1 3 1 1 1 1 1 1 1 1 1 1 1 1 1 1 1 100 1 1 1 1 1 1 1 1 1 1 1 1 1 1 1 1 1 1 1 1 1 1 1 1 1 1 1 1 1 1 1 100 1 1 1 1 1 1 1 1 1 1 7 1 1 1 1 1 1 1 1 1 1 1 1 1 1 1 1 1 1 1 1 1 1 1 1 1 1 1 1 1 1 1 1 1 1 1 1 1 1 1 1 1 1 1 1 1 1 1 1 1 1 1 1 1 1 1 1 1 1 1 1 1 1 1 1 1 1 1 1 1 1 1 1 1 1 1 1 1 1 1 1 1 1 1 1 1 1 1 1 1 1 1 1 1 1 1 1 1 1 1 1 1 1 1 1 1 1 1 1 1 1 1 1 1 1 1 1 1 1 1 1 1 1 1 1 1 1 1 1 1 1 1 1 1 1 1 1 1 1 1 1 1 1 1 1 1 1 1 1 1 1 1 1 1 1 1 1 1 1 1 1 1 1 1 1 1 1 1 1 1 1 1 1 1 1 1 100 1 1 1 1 1 1 1 1 1 1 1 1 1 1 1 1 1 1 1 1 1 1 1 100 1 1 1 1 1 1 1 1 1 1 1 1 1 1 1 7 1 1 1 1 1 1 1 1 1 1 1 1 1 1 1 16 15 10 12 16 15 10 12 15 10 12 15 10 12 15 10 100 12 1 1 1 1 1 1 1 100 1 100 1 1 1
staticfield java/lang/String COMPACT_STRINGS Z 1
staticfield java/lang/String serialPersistentFields [Ljava/io/ObjectStreamField; 0 [Ljava/io/ObjectStreamField;
staticfield java/lang/String CASE_INSENSITIVE_ORDER Ljava/util/Comparator; java/lang/String$CaseInsensitiveComparator
ciMethod java/lang/String length ()I 534 0 224530 0 112
ciMethod java/lang/String charAt (I)C 518 0 476110 0 192
ciMethod java/lang/String subSequence (II)Ljava/lang/CharSequence; 1024 0 5497 0 0
ciInstanceKlass java/lang/constant/ConstantDesc 1 0 37 100 1 100 1 1 1 1 100 1 1 1 1 100 1 100 1 100 1 100 1 100 1 100 1 100 1 100 1 100 1 1 100 1 100 1 1
ciInstanceKlass java/lang/InternalError 1 1 34 10 7 12 1 1 1 10 12 1 10 12 1 10 12 1 100 1 1 1 1 5 0 1 1 1 1 1 1 1 1 1 1 1
instanceKlass java/util/ServiceConfigurationError
instanceKlass java/lang/AssertionError
instanceKlass java/lang/VirtualMachineError
instanceKlass java/lang/LinkageError
ciInstanceKlass java/lang/Error 1 1 40 10 7 12 1 1 1 10 12 1 10 12 1 10 12 1 10 12 1 100 1 1 1 1 5 0 1 1 1 1 1 1 1 1 1 1 1 1 1 1
instanceKlass java/lang/StackOverflowError
instanceKlass java/lang/OutOfMemoryError
instanceKlass java/lang/InternalError
ciInstanceKlass java/lang/VirtualMachineError 1 1 34 10 7 12 1 1 1 10 12 1 10 12 1 10 12 1 100 1 1 1 1 5 0 1 1 1 1 1 1 1 1 1 1 1
ciInstanceKlass java/util/Iterator 1 1 53 100 1 8 1 10 12 1 1 10 7 12 1 1 1 11 7 12 1 1 1 11 12 1 1 11 7 12 1 1 1 7 1 1 1 1 1 1 1 1 1 1 1 1 1 1 1 1 1 1 1 1 1
instanceKlass sun/nio/ch/ChannelInputStream
instanceKlass java/io/ObjectInputStream
instanceKlass sun/nio/ch/NioSocketImpl$1
instanceKlass java/net/Socket$SocketInputStream
instanceKlass java/util/zip/ZipFile$ZipFileInputStream
instanceKlass java/io/FilterInputStream
instanceKlass java/io/FileInputStream
instanceKlass java/io/ByteArrayInputStream
ciInstanceKlass java/io/InputStream 1 1 195 7 1 10 7 12 1 1 1 100 1 10 10 7 12 1 1 1 10 7 12 1 1 1 10 12 1 100 1 3 10 12 1 1 100 1 8 1 10 12 1 10 7 12 1 1 1 3 7 1 8 1 10 10 7 12 1 1 1 7 1 10 11 7 12 1 1 1 10 12 1 1 11 12 1 1 11 7 12 1 1 1 11 12 1 1 7 1 10 7 12 1 1 1 5 0 10 12 1 10 12 1 1 100 1 10 8 1 10 8 1 8 1 10 12 1 1 10 100 12 1 1 1 7 1 5 0 10 12 1 100 1 7 1 1 1 1 3 1 3 1 1 1 1 1 1 1 1 1 1 1 1 1 1 1 1 1 1 1 1 1 1 1 1 1 1 1 1 1 1 1 1 1 1 1 1 1 1 1 1 1 1 1 1 1 1 1 1 1 1 1 1 1 1 1
ciInstanceKlass jdk/internal/misc/Unsafe 1 1 1287 10 7 12 1 1 1 9 7 12 1 1 1 9 12 1 1 10 12 1 1 10 7 12 1 1 1 10 12 1 1 10 12 1 1 10 12 1 1 10 12 1 1 10 12 1 1 10 12 1 1 10 12 1 1 10 12 1 1 10 12 1 1 10 12 1 1 10 12 1 1 10 12 1 1 10 12 1 1 10 12 1 10 12 1 100 1 10 10 12 1 1 10 12 1 1 5 0 10 12 1 1 10 12 1 1 10 7 12 1 1 1 10 12 1 1 10 12 1 10 12 1 10 12 1 1 10 12 1 1 10 12 1 10 12 1 7 1 7 1 10 8 1 10 12 1 1 10 12 1 8 1 10 12 1 1 10 12 1 10 12 1 10 12 1 1 10 12 1 10 12 1 1 10 12 1 1 10 12 1 10 12 1 10 12 1 10 12 1 1 10 12 1 10 12 1 10 12 1 1 10 12 1 5 0 5 0 5 0 10 12 1 10 12 1 10 12 1 10 12 1 10 12 1 10 12 1 10 12 1 10 12 1 10 12 1 1 10 12 1 10 12 1 7 1 8 1 10 100 1 10 10 12 1 1 10 12 1 1 10 12 1 10 12 1 1 10 12 1 1 10 12 1 10 12 1 1 10 12 1 9 7 12 1 1 9 12 1 100 1 10 10 12 1 1 8 1 10 8 1 8 1 10 12 1 1 9 7 12 1 1 1 9 7 1 9 7 1 9 7 1 9 9 7 1 9 7 1 9 7 1 10 12 1 1 10 12 1 1 10 12 1 1 10 12 1 1 5 0 5 0 9 12 1 1 10 12 1 10 12 1 10 12 1 1 10 12 1 1 10 12 1 8 1 3 10 12 1 1 10 12 1 1 10 12 1 10 12 1 1 10 12 1 1 10 12 1 10 12 1 10 12 1 10 12 1 10 12 1 10 12 1 1 10 12 1 1 10 12 1 10 12 1 10 12 1 10 12 1 10 12 1 10 12 1 1 10 12 1 1 10 12 1 10 12 1 10 12 1 10 12 1 10 12 1 10 12 1 1 10 12 1 1 10 12 1 1 10 12 1 1 10 12 1 10 12 1 10 12 1 10 12 1 10 12 1 10 12 1 10 12 1 1 10 12 1 1 10 12 1 10 12 1 10 12 1 10 12 1 10 12 1 10 12 1 10 12 1 1 10 12 1 1 10 12 1 10 12 1 10 12 1 10 12 1 10 12 1 10 12 1 10 12 1 10 12 1 1 10 12 1 10 12 1 10 12 1 10 12 1 10 12 1 1 10 12 1 10 12 1 10 12 1 10 12 1 10 12 1 10 12 1 10 12 1 10 12 1 1 10 12 1 10 12 1 10 12 1 10 12 1 10 12 1 10 12 1 1 10 12 1 10 12 1 10 12 1 1 10 12 1 10 12 1 10 12 1 10 12 1 10 12 1 10 12 1 10 12 1 10 12 1 10 12 1 10 12 1 10 12 1 10 12 1 10 12 1 10 12 1 10 12 1 10 12 1 10 12 1 10 12 1 10 12 1 10 12 1 10 12 1 10 12 1 10 12 1 100 1 10 100 1 10 9 12 1 5 0 10 12 1 1 5 0 10 12 1 5 0 10 12 1 10 12 1 10 12 1 1 10 12 1 1 10 12 1 10 12 1 10 12 1 10 12 1 1 10 12 1 10 12 1 10 12 1 10 12 1 10 12 1 1 10 12 1 10 12 1 10 12 1 10 12 1 1 10 12 1 10 12 1 10 12 1 1 10 12 1 10 12 1 10 12 1 10 12 1 1 10 12 1 10 10 12 1 1 10 12 1 10 12 1 1 10 12 1 10 12 5 0 5 0 5 0 10 12 1 1 10 12 1 10 12 1 10 12 10 100 12 1 1 8 1 100 1 11 12 1 1 8 1 11 12 1 1 10 100 12 1 1 10 12 1 10 12 1 10 12 1 10 12 1 10 12 1 1 10 12 1 10 12 1 10 12 1 10 12 1 10 12 1 10 12 1 10 7 1 10 12 1 9 12 1 7 1 9 12 1 7 1 9 12 1 7 1 9 12 1 7 1 9 12 1 7 1 9 12 1 7 1 9 12 1 7 1 9 12 1 7 1 9 12 1 10 12 1 9 12 1 9 12 1 9 12 1 9 12 1 9 12 1 9 12 1 9 12 1 9 12 1 9 12 1 9 12 1 1 1 3 1 1 1 1 1 1 1 1 1 1 1 1 1 1 1 1 1 1 1 1 1 1 1 1 1 1 1 1 1 1 1 1 1 1 1 1 1 1 1 1 1 1 1 1 1 1 1 1 1 1 1 1 1 1 1 1 1 1 1 1 1 1 1 1 1 1 1 1 1 1 1 1 1 1 1 1 1 1 1 1 1 1 1 1 1 1 1 1 1 100 1 1 1 1 1 1 1 1 1 1 1 1 1 1 1 1 1 1 1 1 1 1 1 1 1 1 1 1 1 1 1 1 1 1 1 1 1 1 1 1 1 1 1 1 1 1 1 1 1 1 1 1 1 1 1 1 1 1 1 1 1 1 1 1 1 1 1 1 1 1 1 1 1 1 1 1 1 1 1 1 1 1 1 1 1 1 1 1 1 1 1 1 1 1 1 1 1 1 1 1 1 1 1 1 1 1 1 1 1 1 1 1 1 1 1 1 1 1 1 1 1 1 1 1 1 1 1 1 1 1 1 1 1 1 1 1 1 1 1 1 1 1 1 1 1 1 1 1 1 1 1 1 1 1 1 1 1 1 1 1 1 1 1 1 1 1 1 1 1 1 1 1 1 1 1 1 1 1 1 1 1 1 1 1 1 1 1 1 1 1 1 1 1 1 1 1 1 1 1 1 1 1 1 1 1 1 3 1 1 1 1 1 1 1 1 1 1 1 1 1 1 1 1 1 1 1 1 1
staticfield jdk/internal/misc/Unsafe theUnsafe Ljdk/internal/misc/Unsafe; jdk/internal/misc/Unsafe
staticfield jdk/internal/misc/Unsafe ARRAY_BOOLEAN_BASE_OFFSET I 16
staticfield jdk/internal/misc/Unsafe ARRAY_BYTE_BASE_OFFSET I 16
staticfield jdk/internal/misc/Unsafe ARRAY_SHORT_BASE_OFFSET I 16
staticfield jdk/internal/misc/Unsafe ARRAY_CHAR_BASE_OFFSET I 16
staticfield jdk/internal/misc/Unsafe ARRAY_INT_BASE_OFFSET I 16
staticfield jdk/internal/misc/Unsafe ARRAY_LONG_BASE_OFFSET I 16
staticfield jdk/internal/misc/Unsafe ARRAY_FLOAT_BASE_OFFSET I 16
staticfield jdk/internal/misc/Unsafe ARRAY_DOUBLE_BASE_OFFSET I 16
staticfield jdk/internal/misc/Unsafe ARRAY_OBJECT_BASE_OFFSET I 16
staticfield jdk/internal/misc/Unsafe ARRAY_BOOLEAN_INDEX_SCALE I 1
staticfield jdk/internal/misc/Unsafe ARRAY_BYTE_INDEX_SCALE I 1
staticfield jdk/internal/misc/Unsafe ARRAY_SHORT_INDEX_SCALE I 2
staticfield jdk/internal/misc/Unsafe ARRAY_CHAR_INDEX_SCALE I 2
staticfield jdk/internal/misc/Unsafe ARRAY_INT_INDEX_SCALE I 4
staticfield jdk/internal/misc/Unsafe ARRAY_LONG_INDEX_SCALE I 8
staticfield jdk/internal/misc/Unsafe ARRAY_FLOAT_INDEX_SCALE I 4
staticfield jdk/internal/misc/Unsafe ARRAY_DOUBLE_INDEX_SCALE I 8
staticfield jdk/internal/misc/Unsafe ARRAY_OBJECT_INDEX_SCALE I 4
staticfield jdk/internal/misc/Unsafe ADDRESS_SIZE I 8
instanceKlass org/springframework/core/DecoratingClassLoader
instanceKlass jdk/internal/reflect/DelegatingClassLoader
instanceKlass java/security/SecureClassLoader
ciInstanceKlass java/lang/ClassLoader 1 1 1108 9 7 12 1 1 1 10 7 12 1 1 1 9 12 1 1 10 7 12 1 1 1 7 1 10 12 1 1 10 12 1 1 9 12 1 1 10 12 1 1 100 1 10 12 1 10 12 1 1 10 7 12 1 1 1 100 1 8 1 10 12 1 10 7 12 1 1 1 10 7 12 1 10 7 1 10 7 1 7 1 7 1 10 12 1 10 12 1 9 12 1 1 10 10 7 12 1 1 1 9 12 1 1 9 12 1 9 12 1 1 9 12 1 9 12 1 1 9 12 1 1 7 1 10 12 1 9 12 1 1 10 12 1 1 10 7 12 1 1 1 9 12 1 9 12 1 1 9 12 1 10 12 1 1 9 12 10 12 1 1 7 1 10 8 1 10 12 1 1 10 12 1 10 7 1 7 1 10 12 1 1 10 7 12 1 1 1 8 1 10 12 1 10 12 1 10 12 1 1 10 12 1 1 10 12 1 1 10 12 1 1 10 12 1 1 10 12 1 7 1 10 12 1 10 100 12 1 1 1 10 12 1 1 10 12 1 10 12 1 10 12 1 10 12 1 10 12 1 1 10 10 12 1 10 12 1 10 100 12 1 1 10 12 1 1 10 12 1 1 10 12 1 100 1 10 12 1 7 1 10 12 1 10 7 12 1 1 1 10 10 12 1 1 10 12 1 1 7 1 8 1 10 8 1 10 12 1 10 12 1 100 1 8 1 10 12 1 1 10 12 1 1 10 10 12 1 1 10 12 1 1 10 12 1 1 10 7 1 10 12 1 1 10 12 1 1 10 12 1 1 10 12 1 1 10 12 1 1 10 12 1 1 10 12 1 10 7 12 1 1 1 10 12 1 10 12 1 10 12 1 1 10 12 1 10 12 1 10 12 1 10 12 1 1 10 12 1 10 12 1 1 8 1 9 12 1 10 12 1 1 8 1 8 1 10 7 12 1 1 100 1 10 10 12 10 12 1 10 12 1 10 12 1 10 12 1 1 10 7 12 1 1 10 12 1 10 7 1 7 1 10 12 1 1 10 12 1 10 7 1 10 12 1 100 1 18 12 1 10 100 12 1 1 1 10 100 12 1 1 1 10 7 12 1 1 10 12 1 10 12 1 100 1 10 12 1 8 1 10 10 12 1 1 10 12 1 10 12 1 1 100 1 10 12 1 10 12 1 1 10 7 12 1 1 10 12 1 8 1 100 1 10 10 12 1 9 12 1 10 7 12 1 1 10 12 1 7 1 8 1 10 12 1 10 8 1 8 1 10 12 1 1 10 12 1 1 10 12 1 1 10 7 12 1 1 7 1 100 1 10 12 1 1 7 1 7 1 10 7 12 1 1 10 12 1 10 12 1 1 10 12 1 10 12 1 1 10 12 1 1 9 100 12 1 1 1 10 12 1 1 10 12 1 10 12 1 10 12 1 1 10 12 1 8 1 7 1 18 12 1 1 10 12 1 1 10 12 1 10 12 1 10 12 1 8 1 10 12 1 10 12 1 18 12 1 11 100 12 1 1 1 100 1 10 12 1 1 10 12 1 10 11 12 1 1 10 18 10 12 1 1 11 7 12 1 18 12 1 11 12 1 1 10 12 10 12 1 1 10 12 1 1 100 1 8 1 10 10 12 1 8 1 8 1 10 100 12 1 1 10 12 1 100 1 10 10 12 1 8 1 8 1 8 1 10 12 1 10 12 1 1 10 12 1 10 7 12 1 1 1 11 7 12 1 1 100 1 10 11 10 12 1 10 12 1 10 12 1 1 9 7 12 1 1 9 12 1 1 9 12 9 12 1 9 12 1 9 12 1 8 10 12 1 1 10 7 12 1 1 1 10 12 1 1 10 12 1 1 10 12 1 10 10 12 1 11 12 1 1 10 100 12 1 1 1 100 1 10 12 1 10 12 1 10 12 1 1 1 1 1 1 1 1 1 1 1 1 1 1 1 1 1 1 1 1 1 1 1 1 1 1 1 1 100 1 1 1 1 1 1 1 1 1 1 1 1 1 1 1 1 1 1 1 1 1 100 1 1 1 1 1 1 1 1 1 1 100 1 1 1 1 1 1 1 1 1 1 1 1 1 1 1 1 1 1 1 1 1 1 1 1 1 1 1 1 1 1 1 1 1 1 1 1 1 1 1 1 1 100 1 1 1 1 1 1 1 1 1 1 1 1 1 1 1 1 1 1 1 7 1 1 1 1 1 1 1 1 1 1 1 1 1 1 1 1 1 1 1 1 1 1 1 1 1 1 1 1 1 1 1 1 1 1 1 1 1 1 1 1 1 1 1 1 1 1 1 1 1 1 100 1 1 1 1 1 1 1 1 1 1 1 1 1 1 1 1 1 1 1 1 1 1 1 1 1 1 1 1 1 1 1 1 1 1 1 1 1 1 1 1 1 1 1 1 1 1 16 1 15 10 12 16 1 16 15 10 12 16 1 16 1 15 10 12 16 15 10 12 16 15 10 12 16 15 10 100 12 1 1 1 1 1 100 1 100 1 1
staticfield java/lang/ClassLoader nocerts [Ljava/security/cert/Certificate; 0 [Ljava/security/cert/Certificate;
staticfield java/lang/ClassLoader $assertionsDisabled Z 1
ciInstanceKlass java/lang/reflect/Constructor 1 1 439 10 7 12 1 1 1 10 7 12 1 1 9 7 12 1 1 1 10 12 1 1 10 12 1 1 10 7 12 1 1 9 12 1 1 10 7 12 1 1 1 9 12 1 1 9 12 1 1 9 12 1 9 12 1 1 9 12 1 9 12 1 1 9 12 1 1 9 12 1 100 1 8 1 10 12 1 10 12 1 9 12 1 1 10 7 12 1 1 10 7 12 1 1 1 10 12 1 1 10 12 1 1 10 12 1 7 1 100 1 8 1 10 10 12 1 10 12 1 10 12 1 1 10 12 1 1 9 100 12 1 1 1 10 7 12 1 1 10 12 1 1 10 12 1 10 12 1 1 10 7 12 1 1 1 10 100 12 1 1 10 12 1 1 10 12 1 10 7 12 1 1 1 8 1 10 10 12 1 100 1 8 1 10 12 1 10 12 1 1 10 12 1 1 10 12 1 10 12 1 10 12 1 1 10 12 1 1 9 12 1 1 10 12 1 1 10 12 1 1 10 12 1 1 11 7 12 1 1 1 10 12 1 1 10 12 1 10 12 1 10 12 1 8 1 9 12 1 1 10 7 12 1 1 1 10 7 12 1 1 10 12 1 1 10 12 1 1 10 12 1 1 10 12 1 1 10 12 1 9 7 12 1 1 10 12 1 10 12 1 10 12 1 100 1 8 1 10 10 12 1 1 10 12 1 10 10 12 1 1 10 12 1 1 10 100 12 1 1 1 11 100 12 1 1 1 10 12 1 1 9 100 12 1 1 1 10 100 12 1 1 1 10 12 1 1 1 1 1 1 1 1 1 1 1 1 1 1 1 1 1 1 1 1 1 1 1 1 1 1 1 1 1 1 1 1 1 1 1 1 1 1 1 1 1 1 1 1 1 1 1 1 1 1 1 1 100 1 100 1 100 1 100 1 1 1 1 1 1 1 1 1 1 1 1 1 1 1 1 1 1 1 1 1 1 1 1 1 1 1 1 1 1 1 1 1 100 1 1
instanceKlass java/lang/reflect/Executable
instanceKlass java/lang/reflect/Field
ciInstanceKlass java/lang/reflect/AccessibleObject 1 1 400 10 7 12 1 1 1 9 100 12 1 1 1 10 7 12 1 1 1 10 7 12 1 1 10 7 12 1 1 1 10 100 12 1 1 1 10 12 1 1 10 12 1 1 9 12 1 1 7 1 10 7 12 1 1 1 11 12 1 7 1 10 12 1 7 1 100 1 10 12 1 10 12 1 1 10 12 1 1 10 12 1 1 10 12 1 1 7 1 10 7 12 1 1 1 10 12 1 1 11 10 7 12 1 1 1 10 12 1 1 10 12 1 10 12 1 10 12 1 1 10 12 1 8 1 7 1 7 1 10 10 12 1 1 8 1 10 12 1 10 12 1 8 1 8 1 8 1 8 1 8 1 8 1 8 1 8 1 8 1 100 1 10 12 1 10 12 1 9 12 1 1 10 12 1 1 10 12 1 10 7 1 100 1 8 1 10 8 1 10 12 1 8 1 10 12 1 10 12 1 1 10 100 1 8 1 10 11 7 12 1 1 1 10 12 1 1 10 12 1 1 10 12 1 1 9 12 1 1 100 1 10 12 1 7 1 10 12 1 10 12 1 1 10 100 1 10 12 1 10 12 10 12 1 10 12 1 10 12 1 1 10 12 1 9 12 1 10 100 12 1 1 8 1 10 100 12 1 1 1 8 1 10 7 12 1 1 1 9 12 1 7 1 10 7 1 10 10 7 12 1 1 1 7 1 10 10 7 12 1 1 1 7 1 9 12 1 1 1 1 1 1 1 1 1 1 1 1 1 1 1 1 1 1 1 1 1 1 1 1 1 1 1 1 1 1 1 1 1 1 1 1 1 1 1 1 1 1 1 1 1 1 1 1 1 1 1 1 1 1 1 1 1 1 1 1 1 1 1 1 1 1 1 1 1 1 1 1 1 1 1 1 1 1 1 1 1 1 1 1
staticfield java/lang/reflect/AccessibleObject reflectionFactory Ljdk/internal/reflect/ReflectionFactory; jdk/internal/reflect/ReflectionFactory
instanceKlass java/lang/reflect/Constructor
instanceKlass java/lang/reflect/Method
ciInstanceKlass java/lang/reflect/Executable 1 1 577 10 7 12 1 1 1 10 7 12 1 1 1 10 7 12 1 1 1 11 7 12 1 1 1 10 7 12 1 1 1 10 12 1 1 10 7 12 1 1 1 10 7 12 1 1 1 10 12 1 8 1 10 10 12 1 1 10 12 1 1 10 100 12 1 1 1 18 12 1 1 11 100 12 1 1 1 8 1 8 1 8 1 10 100 12 1 1 1 11 12 1 1 7 1 8 1 8 1 10 12 1 7 1 8 1 10 12 1 8 1 11 100 12 1 1 1 7 1 11 7 12 1 1 1 11 12 1 8 1 18 8 1 10 12 1 10 12 1 1 18 8 1 10 12 1 100 1 10 12 1 10 12 1 11 12 1 10 12 1 1 8 1 8 1 10 12 1 1 10 12 1 1 10 10 12 1 9 100 12 1 1 1 10 100 12 1 1 1 10 12 1 10 12 1 1 10 7 12 1 1 10 12 1 10 12 1 10 12 1 10 12 1 1 10 7 12 1 1 10 12 1 10 12 1 1 9 7 12 1 1 1 10 7 12 1 1 10 12 1 8 1 10 12 1 10 12 1 3 100 1 8 1 10 12 1 10 12 1 10 10 12 1 10 12 1 1 8 1 8 1 8 1 9 12 1 1 9 12 1 10 12 1 100 1 8 1 10 12 1 10 12 1 10 12 1 1 10 12 1 1 10 12 1 10 12 10 12 1 100 1 10 12 1 10 12 1 1 100 1 10 7 12 1 1 1 7 1 10 7 12 1 1 1 10 12 1 1 11 7 12 1 1 10 7 12 1 1 10 100 12 1 1 1 10 12 1 1 9 12 1 10 12 1 1 10 12 1 10 12 1 1 9 100 12 1 1 1 10 100 12 1 1 1 10 12 1 10 12 1 1 9 12 1 10 10 10 10 100 12 1 1 1 10 12 1 9 12 1 10 12 1 1 9 12 1 7 1 7 1 1 1 1 1 1 1 1 1 1 1 1 1 1 1 1 1 1 1 1 1 1 1 1 1 1 1 1 1 1 1 1 1 1 1 1 100 1 1 1 1 1 1 1 1 100 1 1 1 1 1 1 1 1 1 1 1 1 100 1 1 1 1 1 1 1 1 1 1 1 1 1 1 1 1 1 1 1 1 1 1 1 1 1 1 1 1 1 1 1 1 1 1 1 1 1 1 1 1 1 1 1 7 1 1 1 1 1 1 1 1 1 1 1 1 1 1 1 1 1 1 1 1 1 1 7 1 7 1 1 16 15 16 1 16 1 15 10 12 16 15 10 100 12 1 1 1 1 1 1 100 1 1 100 1 100 1 1
ciInstanceKlass java/lang/reflect/Member 1 1 37 100 1 10 12 1 1 100 1 100 1 1 1 1 3 1 3 1 1 1 1 1 1 1 1 1 1 1 1 1 1 1 1 1 1 1 1
instanceKlass org/springframework/context/support/AbstractApplicationContext$1
instanceKlass java/util/logging/LogManager$Cleaner
instanceKlass com/intellij/rt/execution/application/AppMainV2$1
instanceKlass java/util/concurrent/ForkJoinWorkerThread
instanceKlass jdk/internal/misc/InnocuousThread
instanceKlass java/lang/ref/Finalizer$FinalizerThread
instanceKlass java/lang/ref/Reference$ReferenceHandler
instanceKlass java/lang/BaseVirtualThread
ciInstanceKlass java/lang/Thread 1 1 870 10 7 12 1 1 1 9 12 1 1 10 100 12 1 1 10 12 1 10 100 12 1 1 100 1 8 1 10 12 1 1 9 12 1 9 12 1 1 9 12 1 1 7 1 10 12 1 1 10 12 1 10 100 12 1 1 1 10 12 9 12 1 1 10 12 1 7 1 10 12 1 100 1 8 1 10 9 100 12 1 1 1 10 12 1 1 10 12 1 1 10 12 1 1 10 12 1 10 12 1 1 3 8 1 7 1 5 0 10 7 12 1 1 1 9 12 1 10 12 1 1 10 7 12 1 1 1 10 7 12 1 1 1 10 12 1 1 10 12 1 1 9 12 1 1 10 7 1 8 1 10 7 1 10 12 1 9 12 1 1 10 7 12 1 1 1 10 10 12 1 1 9 100 12 1 1 1 10 12 1 1 10 12 1 1 10 7 12 1 1 10 12 1 10 12 1 10 7 12 1 1 9 12 1 10 7 12 1 1 1 10 12 1 1 9 12 1 1 9 12 1 1 10 7 12 1 1 1 9 12 1 1 10 100 12 1 1 10 100 12 1 1 1 10 12 1 10 12 1 10 7 12 1 1 9 12 1 8 1 9 7 12 1 1 9 12 1 1 5 0 100 1 10 7 1 10 100 1 10 7 1 10 8 1 10 12 1 1 10 100 12 1 10 12 1 10 12 1 100 1 8 1 10 10 12 1 10 12 1 1 10 100 12 1 1 1 10 100 12 1 1 1 10 12 1 7 1 9 12 1 1 100 1 10 10 12 1 9 12 1 1 10 12 1 1 10 12 1 1 10 12 1 10 12 1 9 12 1 1 10 10 12 1 1 10 12 1 1 11 7 12 1 1 10 7 12 1 1 9 12 1 9 12 1 1 9 12 1 1 10 100 12 1 1 10 12 1 1 9 100 12 1 1 1 10 100 12 1 1 10 12 1 10 12 1 100 1 10 10 12 9 12 1 1 10 12 1 11 100 12 1 1 10 12 1 10 12 1 10 12 1 9 12 1 10 10 12 1 10 12 1 1 9 12 1 9 12 10 12 1 8 1 10 12 1 10 12 1 10 12 1 10 12 1 10 12 1 1 10 12 1 10 12 1 1 10 12 1 10 12 1 10 12 1 10 12 1 10 12 1 1 9 7 12 1 1 1 8 1 10 9 12 1 10 12 1 7 1 8 1 10 10 12 1 8 1 10 12 1 1 9 12 10 12 8 1 10 10 12 1 10 12 1 8 1 10 12 1 10 8 1 10 100 12 1 1 10 12 1 1 100 1 8 1 10 9 12 1 9 12 1 1 10 12 1 1 10 10 12 1 10 12 1 100 10 7 12 1 1 1 9 12 1 10 12 1 1 10 12 1 1 10 100 12 1 1 1 11 7 12 1 1 1 9 100 12 1 1 1 10 100 12 1 1 1 7 1 10 12 1 100 1 10 12 1 10 12 1 1 10 12 1 1 8 1 9 12 1 10 12 1 10 12 1 1 11 7 12 1 1 1 10 12 1 1 1 1 3 1 3 1 3 1 3 1 1 1 1 1 1 1 1 1 1 1 1 1 1 1 1 1 1 1 1 1 7 1 1 1 1 1 1 1 1 1 1 1 1 1 1 1 1 1 1 1 1 1 1 100 1 1 1 1 1 1 1 1 1 1 1 1 1 1 1 1 7 1 7 1 1 1 1 1 1 1 1 1 1 1 1 1 1 1 1 1 1 1 1 1 1 1 1 1 1 1 1 1 1 1 1 1 1 1 1 1 1 1 1 1 1 1 1 1 1 1 1 1 1 1 1 1 1 1 1 1 1 1 1 1 1 1 1 1 1 1 1 1 1 1 1 1 1 1 1 100 100 1 1 1 1 1 1 1 1 1 1 1 1 1 1 1 1 1 1 1 1 1 1 1 1 1 1 100 1 100 1 100 1 100 1 100 1 1 100 1 1 1 1 1 1 1 1 1 1 1 1 1 1 1
staticfield java/lang/Thread NEW_THREAD_BINDINGS Ljava/lang/Object; java/lang/Class
staticfield java/lang/Thread EMPTY_STACK_TRACE [Ljava/lang/StackTraceElement; 0 [Ljava/lang/StackTraceElement;
ciInstanceKlass java/lang/Runnable 1 0 11 100 1 100 1 1 1 1 1 1 1
ciInstanceKlass java/net/URL 1 1 771 10 7 12 1 1 1 10 12 1 10 7 12 1 1 9 12 1 1 9 12 1 10 7 12 1 1 1 10 12 1 1 10 12 1 1 9 12 1 1 10 7 12 1 1 1 8 1 10 12 1 1 7 1 10 10 12 1 1 8 1 10 12 1 1 9 12 1 7 1 8 1 10 12 1 10 12 1 8 1 9 12 1 10 12 1 1 9 12 1 10 12 1 10 12 1 9 12 1 9 12 1 8 1 9 12 1 10 12 1 1 8 1 9 12 1 1 10 12 1 1 10 7 12 1 1 1 8 1 10 12 1 7 1 10 12 1 10 12 1 10 12 1 10 12 1 1 10 12 1 1 8 1 10 12 1 1 10 12 1 8 1 9 12 1 8 1 10 12 1 10 7 12 1 1 1 7 1 10 12 1 10 12 1 1 10 7 12 1 1 1 7 1 8 1 10 10 12 1 8 1 10 12 1 1 10 12 1 10 12 1 10 12 1 10 12 1 10 12 1 10 12 1 8 1 10 12 1 8 1 10 10 100 1 10 10 12 1 8 1 10 7 12 1 1 1 10 12 1 9 100 12 1 1 1 10 7 12 1 1 1 9 12 1 1 10 12 1 10 100 12 1 1 1 100 1 100 1 10 12 1 10 12 1 10 12 1 10 12 1 10 12 1 10 12 10 10 12 1 10 12 1 10 12 1 1 8 1 9 100 12 1 1 1 10 100 12 1 1 1 10 12 1 1 9 100 12 1 1 1 10 12 1 1 100 1 10 12 1 10 12 1 10 10 12 1 1 10 12 1 1 10 12 1 10 12 1 10 12 1 10 7 12 1 1 1 10 12 1 1 10 12 1 9 12 1 1 9 12 1 1 7 1 8 1 10 10 12 1 9 12 1 1 10 7 12 1 1 8 1 10 100 12 1 1 8 1 10 12 1 1 10 12 1 8 1 8 1 10 7 12 1 1 1 7 1 10 7 12 1 1 1 10 12 1 10 12 1 100 1 10 9 100 12 1 1 1 10 100 12 1 1 10 12 1 1 10 12 1 8 1 100 1 10 10 7 12 1 1 1 10 12 1 8 9 100 12 1 1 1 10 12 1 1 10 12 1 10 12 1 1 10 100 12 1 1 11 7 12 1 1 10 12 1 10 12 1 9 12 1 10 12 1 1 10 100 12 1 1 10 100 12 1 1 1 8 10 100 12 1 1 100 1 10 8 8 10 12 1 8 8 8 100 1 10 12 1 9 12 1 1 10 12 1 10 12 1 1 10 12 1 10 12 10 12 1 1 10 12 1 1 10 10 10 12 1 10 12 1 10 12 1 10 12 1 10 12 1 10 10 12 1 100 1 8 1 10 10 10 12 1 1 10 12 1 10 12 1 1 8 1 7 1 10 10 7 1 10 12 1 9 7 12 1 1 1 9 12 1 1 7 1 10 10 7 12 1 1 1 7 1 1 1 1 1 5 0 1 1 1 1 1 1 1 1 1 1 1 1 1 1 1 1 1 1 1 1 1 1 1 1 1 1 1 1 1 1 1 1 1 1 1 1 1 1 1 1 1 1 1 1 1 1 1 1 7 1 1 1 1 1 1 1 1 1 1 1 1 1 1 1 1 1 1 1 1 1 1 1 1 1 1 1 1 1 1 1 1 1 1 1 1 1 100 1 1 1 1 1 1 1 1 1 1 1 1 1 1 1 1 1 100 1 1 1 1 1 1 1 1 1 1 1 1 1 1 1 1 1 1 1
staticfield java/net/URL defaultFactory Ljava/net/URLStreamHandlerFactory; java/net/URL$DefaultFactory
staticfield java/net/URL streamHandlerLock Ljava/lang/Object; java/lang/Object
staticfield java/net/URL serialPersistentFields [Ljava/io/ObjectStreamField; 7 [Ljava/io/ObjectStreamField;
ciMethod java/lang/System arraycopy (Ljava/lang/Object;ILjava/lang/Object;II)V 512 0 256 0 -1
ciInstanceKlass java/lang/Module 1 1 1070 10 7 12 1 1 1 9 7 12 1 1 1 10 7 12 1 1 1 9 12 1 9 12 1 1 9 12 1 1 10 12 1 1 10 12 1 10 12 1 1 10 7 12 1 1 1 7 1 10 7 12 1 1 1 10 12 1 1 11 7 12 1 1 1 10 12 1 1 10 7 12 1 1 1 10 12 1 1 10 7 12 1 1 1 9 100 12 1 1 1 10 7 12 1 1 1 10 12 1 8 1 10 7 12 1 1 1 10 7 12 1 1 1 10 7 12 1 1 1 10 12 1 10 12 1 9 12 1 1 10 100 12 1 1 100 1 7 1 10 8 1 10 12 1 1 10 12 1 10 12 10 12 1 10 7 12 1 1 8 1 8 1 10 8 1 8 1 9 12 1 1 8 1 10 100 12 1 1 1 10 12 1 9 12 1 1 11 12 1 9 7 12 1 1 10 7 12 1 1 1 10 100 12 1 1 1 10 12 1 1 8 1 10 12 1 1 10 12 1 10 12 1 1 9 7 12 1 1 1 10 12 1 1 10 12 1 1 9 12 1 10 12 1 10 12 1 9 12 1 1 11 7 12 1 1 10 12 1 1 9 12 1 9 12 1 10 12 1 10 12 1 100 1 8 1 10 10 12 1 1 10 12 1 8 1 10 12 1 1 8 1 8 1 10 12 1 1 10 12 1 10 12 1 1 18 12 1 1 10 12 1 1 11 12 1 9 12 1 11 12 10 100 12 1 1 100 1 8 1 10 11 12 1 1 10 7 12 1 1 1 10 12 1 10 12 1 1 11 12 1 1 11 7 12 1 1 11 12 1 1 9 12 1 11 12 1 10 12 1 1 10 12 1 1 9 12 1 10 12 10 7 12 1 1 10 7 1 18 12 1 1 11 100 12 1 1 1 18 12 1 11 12 1 1 10 100 12 1 1 1 11 12 1 1 10 7 12 1 1 7 1 11 12 1 7 1 7 1 10 12 1 10 7 12 1 1 1 10 11 7 12 1 8 1 10 10 12 1 1 10 7 12 1 1 10 12 1 10 12 1 7 1 10 12 1 10 11 12 1 1 10 12 10 12 1 1 9 12 1 1 100 1 10 10 12 1 1 11 7 1 10 12 1 1 11 12 1 10 10 12 1 11 10 12 1 1 10 12 1 1 10 12 1 1 10 7 12 1 1 10 12 1 10 12 1 1 10 10 12 1 1 10 12 1 18 12 1 11 12 1 18 12 1 10 12 1 10 12 1 10 12 7 1 10 12 1 10 12 1 10 12 1 9 12 1 7 1 10 10 10 10 12 1 10 12 1 10 12 1 10 12 1 1 10 12 1 1 10 12 1 9 12 1 18 12 1 1 10 7 12 1 1 1 100 1 8 1 10 12 1 1 10 12 1 1 10 7 12 1 1 7 1 10 12 1 1 7 1 8 1 10 12 1 1 100 1 11 12 1 1 10 100 12 1 1 1 18 12 1 1 11 100 12 1 1 1 100 1 10 12 1 10 12 1 1 7 1 7 1 10 12 8 1 10 12 1 1 10 12 1 1 10 100 12 1 1 10 12 1 1 10 12 1 10 12 10 12 1 1 7 1 10 10 12 1 1 10 7 12 1 1 1 100 1 10 12 1 1 10 7 12 1 1 8 1 18 12 1 1 100 1 100 1 9 12 1 1 9 12 1 9 12 1 11 100 12 1 1 1 100 1 11 12 1 1 100 1 10 12 1 8 1 10 12 1 10 12 10 12 1 8 1 10 10 100 12 1 1 7 1 10 10 12 1 10 7 12 1 1 9 12 1 9 12 1 9 12 1 9 12 1 10 12 11 12 1 10 12 1 7 1 1 1 1 1 1 1 1 1 1 1 1 1 1 1 1 1 1 1 100 1 1 1 1 1 1 1 1 1 1 1 1 1 1 1 1 1 1 1 1 1 1 1 1 1 1 1 1 1 1 1 1 1 1 1 1 1 1 1 1 1 1 1 1 1 1 1 1 1 1 1 1 1 1 1 1 1 1 1 1 1 1 1 1 1 1 1 1 1 1 1 1 1 1 1 1 1 1 1 1 1 1 1 1 1 1 1 1 1 1 1 1 1 1 1 100 100 1 1 1 1 1 1 1 1 1 1 1 1 1 1 1 1 1 1 1 1 1 1 1 1 1 1 1 100 1 100 1 1 1 1 1 1 1 1 1 1 1 1 1 1 1 1 1 1 1 1 100 1 1 1 1 1 1 1 1 1 1 1 1 1 1 1 1 1 1 1 1 1 1 1 16 15 10 12 16 16 15 10 12 16 16 15 10 16 1 15 10 12 16 1 15 10 12 16 1 16 15 10 12 16 16 1 15 10 12 16 15 10 7 12 1 1 1 15 10 100 12 1 1 1 1 1 1 1 1 1 1 1 100 1 100 1 1 100 1 100 1 1
staticfield java/lang/Module ALL_UNNAMED_MODULE Ljava/lang/Module; java/lang/Module
staticfield java/lang/Module ALL_UNNAMED_MODULE_SET Ljava/util/Set; java/util/ImmutableCollections$Set12
staticfield java/lang/Module EVERYONE_MODULE Ljava/lang/Module; java/lang/Module
staticfield java/lang/Module EVERYONE_SET Ljava/util/Set; java/util/ImmutableCollections$Set12
staticfield java/lang/Module $assertionsDisabled Z 1
ciInstanceKlass java/lang/StringLatin1 1 1 392 7 1 10 7 12 1 1 1 10 12 1 1 10 7 12 1 1 1 10 7 12 1 1 1 10 12 1 10 7 12 1 1 1 10 12 1 1 10 7 12 1 1 1 10 7 12 1 1 1 10 12 1 1 10 12 1 1 10 10 12 1 10 12 1 10 9 7 12 1 1 1 10 12 1 1 10 7 12 1 1 1 10 12 10 12 1 1 10 12 1 1 10 12 1 10 12 1 1 10 12 1 1 10 7 12 1 1 1 10 12 1 10 12 1 1 9 12 1 1 100 1 10 10 12 1 1 10 7 12 1 1 1 10 12 1 10 12 1 100 1 7 1 8 1 10 12 1 8 1 10 12 1 1 100 1 10 10 12 10 7 12 1 1 1 8 1 8 1 8 1 10 12 1 1 10 100 12 1 1 10 12 1 10 12 1 1 10 12 1 1 10 12 1 1 10 12 1 10 12 10 12 10 12 1 10 12 10 10 12 1 10 12 1 10 12 1 10 100 12 1 1 1 10 100 12 1 1 1 10 12 1 1 10 12 1 1 10 10 7 12 1 1 1 1 1 1 1 1 1 1 1 1 1 1 1 1 1 1 1 1 1 1 1 1 1 1 1 1 1 1 1 1 1 1 1 1 1 1 1 1 1 1 1 1 1 1 1 1 1 1 1 1 100 1 1 1 1 1 1 1 1 1 1 1 1 1 1 1 1 1 1 1 1 1 1 1 1 1 1 1 1 1 1 1 1 1 1 1 1 1 1 1 1 1 1 100 1 1 1 1 1 1 1 1 1 1 1 1 1 1 1 1 1 1 1 1 1 1 1 100 1 1 1 1 1 1 1 1 1 1 1 1 1 1 1 1 1 1 1 1 1 1 1 1 1 1 100 1 1 1 1
staticfield java/lang/StringLatin1 $assertionsDisabled Z 1
ciInstanceKlass java/lang/Math 1 1 460 7 1 10 7 12 1 1 1 10 7 12 1 1 1 10 12 1 10 12 1 10 12 1 10 12 1 10 12 1 6 0 6 0 10 12 1 10 12 1 10 12 1 10 12 1 10 12 1 10 12 1 1 10 12 1 10 12 1 10 12 1 10 12 1 10 12 1 10 7 12 1 1 1 100 1 3 3 3 10 7 12 1 1 1 100 1 5 0 5 0 5 0 5 0 5 0 9 100 12 1 1 1 10 100 12 1 1 1 100 1 8 1 10 12 1 8 1 10 12 1 1 10 12 1 1 7 1 5 0 5 0 7 1 3 5 0 3 5 0 10 12 1 10 12 1 10 12 1 10 12 1 10 12 1 8 1 10 12 1 8 1 10 12 1 1 10 12 1 1 9 12 1 1 9 12 1 100 1 7 1 10 10 12 1 1 8 1 10 12 1 10 12 1 1 10 10 12 1 10 12 1 10 12 1 10 12 1 1 8 1 8 1 10 12 1 1 10 12 1 10 12 10 12 10 12 1 10 12 1 10 12 1 10 12 1 10 12 6 0 10 12 1 9 12 1 1 100 1 10 10 12 1 100 1 10 12 1 10 12 1 1 10 12 1 10 12 1 10 12 10 12 1 1 10 12 1 1 10 12 1 1 10 12 6 0 10 12 1 1 10 12 10 12 1 4 10 12 1 10 12 1 10 12 10 12 1 10 12 1 10 12 1 10 12 1 10 12 1 10 12 1 5 0 6 0 4 6 0 4 6 0 4 10 12 1 9 12 1 1 10 12 9 12 1 10 7 12 1 1 1 4 6 0 1 1 6 0 1 6 0 1 6 0 1 1 1 1 1 1 1 1 1 1 1 1 1 1 1 1 1 1 1 1 1 1 1 1 1 1 1 1 1 1 1 1 1 1 1 1 1 1 1 1 1 1 1 1 1 1 1 1 1 1 1 1 1 1 1 1 1 1 1 1 1 1 1 1 1 1 1 1 1 1 1 1 1 1 1 1 1 1 1 1 1 1 1 1 1 1 1 1 1 1 1 1 1 1 1 1
staticfield java/lang/Math negativeZeroFloatBits J -2147483648
staticfield java/lang/Math negativeZeroDoubleBits J -9223372036854775808
staticfield java/lang/Math $assertionsDisabled Z 1
ciInstanceKlass java/lang/Character 1 1 604 7 1 7 1 100 1 9 12 1 1 8 1 9 12 1 1 7 1 9 12 1 1 10 7 12 1 1 1 10 100 12 1 1 1 10 100 12 1 1 1 10 7 12 1 1 1 9 7 12 1 1 1 10 12 1 10 12 1 1 10 12 1 1 10 7 12 1 1 10 12 1 1 3 3 3 3 3 10 12 1 1 10 12 1 3 11 7 12 1 1 1 11 12 1 1 10 12 1 1 10 12 1 1 100 1 10 10 12 1 3 10 12 1 1 10 12 1 10 12 1 1 100 1 8 1 10 12 1 1 10 12 1 10 12 1 10 12 1 10 100 12 1 1 1 10 12 1 10 12 1 10 12 1 1 10 12 1 10 7 12 1 1 10 10 12 1 10 10 12 1 10 12 1 1 10 12 1 10 10 12 1 10 12 1 10 12 1 10 12 1 10 12 1 10 12 1 10 12 1 10 12 10 10 12 10 10 12 1 10 10 12 1 10 10 12 1 10 10 12 1 10 12 1 10 12 1 10 12 1 10 12 1 10 12 1 10 12 1 10 10 12 1 10 10 12 1 10 10 12 1 1 10 10 12 1 10 5 0 10 12 1 10 12 1 10 10 12 1 10 10 12 1 1 10 10 12 1 10 10 12 1 9 12 1 1 100 1 10 10 12 1 10 12 1 1 3 10 100 12 1 1 1 10 12 1 10 100 12 1 1 7 1 10 10 12 1 1 10 12 1 1 10 12 1 1 8 1 10 12 1 9 100 12 1 1 1 10 12 1 10 10 12 1 10 12 1 1 10 12 1 10 10 12 1 1 10 10 12 1 1 7 1 8 1 10 12 1 1 10 7 12 1 1 1 8 1 10 12 1 1 9 12 1 1 7 1 7 1 7 1 1 1 1 3 1 3 1 3 1 3 1 1 1 1 1 3 1 1 3 1 3 1 3 1 3 1 3 1 3 1 3 1 3 1 3 1 3 1 3 1 3 1 3 1 3 1 3 1 3 1 3 1 3 1 3 1 3 1 3 1 3 1 3 1 3 1 3 1 3 1 3 1 3 1 1 1 1 1 1 1 1 1 1 1 1 1 1 1 1 1 1 1 3 1 1 1 1 1 1 1 3 1 1 3 1 1 1 1 1 3 1 1 5 0 1 1 1 1 1 1 1 1 1 1 1 1 1 1 1 1 1 1 1 1 1 1 1 1 1 1 1 1 1 1 1 1 1 1 1 1 1 1 1 1 1 1 1 1 1 1 1 1 1 1 1 1 1 1 1 1 1 1 1 1 1 1 1 1 1 1 1 1 1 1 1 1 1 1 1 1 1 1 1 1 1 1 1 1 1 1 1 1 1 1 100 1 100 1 1 1 1 1 1
staticfield java/lang/Character TYPE Ljava/lang/Class; java/lang/Class
staticfield java/lang/Character $assertionsDisabled Z 1
ciInstanceKlass java/util/Arrays 1 1 1029 10 7 12 1 1 1 10 100 12 1 1 1 10 7 12 1 1 1 10 12 1 10 12 1 10 12 1 10 12 1 10 12 1 10 12 1 10 100 12 1 1 1 100 1 7 1 10 8 1 10 12 1 1 10 12 1 8 1 8 1 10 12 1 1 10 12 1 100 1 10 12 1 9 100 12 1 1 1 10 7 12 1 1 100 1 10 12 1 1 10 7 12 1 1 10 7 12 1 1 1 100 1 10 12 1 10 12 1 1 7 1 9 7 12 1 1 1 10 12 1 1 10 7 12 1 1 10 12 1 10 12 1 1 10 12 1 10 12 1 1 7 1 11 12 1 1 10 12 1 10 7 12 1 1 1 10 12 10 12 1 10 12 1 10 12 10 12 1 11 100 12 1 1 1 10 7 12 1 1 1 100 1 10 12 1 10 100 1 10 12 1 10 100 1 10 12 1 10 100 1 10 12 1 10 10 12 1 1 10 12 1 10 12 1 10 12 1 10 12 1 10 12 1 10 7 12 1 1 1 10 12 1 10 7 12 1 1 1 10 12 1 10 12 1 10 7 12 1 1 1 10 12 1 10 12 1 10 12 1 10 12 1 10 12 1 10 12 1 10 12 1 10 12 1 10 12 1 10 12 1 10 12 1 10 12 1 10 12 1 10 12 1 10 12 1 10 12 1 1 10 12 1 1 10 7 12 1 1 1 10 7 1 10 100 1 10 7 1 10 100 1 10 100 1 10 100 1 10 100 1 10 100 1 10 12 1 8 1 10 12 1 1 10 12 1 1 10 12 1 1 10 12 1 1 10 12 1 1 10 12 1 1 10 12 1 1 10 12 1 1 10 12 1 1 7 1 10 12 10 12 1 1 10 12 1 10 12 1 1 10 12 1 1 9 7 12 1 1 1 10 12 1 9 7 1 10 12 1 9 7 1 10 12 1 9 7 1 10 12 1 9 7 1 10 12 1 9 7 1 10 12 1 9 10 12 1 10 12 1 10 12 1 9 12 1 100 1 10 10 12 1 1 10 12 1 10 12 1 10 12 1 10 12 1 10 12 1 10 12 1 10 12 1 10 12 1 10 12 1 8 1 8 1 10 12 1 10 12 1 8 1 10 12 1 10 12 1 10 12 1 10 7 12 1 1 1 3 10 100 1 10 10 12 1 1 11 100 12 1 1 10 12 1 1 10 12 1 10 12 1 10 12 1 10 12 1 10 12 1 10 12 1 10 12 1 10 12 1 11 12 1 8 1 10 11 12 1 11 100 12 1 1 1 11 100 12 1 1 1 11 12 1 1 18 12 1 1 11 12 1 1 11 100 12 1 1 1 18 12 1 11 100 12 1 1 1 18 12 1 11 100 12 1 1 1 18 12 1 100 1 10 7 12 1 1 1 10 12 1 10 12 1 10 12 1 10 12 1 10 12 1 10 12 1 10 12 1 10 12 1 1 10 12 1 10 7 12 1 1 10 12 1 10 12 1 10 12 1 1 10 12 1 10 12 1 10 12 1 1 10 12 1 10 12 1 10 12 1 1 10 12 1 10 12 1 10 12 1 10 12 1 10 12 10 12 1 10 12 10 12 10 12 1 10 12 10 12 1 10 12 1 10 12 1 1 1 1 3 1 3 1 1 1 1 1 1 1 1 1 1 1 1 1 1 1 1 1 1 1 1 1 1 1 1 1 1 1 1 1 1 1 1 1 1 1 1 1 1 1 1 1 1 1 1 1 1 1 1 1 1 1 1 1 1 1 1 1 1 1 1 1 1 1 1 1 1 1 1 1 1 1 1 1 1 1 1 1 1 1 1 1 1 1 1 1 1 1 1 1 1 1 1 1 1 1 1 1 1 1 1 1 1 1 1 1 1 1 1 1 1 1 1 1 1 1 1 1 1 1 1 1 1 1 1 1 1 1 1 1 1 1 1 1 1 1 1 1 1 1 1 1 1 1 1 1 1 1 1 1 1 1 1 1 1 1 1 1 1 1 1 1 1 1 1 1 1 1 1 1 1 1 1 1 1 1 1 1 1 1 1 1 1 1 1 1 1 1 1 1 1 1 1 1 1 1 1 1 1 1 1 1 1 1 1 1 1 1 1 1 1 1 1 1 1 1 1 1 1 1 1 1 1 1 1 1 1 1 1 1 1 1 1 1 1 1 1 1 1 1 1 1 1 1 1 1 1 1 1 1 1 1 1 1 1 100 1 1 16 15 10 12 15 10 12 15 10 12 15 10 12 15 10 100 12 1 1 1 1 1 100 1 100 1 1 1 1 100 1 1 1 1 1 1 100 1 1 100 1 1 100 1 1 1 100 1 100 1 1
staticfield java/util/Arrays $assertionsDisabled Z 1
ciInstanceKlass java/lang/OutOfMemoryError 1 1 26 10 100 12 1 1 1 10 12 1 100 1 1 1 1 5 0 1 1 1 1 1 1 1 1 1
ciMethod java/lang/StringLatin1 charAt ([BI)C 518 0 476110 0 0
ciMethod java/lang/StringLatin1 newString ([BII)Ljava/lang/String; 532 0 4666 0 0
ciInstanceKlass java/lang/StringUTF16 1 1 604 7 1 7 1 10 7 12 1 1 1 100 1 10 7 1 3 7 1 7 1 10 8 1 10 12 1 1 10 12 1 8 1 10 12 1 1 10 12 1 9 12 1 1 10 12 1 1 100 1 8 1 10 12 1 9 12 1 1 9 12 1 10 10 12 1 1 10 12 1 1 10 7 12 1 1 1 10 12 1 10 12 1 1 10 12 1 1 10 12 1 1 10 12 1 1 10 12 1 10 12 1 1 10 12 1 1 10 12 1 1 10 12 1 1 10 12 1 10 12 1 10 12 1 1 10 12 1 100 1 10 12 1 10 10 12 1 1 10 12 1 10 12 1 1 10 12 1 10 100 12 1 1 1 10 100 12 1 1 1 10 12 10 12 1 1 10 12 1 10 12 1 1 10 12 1 1 10 12 1 10 12 1 10 12 1 100 1 10 12 1 1 10 12 1 3 10 12 1 1 10 12 1 10 12 1 10 12 1 10 12 1 10 12 1 10 12 1 1 9 12 1 10 12 1 10 12 1 10 12 1 10 12 1 10 12 1 10 10 12 10 12 10 10 12 1 1 10 100 12 1 1 1 10 12 1 10 12 1 100 1 8 1 8 1 10 12 1 1 100 1 10 10 7 12 1 1 1 10 100 12 1 1 8 1 8 1 8 1 10 12 1 1 10 12 1 1 10 12 10 12 1 10 100 12 1 1 10 12 1 1 10 12 1 1 10 12 1 10 12 10 12 10 12 1 10 12 10 12 1 10 12 1 10 12 1 10 12 1 10 12 1 10 100 12 1 1 1 10 100 12 1 1 1 10 12 1 1 10 12 1 1 11 7 12 1 1 10 12 1 10 12 1 10 12 1 1 9 12 1 1 9 12 1 5 0 5 0 10 12 1 10 12 10 12 10 7 12 1 1 1 10 12 1 1 1 1 1 1 1 1 1 1 1 1 1 1 1 1 1 1 1 1 1 1 1 1 1 1 1 1 1 1 1 100 1 1 1 1 1 1 1 1 1 1 1 1 1 1 1 1 1 1 1 1 1 1 1 1 1 1 1 1 1 1 1 1 1 1 1 1 1 1 1 1 1 1 1 1 1 1 1 1 1 1 1 1 1 1 1 1 1 1 1 1 1 1 1 1 1 1 1 1 1 1 1 1 1 1 1 1 1 1 1 1 1 100 1 1 1 1 1 1 1 1 1 1 1 1 1 1 1 1 1 100 1 1 1 1 1 1 1 1 1 1 1 1 1 1 1 1 1 1 1 1 1 1 1 1 1 1 1 1 1 1 1 1 1 1 1 1 1 1 1 1 1 1 1 1 1 1 1 1 1 1 1 1 1 1 1 1 1 1 1 1 1 100 1 100 1 1 1 1 1
staticfield java/lang/StringUTF16 HI_BYTE_SHIFT I 0
staticfield java/lang/StringUTF16 LO_BYTE_SHIFT I 8
staticfield java/lang/StringUTF16 $assertionsDisabled Z 1
ciInstanceKlass java/lang/Integer 1 1 453 7 1 7 1 7 1 7 1 10 12 1 1 9 12 1 1 9 12 1 1 10 7 12 1 1 1 10 12 1 1 10 100 12 1 1 1 10 10 12 1 1 10 7 12 1 1 1 10 12 1 10 12 1 1 10 7 12 1 1 1 10 12 1 1 10 12 1 1 10 12 1 10 12 1 10 12 1 1 10 10 12 1 9 12 1 1 9 12 1 100 1 8 1 10 12 1 7 1 10 12 1 8 1 10 12 1 1 10 12 1 8 1 10 12 1 8 1 10 12 1 1 3 10 12 1 1 3 10 12 1 1 10 12 1 1 10 7 12 1 1 1 11 7 1 10 12 1 1 11 10 12 1 1 8 1 10 12 1 1 8 1 7 1 10 12 1 1 10 12 1 1 5 0 8 1 10 12 1 10 12 1 10 12 1 10 12 1 1 7 1 9 12 1 1 9 12 1 1 10 12 1 10 7 1 9 12 1 10 12 1 10 12 1 10 12 1 1 10 7 12 1 1 1 100 1 100 1 10 12 1 1 10 12 1 1 8 1 8 1 10 12 1 1 8 1 8 1 8 1 8 1 8 1 8 1 10 12 1 10 12 1 5 0 3 3 3 3 10 12 1 10 12 1 3 10 12 1 10 100 12 1 1 1 10 12 1 1 10 12 1 1 8 1 10 7 12 1 1 1 9 12 1 1 7 1 7 1 7 1 1 1 1 3 1 1 1 3 1 3 1 1 5 0 1 1 1 1 1 1 1 1 1 100 1 1 1 1 1 1 1 1 1 1 1 1 1 1 1 1 1 1 1 1 1 1 1 1 1 1 1 1 1 1 1 1 1 1 1 1 1 1 1 1 3 1 1 1 1 1 1 1 1 1 1 1 1 1 1 1 1 7 1 1 1 1 1 1 1 1 1 1 1 1 1 1 1 1 1 1 1 1 1 1 1 1 1 1 1 1 1 1 1 1 1 1 1 1 1 1 1 1 1 1 1 1 1 1 7 1 1 1 1 1 1 1 1 1 100 1 100 1 1
staticfield java/lang/Integer TYPE Ljava/lang/Class; java/lang/Class
staticfield java/lang/Integer digits [C 36
staticfield java/lang/Integer DigitTens [B 100
staticfield java/lang/Integer DigitOnes [B 100
instanceKlass java/math/BigDecimal
instanceKlass java/math/BigInteger
instanceKlass java/util/concurrent/atomic/Striped64
instanceKlass java/util/concurrent/atomic/AtomicLong
instanceKlass java/util/concurrent/atomic/AtomicInteger
instanceKlass java/lang/Long
instanceKlass java/lang/Integer
instanceKlass java/lang/Short
instanceKlass java/lang/Byte
instanceKlass java/lang/Double
instanceKlass java/lang/Float
ciInstanceKlass java/lang/Number 1 1 37 10 7 12 1 1 1 10 100 12 1 1 1 100 1 1 1 1 5 0 1 1 1 1 1 1 1 1 1 1 1 1 1 1 1 1 1
ciMethod java/lang/StringUTF16 checkIndex (I[B)V 0 0 12 0 -1
ciMethod java/lang/StringUTF16 getChar ([BI)C 512 0 289 0 -1
ciMethod java/lang/StringUTF16 charAt ([BI)C 0 0 4 0 0
ciMethod java/lang/StringUTF16 newString ([BII)Ljava/lang/String; 0 0 1 0 -1
ciInstanceKlass java/lang/Thread$FieldHolder 1 1 48 10 7 12 1 1 1 9 7 12 1 1 1 9 12 1 1 9 12 1 1 9 12 1 1 9 12 1 1 1 1 1 1 1 1 1 1 100 1 100 1 1 1 1 100 1 1 1
ciInstanceKlass java/lang/Thread$Constants 0 0 59 7 1 10 7 12 1 1 1 100 1 10 10 7 12 1 1 1 7 1 8 1 10 12 1 9 7 12 1 1 1 7 1 7 1 10 12 1 10 12 1 9 12 1 1 1 1 1 1 1 1 1 1 1 1 1 1 1 1
ciInstanceKlass java/lang/ThreadGroup 1 1 411 10 7 12 1 1 1 9 7 12 1 1 1 8 1 9 12 1 1 7 1 9 12 1 1 9 12 1 1 10 7 12 1 1 1 10 12 1 1 10 12 1 10 12 1 10 12 1 10 12 1 1 10 12 1 1 10 12 1 10 12 1 1 10 12 1 10 12 1 10 100 12 1 1 1 10 12 1 1 18 12 1 1 11 7 12 1 1 1 10 7 12 1 1 1 10 7 12 1 10 12 1 1 10 12 1 1 10 12 1 1 10 100 12 1 1 1 10 12 1 11 12 1 1 11 7 12 1 1 11 12 1 1 10 12 1 1 10 12 1 10 12 1 11 12 1 11 12 1 1 100 1 10 10 12 1 100 1 10 18 12 1 1 11 7 12 1 1 1 11 12 1 1 9 12 1 1 10 12 1 1 8 1 10 7 12 1 1 1 10 100 12 1 1 1 10 12 1 1 11 12 10 12 1 1 10 12 1 1 11 7 1 9 12 1 7 1 10 8 1 10 12 1 1 10 12 1 1 8 1 10 12 1 10 7 12 1 1 1 10 12 1 1 10 7 1 8 1 10 8 1 10 12 1 10 12 1 8 1 9 12 1 1 9 12 1 10 100 12 1 1 1 100 9 12 1 1 7 1 9 12 1 10 12 10 12 1 1 100 10 12 9 12 1 10 12 1 100 1 10 11 12 1 1 7 1 10 10 12 1 10 12 1 1 1 1 1 1 1 1 1 1 1 1 1 1 1 1 1 1 3 1 1 1 1 1 1 1 1 1 1 1 1 100 1 1 1 1 1 1 1 1 1 1 1 1 1 1 1 1 1 1 1 1 1 1 1 1 1 1 1 1 1 1 1 1 1 1 1 1 1 1 1 1 1 1 1 16 15 10 12 16 16 15 10 12 16 15 10 100 12 1 1 1 1 1 100 1 100 1 1
staticfield java/lang/ThreadGroup $assertionsDisabled Z 1
ciInstanceKlass java/lang/Thread$UncaughtExceptionHandler 1 0 16 100 1 100 1 1 1 1 1 1 1 1 100 1 1 1
ciInstanceKlass java/security/AccessControlContext 1 1 374 9 7 12 1 1 1 9 12 1 1 10 7 12 1 1 1 8 1 10 7 12 1 1 1 10 7 12 1 1 1 9 12 1 9 12 1 1 9 12 1 1 10 7 12 1 1 7 1 10 12 1 11 7 12 1 1 1 11 12 1 11 12 1 11 12 1 1 7 1 11 12 1 1 10 12 1 10 7 12 1 1 1 9 100 12 1 1 1 10 7 12 1 1 1 11 100 12 1 1 1 10 7 1 100 1 8 1 10 12 1 10 12 1 1 7 1 10 7 12 1 1 1 9 12 1 9 12 1 9 12 1 9 12 1 1 9 12 1 1 9 12 1 9 12 1 10 7 12 1 1 1 9 12 1 10 12 1 1 10 12 1 1 8 1 10 12 1 1 10 12 1 1 10 7 12 1 1 1 7 1 10 10 12 1 1 10 7 12 1 1 1 10 8 1 10 7 12 1 1 8 1 10 7 12 1 1 8 1 8 1 10 12 1 8 1 10 12 1 8 1 10 12 1 10 12 1 10 12 1 1 8 1 8 1 100 1 10 12 1 10 12 1 1 7 1 10 12 1 8 1 10 12 1 10 12 1 10 8 1 10 12 1 1 10 12 1 1 10 12 1 1 10 12 1 1 10 12 1 10 12 1 11 10 12 1 10 12 1 1 10 10 10 12 1 1 1 1 1 1 1 1 1 1 1 1 1 1 1 1 1 1 1 1 1 1 1 1 100 1 1 1 1 1 1 1 1 1 1 1 1 1 1 1 1 1 1 1 1 1 1 1 1 1 1 1 1 1 1 1 1 1 1 1 1 1 1 1 1 1 1 1 1 1 1 1 1 1 1 1 1 3 1 1
instanceKlass java/lang/ThreadBuilders$BoundVirtualThread
instanceKlass java/lang/VirtualThread
ciInstanceKlass java/lang/BaseVirtualThread 0 0 36 10 100 12 1 1 1 100 1 1 1 1 1 1 1 1 1 1 1 1 1 1 1 1 1 1 1 1 100 1 100 1 1 100 1 1
ciInstanceKlass java/lang/VirtualThread 0 0 895 7 1 9 12 1 1 10 7 12 1 1 1 10 100 12 1 1 1 10 7 12 1 1 1 9 12 1 1 9 12 1 1 100 1 10 12 1 9 12 1 1 18 12 1 1 9 12 1 1 10 12 1 1 100 1 10 12 1 10 12 1 1 10 12 1 1 10 12 1 1 10 12 1 10 7 12 1 10 12 1 10 12 1 10 12 1 11 100 12 1 1 1 100 1 10 12 1 1 10 100 12 1 1 1 10 100 12 1 1 1 10 12 1 100 1 10 10 12 1 10 12 1 1 9 12 1 1 10 12 1 1 9 12 1 1 10 12 1 9 12 1 1 9 12 1 100 1 10 10 12 1 10 12 1 10 100 12 1 1 10 9 10 10 12 1 1 10 12 1 1 10 100 12 1 1 10 100 1 10 9 10 10 12 1 10 12 1 10 12 1 1 7 1 10 12 1 1 10 12 1 10 12 1 1 9 12 1 10 12 1 10 12 1 9 12 1 1 10 12 1 10 12 1 9 12 1 1 10 12 1 10 12 1 11 100 12 1 1 10 12 1 1 10 12 1 10 12 1 1 9 12 1 10 100 1 10 12 1 1 10 12 1 1 10 12 1 10 12 1 10 12 1 10 12 1 9 12 1 1 10 100 12 1 1 10 12 1 10 12 1 1 10 100 12 1 1 10 12 1 100 1 8 1 10 12 1 10 12 1 1 10 12 1 10 12 1 10 100 12 1 1 10 12 1 10 12 1 1 10 12 1 10 12 1 1 10 7 12 1 1 18 10 12 1 1 10 12 1 1 7 1 5 0 100 1 10 10 12 1 7 1 9 12 1 1 10 7 12 1 1 10 9 12 1 1 9 100 12 1 1 1 11 100 12 1 1 1 11 100 1 11 12 10 12 1 10 12 1 1 10 12 1 100 1 10 10 12 1 10 12 1 1 10 12 1 1 10 12 1 10 12 1 10 12 1 9 12 1 1 11 100 12 1 1 10 12 9 100 12 1 1 1 9 12 1 10 12 1 1 9 12 1 9 12 1 7 1 10 10 12 1 1 10 12 1 10 12 10 12 1 7 1 7 1 8 1 10 10 12 1 1 10 12 1 10 7 12 1 1 8 1 10 12 1 8 1 10 12 1 9 100 12 1 1 1 10 12 1 1 10 12 1 10 10 10 10 12 9 12 1 10 12 1 1 9 12 1 10 12 1 1 9 12 1 10 12 1 1 18 12 1 1 18 12 1 10 7 12 1 1 1 8 1 10 100 12 1 1 1 10 7 12 1 1 1 18 12 1 10 100 12 1 1 1 100 1 10 12 1 8 1 10 12 1 8 1 10 12 1 1 8 1 8 1 10 100 12 1 1 8 1 10 12 1 8 1 8 1 10 100 12 1 1 1 10 12 1 10 12 1 1 10 12 1 18 12 1 1 18 12 1 1 5 0 9 12 1 10 12 1 18 12 1 100 1 10 12 10 7 12 1 1 10 12 1 1 7 1 8 1 10 10 12 1 10 12 1 1 10 12 1 9 12 1 8 10 12 1 1 8 8 9 12 1 8 10 12 1 1 3 1 3 3 1 3 1 3 1 3 1 3 1 3 3 1 3 1 3 1 3 1 1 1 1 1 1 1 1 1 1 1 1 1 1 7 1 1 1 1 1 1 1 1 1 1 1 1 7 1 1 1 1 1 1 1 1 1 1 1 1 1 7 1 1 1 1 1 1 1 1 1 1 1 1 1 1 1 1 1 1 1 1 1 1 1 1 1 1 1 1 1 1 1 1 1 1 1 1 1 1 1 100 1 1 1 1 1 1 1 1 1 1 1 1 1 1 1 1 1 1 1 1 1 1 1 1 1 1 1 1 1 1 1 1 1 100 1 1 1 1 1 1 1 1 1 1 1 1 1 1 100 1 1 16 15 10 12 15 16 15 10 12 16 15 10 12 16 16 15 10 12 16 15 10 12 16 15 10 12 16 15 10 12 16 1 15 10 100 12 1 1 1 1 1 1 1 7 1 1 100 1 100 1 1
ciInstanceKlass java/lang/ThreadBuilders$BoundVirtualThread 0 0 132 10 7 12 1 1 1 9 7 12 1 1 1 10 7 12 1 1 1 9 12 1 1 10 12 1 1 10 12 1 1 9 12 1 1 10 7 12 1 1 1 10 12 1 1 7 1 8 1 10 12 1 10 12 1 1 10 12 1 1 10 12 1 1 10 7 12 1 1 1 8 1 10 12 1 8 1 10 12 1 1 10 100 12 1 1 9 100 12 1 1 1 10 12 1 1 10 10 12 1 1 1 1 1 1 1 1 1 1 1 1 1 1 1 1 1 1 1 1 1 1 1 1 1 1 1 1 100 1 1 1 1
ciInstanceKlass jdk/internal/vm/ContinuationScope 0 0 50 10 100 12 1 1 1 10 100 12 1 1 1 100 1 9 100 12 1 1 1 10 12 1 1 10 100 12 1 1 1 10 12 1 1 10 12 1 1 1 1 1 1 1 1 1 1 1 1 1
ciInstanceKlass jdk/internal/vm/StackChunk 0 0 34 10 100 12 1 1 1 9 100 12 1 1 1 9 12 1 1 9 12 1 9 12 1 1 1 1 1 1 1 1 1 1 1 1
ciInstanceKlass java/lang/CharacterDataLatin1 1 1 141 9 7 12 1 1 1 9 12 1 1 10 12 1 1 10 12 1 10 12 1 1 10 12 1 9 12 1 1 100 1 3 3 3 3 9 12 1 10 7 12 1 1 1 10 9 12 1 1 3 3 3 3 3 3 3 3 3 3 3 3 3 3 3 3 3 3 3 3 3 3 3 3 3 3 3 3 3 3 3 3 3 3 3 1 1 1 1 1 1 1 1 1 1 1 1 1 1 1 1 1 1 1 1 1 1 1 1 1 1 1 1 1 1 1 1 1 1 1 1 1 1 1 1 1 1 1 1 1 1 1 1 1 1 1 1 1 100 1 1 1
staticfield java/lang/CharacterDataLatin1 DIGITS [B 256
staticfield java/lang/CharacterDataLatin1 instance Ljava/lang/CharacterDataLatin1; java/lang/CharacterDataLatin1
staticfield java/lang/CharacterDataLatin1 A [I 256
staticfield java/lang/CharacterDataLatin1 B [C 256
instanceKlass java/lang/CharacterDataLatin1
ciInstanceKlass java/lang/CharacterData 1 1 86 10 7 12 1 1 1 10 100 12 1 1 1 9 7 12 1 1 1 9 100 12 1 1 9 100 12 1 1 9 100 1 9 100 1 9 100 1 9 100 1 9 100 1 1 1 1 1 1 1 1 1 1 1 1 1 1 1 1 1 1 1 1 1 1 1 1 1 1 1 1 1 1 1 1 1 1 1 1 1 1 1 1 1 1 1
ciMethod java/lang/CharacterData toLowerCase (I)I 0 0 1 0 -1
ciMethod java/lang/CharacterData of (I)Ljava/lang/CharacterData; 566 0 5430 0 120
ciMethod java/lang/CharacterDataLatin1 toLowerCase (I)I 532 0 6012 0 136
ciInstanceKlass java/lang/Float 1 1 279 7 1 7 1 10 100 12 1 1 1 10 100 12 1 1 1 4 7 1 10 12 1 1 10 12 1 1 8 1 8 1 10 7 12 1 1 1 10 12 1 1 10 12 1 1 10 100 1 4 10 7 12 1 1 9 12 1 1 10 12 1 1 10 12 1 10 10 12 1 1 10 12 1 10 12 1 3 3 100 1 4 4 4 3 10 12 1 1 9 12 1 1 100 1 10 3 3 4 4 10 12 1 3 3 3 10 12 1 1 10 12 1 1 10 12 1 10 100 12 1 1 1 10 12 1 1 10 12 1 1 10 7 12 1 1 1 8 1 10 12 1 1 9 12 1 1 7 1 7 1 7 1 1 1 1 4 1 4 1 1 1 4 1 1 3 1 3 1 3 1 3 1 3 1 1 1 1 5 0 1 1 1 1 1 1 1 1 1 1 100 1 1 1 1 1 1 1 1 1 1 1 1 1 3 1 1 1 1 1 1 1 1 1 1 1 1 1 1 1 1 1 1 1 1 1 1 1 1 1 1 1 1 1 1 1 1 1 1 1 1 1 1 1 1 1 1 1 1 1 1 1 1 1 1 1 1 1 1 1 1 1 1 1 1 1 7 1 1 1 1 1 1 1 100 1 100 1 1
staticfield java/lang/Float TYPE Ljava/lang/Class; java/lang/Class
staticfield java/lang/Float $assertionsDisabled Z 1
ciInstanceKlass java/lang/Double 1 1 290 7 1 7 1 10 100 12 1 1 1 10 12 1 1 10 7 1 10 12 1 1 10 100 12 1 1 1 6 0 8 1 10 12 1 1 8 1 10 12 1 1 8 1 6 0 10 12 1 1 100 1 5 0 5 0 8 1 8 1 10 7 12 1 1 1 10 7 12 1 1 1 8 1 10 12 1 1 8 1 8 1 8 1 10 12 1 1 10 12 1 10 12 1 1 10 12 1 10 12 1 10 12 1 1 10 12 1 10 100 1 6 0 10 7 12 1 1 9 12 1 1 10 12 1 10 12 1 10 12 1 10 12 1 10 12 1 5 0 10 12 1 1 10 12 1 10 12 1 10 100 12 1 1 1 10 12 1 1 10 12 1 1 8 1 10 7 12 1 1 1 9 12 1 1 7 1 7 1 7 1 1 1 6 0 1 6 0 1 6 0 1 1 1 6 0 1 1 3 1 3 1 3 1 3 1 3 1 1 1 1 5 0 1 1 1 1 1 1 1 1 1 1 1 1 1 1 1 1 100 1 1 1 1 1 1 1 1 1 1 1 1 3 1 1 1 1 1 1 1 1 1 1 1 1 1 1 1 1 1 1 1 1 1 1 1 1 1 1 1 1 1 1 1 1 1 1 7 1 1 1 1 1 1 1 100 1 100 1 1
staticfield java/lang/Double TYPE Ljava/lang/Class; java/lang/Class
ciInstanceKlass java/lang/Byte 1 1 213 7 1 100 1 10 7 12 1 1 1 9 12 1 1 8 1 9 12 1 1 7 1 10 12 1 1 10 12 1 1 10 100 12 1 1 1 10 100 12 1 1 1 9 7 12 1 1 1 10 12 1 1 100 1 7 1 10 12 1 1 8 1 10 12 1 1 8 1 10 12 1 10 12 1 10 12 1 10 12 1 1 10 12 1 10 12 1 10 12 1 1 10 8 1 8 1 10 7 1 9 12 1 1 10 12 1 1 10 12 1 1 10 12 1 1 10 12 1 5 0 10 12 1 1 8 1 10 7 12 1 1 1 9 12 1 1 7 1 7 1 1 1 3 1 3 1 1 1 1 3 1 3 1 1 5 0 1 1 1 1 1 1 1 1 1 1 1 1 1 1 1 1 1 1 1 1 1 1 1 1 1 1 1 1 1 1 1 1 1 1 1 1 1 1 1 1 1 1 1 1 1 1 1 1 1 1 1 1 1 1 1 1
staticfield java/lang/Byte TYPE Ljava/lang/Class; java/lang/Class
ciInstanceKlass java/lang/Short 1 1 222 7 1 7 1 100 1 10 7 12 1 1 1 10 12 1 1 100 1 7 1 10 12 1 1 8 1 10 12 1 1 8 1 10 12 1 10 12 1 10 12 1 10 12 1 1 10 12 1 1 10 12 1 9 12 1 1 8 1 9 12 1 1 7 1 10 12 1 1 10 12 1 10 100 12 1 1 1 10 100 12 1 1 1 9 7 12 1 1 1 10 12 1 10 12 1 1 10 8 1 8 1 10 7 1 9 12 1 1 10 12 1 1 10 12 1 1 10 12 1 1 10 12 1 3 3 5 0 10 12 1 1 8 1 10 7 12 1 1 1 9 12 1 1 7 1 7 1 1 1 3 1 3 1 1 1 1 3 1 3 1 1 5 0 1 1 1 1 1 1 1 1 1 1 1 1 1 1 1 1 1 1 1 1 1 1 1 1 1 1 1 3 1 1 1 1 1 1 1 1 1 1 1 1 1 1 1 1 1 1 1 1 1 1 1 1 1 1 1 1 1 1
staticfield java/lang/Short TYPE Ljava/lang/Class; java/lang/Class
ciInstanceKlass java/lang/Long 1 1 524 7 1 7 1 7 1 7 1 10 12 1 1 9 12 1 1 9 7 12 1 1 1 10 7 12 1 1 1 10 12 1 1 10 100 12 1 1 1 10 10 12 10 12 1 10 12 1 10 12 1 5 0 5 0 7 1 10 12 1 1 10 12 1 1 10 12 1 10 12 1 10 12 1 10 12 1 1 10 100 12 1 1 10 12 1 10 12 1 1 10 12 1 1 10 12 1 1 10 12 1 1 10 100 12 1 1 1 10 12 1 1 10 12 1 10 12 1 10 12 1 10 12 1 1 10 10 12 1 5 0 5 0 9 12 1 1 9 12 1 5 0 100 1 8 1 10 12 1 8 1 10 12 1 8 1 8 1 10 12 1 1 5 0 10 12 1 1 5 0 10 12 1 1 10 12 1 1 10 100 12 1 1 1 11 7 1 10 12 1 1 11 10 12 1 1 8 1 10 12 1 1 8 1 7 1 10 12 1 1 10 12 1 8 1 8 1 11 12 1 1 10 12 1 10 12 1 10 12 1 5 0 5 0 9 7 12 1 1 1 10 12 1 10 12 1 1 8 1 8 1 10 12 1 1 8 1 8 1 8 1 8 1 8 1 8 1 10 12 1 10 7 1 9 12 1 1 10 12 1 10 12 1 1 10 12 1 1 10 7 12 1 1 1 100 1 100 1 10 12 1 1 10 12 1 1 5 0 10 12 1 10 12 1 5 0 5 0 5 0 10 12 1 1 10 12 1 5 0 5 0 10 12 1 10 12 1 10 100 12 1 1 1 10 12 1 1 10 12 1 1 8 1 10 7 12 1 1 1 9 12 1 1 7 1 7 1 7 1 1 1 1 5 0 1 1 1 1 3 1 3 1 5 0 1 1 1 1 1 1 1 1 1 100 1 1 1 1 1 1 1 1 1 1 1 1 1 1 1 1 1 1 1 1 1 1 1 1 1 1 1 1 1 1 1 1 1 1 1 1 1 1 1 1 1 1 1 1 1 1 1 1 1 1 1 1 1 1 1 3 1 1 1 1 1 1 1 1 1 1 1 1 1 1 1 7 1 1 1 1 1 1 1 1 1 1 1 1 1 1 1 1 1 1 1 1 1 1 1 1 1 1 1 1 1 1 1 1 1 1 1 1 1 1 1 1 1 1 1 7 1 1 1 1 1 1 1 1 1 100 1 100 1 1
staticfield java/lang/Long TYPE Ljava/lang/Class; java/lang/Class
ciInstanceKlass jdk/internal/vm/vector/VectorSupport 0 0 573 100 1 10 100 12 1 1 1 9 12 1 1 10 12 1 1 100 1 10 12 1 11 100 12 1 1 1 11 100 12 1 1 1 11 100 12 1 1 11 100 12 1 1 11 100 12 1 1 1 11 100 12 1 1 11 100 12 1 1 11 100 12 1 1 11 100 12 1 1 11 100 12 1 1 11 100 12 1 1 11 100 12 1 1 1 11 100 12 1 1 11 100 12 1 1 1 11 100 12 1 1 1 11 100 12 1 1 11 100 12 1 1 1 11 100 12 1 1 100 1 10 12 1 1 11 100 12 1 1 11 100 12 1 1 11 100 12 1 1 11 100 12 1 1 11 100 12 1 1 11 100 12 1 1 9 12 1 1 10 100 12 1 1 11 100 12 1 1 10 12 1 1 10 100 12 1 1 1 10 12 1 10 12 1 1 10 12 1 1 1 1 1 3 1 3 1 3 1 3 1 3 1 3 1 3 1 3 1 3 1 3 1 3 1 3 1 3 1 3 1 3 1 3 1 3 1 3 1 3 1 3 1 3 1 3 1 3 1 3 1 3 1 3 1 3 1 3 1 3 1 3 1 3 1 3 1 3 1 3 1 3 1 3 1 3 1 3 1 3 1 3 1 3 1 3 1 3 1 3 1 3 1 3 1 3 1 3 1 3 1 3 1 3 1 3 1 3 1 1 1 1 1 1 1 1 1 1 1 1 1 1 1 1 1 1 1 1 1 1 1 1 1 1 1 1 1 1 1 1 1 1 1 1 1 1 1 1 1 1 1 1 1 1 1 1 1 1 1 1 1 1 1 1 1 1 1 1 1 1 1 1 1 1 1 1 1 1 1 1 1 1 1 1 1 1 1 1 1 1 1 1 1 1 1 1 1 1 1 1 1 1 1 1 1 1 1 1 1 1 1 1 1 1 1 1 1 1 1 1 1 1 1 1 1 1 1 1 1 1 1 1 1 1 1 1 1 1 1 1 1 1 1 1 1 1 1 1 1 1 1 1 1 1 1 1 1 1 1 1 1 1 1 1 1 1 1 1 1 1 1 1 1 1 1 1 1 1 1 1 1 1 1 1 1 1 1 1 1 1 1 1 1 1 1 1 1 1 1 1 1 1 1 1 1 1 1 1 1 1 1 1 1 1 1 1 1 1 1 1 1 1 1 1 1 1 1 1 1 1 1 1 1 1 1 1 1 1 1 1 1 1 1 100 1 100 1 100 1 100 1 100 1 1 1 1 1 1 1 1 1 1 1 1 1 1 1 1 1 1 1 1 1 1 1 1 1 1 1 1 1 1 1
instanceKlass jdk/internal/vm/vector/VectorSupport$VectorShuffle
instanceKlass jdk/internal/vm/vector/VectorSupport$VectorMask
instanceKlass jdk/internal/vm/vector/VectorSupport$Vector
ciInstanceKlass jdk/internal/vm/vector/VectorSupport$VectorPayload 0 0 32 10 100 12 1 1 1 9 100 12 1 1 1 10 100 12 1 1 1 1 1 1 1 1 1 1 1 1 1 1 1 1
ciInstanceKlass jdk/internal/vm/vector/VectorSupport$Vector 0 0 28 10 100 12 1 1 1 100 1 1 1 1 1 1 1 1 1 1 1 1 1 1 1 100 1 1 1 1
ciInstanceKlass jdk/internal/vm/vector/VectorSupport$VectorMask 0 0 28 10 100 12 1 1 1 100 1 1 1 1 1 1 1 1 1 1 1 1 1 1 1 100 1 1 1 1
ciInstanceKlass jdk/internal/vm/vector/VectorSupport$VectorShuffle 0 0 28 10 100 12 1 1 1 100 1 1 1 1 1 1 1 1 1 1 1 1 1 1 1 100 1 1 1 1
ciInstanceKlass jdk/internal/vm/FillerObject 0 0 16 10 100 12 1 1 1 100 1 1 1 1 1 1 1 1
instanceKlass java/lang/ref/PhantomReference
instanceKlass java/lang/ref/FinalReference
instanceKlass java/lang/ref/WeakReference
instanceKlass java/lang/ref/SoftReference
ciInstanceKlass java/lang/ref/Reference 1 1 190 9 7 12 1 1 1 9 7 12 1 1 10 12 1 1 10 12 1 1 9 12 1 1 10 12 1 1 9 12 1 1 9 12 1 1 7 1 10 12 1 10 7 12 1 1 10 12 1 10 12 1 1 10 12 1 7 1 8 1 10 12 1 1 7 1 10 12 1 1 10 12 1 1 10 12 1 9 12 1 10 12 1 1 10 12 1 10 12 1 9 12 1 7 1 100 1 10 12 9 12 1 9 12 1 100 1 10 10 12 1 10 10 7 12 1 1 7 1 10 10 7 12 1 1 1 1 1 1 1 1 1 1 1 1 1 1 1 1 1 1 1 7 1 1 1 100 1 1 1 1 1 1 1 1 1 1 1 1 1 1 1 1 1 1 1 1 1 1 1 1 1 1 1 1 1 1 1 1 1 1 1 7 1 7 1 7 1 1 1
staticfield java/lang/ref/Reference processPendingLock Ljava/lang/Object; java/lang/Object
staticfield java/lang/ref/Reference $assertionsDisabled Z 1
instanceKlass org/springframework/util/ConcurrentReferenceHashMap$SoftEntryReference
instanceKlass sun/util/locale/provider/LocaleResources$ResourceReference
instanceKlass sun/util/resources/Bundles$BundleReference
instanceKlass sun/util/locale/LocaleObjectCache$CacheEntry
instanceKlass java/io/ClassCache$CacheRef
instanceKlass java/lang/invoke/LambdaFormEditor$Transform
ciInstanceKlass java/lang/ref/SoftReference 1 1 47 10 7 12 1 1 1 9 7 12 1 1 1 9 12 1 10 12 1 10 12 1 1 1 1 1 1 1 1 1 1 1 1 1 1 1 1 1 1 1 1 100 1 1 1 1 1
instanceKlass java/lang/WeakPairMap$WeakRefPeer
instanceKlass java/util/logging/LogManager$LoggerWeakRef
instanceKlass java/util/logging/Level$KnownLevel
instanceKlass java/lang/ClassValue$Entry
instanceKlass java/lang/ThreadLocal$ThreadLocalMap$Entry
instanceKlass java/lang/invoke/MethodType$ConcurrentWeakInternSet$WeakEntry
instanceKlass java/util/WeakHashMap$Entry
ciInstanceKlass java/lang/ref/WeakReference 1 1 31 10 7 12 1 1 1 10 12 1 100 1 1 1 1 1 1 1 1 1 1 1 1 1 1 1 1 1 1 1 1
instanceKlass java/lang/ref/Finalizer
ciInstanceKlass java/lang/ref/FinalReference 1 1 50 10 7 12 1 1 1 10 7 12 1 1 1 10 12 1 1 7 1 8 1 10 12 1 1 1 1 1 1 1 1 1 1 1 1 1 1 1 1 1 1 1 1 1 1 1 1 1 7 1
instanceKlass jdk/internal/ref/PhantomCleanable
instanceKlass jdk/internal/ref/Cleaner
ciInstanceKlass java/lang/ref/PhantomReference 1 1 39 10 100 12 1 1 1 10 7 12 1 1 1 1 1 1 1 1 1 1 1 1 1 1 1 1 1 1 1 1 1 1 1 1 1 1 1 1 1
ciInstanceKlass java/lang/ref/Finalizer 1 1 155 9 7 12 1 1 1 10 7 12 1 1 1 9 12 1 1 9 12 1 1 9 12 1 9 12 1 9 12 1 1 10 12 1 7 1 8 1 10 12 1 10 12 1 1 9 12 1 100 1 10 12 1 7 1 11 100 12 1 1 10 12 1 7 1 10 12 1 100 1 10 12 1 10 7 12 1 1 1 10 100 12 1 1 1 100 1 10 10 12 1 7 1 10 12 1 7 1 10 12 1 1 10 12 1 1 10 12 1 10 7 12 1 1 1 7 1 10 7 1 10 10 12 1 1 1 1 1 1 1 1 1 1 1 1 1 1 1 1 1 1 1 1 1 1 1 1 1 1 1 1 1 1 1 1
staticfield java/lang/ref/Finalizer lock Ljava/lang/Object; java/lang/Object
staticfield java/lang/ref/Finalizer ENABLED Z 1
staticfield java/lang/ref/Finalizer $assertionsDisabled Z 1
instanceKlass org/jboss/logging/Logger$Level
instanceKlass org/springframework/boot/ansi/AnsiStyle
instanceKlass ch/qos/logback/core/pattern/parser/TokenStream$TokenizerState
instanceKlass ch/qos/logback/core/subst/Node$Type
instanceKlass ch/qos/logback/core/subst/Token$Type
instanceKlass ch/qos/logback/core/subst/Tokenizer$TokenizerState
instanceKlass java/nio/file/attribute/PosixFilePermission
instanceKlass org/springframework/boot/logging/logback/RollingPolicySystemProperty
instanceKlass org/springframework/boot/logging/LoggingSystemProperty
instanceKlass org/springframework/boot/ansi/AnsiColor
instanceKlass org/springframework/boot/ansi/AnsiOutput$Enabled
instanceKlass org/springframework/boot/context/config/Profiles$Type
instanceKlass org/yaml/snakeyaml/tokens/Token$ID
instanceKlass org/yaml/snakeyaml/events/Event$ID
instanceKlass org/yaml/snakeyaml/comments/CommentType
instanceKlass org/yaml/snakeyaml/introspector/BeanAccess
instanceKlass org/yaml/snakeyaml/DumperOptions$NonPrintableStyle
instanceKlass org/yaml/snakeyaml/DumperOptions$LineBreak
instanceKlass org/yaml/snakeyaml/DumperOptions$FlowStyle
instanceKlass org/yaml/snakeyaml/DumperOptions$ScalarStyle
instanceKlass org/yaml/snakeyaml/nodes/NodeId
instanceKlass org/springframework/beans/factory/config/YamlProcessor$ResolutionMethod
instanceKlass org/springframework/boot/context/config/LocationResourceLoader$ResourceType
instanceKlass org/springframework/boot/BootstrapRegistry$Scope
instanceKlass org/springframework/boot/context/config/ConfigDataEnvironmentContributor$ImportPhase
instanceKlass org/springframework/boot/context/config/ConfigDataEnvironmentContributor$Kind
instanceKlass org/springframework/boot/context/config/ConfigData$Option
instanceKlass org/springframework/boot/context/config/ConfigDataNotFoundAction
instanceKlass org/springframework/boot/context/config/ConfigDataEnvironmentContributors$BinderOption
instanceKlass org/springframework/boot/context/properties/source/ConfigurationPropertyName$Form
instanceKlass org/springframework/boot/cloud/CloudPlatform
instanceKlass sun/util/logging/PlatformLogger$Level
instanceKlass java/lang/System$Logger$Level
instanceKlass jakarta/servlet/SessionTrackingMode
instanceKlass java/lang/StackStreamFactory$WalkerState
instanceKlass java/lang/StackWalker$ExtendedOption
instanceKlass java/lang/StackWalker$Option
instanceKlass org/springframework/boot/logging/LogLevel
instanceKlass org/springframework/boot/Banner$Mode
instanceKlass org/springframework/boot/test/context/SpringBootContextLoader$Mode
instanceKlass org/springframework/test/annotation/DirtiesContext$ClassMode
instanceKlass org/springframework/boot/context/properties/source/ConfigurationPropertyState
instanceKlass org/springframework/boot/context/properties/source/ConfigurationPropertyName$ElementType
instanceKlass org/springframework/boot/context/properties/bind/Bindable$BindRestriction
instanceKlass org/springframework/boot/WebApplicationType
instanceKlass org/springframework/boot/context/properties/bind/BindMethod
instanceKlass java/time/Month
instanceKlass java/time/format/FormatStyle
instanceKlass org/springframework/format/datetime/standard/DateTimeFormatterRegistrar$Type
instanceKlass org/springframework/context/annotation/FilterType
instanceKlass org/springframework/context/annotation/ScopedProxyMode
instanceKlass java/nio/file/FileTreeWalker$EventType
instanceKlass java/nio/file/FileVisitOption
instanceKlass java/nio/file/AccessMode
instanceKlass org/springframework/boot/test/autoconfigure/properties/SkipPropertyMapping
instanceKlass org/springframework/core/annotation/IntrospectionFailureLogger
instanceKlass org/springframework/core/annotation/MergedAnnotations$SearchStrategy
instanceKlass org/springframework/util/ConcurrentLruCache$DrainStatus
instanceKlass org/springframework/test/context/NestedTestConfiguration$EnclosingConfiguration
instanceKlass org/springframework/core/NativeDetector$Context
instanceKlass org/springframework/util/ConcurrentReferenceHashMap$TaskOption
instanceKlass org/springframework/util/ConcurrentReferenceHashMap$Restructure
instanceKlass ch/qos/logback/core/spi/FilterReply
instanceKlass org/slf4j/helpers/Reporter$Level
instanceKlass org/slf4j/helpers/Reporter$TargetChoice
instanceKlass java/time/format/TextStyle
instanceKlass java/time/format/DateTimeFormatterBuilder$SettingsParser
instanceKlass java/time/format/ResolverStyle
instanceKlass java/time/format/SignStyle
instanceKlass java/time/temporal/JulianFields$Field
instanceKlass java/time/temporal/IsoFields$Unit
instanceKlass java/time/temporal/IsoFields$Field
instanceKlass ch/qos/logback/core/joran/spi/ConsoleTarget
instanceKlass ch/qos/logback/classic/spi/Configurator$ExecutionStatus
instanceKlass org/junit/jupiter/api/Timeout$ThreadMode
instanceKlass org/springframework/util/ConcurrentReferenceHashMap$ReferenceType
instanceKlass org/junit/jupiter/engine/extension/TempDirectory$Scope
instanceKlass org/junit/platform/engine/support/hierarchical/ExclusiveResource$LockMode
instanceKlass java/util/Comparators$NaturalOrderComparator
instanceKlass org/junit/platform/launcher/core/IterationOrder
instanceKlass org/junit/platform/launcher/EngineDiscoveryResult$Status
instanceKlass org/junit/platform/engine/SelectorResolutionResult$Status
instanceKlass org/springframework/boot/test/context/SpringBootTest$WebEnvironment
instanceKlass org/springframework/boot/test/context/SpringBootTest$UseMainMethod
instanceKlass org/junit/jupiter/engine/discovery/MethodSelectorResolver$MethodType
instanceKlass org/springframework/test/context/jdbc/SqlConfig$ErrorMode
instanceKlass org/springframework/test/context/jdbc/SqlConfig$TransactionMode
instanceKlass org/springframework/test/context/jdbc/Sql$ExecutionPhase
instanceKlass org/apiguardian/api/API$Status
instanceKlass java/lang/reflect/ProxyGenerator$PrimitiveTypeInfo
instanceKlass java/lang/annotation/RetentionPolicy
instanceKlass java/lang/annotation/ElementType
instanceKlass org/junit/platform/engine/support/discovery/SelectorResolver$Match$Type
instanceKlass org/junit/jupiter/api/parallel/ExecutionMode
instanceKlass org/junit/jupiter/api/TestInstance$Lifecycle
instanceKlass org/junit/jupiter/api/io/CleanupMode
instanceKlass java/util/stream/MatchOps$MatchKind
instanceKlass org/junit/platform/launcher/core/EngineDiscoveryOrchestrator$Phase
instanceKlass org/junit/platform/launcher/listeners/discovery/LauncherDiscoveryListeners$LauncherDiscoveryListenerType
instanceKlass org/junit/platform/commons/util/ReflectionUtils$HierarchyTraversalMode
instanceKlass jdk/internal/logger/BootstrapLogger$LoggingBackend
instanceKlass java/time/temporal/ChronoUnit
instanceKlass java/time/temporal/ChronoField
instanceKlass sun/util/locale/provider/LocaleProviderAdapter$Type
instanceKlass org/junit/platform/engine/TestDescriptor$Type
instanceKlass java/util/Locale$Category
instanceKlass java/util/regex/Pattern$Qtype
instanceKlass java/net/Proxy$Type
instanceKlass java/net/StandardProtocolFamily
instanceKlass jdk/internal/util/OperatingSystem
instanceKlass java/util/zip/ZipCoder$Comparison
instanceKlass java/nio/file/LinkOption
instanceKlass sun/nio/fs/WindowsPathType
instanceKlass java/nio/file/StandardOpenOption
instanceKlass java/util/stream/Collector$Characteristics
instanceKlass java/util/concurrent/TimeUnit
instanceKlass java/util/stream/StreamShape
instanceKlass java/lang/invoke/MethodHandles$Lookup$ClassOption
instanceKlass java/lang/invoke/VarHandle$AccessType
instanceKlass java/lang/invoke/VarHandle$AccessMode
instanceKlass java/lang/invoke/MethodHandleImpl$Intrinsic
instanceKlass java/lang/invoke/LambdaForm$BasicType
instanceKlass java/lang/invoke/LambdaForm$Kind
instanceKlass sun/invoke/util/Wrapper
instanceKlass java/util/stream/StreamOpFlag$Type
instanceKlass java/util/stream/StreamOpFlag
instanceKlass java/io/File$PathStatus
instanceKlass java/lang/module/ModuleDescriptor$Requires$Modifier
instanceKlass java/lang/reflect/AccessFlag$Location
instanceKlass java/lang/reflect/AccessFlag
instanceKlass java/lang/module/ModuleDescriptor$Modifier
instanceKlass java/lang/reflect/ClassFileFormatVersion
instanceKlass java/lang/Thread$State
ciInstanceKlass java/lang/Enum 1 1 204 9 7 12 1 1 1 9 12 1 1 10 7 12 1 1 1 9 12 1 10 7 12 1 1 1 100 1 10 10 12 1 1 10 12 1 7 1 10 10 7 12 1 1 10 12 1 1 18 12 1 1 10 100 12 1 1 1 10 12 1 1 11 7 12 1 1 1 100 1 8 1 10 12 1 100 1 7 1 10 8 1 10 12 1 1 10 12 1 1 8 1 10 12 1 10 100 1 8 1 10 10 12 1 1 10 100 12 1 1 1 7 1 7 1 7 1 1 1 1 1 1 1 1 1 1 1 1 1 1 1 1 1 1 1 1 1 1 1 1 1 1 1 1 1 1 1 1 1 1 1 1 1 1 1 1 1 1 1 1 1 1 1 3 1 1 1 1 100 1 7 1 1 100 1 1 1 1 1 1 1 1 1 1 1 16 15 10 12 16 15 10 100 12 1 1 1 1 1 100 1 100 1 1
ciInstanceKlass java/lang/reflect/Method 1 1 472 9 7 12 1 1 1 10 100 12 1 1 1 10 100 12 1 1 9 12 1 1 10 12 1 1 10 12 1 1 10 100 12 1 1 10 7 12 1 1 1 9 12 1 1 9 12 1 9 12 1 1 9 12 1 9 12 1 9 12 1 1 9 12 1 9 12 1 1 9 12 1 9 12 1 9 12 1 1 100 1 8 1 10 12 1 10 12 1 9 12 1 1 8 1 10 7 12 1 1 10 7 12 1 1 1 10 12 1 1 10 12 1 1 10 12 1 10 12 1 1 10 12 1 1 9 100 12 1 1 1 10 12 1 1 10 12 10 7 12 1 1 10 12 1 1 10 12 1 10 12 1 10 12 1 10 7 12 1 1 1 10 12 1 1 10 7 1 10 7 12 1 1 1 10 7 12 1 1 10 12 1 1 10 12 1 1 10 12 1 10 7 12 1 1 1 10 12 1 10 8 1 10 12 1 10 12 1 7 1 8 1 8 1 8 1 10 12 1 10 12 1 1 10 12 1 1 10 10 12 1 1 10 12 1 11 7 1 10 12 1 9 12 1 1 10 12 1 1 10 12 1 10 12 1 1 10 12 1 1 11 7 12 1 1 1 11 12 1 9 12 1 1 10 12 1 10 12 1 10 12 1 10 12 1 10 12 1 10 12 1 9 12 1 1 10 7 12 1 1 1 10 7 12 1 1 10 12 1 1 10 7 12 1 1 1 10 7 12 1 1 1 10 7 12 1 1 1 11 7 12 1 1 1 10 7 12 1 1 1 7 1 100 1 100 1 10 12 1 10 12 1 1 10 12 1 100 1 8 1 10 12 1 10 10 12 1 1 10 12 1 1 10 12 1 1 10 12 1 1 8 1 10 12 1 1 1 1 1 1 1 1 1 1 1 1 1 1 1 1 1 1 1 1 1 1 1 1 1 1 1 1 1 1 1 1 1 1 1 1 1 1 1 1 1 1 1 1 1 1 1 1 1 1 1 1 1 100 1 100 1 100 1 1 1 1 1 1 1 1 1 1 1 1 1 1 1 1 1 1 1 1 1 1 1 1 1 1 1 1 1 1
ciInstanceKlass java/lang/reflect/Field 1 1 457 9 7 12 1 1 1 10 12 1 1 10 100 12 1 1 1 10 100 12 1 1 9 12 1 1 10 12 1 1 10 12 1 1 10 100 12 1 1 10 7 12 1 1 1 9 12 1 1 9 12 1 9 12 1 9 12 1 1 9 12 1 1 9 12 1 9 12 1 1 9 12 1 1 100 1 8 1 10 12 1 10 12 1 9 12 1 1 9 12 1 10 12 1 10 7 12 1 1 10 12 1 1 10 12 1 1 10 12 1 10 12 1 1 9 100 12 1 1 1 10 100 12 1 1 1 7 1 10 12 1 1 10 12 1 1 10 12 1 1 10 12 1 10 12 1 10 7 1 10 7 12 1 1 7 1 10 8 1 10 12 1 1 10 12 1 1 8 1 10 12 10 12 1 8 1 8 1 10 11 7 1 9 12 1 10 12 1 1 10 12 1 1 11 7 12 1 1 1 10 12 1 11 12 1 1 11 12 1 1 11 12 1 1 11 12 1 1 11 12 1 1 11 12 1 1 11 12 1 1 11 12 1 1 11 12 1 1 11 12 1 1 11 12 1 1 11 12 1 1 11 12 1 1 11 12 1 1 11 12 1 1 11 12 1 1 11 12 1 1 10 12 1 10 7 12 1 1 10 12 1 10 12 1 10 12 1 9 12 1 1 10 7 12 1 1 1 10 12 1 1 10 12 1 10 7 12 1 1 10 12 1 1 11 7 1 10 12 1 7 1 10 100 12 1 1 1 10 7 12 1 1 1 9 12 1 10 7 12 1 1 1 11 7 12 1 1 1 10 12 1 1 10 12 1 1 9 100 12 1 1 10 100 12 1 1 1 10 12 1 1 7 1 1 1 1 1 1 1 1 1 1 1 1 1 1 1 1 1 1 1 1 1 1 1 1 1 1 1 1 1 1 1 1 1 1 1 1 1 1 1 100 1 1 1 1 1 1 1 1 1 1 1 1 1 1 1 1 1 1 1 1 1 1 1 1 1 1 1 1 1 1 1 1 7 1 1 1 1 1 1 1 1 1 100 1 1
ciInstanceKlass java/lang/reflect/Parameter 1 1 243 10 7 12 1 1 1 9 7 12 1 1 1 9 12 1 1 9 12 1 1 9 12 1 10 12 1 1 10 12 1 1 10 7 12 1 1 1 7 1 10 10 12 1 1 11 7 12 1 1 1 10 12 1 10 100 12 1 1 1 10 12 1 1 10 12 1 10 12 1 8 1 8 1 10 7 12 1 1 1 10 12 1 10 12 9 100 12 1 1 1 10 100 12 1 1 1 10 12 1 8 1 10 12 1 9 12 1 1 10 12 1 1 9 12 1 1 10 12 1 1 10 12 1 1 10 12 1 1 10 12 1 10 10 12 1 10 100 12 1 1 1 10 12 1 1 11 7 12 1 1 10 7 12 1 1 7 1 10 100 12 1 1 1 10 12 1 1 10 12 1 1 10 12 1 1 10 12 1 1 9 12 1 100 1 10 11 12 1 1 11 12 1 1 7 1 1 1 1 1 1 1 1 1 1 1 1 1 1 1 1 1 1 1 1 1 1 1 1 1 1 1 1 1 1 1 1 1 1 1 1 1 1 1 1 1 100 1 1 1 1 1 1
ciInstanceKlass java/lang/reflect/RecordComponent 0 0 196 10 7 12 1 1 1 9 7 12 1 1 1 9 12 1 1 9 12 1 10 12 1 1 10 12 1 1 10 100 12 1 1 1 10 12 1 1 9 12 1 1 10 12 1 1 10 12 1 1 10 12 1 10 100 12 1 1 10 100 12 1 1 9 12 1 1 10 100 12 1 1 1 11 100 12 1 1 1 10 9 100 12 1 1 1 10 100 12 1 1 1 9 12 1 1 10 100 12 1 1 1 10 12 1 1 11 7 12 1 1 10 7 12 1 1 7 1 9 12 1 9 12 1 1 9 12 1 10 100 12 1 1 1 10 12 1 1 10 12 1 1 7 1 10 10 12 1 10 12 1 1 8 1 10 12 1 10 12 1 9 12 1 7 1 1 1 1 1 1 1 1 1 1 1 1 1 1 1 1 1 1 1 1 1 1 7 1 1 1 1 1 1 100 1 1
ciInstanceKlass java/lang/StringBuffer 1 1 483 10 7 12 1 1 1 10 12 1 10 12 1 10 12 1 1 9 7 12 1 1 1 10 12 1 1 10 12 1 10 12 1 1 9 12 1 1 10 12 1 10 12 1 1 10 12 1 1 10 12 1 10 12 1 1 10 12 1 10 12 1 1 10 12 1 1 10 7 12 1 1 1 10 12 1 1 10 12 1 10 12 1 10 12 1 10 12 1 10 12 1 10 12 1 10 12 1 10 12 1 10 12 1 10 12 1 10 12 1 10 12 1 10 12 1 10 12 1 1 10 12 1 10 12 1 1 10 12 1 1 10 10 12 1 1 10 12 1 10 12 1 10 12 1 10 12 1 10 12 1 10 12 1 10 12 10 12 1 10 12 1 10 12 1 10 12 1 1 10 12 1 10 12 1 10 10 12 1 1 10 12 1 10 12 1 10 12 1 10 10 100 12 1 1 1 10 10 12 1 1 9 12 1 1 10 100 12 1 1 10 100 1 8 10 100 12 1 1 1 8 10 12 1 8 1 10 12 1 10 12 1 10 100 12 1 1 1 10 100 12 1 1 1 7 1 10 12 100 1 8 1 10 10 12 1 1 10 12 1 1 10 12 1 10 12 1 10 12 1 1 10 12 1 10 12 1 10 12 1 10 12 1 10 12 1 10 12 10 12 1 10 12 1 10 12 1 10 12 1 10 12 1 10 12 1 10 12 1 10 12 1 10 12 1 10 12 1 10 12 10 12 10 12 1 10 12 1 10 12 1 10 12 10 12 1 10 12 1 10 12 1 10 12 1 10 12 1 10 12 1 10 12 1 10 12 1 10 12 1 10 12 1 10 12 1 7 1 10 12 1 9 7 12 1 1 1 9 7 1 9 12 1 1 7 1 7 1 7 1 7 1 1 1 1 5 0 1 1 1 1 1 1 1 1 1 1 1 1 1 1 1 1 1 1 1 1 1 1 1 1 1 1 1 1 1 1 1 1 1 1 1 1 1 1 1 1 1 1 1 1 1 1 1 1 1 1 1 1 1 1 1 1 1 1 1 1 1 100 1 1 1 1 1 7 1 1 1 1 1 1 1 1 1 1 1 1 1 1 1 1 1 1
staticfield java/lang/StringBuffer serialPersistentFields [Ljava/io/ObjectStreamField; 3 [Ljava/io/ObjectStreamField;
instanceKlass jdk/internal/loader/BuiltinClassLoader
instanceKlass java/net/URLClassLoader
ciInstanceKlass java/security/SecureClassLoader 1 1 102 10 7 12 1 1 1 7 1 10 12 1 9 7 12 1 1 1 10 12 1 10 12 1 10 12 1 1 10 12 1 1 10 12 1 7 1 10 7 1 10 12 1 7 1 10 12 1 11 7 12 1 1 1 7 1 11 12 1 10 12 1 1 1 1 1 1 1 1 1 1 1 1 1 1 1 1 1 1 1 1 1 1 1 1 1 1 1 1 1 1 1 1 1 1 1 1 100 1 1 1 1
ciInstanceKlass java/net/URLClassLoader 0 0 600 10 7 12 1 1 1 100 1 10 12 1 9 7 12 1 1 1 10 7 12 1 1 1 9 12 1 1 100 1 10 12 1 9 12 1 1 10 12 1 10 10 12 1 10 100 12 1 1 1 10 12 1 1 10 7 12 1 1 1 10 100 12 1 1 1 100 1 10 12 1 1 10 12 1 1 10 12 1 1 100 1 100 1 10 7 12 1 1 1 100 1 8 1 10 12 1 10 7 12 1 1 1 10 12 1 1 10 12 1 1 11 100 12 1 1 1 11 7 12 1 1 1 11 12 1 1 7 1 11 12 1 11 7 12 1 1 10 12 1 11 12 1 11 12 1 1 11 10 12 1 1 10 12 1 1 10 12 1 1 100 1 10 12 1 10 12 1 1 7 1 100 1 10 12 1 1 7 1 10 10 12 1 1 10 100 12 1 1 10 12 1 100 1 7 1 10 8 1 10 12 1 1 8 1 10 12 1 1 10 10 12 1 8 1 8 1 10 12 1 1 10 7 12 1 1 1 10 100 12 1 1 1 10 12 1 1 10 12 1 1 10 12 1 1 10 12 1 10 12 1 100 1 100 1 8 1 10 12 1 10 12 1 1 10 12 1 1 7 1 10 12 1 10 100 12 1 1 1 10 12 1 1 10 12 1 1 10 12 1 1 10 12 1 10 100 12 1 1 1 10 12 1 1 8 1 10 12 1 1 11 100 12 1 1 1 9 100 12 1 1 1 10 100 12 1 1 1 9 12 1 9 12 1 9 12 1 9 12 1 9 12 1 9 12 1 10 7 12 1 1 1 8 1 10 12 1 1 100 1 10 10 12 1 10 12 1 1 10 12 1 1 100 1 10 12 1 10 12 1 1 10 12 1 10 12 1 1 100 1 10 100 12 1 1 9 100 12 1 1 1 10 12 1 8 1 100 1 8 1 10 12 1 10 12 1 8 1 10 12 1 10 12 1 9 12 1 1 10 100 12 1 1 10 12 1 10 12 1 10 100 1 8 1 10 100 1 10 12 1 10 100 12 1 100 1 10 12 1 10 12 1 100 1 10 10 7 12 1 1 1 1 1 1 1 1 1 1 1 1 1 1 1 1 1 1 1 1 1 1 1 1 1 1 1 1 1 1 1 1 1 1 1 1 1 7 1 100 1 7 1 7 1 1 1 1 1 1 1 1 1 1 1 1 1 1 1 1 1 1 1 1 1 1 1 1 1 1 1 1 1 1 1 1 1 1 1 1 1 1 1 1 1 1 1 1 1 1 100 1 1 1 1 1 1 1 1 1 1 1 1 1 1 1 1 1 1 1 1 1 1 1 1 1 1 1 1 1 1 1 1 1 1 1 1 1 100 1 1 1
ciInstanceKlass java/util/jar/Manifest 1 1 339 10 7 12 1 1 1 7 1 10 9 7 12 1 1 1 7 1 10 9 12 1 1 9 12 1 1 10 12 1 10 12 1 1 10 12 1 1 10 12 1 1 10 12 1 1 11 7 1 11 12 1 1 10 12 1 1 10 100 12 1 1 1 100 1 7 1 10 8 1 10 12 1 1 10 12 1 1 10 12 1 10 12 1 11 100 1 10 12 1 10 12 1 1 11 12 1 1 10 12 1 11 12 1 1 11 100 12 1 1 1 11 7 12 1 1 11 12 1 1 100 1 10 12 1 8 1 11 12 1 7 1 10 12 1 1 11 12 1 10 12 1 10 12 1 10 7 12 1 1 1 8 1 10 12 1 1 10 9 7 12 1 1 1 10 12 1 1 10 100 12 1 10 12 1 10 12 1 9 100 12 1 1 1 8 1 10 12 1 8 1 8 1 7 1 10 12 1 10 12 1 10 12 1 1 100 1 8 1 10 12 1 1 8 1 10 10 12 1 1 8 1 10 12 1 1 10 7 12 1 1 1 10 12 1 10 11 12 1 1 10 12 1 10 7 12 1 1 1 10 12 1 1 10 12 1 10 12 1 1 11 10 12 1 11 10 12 1 7 1 1 1 1 1 1 1 1 1 1 1 1 1 1 1 1 1 1 1 1 1 1 1 1 1 1 1 1 1 1 1 1 1 1 1 1 1 1 1 1 1 1 1 100 1 1 1 1 1 1 1 1 1 1 1 1 1 1 7 1 1 1 1 1 1 1 1 1 1 1
ciInstanceKlass java/io/ByteArrayInputStream 1 1 96 10 7 12 1 1 1 9 7 12 1 1 1 9 12 1 1 9 12 1 9 12 1 10 100 12 1 1 1 10 7 12 1 1 1 10 7 12 1 1 1 10 100 12 1 1 1 10 12 1 1 10 100 12 1 1 1 1 1 1 1 1 1 1 1 1 1 1 1 1 1 1 1 1 1 1 1 1 1 1 1 100 1 1 1 1 1 1 1 1 1 1 1 1 1 1
instanceKlass java/nio/IntBuffer
instanceKlass java/nio/CharBuffer
instanceKlass java/nio/LongBuffer
instanceKlass java/nio/ByteBuffer
ciInstanceKlass java/nio/Buffer 1 1 256 100 1 10 7 12 1 1 1 9 7 12 1 1 1 9 12 1 9 12 1 1 9 12 1 9 12 1 1 10 12 1 1 10 12 1 1 10 12 100 1 7 1 10 8 1 10 12 1 1 10 12 1 8 1 8 1 10 12 1 1 10 12 1 8 1 9 12 1 1 100 1 8 1 10 12 1 8 1 8 1 9 12 10 12 1 8 1 8 1 8 1 10 12 1 8 1 8 1 8 1 100 1 10 100 1 10 100 1 10 9 12 1 1 10 7 12 1 1 1 100 1 10 12 1 1 10 12 1 10 100 12 1 1 10 7 12 1 1 1 10 7 12 1 1 1 9 12 1 1 10 7 12 1 1 1 9 12 1 1 7 1 10 10 12 1 1 7 1 10 10 7 12 1 1 1 1 1 3 1 1 1 1 1 1 1 1 1 1 1 1 1 1 100 1 1 1 1 1 1 1 7 1 1 1 1 1 1 1 1 1 1 1 1 1 1 1 1 1 1 1 1 1 1 1 1 1 1 1 1 1 1 1 1 1 1 1 1 1 1 1 100 1 100 1 100 1 100 1 100 1 100 1 100 1 1
staticfield java/nio/Buffer UNSAFE Ljdk/internal/misc/Unsafe; jdk/internal/misc/Unsafe
staticfield java/nio/Buffer SCOPED_MEMORY_ACCESS Ljdk/internal/misc/ScopedMemoryAccess; jdk/internal/misc/ScopedMemoryAccess
staticfield java/nio/Buffer IOOBE_FORMATTER Ljava/util/function/BiFunction; jdk/internal/util/Preconditions$4
staticfield java/nio/Buffer $assertionsDisabled Z 1
ciInstanceKlass jdk/internal/util/Preconditions 1 1 194 10 7 12 1 1 1 11 7 12 1 1 1 11 100 12 1 1 1 7 1 100 1 10 7 12 1 1 1 10 12 1 8 1 7 1 10 7 12 1 1 1 10 12 1 1 8 1 8 1 10 7 12 1 1 7 1 10 12 1 8 1 10 7 12 1 1 1 8 1 10 12 1 1 10 12 1 1 11 12 1 8 1 8 1 11 12 1 1 8 1 8 1 8 1 10 12 1 1 10 12 1 1 10 12 1 10 12 1 10 12 1 10 12 7 1 10 10 12 1 1 9 12 1 1 7 1 10 9 12 1 7 1 10 9 12 1 1 1 1 1 1 1 1 1 1 1 1 1 1 1 1 1 1 1 1 1 1 1 1 1 1 1 1 1 1 1 1 1 1 1 1 1 1 1 1 1 1 1 1 1 1 1 1 1 1 1 1 1 1 1 1 1 1
staticfield jdk/internal/util/Preconditions SIOOBE_FORMATTER Ljava/util/function/BiFunction; jdk/internal/util/Preconditions$4
staticfield jdk/internal/util/Preconditions AIOOBE_FORMATTER Ljava/util/function/BiFunction; jdk/internal/util/Preconditions$4
staticfield jdk/internal/util/Preconditions IOOBE_FORMATTER Ljava/util/function/BiFunction; jdk/internal/util/Preconditions$4
instanceKlass java/util/Vector
instanceKlass java/util/AbstractSequentialList
instanceKlass java/util/ArrayList$SubList
instanceKlass java/util/Collections$SingletonList
instanceKlass java/util/Arrays$ArrayList
instanceKlass java/util/Collections$EmptyList
instanceKlass java/util/ArrayList
ciInstanceKlass java/util/AbstractList 1 1 218 10 7 12 1 1 1 9 7 12 1 1 1 10 12 1 1 10 12 1 1 100 1 10 10 12 1 1 11 100 12 1 1 1 11 12 1 1 11 12 1 10 7 12 1 1 1 10 12 1 11 12 1 11 12 1 11 12 1 10 12 1 1 10 12 1 1 11 7 12 1 1 1 11 7 1 11 100 1 10 12 1 100 1 10 12 1 10 12 1 1 7 1 100 1 10 12 1 100 1 10 100 1 7 1 10 8 1 10 12 1 1 10 12 1 10 12 1 1 10 12 1 8 1 100 1 8 1 8 1 8 1 10 7 1 11 10 10 12 1 11 12 1 10 12 1 1 8 1 8 1 1 1 1 1 1 1 1 1 1 1 1 1 1 1 1 1 1 1 1 1 1 1 1 1 1 1 1 1 1 1 1 1 1 1 1 1 1 1 1 1 1 1 1 1 1 1 1 1 1 1 1 1 1 1 1 1 1 100 1 100 1 1 1 1 1 1 1
ciInstanceKlass java/lang/Iterable 1 1 62 10 7 12 1 1 1 11 7 12 1 1 1 11 7 12 1 1 1 11 12 1 1 11 7 12 1 1 1 10 7 12 1 1 1 100 1 1 1 1 1 1 1 1 1 1 1 1 1 1 1 1 1 1 1 1 1 1 1 1 1 1
ciInstanceKlass java/util/Collection 1 1 115 11 100 12 1 1 1 100 1 11 7 12 1 1 1 10 100 12 1 1 1 11 12 1 1 11 100 12 1 1 1 11 12 1 1 11 100 12 1 1 1 11 12 1 1 10 100 12 1 1 1 11 12 1 10 7 12 1 1 1 100 1 100 1 1 1 1 1 1 1 1 1 1 1 1 1 1 1 1 1 1 1 1 1 1 1 1 1 1 1 1 1 1 1 1 1 1 1 1 1 1 1 1 1 1 1 1 1 1 1 1 1 1 1 1
ciInstanceKlass java/util/SequencedCollection 1 1 109 100 1 10 12 1 1 11 7 12 1 1 1 11 7 12 1 1 1 11 12 1 1 11 12 1 7 1 7 1 1 1 1 1 1 1 1 1 1 1 1 1 1 1 1 1 1 1 1 1 1 1 1 1 1 1 1 1 100 1 8 1 1 12 10 1 1 1 8 1 1 1 8 1 1 1 8 1 1 1 8 1 1 8 1 1 1 8 1 1 8 1 1 1 8 1 1 8 1 1 1 8 1 1 8 1 1 8 1
ciInstanceKlass java/util/List 1 1 251 10 100 12 1 1 1 11 100 12 1 1 1 11 100 12 1 1 1 11 12 1 1 11 100 12 1 1 11 12 1 1 11 12 1 1 10 100 12 1 1 1 7 1 7 1 10 12 1 1 100 1 10 100 12 1 1 1 11 12 1 1 11 12 1 11 12 1 100 1 10 12 1 11 12 1 1 11 12 1 1 11 12 1 10 100 12 1 1 1 9 7 12 1 1 1 7 1 10 12 10 12 1 7 1 10 12 1 1 10 12 1 10 12 1 1 11 12 1 1 100 1 1 1 1 1 1 1 1 1 1 1 1 1 1 1 1 1 1 1 1 1 1 1 1 1 1 1 1 1 1 1 1 1 1 1 1 1 1 1 1 1 1 1 1 100 1 100 1 1 1 1 1 1 1 1 1 1 1 1 1 1 1 1 1 1 1 1 1 1 1 1 1 1 1 1 1 1 1 1 1 1 1 1 1 1 1 1 1 1 1 1 1 1 1 1 1 1 1 1 1 1 1 1 1 1 1 1 1 1 1 1 1 1 1 1 1 1 1 1 1 1 1 1 100 1 1 100 1 1 1
instanceKlass java/util/AbstractMap$2
instanceKlass java/util/concurrent/ConcurrentLinkedDeque
instanceKlass java/util/AbstractQueue
instanceKlass java/util/LinkedHashMap$LinkedValues
instanceKlass java/util/IdentityHashMap$Values
instanceKlass java/util/HashMap$Values
instanceKlass java/util/ArrayDeque
instanceKlass java/util/AbstractSet
instanceKlass java/util/ImmutableCollections$AbstractImmutableCollection
instanceKlass java/util/AbstractList
ciInstanceKlass java/util/AbstractCollection 1 1 160 10 7 12 1 1 1 10 7 12 1 1 1 10 12 1 1 11 7 12 1 1 1 11 12 1 1 10 12 1 1 10 100 12 1 1 1 10 12 1 1 10 12 1 1 10 7 12 1 1 10 7 12 1 1 1 7 1 10 7 12 1 1 1 10 100 12 1 1 1 100 1 10 11 12 1 11 7 1 10 12 1 10 12 1 10 100 12 1 1 1 11 8 1 7 1 10 10 12 1 1 8 1 10 12 1 10 12 1 1 1 1 1 1 1 1 1 1 1 1 1 1 1 1 1 1 1 1 1 1 1 1 1 1 1 1 1 1 1 1 1 1 1 1 1 1 1 1 1 1 1 1 1 1 1 1 1 1 1 1
ciInstanceKlass java/lang/AssertionStatusDirectives 0 0 24 10 100 12 1 1 1 100 1 1 1 1 1 1 1 1 1 1 1 1 1 1 1 1
instanceKlass jakarta/validation/ValidationException
instanceKlass org/yaml/snakeyaml/error/YAMLException
instanceKlass org/springframework/boot/context/properties/bind/UnboundConfigurationPropertiesException
instanceKlass org/springframework/boot/context/config/ConfigDataException
instanceKlass java/util/MissingResourceException
instanceKlass java/util/concurrent/RejectedExecutionException
instanceKlass org/springframework/boot/SpringApplication$AbandonedRunException
instanceKlass org/springframework/boot/AotInitializerNotFoundException
instanceKlass java/lang/invoke/WrongMethodTypeException
instanceKlass java/util/ConcurrentModificationException
instanceKlass java/time/DateTimeException
instanceKlass java/lang/TypeNotPresentException
instanceKlass org/springframework/boot/context/properties/bind/BindException
instanceKlass org/springframework/boot/context/properties/source/InvalidConfigurationPropertyNameException
instanceKlass java/nio/file/FileSystemNotFoundException
instanceKlass java/util/NoSuchElementException
instanceKlass java/io/UncheckedIOException
instanceKlass org/springframework/test/context/aot/TestContextAotException
instanceKlass org/springframework/core/NestedRuntimeException
instanceKlass ch/qos/logback/core/LogbackException
instanceKlass java/lang/IndexOutOfBoundsException
instanceKlass java/lang/UnsupportedOperationException
instanceKlass java/lang/IllegalStateException
instanceKlass org/opentest4j/IncompleteExecutionException
instanceKlass java/lang/reflect/UndeclaredThrowableException
instanceKlass org/junit/platform/commons/JUnitException
instanceKlass java/lang/SecurityException
instanceKlass java/lang/IllegalArgumentException
instanceKlass java/lang/ArithmeticException
instanceKlass java/lang/NullPointerException
instanceKlass java/lang/IllegalMonitorStateException
instanceKlass java/lang/ArrayStoreException
instanceKlass java/lang/ClassCastException
ciInstanceKlass java/lang/RuntimeException 1 1 40 10 7 12 1 1 1 10 12 1 10 12 1 10 12 1 10 12 1 100 1 1 1 1 5 0 1 1 1 1 1 1 1 1 1 1 1 1 1 1
instanceKlass org/springframework/core/io/support/PropertySourceDescriptor
instanceKlass java/lang/reflect/Executable$ParameterData
instanceKlass java/lang/reflect/Proxy$ProxyBuilder$ProxyClassContext
instanceKlass jdk/net/UnixDomainPrincipal
instanceKlass java/security/SecureClassLoader$CodeSourceKey
instanceKlass jdk/internal/module/ModuleReferenceImpl$CachedHash
instanceKlass java/util/stream/Collectors$CollectorImpl
instanceKlass jdk/internal/reflect/ReflectionFactory$Config
instanceKlass jdk/internal/foreign/abi/UpcallLinker$CallRegs
instanceKlass jdk/internal/foreign/abi/VMStorage
ciInstanceKlass java/lang/Record 1 1 22 10 7 12 1 1 1 100 1 1 1 1 1 1 1 1 1 1 1 1 1 1
ciInstanceKlass java/lang/invoke/MethodType 1 1 780 7 1 10 7 12 1 1 1 9 12 1 1 9 12 1 1 9 12 1 1 10 7 12 1 1 1 9 7 12 1 1 8 1 10 100 12 1 1 1 9 7 1 9 7 1 10 12 1 1 7 1 10 8 1 10 12 1 1 10 12 1 10 12 1 1 7 1 8 1 10 12 1 100 1 10 10 12 1 10 12 1 1 10 12 1 1 11 7 12 1 1 1 9 12 1 11 12 1 1 7 10 12 1 1 10 12 1 1 7 1 7 1 10 7 12 1 1 1 10 12 1 10 12 1 9 12 1 1 10 7 12 1 1 10 12 1 1 10 7 12 1 1 1 10 7 12 1 1 1 10 12 1 9 12 1 1 10 12 1 1 10 12 1 1 10 12 1 1 10 12 1 1 10 12 1 1 10 12 1 10 12 1 10 12 1 1 10 12 1 8 1 8 1 10 12 1 1 9 12 1 1 100 1 10 10 12 1 1 10 12 1 10 12 1 1 10 12 1 1 10 12 1 10 12 1 10 12 1 8 1 10 12 1 1 10 100 12 1 1 1 10 12 1 10 12 1 1 10 12 1 10 12 1 10 12 1 1 10 12 1 10 12 1 9 12 1 10 12 1 10 10 12 1 1 10 12 1 9 12 1 1 10 12 1 1 11 12 1 1 10 12 1 1 7 1 10 12 10 12 1 10 12 1 100 1 8 1 8 1 8 1 10 12 1 10 12 1 10 12 1 10 10 12 1 11 12 1 1 11 12 1 10 100 12 1 1 1 9 12 1 10 12 1 10 12 1 1 10 12 1 1 10 12 1 10 12 1 10 100 12 1 1 1 10 12 1 1 10 12 1 10 12 1 10 12 1 10 9 12 1 1 7 1 10 12 1 10 12 1 1 9 100 12 1 1 1 10 7 12 1 1 1 10 7 12 1 1 1 10 12 1 1 10 7 12 1 1 1 10 12 1 1 8 1 10 7 12 1 1 1 11 12 1 1 9 12 1 1 10 12 1 1 10 12 1 10 12 1 1 10 12 1 1 10 100 12 1 1 100 1 10 12 1 1 11 100 12 1 1 18 12 1 1 11 12 1 1 18 12 1 11 12 1 100 1 11 100 12 1 1 10 12 1 100 1 10 12 1 10 100 12 1 1 10 12 1 1 9 12 1 1 9 100 12 1 1 1 10 7 12 1 1 1 9 12 1 10 100 12 1 1 10 12 1 100 10 12 1 1 10 12 1 10 7 1 7 1 9 12 1 1 7 1 7 1 7 1 1 1 5 0 1 1 1 1 1 1 1 3 1 3 1 3 1 1 1 1 1 1 1 1 1 1 1 1 1 1 1 1 1 1 1 1 1 1 1 1 1 1 1 1 1 1 1 1 1 1 1 1 1 1 1 1 1 1 1 1 1 1 1 1 1 1 1 1 1 1 1 1 1 1 1 1 1 1 1 1 1 1 1 1 1 1 1 1 1 1 1 1 1 1 1 1 1 1 1 1 1 1 1 1 1 1 1 1 1 1 1 1 1 1 1 1 1 1 1 1 1 1 1 1 1 1 1 1 1 1 1 1 1 1 1 1 1 1 1 1 1 1 1 1 1 1 1 100 1 100 1 1 1 1 1 1 1 1 1 1 1 1 1 100 1 1 1 7 1 1 1 1 1 1 1 1 1 1 1 1 1 1 1 1 1 1 1 1 1 1 16 15 10 12 16 16 15 10 12 16 15 10 100 12 1 1 1 1 1 1 1 7 1 1 7 1 1 100 1 100 1 1
staticfield java/lang/invoke/MethodType internTable Ljava/lang/invoke/MethodType$ConcurrentWeakInternSet; java/lang/invoke/MethodType$ConcurrentWeakInternSet
staticfield java/lang/invoke/MethodType NO_PTYPES [Ljava/lang/Class; 0 [Ljava/lang/Class;
staticfield java/lang/invoke/MethodType objectOnlyTypes [Ljava/lang/invoke/MethodType; 20 [Ljava/lang/invoke/MethodType;
staticfield java/lang/invoke/MethodType METHOD_HANDLE_ARRAY [Ljava/lang/Class; 1 [Ljava/lang/Class;
staticfield java/lang/invoke/MethodType serialPersistentFields [Ljava/io/ObjectStreamField; 0 [Ljava/io/ObjectStreamField;
staticfield java/lang/invoke/MethodType $assertionsDisabled Z 1
ciInstanceKlass java/lang/invoke/TypeDescriptor$OfMethod 1 0 43 100 1 100 1 100 1 1 1 1 1 1 1 1 1 1 1 1 1 1 1 1 1 1 1 1 1 1 1 1 1 1 1 1 1 1 1 1 1 1 100 1 1
instanceKlass java/lang/InstantiationException
instanceKlass java/lang/IllegalAccessException
instanceKlass java/lang/reflect/InvocationTargetException
instanceKlass java/lang/NoSuchFieldException
instanceKlass java/lang/NoSuchMethodException
instanceKlass java/lang/ClassNotFoundException
ciInstanceKlass java/lang/ReflectiveOperationException 1 1 34 10 7 12 1 1 1 10 12 1 10 12 1 10 12 1 100 1 1 1 1 5 0 1 1 1 1 1 1 1 1 1 1 1
instanceKlass java/lang/invoke/DelegatingMethodHandle
instanceKlass java/lang/invoke/BoundMethodHandle
instanceKlass java/lang/invoke/DirectMethodHandle
ciInstanceKlass java/lang/invoke/MethodHandle 1 1 737 100 1 9 7 12 1 1 1 10 7 12 1 1 1 10 7 12 1 1 1 7 1 7 1 10 12 1 1 9 12 1 1 10 12 1 10 12 1 1 10 12 1 1 10 100 12 1 1 1 10 12 1 1 10 12 1 1 11 7 12 1 1 1 10 12 1 1 10 12 1 10 12 1 10 12 1 1 9 12 1 1 9 12 1 1 10 7 12 1 1 1 10 12 1 1 10 12 1 10 12 1 100 1 7 1 10 8 1 10 12 1 1 10 12 1 8 1 10 12 1 1 10 12 1 10 7 12 1 1 1 10 12 1 1 10 12 1 1 10 12 1 1 10 7 12 1 1 1 10 12 1 1 10 12 1 1 10 12 1 10 12 1 1 10 7 12 1 1 10 7 12 1 1 10 12 1 10 12 1 10 12 1 1 10 12 1 1 10 12 1 1 10 12 1 1 10 7 12 1 1 1 10 100 12 1 1 1 10 12 1 1 10 12 1 1 10 12 1 1 8 1 10 7 12 1 1 1 8 1 10 12 1 10 12 1 1 10 12 1 1 10 12 1 8 1 10 12 1 1 8 1 10 12 1 8 1 10 7 12 1 1 1 9 12 1 1 100 1 10 9 7 12 1 1 1 9 7 1 8 1 10 12 1 1 10 12 1 10 12 1 1 10 12 1 10 12 1 1 10 12 1 10 12 1 1 10 12 1 10 12 1 1 10 12 1 1 8 1 10 12 1 1 8 1 10 12 1 10 12 1 1 10 12 1 10 12 1 10 12 1 1 9 100 12 1 1 1 10 12 1 1 11 12 1 10 12 1 10 12 1 1 10 100 12 1 1 100 1 11 12 1 10 100 1 11 12 1 7 1 10 12 1 11 12 1 9 100 12 1 1 1 11 12 1 1 11 100 12 1 1 1 10 12 1 1 9 12 1 11 12 1 9 12 1 9 12 1 9 12 1 11 12 1 1 9 12 1 9 12 1 9 12 1 9 12 1 9 12 1 9 12 1 9 12 1 8 1 10 12 1 10 12 1 8 1 10 12 1 10 12 1 10 12 1 1 10 10 10 7 12 1 1 10 12 1 1 100 1 8 1 10 12 1 1 10 12 1 1 10 12 1 10 12 1 7 1 10 100 12 1 1 1 10 9 7 12 1 1 1 10 12 1 1 10 12 1 1 8 1 8 1 10 7 12 1 1 9 12 1 9 12 1 1 9 12 1 1 10 12 1 7 1 10 12 1 10 12 1 1 9 12 1 1 9 12 1 1 10 7 12 1 1 1 11 7 12 1 1 9 12 1 10 12 1 1 10 12 1 9 12 1 10 12 1 8 10 12 1 1 8 1 1 1 1 1 1 1 1 7 1 1 1 1 1 1 1 1 1 1 1 1 1 1 1 1 1 1 1 1 1 1 1 1 1 1 1 1 1 1 100 1 1 1 1 1 1 1 1 1 1 1 1 1 1 1 1 1 1 1 1 1 1 1 1 1 1 1 1 1 1 1 1 1 1 1 1 1 1 1 1 1 1 1 1 1 1 1 1 1 1 1 1 1 1 1 1 1 1 1 100 1 1 1 1 1 1 1 1 1 1 1 1 1 1 1 1 1 1 1 1 1 1 1 1 1 1 1 1 100 1 1 100 1 7 1 100 1 1 100 1 1 100 1 1 1 1
staticfield java/lang/invoke/MethodHandle FORM_OFFSET J 20
staticfield java/lang/invoke/MethodHandle UPDATE_OFFSET J 13
staticfield java/lang/invoke/MethodHandle $assertionsDisabled Z 1
ciInstanceKlass java/util/concurrent/ConcurrentHashMap 1 1 1210 7 1 7 1 3 10 12 1 1 3 7 1 10 7 12 1 1 1 7 1 10 7 12 1 1 1 100 1 11 12 1 1 11 12 1 11 12 1 1 9 12 1 1 9 12 1 1 9 12 1 10 7 12 1 1 1 7 1 10 12 1 1 10 12 1 1 10 7 12 1 1 1 4 10 12 1 9 12 1 10 12 1 1 100 1 10 5 0 10 12 1 10 12 1 1 5 0 10 12 1 1 10 12 1 9 12 1 1 10 12 1 1 9 12 1 9 12 1 1 10 12 1 1 9 12 1 10 12 1 1 9 12 1 1 10 12 1 1 100 1 10 7 1 10 12 1 10 12 1 1 10 12 1 1 10 12 1 1 10 12 1 10 12 1 1 10 12 1 1 100 1 10 12 1 1 7 1 100 1 8 1 10 12 1 10 12 1 1 10 12 1 1 11 7 12 1 1 10 12 1 1 11 12 1 1 11 7 12 1 1 1 11 7 12 1 1 1 11 12 1 7 1 11 12 1 11 12 1 10 12 1 1 10 12 1 1 9 12 1 1 10 100 12 1 1 1 9 10 12 1 1 9 12 1 10 12 1 1 5 0 9 12 1 1 7 1 10 12 1 9 12 1 1 7 1 10 12 1 9 12 1 7 1 10 7 1 10 10 12 1 1 8 1 10 12 1 10 12 1 1 11 100 1 10 12 1 10 100 12 1 1 1 8 1 10 100 12 1 1 1 8 1 10 12 1 8 1 10 12 1 10 12 1 1 10 100 12 1 1 10 12 1 10 12 1 10 12 1 9 12 1 9 10 12 1 9 12 1 1 11 7 12 1 1 1 11 7 12 1 1 1 100 1 10 12 11 100 12 1 1 10 11 7 12 1 10 12 1 100 1 10 12 1 7 1 10 10 9 7 12 1 1 1 10 12 3 10 7 12 1 1 9 12 1 10 12 1 1 9 12 1 1 9 12 1 10 12 1 1 10 100 12 1 1 9 12 1 9 7 12 1 1 10 12 1 1 10 12 1 3 9 12 1 9 12 1 10 12 1 1 7 1 9 3 9 12 1 7 1 10 12 1 9 12 1 10 12 1 9 12 1 10 12 1 9 12 1 10 100 12 1 1 1 100 10 12 1 7 1 5 0 10 100 12 1 1 100 1 10 12 1 1 10 12 1 10 12 1 100 1 10 12 1 10 100 1 100 1 10 10 12 1 10 100 1 10 12 1 10 100 1 10 12 1 10 7 1 10 12 1 1 100 1 10 12 1 10 10 12 1 100 1 10 12 1 10 10 12 1 100 1 10 12 1 10 100 1 10 12 1 10 100 1 10 12 1 10 100 1 10 12 1 10 100 1 10 12 1 10 100 1 10 12 1 10 100 1 10 12 1 10 100 1 10 12 1 10 100 1 10 10 100 1 10 10 100 1 10 10 100 1 10 12 1 10 100 1 10 12 1 10 100 1 10 12 1 10 100 1 10 12 1 10 100 1 10 12 1 10 100 1 10 10 100 1 10 10 100 1 10 10 100 1 10 12 1 10 100 1 10 12 1 10 100 1 10 12 1 10 100 1 10 12 1 10 100 1 10 12 1 10 10 12 1 10 7 12 1 1 1 10 12 1 7 1 7 1 10 12 1 9 12 1 1 9 12 1 1 10 12 1 1 8 10 12 1 1 8 8 8 8 7 10 12 1 1 10 12 1 100 1 8 1 10 7 1 7 1 7 1 1 1 5 0 1 1 3 1 3 1 1 1 1 3 1 3 1 3 1 1 1 1 1 3 1 3 1 3 1 1 1 1 1 1 1 1 1 1 1 1 1 1 1 1 1 1 1 1 1 1 1 1 1 100 1 1 1 1 1 1 1 1 1 1 1 1 1 1 1 1 1 1 1 1 1 1 1 1 1 1 1 1 1 1 1 1 1 1 1 1 1 1 1 1 1 1 1 1 1 1 1 1 1 1 1 1 1 1 1 1 1 1 1 1 1 1 1 1 1 1 1 1 1 1 1 1 1 1 1 1 1 1 1 1 1 1 1 1 100 1 1 1 1 1 1 1 1 1 1 1 7 1 1 1 1 1 1 1 1 1 1 1 1 1 1 1 1 1 1 1 1 1 1 1 1 1 1 1 1 1 1 1 1 1 1 1 1 1 1 1 1 1 1 1 1 1 1 1 1 1 1 1 1 1 1 1 1 1 1 1 1 1 1 1 1 1 1 1 1 1 1 1 1 1 1 1 1 1 1 1 1 1 1 1 1 1 1 1 1 1 1 1 1 1 1 1 1 1 1 1 1 1 1 1 1 1 1 1 1 1 1 1 1 1 1 1 1 1 1 1 1 1 1 1 1 1 1 1 1 1 1 1 1 1 1 1 1 1 1 1 1 1 1 1 1 1 1 1 1 1 1 1 1 1 1 1 1 1 1 1 1 1 1 1 1 1 1 1 1 1 1 1 1 1 1 1 1 1 1 1 1 1 1 1 1 1 1 1 1 1 1 1 1 1 1 1 1 1 1 1 1 1 1 1 1 1 1 1 1 1 1 1 1 1 1 1 1 1 1 1 1 1 1 1 100 1 100 1 100 1 100 1 100 1 100 1 100 1 100 1 100 1 1 1 1 1 1 1 1 1 1 1 1 1 1 1 1 1 1 1 1 1 1 1 1 1 1 1 1 1 1 1 1 1 1 1 1 1 1 1 1 1 1 1 1 1 1 1 1 1 1 1 1 1 1 1 1 1 1
staticfield java/util/concurrent/ConcurrentHashMap NCPU I 4
staticfield java/util/concurrent/ConcurrentHashMap serialPersistentFields [Ljava/io/ObjectStreamField; 3 [Ljava/io/ObjectStreamField;
staticfield java/util/concurrent/ConcurrentHashMap U Ljdk/internal/misc/Unsafe; jdk/internal/misc/Unsafe
staticfield java/util/concurrent/ConcurrentHashMap SIZECTL J 20
staticfield java/util/concurrent/ConcurrentHashMap TRANSFERINDEX J 32
staticfield java/util/concurrent/ConcurrentHashMap BASECOUNT J 24
staticfield java/util/concurrent/ConcurrentHashMap CELLSBUSY J 36
staticfield java/util/concurrent/ConcurrentHashMap CELLVALUE J 144
staticfield java/util/concurrent/ConcurrentHashMap ABASE I 16
staticfield java/util/concurrent/ConcurrentHashMap ASHIFT I 2
ciInstanceKlass java/util/concurrent/ConcurrentMap 1 1 208 11 7 12 1 1 1 10 7 12 1 1 11 12 1 1 11 100 12 1 1 1 11 7 12 1 1 1 11 12 1 1 100 1 11 12 1 11 12 1 100 1 11 100 12 1 1 1 18 12 1 11 12 1 1 11 7 12 1 1 11 12 1 1 11 100 12 1 11 12 1 1 11 12 1 1 7 1 7 1 1 1 1 1 1 1 1 1 1 1 1 1 1 1 1 1 1 1 1 1 1 1 1 1 1 1 1 1 1 1 1 1 1 1 1 1 1 1 1 1 1 1 1 1 1 1 1 1 1 1 1 1 1 1 1 1 1 1 1 16 15 11 12 15 10 100 12 1 1 1 1 1 100 1 100 1 1 1 100 1 8 1 1 12 10 1 1 1 8 1 1 1 8 1 1 8 1 1 1 8 1 1 1 8 1 1 1 8 1 1 1 8 1 1 1 8 1 1 1 8 1 1 1 8 1 1 8 1
instanceKlass java/util/TreeMap$NavigableSubMap
instanceKlass java/util/Collections$SingletonMap
instanceKlass org/springframework/util/ConcurrentReferenceHashMap
instanceKlass java/util/TreeMap
instanceKlass java/util/concurrent/ConcurrentSkipListMap
instanceKlass java/util/IdentityHashMap
instanceKlass java/util/EnumMap
instanceKlass java/util/WeakHashMap
instanceKlass java/util/Collections$EmptyMap
instanceKlass sun/util/PreHashedMap
instanceKlass java/util/HashMap
instanceKlass java/util/ImmutableCollections$AbstractImmutableMap
instanceKlass java/util/concurrent/ConcurrentHashMap
ciInstanceKlass java/util/AbstractMap 1 1 196 10 7 12 1 1 1 10 7 12 1 1 1 11 7 12 1 1 1 10 11 12 1 1 11 7 12 1 1 1 11 12 1 1 7 1 11 12 1 10 12 1 1 11 12 1 100 1 10 11 12 1 11 7 1 10 12 1 1 11 12 1 9 12 1 1 7 1 10 12 1 9 12 1 1 7 1 10 11 11 12 1 1 11 12 1 7 1 100 1 11 12 1 8 1 7 1 10 10 12 1 1 8 1 10 12 1 10 12 1 1 10 12 1 1 1 1 1 1 1 1 1 1 1 1 1 1 1 1 1 1 1 1 1 1 1 1 1 1 1 1 1 1 1 1 1 1 1 1 1 1 1 1 7 1 1 1 1 1 1 1 7 1 1 1 1 1 1 1 1 1 100 1 1 1 1 1 1 1 1 1 100 1 100 1 100 1 100 1 100 1 1 1 1 1 1
ciInstanceKlass jdk/internal/loader/ClassLoaders 1 1 183 10 7 12 1 1 1 10 7 12 1 1 1 10 12 1 1 10 100 12 1 1 1 9 7 12 1 1 1 9 12 1 1 9 12 1 1 7 1 11 100 12 1 1 1 100 1 11 12 1 1 11 12 1 1 10 100 12 1 1 1 10 100 12 1 1 1 100 1 100 1 10 7 12 1 1 1 9 12 1 1 10 12 1 1 7 1 10 12 1 1 10 12 1 7 1 8 1 10 7 12 1 1 1 10 12 1 1 7 1 10 12 1 10 12 1 10 12 1 8 1 10 7 12 1 1 8 1 8 1 10 12 1 7 1 10 12 1 10 12 1 10 12 1 1 1 1 1 1 1 1 1 1 1 1 1 1 1 1 1 1 1 1 7 1 1 1 1 1 1 1 1 1 1 1 1 1 1 1 1 1 1 1
staticfield jdk/internal/loader/ClassLoaders JLA Ljdk/internal/access/JavaLangAccess; java/lang/System$2
staticfield jdk/internal/loader/ClassLoaders BOOT_LOADER Ljdk/internal/loader/ClassLoaders$BootClassLoader; jdk/internal/loader/ClassLoaders$BootClassLoader
staticfield jdk/internal/loader/ClassLoaders PLATFORM_LOADER Ljdk/internal/loader/ClassLoaders$PlatformClassLoader; jdk/internal/loader/ClassLoaders$PlatformClassLoader
staticfield jdk/internal/loader/ClassLoaders APP_LOADER Ljdk/internal/loader/ClassLoaders$AppClassLoader; jdk/internal/loader/ClassLoaders$AppClassLoader
instanceKlass jdk/internal/loader/ClassLoaders$BootClassLoader
instanceKlass jdk/internal/loader/ClassLoaders$PlatformClassLoader
instanceKlass jdk/internal/loader/ClassLoaders$AppClassLoader
ciInstanceKlass jdk/internal/loader/BuiltinClassLoader 1 1 737 9 7 12 1 1 1 10 7 12 1 1 1 10 7 12 1 1 1 9 12 1 1 9 12 1 1 7 1 10 12 1 9 12 1 10 12 1 9 12 1 10 7 12 1 1 1 10 7 12 1 1 1 10 7 12 1 1 1 11 7 12 1 1 1 7 1 7 1 10 10 12 1 1 8 1 10 12 1 10 12 7 1 10 12 1 10 12 1 1 11 7 12 1 1 1 11 7 12 1 1 1 11 12 1 1 7 1 8 1 8 1 10 9 12 1 1 10 7 12 1 1 11 12 1 1 10 12 1 1 10 12 1 1 10 12 1 1 10 7 12 1 1 1 10 12 1 10 7 12 1 1 1 10 12 1 1 11 7 12 1 1 1 10 7 12 1 1 7 1 10 7 12 1 1 1 10 12 1 100 1 8 1 10 12 1 1 10 8 1 10 12 1 1 10 12 1 1 10 12 1 1 11 7 12 1 1 11 12 1 7 1 10 11 12 1 1 11 10 12 1 1 7 1 10 12 1 10 7 12 1 10 12 1 7 1 10 12 1 10 7 12 1 1 1 100 1 10 12 1 1 11 12 1 100 1 100 1 10 12 1 10 12 1 1 100 1 100 1 10 12 1 10 12 1 18 12 1 1 10 12 1 10 12 1 1 18 100 1 10 7 12 1 1 1 7 1 10 10 12 1 1 10 12 1 1 10 12 1 1 10 12 1 9 12 1 1 100 1 10 10 12 1 1 10 12 1 1 10 12 1 10 12 10 12 1 1 10 12 1 1 10 12 1 1 10 12 1 10 12 1 1 18 12 1 7 1 10 12 1 1 10 12 1 10 12 1 1 10 12 1 100 1 10 12 1 7 1 10 12 1 10 7 12 1 1 1 10 12 1 11 12 1 7 1 10 12 1 7 1 100 1 10 12 1 10 12 1 11 12 1 1 10 12 1 1 10 12 1 1 10 12 1 1 10 12 1 1 10 12 1 10 12 1 10 12 1 10 12 1 8 1 10 12 1 1 10 7 12 1 1 10 12 1 100 1 8 1 8 1 10 10 12 1 8 1 8 1 10 7 12 1 1 1 11 7 12 1 1 1 9 7 12 1 1 1 10 7 12 1 1 1 9 12 1 9 12 1 9 12 1 9 12 1 9 12 1 9 12 1 10 7 12 1 1 1 8 1 10 12 1 7 1 10 12 1 1 10 12 1 7 1 10 11 12 1 1 10 12 10 12 1 10 12 1 100 1 10 12 1 10 12 1 10 10 12 1 10 7 12 1 1 8 1 10 7 12 1 1 10 12 1 1 1 1 1 1 1 1 1 1 1 1 1 1 1 1 1 1 1 1 1 1 1 1 1 1 1 1 1 1 1 1 1 1 1 1 1 1 1 1 1 1 1 1 1 1 1 1 1 1 1 1 1 1 1 1 7 1 1 1 1 1 1 1 1 1 1 1 1 1 1 1 1 1 1 7 1 7 1 1 1 1 1 1 1 1 1 1 1 1 1 1 1 1 1 1 1 1 1 1 1 1 1 1 1 1 1 1 1 1 1 1 1 1 1 1 1 1 1 1 1 1 1 1 1 1 1 1 1 100 1 1 16 15 10 12 16 15 10 12 16 15 10 12 16 1 15 10 100 12 1 1 1 1 1 100 1 1 1 1 1 100 1 100 1 1
staticfield jdk/internal/loader/BuiltinClassLoader packageToModule Ljava/util/Map; java/util/concurrent/ConcurrentHashMap
staticfield jdk/internal/loader/BuiltinClassLoader $assertionsDisabled Z 1
ciInstanceKlass jdk/internal/loader/ClassLoaders$AppClassLoader 1 1 119 8 1 10 7 12 1 1 1 10 7 12 1 1 1 10 7 12 1 1 1 10 12 1 1 10 7 12 1 1 1 10 12 1 1 10 12 1 1 7 1 8 1 10 12 10 7 12 1 1 1 10 7 12 1 1 10 12 1 1 10 12 1 1 10 7 12 1 1 1 7 1 10 12 1 1 1 1 1 1 1 1 1 1 1 1 1 1 1 1 1 1 1 1 1 7 1 1 1 1 1 1 1 1 1 1 1 1 1 1 1 1 1 1 1 7 1 1 1
ciInstanceKlass jdk/internal/loader/ClassLoaders$PlatformClassLoader 1 1 42 8 1 10 7 12 1 1 1 10 7 12 1 1 1 7 1 10 12 1 7 1 1 1 1 1 1 1 1 1 1 1 1 1 1 7 1 1 1 100 1 1
ciInstanceKlass java/lang/ArithmeticException 1 1 26 10 100 12 1 1 1 10 12 1 100 1 1 1 1 5 0 1 1 1 1 1 1 1 1 1
ciInstanceKlass java/lang/ArrayStoreException 1 1 26 10 100 12 1 1 1 10 12 1 100 1 1 1 1 5 0 1 1 1 1 1 1 1 1 1
ciInstanceKlass java/lang/ClassCastException 1 1 26 10 100 12 1 1 1 10 12 1 100 1 1 1 1 5 0 1 1 1 1 1 1 1 1 1
ciInstanceKlass java/lang/ClassNotFoundException 1 1 96 7 1 10 7 12 1 1 1 10 12 1 10 12 1 1 10 100 12 1 1 1 8 1 10 100 12 1 1 1 10 7 12 1 1 10 100 12 1 1 1 10 100 12 1 1 1 10 12 1 1 7 1 10 12 1 9 12 1 1 1 1 1 5 0 1 1 1 1 1 1 1 1 1 1 1 1 1 1 1 1 1 1 100 1 1 1 1 1 1 1 1 1 1 1 1
staticfield java/lang/ClassNotFoundException serialPersistentFields [Ljava/io/ObjectStreamField; 1 [Ljava/io/ObjectStreamField;
instanceKlass java/util/regex/PatternSyntaxException
instanceKlass java/nio/file/InvalidPathException
instanceKlass java/lang/NumberFormatException
ciInstanceKlass java/lang/IllegalArgumentException 1 1 35 10 7 12 1 1 1 10 12 1 10 12 1 10 12 1 100 1 1 1 1 5 0 1 1 1 1 1 1 1 1 1 1 1 1
ciInstanceKlass java/lang/IllegalMonitorStateException 1 1 26 10 100 12 1 1 1 10 12 1 100 1 1 1 1 5 0 1 1 1 1 1 1 1 1 1
ciInstanceKlass java/lang/BootstrapMethodError 0 0 45 10 100 12 1 1 1 10 12 1 10 12 1 10 100 12 1 1 1 10 100 12 1 1 1 1 1 1 5 0 1 1 1 1 1 1 1 1 1 1 1 100 1 1 1
instanceKlass java/lang/IncompatibleClassChangeError
instanceKlass java/lang/BootstrapMethodError
instanceKlass java/lang/NoClassDefFoundError
ciInstanceKlass java/lang/LinkageError 1 1 31 10 7 12 1 1 1 10 12 1 10 12 1 100 1 1 1 1 5 0 1 1 1 1 1 1 1 1 1 1 1
ciInstanceKlass java/lang/NullPointerException 1 1 52 10 100 12 1 1 1 10 12 1 9 100 12 1 1 1 10 12 1 1 9 12 1 1 10 12 1 1 10 12 1 1 1 1 5 0 1 1 1 1 1 1 1 1 100 1 100 1 100 1 1 1
ciInstanceKlass java/lang/NoClassDefFoundError 1 1 26 10 7 12 1 1 1 10 12 1 100 1 1 1 1 5 0 1 1 1 1 1 1 1 1 1
ciInstanceKlass java/lang/StackOverflowError 1 1 26 10 100 12 1 1 1 10 12 1 100 1 1 1 1 5 0 1 1 1 1 1 1 1 1 1
ciInstanceKlass java/lang/StackTraceElement 0 0 235 10 7 12 1 1 1 10 7 12 1 1 9 12 1 1 9 12 1 1 9 12 1 9 12 1 8 1 10 100 12 1 1 1 7 1 9 12 1 8 1 9 12 1 9 12 1 9 12 1 1 10 12 1 1 10 12 1 8 1 10 100 12 1 1 1 7 1 10 12 1 10 12 1 1 10 12 1 10 12 1 1 10 12 1 10 12 1 10 10 12 1 8 1 10 12 1 10 12 1 1 10 12 1 1 10 12 1 10 12 1 10 12 1 9 12 1 1 10 7 12 1 1 1 10 12 1 1 7 1 10 12 1 1 10 100 12 1 1 10 100 12 1 1 1 10 7 12 1 1 10 100 12 1 1 10 10 12 1 1 10 12 1 1 10 12 1 1 10 12 1 7 1 1 1 1 1 1 1 3 1 3 1 1 5 0 1 1 1 1 1 1 1 1 1 1 1 1 1 1 1 1 1 1 1 1 1 1 1 1 1 1 1 1 1 7 1 7 1 1 1 1 1 1 1 100 1 1 1 1 1 1 1 1 1
instanceKlass java/util/concurrent/locks/AbstractQueuedSynchronizer
ciInstanceKlass java/util/concurrent/locks/AbstractOwnableSynchronizer 1 1 32 10 7 12 1 1 1 9 7 12 1 1 1 100 1 1 1 1 5 0 1 1 1 1 1 1 1 1 1 1 1 1
ciInstanceKlass jdk/internal/vm/Continuation 0 0 549 9 100 12 1 1 1 9 12 1 9 12 1 100 1 7 1 10 12 1 1 8 1 10 12 1 1 10 12 1 10 12 1 1 10 12 1 9 7 12 1 1 1 11 100 12 1 1 1 10 7 1 9 12 1 1 9 12 1 1 10 8 1 10 12 1 9 12 1 1 10 11 12 1 1 100 1 10 100 12 1 1 1 10 12 1 1 10 12 1 10 12 1 1 11 12 1 1 9 12 1 1 10 12 1 1 18 12 1 1 10 7 12 1 1 1 100 1 10 12 1 11 100 12 1 1 1 10 12 1 9 12 1 10 12 1 1 100 1 8 1 10 12 1 10 12 1 1 9 12 1 1 11 12 1 1 9 12 1 1 8 1 10 11 12 1 1 11 12 1 1 10 12 1 1 10 12 1 1 9 12 1 10 12 1 10 10 12 1 8 1 10 12 1 8 1 8 1 10 7 12 1 1 1 10 7 12 1 1 1 10 12 1 9 12 1 11 12 1 7 1 10 12 1 10 12 1 1 9 12 1 1 7 1 10 12 1 1 9 12 1 1 10 12 1 10 12 1 11 7 12 1 1 10 7 1 10 12 1 8 1 9 12 1 10 12 1 1 9 12 1 1 10 7 12 1 1 8 1 8 1 8 1 8 1 10 12 1 1 10 12 1 10 12 1 10 12 1 10 12 1 1 10 12 1 1 8 1 10 12 1 1 9 12 1 1 10 12 1 1 9 12 1 8 1 10 7 12 1 1 1 10 12 1 8 1 100 1 8 1 10 9 12 1 1 8 1 10 7 12 1 1 10 100 12 1 1 8 1 8 1 10 12 10 100 12 1 1 1 10 7 1 10 7 12 1 1 1 18 11 100 12 1 1 1 18 12 1 11 12 1 1 7 1 10 7 12 1 1 10 12 1 1 8 10 12 1 1 10 100 12 1 1 1 10 100 12 1 1 10 12 1 8 1 10 12 1 7 1 7 1 10 12 1 1 1 1 1 1 1 1 1 1 1 1 1 1 1 1 1 1 1 1 1 1 1 1 1 1 1 1 1 1 1 1 1 1 1 1 1 1 1 1 1 1 1 1 1 1 1 1 1 1 1 1 1 1 1 1 1 1 1 1 1 1 1 1 1 1 1 1 1 1 1 1 1 1 1 100 1 1 16 1 15 10 12 16 15 11 7 12 1 1 1 16 1 16 1 15 10 12 16 15 10 100 12 1 1 1 1 1 1 1 1 100 1 100 1 1
ciInstanceKlass jdk/internal/misc/UnsafeConstants 1 1 34 10 100 12 1 1 1 9 7 12 1 1 1 9 12 1 9 12 1 1 9 12 1 9 12 1 1 1 1 1 1 1 1 1
staticfield jdk/internal/misc/UnsafeConstants ADDRESS_SIZE0 I 8
staticfield jdk/internal/misc/UnsafeConstants PAGE_SIZE I 4096
staticfield jdk/internal/misc/UnsafeConstants BIG_ENDIAN Z 0
staticfield jdk/internal/misc/UnsafeConstants UNALIGNED_ACCESS Z 1
staticfield jdk/internal/misc/UnsafeConstants DATA_CACHE_LINE_FLUSH_SIZE I 0
ciInstanceKlass java/lang/invoke/LambdaForm 1 1 1059 7 1 100 1 10 7 12 1 1 1 9 12 1 1 9 12 1 9 12 1 9 12 1 1 9 12 1 1 9 12 1 1 9 12 1 1 9 12 1 1 9 12 1 10 7 12 1 1 9 12 1 10 12 1 1 100 1 10 10 12 1 1 10 12 1 10 12 1 10 12 1 1 10 12 1 9 12 1 9 12 1 10 12 1 1 10 7 12 1 1 1 10 12 1 1 9 100 12 1 1 1 10 12 1 1 9 7 12 1 1 10 12 1 10 12 1 1 10 12 1 1 10 12 1 1 7 1 10 7 12 1 1 1 10 12 1 1 10 12 1 10 12 1 1 9 12 1 1 9 12 1 9 12 1 1 10 12 1 9 12 1 10 100 12 1 1 1 10 12 1 1 7 1 10 12 1 9 12 1 1 10 7 12 1 1 1 10 12 1 10 12 1 7 1 10 12 1 10 12 1 10 12 1 1 10 12 1 1 10 12 1 10 12 1 10 12 1 10 12 1 1 8 1 10 12 1 10 12 1 10 10 12 1 8 1 8 1 9 12 1 9 12 1 1 10 12 1 1 10 12 1 9 12 1 10 12 1 1 10 7 12 1 1 1 10 12 1 1 10 12 1 10 12 1 10 100 12 1 1 1 9 12 1 10 12 1 8 1 8 1 8 1 8 1 8 1 8 1 8 1 8 1 10 12 1 9 12 1 7 1 10 12 1 1 9 12 1 10 12 1 10 12 1 1 10 12 10 12 1 10 12 1 1 10 12 1 1 10 10 12 1 1 10 12 1 1 7 1 8 1 10 12 1 1 10 12 1 10 12 1 1 10 8 1 10 12 1 1 8 1 8 1 8 1 10 12 1 10 12 1 10 12 1 1 100 1 10 12 1 1 10 12 1 1 10 7 12 1 1 1 10 12 1 1 9 12 1 1 8 1 10 100 12 1 1 1 10 7 12 1 1 10 12 10 12 1 1 10 12 1 1 9 12 1 8 10 12 1 1 100 1 10 12 1 1 10 12 1 9 7 12 1 1 9 7 12 1 1 1 8 1 10 100 12 1 1 10 12 1 1 7 1 7 1 10 10 12 1 1 10 12 1 1 8 1 8 1 7 1 8 1 10 12 10 12 1 10 12 1 10 12 1 1 8 1 8 1 10 12 1 10 12 1 1 8 1 8 1 8 1 7 1 8 1 7 1 8 1 7 1 8 1 10 12 1 8 1 9 10 7 12 1 1 1 10 12 1 9 12 1 1 10 12 1 10 10 12 1 10 12 1 10 12 1 10 12 1 1 10 12 1 10 12 1 1 10 12 1 1 10 12 1 1 10 12 1 1 8 1 100 10 12 1 10 12 1 9 12 1 1 10 7 12 1 1 8 1 8 1 7 1 8 1 8 1 8 1 8 1 8 1 8 1 8 1 8 1 10 12 1 1 10 12 1 1 10 12 1 10 12 1 10 12 1 10 12 1 8 1 8 1 8 1 10 12 1 8 1 10 12 1 8 1 8 1 8 1 8 1 8 1 10 12 1 10 12 1 10 12 1 1 10 7 12 1 1 1 10 12 1 10 12 1 10 12 1 10 12 1 10 12 1 10 12 1 10 12 1 9 12 1 1 8 1 10 12 1 1 9 12 1 1 10 12 1 1 9 12 1 9 12 1 1 9 12 1 9 12 1 1 7 1 10 7 12 1 1 1 9 12 1 10 12 1 10 12 1 8 1 10 12 1 9 12 1 1 7 1 10 7 12 1 1 1 8 1 100 1 10 12 1 9 12 1 9 12 1 10 12 1 10 12 1 10 7 12 1 1 1 10 12 1 9 7 12 1 1 10 12 1 1 10 12 1 10 12 1 10 12 1 9 12 10 12 1 10 10 12 1 9 12 1 9 9 12 1 7 9 12 1 1 10 12 1 1 9 12 1 10 12 1 10 7 1 9 1 1 1 1 3 1 3 1 1 3 1 3 1 1 1 1 1 1 1 1 1 1 1 1 1 1 1 1 1 1 1 1 1 1 1 1 1 1 1 1 1 1 1 1 1 1 1 1 1 1 1 1 1 1 1 1 1 1 1 1 1 1 1 100 1 1 1 1 1 1 1 1 1 1 1 1 1 1 1 1 1 1 1 1 1 1 1 1 1 1 1 1 1 1 1 1 1 1 1 1 1 1 1 1 1 1 1 1 1 1 1 1 1 1 1 1 1 1 1 1 1 1 1 1 1 1 100 1 1 1 1 1 1 1 1 1 1 1 1 1 1 1 1 1 1 1 1 1 1 1 1 1 1 1 1 1 1 1 1 1 1 7 1 1 1 1 1 1 1 1 1 1 1 1 1 1 1 1 1 1 1 1 1 1 100 1 1 1 100 1 1 7 1 1 1 1 1 1 1 1 1 1 1
staticfield java/lang/invoke/LambdaForm DEFAULT_CUSTOMIZED Ljava/lang/invoke/MethodHandle; null
staticfield java/lang/invoke/LambdaForm DEFAULT_KIND Ljava/lang/invoke/LambdaForm$Kind; java/lang/invoke/LambdaForm$Kind
staticfield java/lang/invoke/LambdaForm COMPILE_THRESHOLD I 0
staticfield java/lang/invoke/LambdaForm INTERNED_ARGUMENTS [[Ljava/lang/invoke/LambdaForm$Name; 5 [[Ljava/lang/invoke/LambdaForm$Name;
staticfield java/lang/invoke/LambdaForm IMPL_NAMES Ljava/lang/invoke/MemberName$Factory; java/lang/invoke/MemberName$Factory
staticfield java/lang/invoke/LambdaForm LF_identity [Ljava/lang/invoke/LambdaForm; 6 [Ljava/lang/invoke/LambdaForm;
staticfield java/lang/invoke/LambdaForm LF_zero [Ljava/lang/invoke/LambdaForm; 6 [Ljava/lang/invoke/LambdaForm;
staticfield java/lang/invoke/LambdaForm NF_identity [Ljava/lang/invoke/LambdaForm$NamedFunction; 6 [Ljava/lang/invoke/LambdaForm$NamedFunction;
staticfield java/lang/invoke/LambdaForm NF_zero [Ljava/lang/invoke/LambdaForm$NamedFunction; 6 [Ljava/lang/invoke/LambdaForm$NamedFunction;
staticfield java/lang/invoke/LambdaForm createFormsLock Ljava/lang/Object; java/lang/Object
staticfield java/lang/invoke/LambdaForm DEBUG_NAME_COUNTERS Ljava/util/HashMap; null
staticfield java/lang/invoke/LambdaForm DEBUG_NAMES Ljava/util/HashMap; null
staticfield java/lang/invoke/LambdaForm TRACE_INTERPRETER Z 0
staticfield java/lang/invoke/LambdaForm $assertionsDisabled Z 1
ciInstanceKlass java/lang/invoke/MemberName 1 1 724 7 1 7 1 100 1 9 12 1 1 10 7 12 1 1 1 9 12 1 1 10 12 1 1 10 12 1 1 10 12 1 1 10 12 1 10 12 1 1 10 7 12 1 1 1 10 12 1 9 7 12 1 1 10 12 1 7 1 7 1 10 12 1 8 1 10 12 1 1 10 12 1 10 12 1 1 10 12 1 9 12 1 1 8 1 10 100 12 1 1 1 7 1 10 10 12 1 1 7 1 7 1 10 12 1 9 12 1 1 100 1 8 1 10 12 1 10 12 1 10 12 1 10 12 1 10 12 1 1 10 12 1 10 12 1 10 12 1 1 8 1 8 1 10 12 1 8 1 9 12 1 1 3 10 12 1 10 12 1 10 12 1 10 10 7 12 1 1 1 10 12 1 10 12 1 10 12 1 10 12 1 7 1 8 10 12 1 1 10 12 1 1 8 1 9 7 1 8 9 7 1 10 12 1 1 10 12 1 10 12 1 8 1 10 12 1 1 10 12 1 10 12 1 10 12 1 10 12 1 1 7 1 10 12 1 1 10 12 1 8 1 10 12 1 10 12 1 8 1 10 12 1 1 10 12 1 1 7 1 10 12 1 1 10 12 8 1 8 1 7 1 10 12 1 10 100 12 1 1 1 100 1 10 12 10 12 1 10 12 1 10 12 1 10 12 1 10 10 12 1 10 12 1 10 12 1 3 10 12 1 3 10 12 1 3 3 3 3 3 3 10 12 1 3 9 12 1 10 12 1 1 3 10 12 1 10 10 7 12 1 1 1 10 12 1 1 10 7 12 1 1 10 10 12 1 10 12 1 1 10 12 1 10 10 12 1 1 10 12 1 10 12 1 10 12 1 7 1 10 10 10 12 100 1 10 10 10 12 1 1 10 12 1 1 10 10 12 1 8 10 7 1 10 12 1 10 7 1 10 12 1 10 12 1 10 12 1 10 10 12 1 10 12 1 1 10 12 1 1 10 12 1 10 12 1 10 12 1 100 1 10 12 1 1 100 1 8 1 10 7 1 10 12 1 10 12 10 12 1 1 10 12 1 10 12 1 8 1 8 1 8 1 8 1 10 12 1 10 12 1 10 7 12 1 1 1 8 1 8 1 10 12 1 8 1 10 10 10 12 1 10 12 1 8 1 8 1 10 10 12 1 8 1 10 100 12 1 1 1 8 1 100 1 10 12 1 10 12 1 1 10 12 1 8 1 8 1 8 1 8 1 100 1 10 8 1 8 1 8 1 8 1 10 12 1 100 1 100 1 100 1 10 100 1 10 7 1 10 7 12 1 1 1 9 7 12 1 1 1 7 1 7 1 1 1 1 1 1 1 3 1 3 1 3 1 3 1 3 1 3 1 1 1 1 1 1 1 1 3 1 3 1 1 1 1 1 1 1 1 1 1 1 1 1 1 1 1 1 1 1 1 1 1 1 1 1 1 1 1 1 1 1 1 1 1 1 1 1 1 1 1 1 1 1 1 1 1 1 1 1 1 1 1 1 1 1 1 1 1 1 1 1 1 1 1 1 1 1 1 1 1 1 1 1 1 1 1 1 1 1 1 1 1 1 1 1 1 1 1 1 1 1 1 1 1 1 1 7 1 1 1 1 1 1 1 1 1 1 1 1 1 1 1
staticfield java/lang/invoke/MemberName $assertionsDisabled Z 1
instanceKlass java/lang/invoke/VarHandleLongs$FieldInstanceReadOnly
instanceKlass java/lang/invoke/VarHandleBooleans$FieldInstanceReadOnly
instanceKlass java/lang/invoke/VarHandleReferences$Array
instanceKlass java/lang/invoke/VarHandleLongs$Array
instanceKlass java/lang/invoke/VarHandleByteArrayAsDoubles$ByteArrayViewVarHandle
instanceKlass java/lang/invoke/VarHandleByteArrayAsLongs$ByteArrayViewVarHandle
instanceKlass java/lang/invoke/VarHandleByteArrayAsFloats$ByteArrayViewVarHandle
instanceKlass java/lang/invoke/VarHandleByteArrayAsInts$ByteArrayViewVarHandle
instanceKlass java/lang/invoke/VarHandleByteArrayAsChars$ByteArrayViewVarHandle
instanceKlass java/lang/invoke/VarHandleByteArrayAsShorts$ByteArrayViewVarHandle
instanceKlass java/lang/invoke/VarHandleReferences$FieldInstanceReadOnly
instanceKlass java/lang/invoke/VarHandleInts$FieldInstanceReadOnly
ciInstanceKlass java/lang/invoke/VarHandle 1 1 473 10 7 12 1 1 1 10 7 12 1 1 9 12 1 1 9 12 1 1 100 1 10 8 1 10 12 1 1 10 7 12 1 1 1 10 12 1 1 10 7 12 1 1 1 9 100 12 1 1 1 10 12 1 1 10 7 12 1 1 1 10 12 1 1 9 12 1 10 12 1 9 12 1 1 10 100 12 1 1 10 12 1 9 100 12 1 1 1 9 12 1 1 10 12 1 1 100 1 7 1 10 8 1 10 12 1 1 10 12 1 8 1 10 12 1 10 12 1 9 12 1 1 9 12 1 10 12 1 10 12 1 1 10 12 1 10 10 100 12 1 1 1 10 12 1 1 10 12 1 1 10 7 12 1 1 1 10 100 12 1 1 1 10 100 12 1 1 1 9 12 1 1 9 10 12 1 10 12 1 10 12 1 1 10 12 1 10 7 12 1 1 1 9 12 1 1 10 12 1 1 9 12 1 10 12 1 10 12 1 10 7 12 1 1 100 1 10 9 7 12 1 1 1 9 12 1 1 10 7 12 1 1 1 10 12 1 10 12 1 10 12 1 10 12 1 10 12 1 10 12 1 1 8 10 12 1 1 7 1 10 12 1 1 7 1 1 1 1 1 1 1 1 1 1 1 1 1 1 1 1 1 1 1 1 1 1 1 1 1 1 1 1 1 1 1 1 1 1 1 1 1 1 1 1 1 1 1 1 1 1 1 1 1 1 1 1 1 1 1 1 1 1 1 1 1 1 1 1 1 1 1 1 100 1 1 1 1 1 1 1 1 100 1 1 1 1 1 1 1 1 1 1 1 1 100 1 100 1 1 100 1 100 1 100 1 100 1 100 1 100 1 100 1 100 1 100 1 100 1 100 1 100 1 100 1 100 1 100 1 100 1 100 1 100 1 100 1 100 1 100 1 100 1 100 1 100 1 100 1 100 1 100 1 100 1 100 1 100 1 100 1 100 1 100 1 100 1 100 1 1 1 1 1 1 100 1 1 1 100 1 1 100 1 100 1 100 1 100 1 100 1 100 1 1 1 1 100 1 100 1 100 1 100 1 100 1 100 1 100 1 100 1
staticfield java/lang/invoke/VarHandle VFORM_OFFSET J 16
staticfield java/lang/invoke/VarHandle $assertionsDisabled Z 1
instanceKlass jdk/internal/reflect/FieldAccessorImpl
instanceKlass jdk/internal/reflect/ConstructorAccessorImpl
instanceKlass jdk/internal/reflect/MethodAccessorImpl
ciInstanceKlass jdk/internal/reflect/MagicAccessorImpl 1 1 16 10 7 12 1 1 1 100 1 1 1 1 1 1 1 1
instanceKlass jdk/internal/reflect/DirectMethodHandleAccessor
ciInstanceKlass jdk/internal/reflect/MethodAccessorImpl 1 1 38 10 7 12 1 1 1 10 100 12 1 1 1 100 1 1 1 1 1 1 1 100 1 100 1 1 1 1 1 1 1 1 1 1 1 1 1 1
ciInstanceKlass jdk/internal/reflect/MethodAccessor 1 0 17 100 1 100 1 1 1 1 100 1 100 1 1 1 1 1 1
instanceKlass jdk/internal/reflect/SerializationConstructorAccessorImpl
instanceKlass jdk/internal/reflect/DirectConstructorHandleAccessor$NativeAccessor
instanceKlass jdk/internal/reflect/DirectConstructorHandleAccessor
instanceKlass jdk/internal/reflect/NativeConstructorAccessorImpl
ciInstanceKlass jdk/internal/reflect/ConstructorAccessorImpl 1 1 27 10 7 12 1 1 1 100 1 100 1 1 1 1 1 1 1 1 1 100 1 100 1 100 1 1 1
ciInstanceKlass jdk/internal/reflect/ConstructorAccessor 1 0 16 100 1 100 1 1 1 1 100 1 100 1 100 1 1 1
ciInstanceKlass jdk/internal/reflect/DelegatingClassLoader 1 1 18 10 7 12 1 1 1 100 1 1 1 1 1 1 1 1 1 1
ciInstanceKlass jdk/internal/reflect/CallerSensitive 0 0 17 100 1 100 1 100 1 1 1 1 1 1 1 1 1 1 1
ciInstanceKlass jdk/internal/reflect/NativeConstructorAccessorImpl 0 0 125 10 7 12 1 1 1 9 7 12 1 1 1 100 1 10 12 1 9 12 1 1 9 12 1 1 10 100 12 1 1 1 10 7 12 1 1 1 10 7 12 1 1 1 9 12 1 9 12 1 1 9 12 1 1 10 7 12 1 1 1 100 1 10 10 12 1 1 10 12 1 10 12 1 1 10 12 1 7 1 10 12 1 1 10 12 1 1 8 10 12 1 1 1 1 1 1 1 1 1 1 1 1 1 1 1 1 1 1 1 1 1 1 100 1 100 1 100 1 1 1 1 1 1 1
ciInstanceKlass jdk/internal/reflect/ConstantPool 1 1 142 10 7 12 1 1 1 9 7 12 1 1 1 10 12 1 1 10 12 1 1 10 12 1 10 12 1 1 10 12 1 1 10 12 1 10 12 1 1 10 12 1 10 12 1 1 10 12 1 10 12 1 10 12 1 10 12 1 1 10 12 1 1 10 12 1 1 10 12 1 1 10 12 1 10 12 1 1 10 100 12 1 1 1 8 11 7 12 1 1 1 10 7 12 1 1 1 1 1 1 1 1 1 1 1 1 1 1 1 1 1 1 1 1 1 1 1 1 1 1 1 1 1 1 1 1 1 1 1 1 1 1 1 1 1 1 1 1 1 1 1 1
ciInstanceKlass jdk/internal/reflect/UnsafeStaticFieldAccessorImpl 0 0 47 10 7 12 1 1 1 9 7 12 1 1 1 10 7 12 1 1 1 9 12 1 1 8 11 100 12 1 1 1 10 100 12 1 1 1 1 1 1 1 1 1 1 1 1 1 1
ciInstanceKlass jdk/internal/reflect/FieldAccessor 1 0 48 100 1 100 1 1 1 1 100 1 1 1 1 1 1 1 1 1 1 1 1 1 1 1 1 1 1 1 100 1 1 1 1 1 1 1 1 1 1 1 1 1 1 1 1 1 1 1
instanceKlass jdk/internal/reflect/MethodHandleFieldAccessorImpl
instanceKlass jdk/internal/reflect/UnsafeFieldAccessorImpl
ciInstanceKlass jdk/internal/reflect/FieldAccessorImpl 1 1 269 10 7 12 1 1 1 9 7 12 1 1 1 10 7 12 1 1 1 10 7 12 1 1 10 7 12 1 1 1 10 12 1 1 7 1 10 10 12 1 1 10 12 1 1 8 1 10 10 12 1 100 1 8 1 10 12 1 8 1 10 12 1 8 1 10 12 1 100 1 10 12 1 1 10 8 1 10 12 1 1 8 1 10 7 12 1 1 8 1 10 7 12 1 1 8 1 10 7 12 1 1 8 1 10 7 12 1 1 8 1 10 7 12 1 1 8 1 10 7 12 1 1 8 1 10 7 12 1 1 8 1 10 7 12 1 1 10 12 1 1 8 1 10 12 1 1 10 100 12 1 1 1 8 1 10 12 1 8 1 8 1 8 1 8 1 10 7 12 1 1 1 8 1 8 1 8 1 10 12 7 1 1 1 1 1 1 1 1 1 1 1 1 1 1 1 1 1 1 1 1 1 1 1 1 1 1 1 1 1 1 1 1 1 1 1 1 1 1 1 1 1 1 1 1 1 1 1 1 1 1 1 1 1 1 1 1 1 1 1 1 1 1 1 1 1 1 1 1 1 1 1 1 1 1 1 1 1 1 1 1 1 1 1 1 1 1 1 1
instanceKlass jdk/internal/reflect/UnsafeStaticFieldAccessorImpl
ciInstanceKlass jdk/internal/reflect/UnsafeFieldAccessorImpl 0 0 62 10 100 12 1 1 1 10 100 12 1 1 1 10 100 12 1 1 1 9 100 12 1 1 10 12 1 9 12 1 1 10 100 12 1 1 1 9 12 1 1 10 12 1 10 12 1 1 1 1 1 1 1 1 1 1 1 1 1 1 1 1
instanceKlass java/lang/invoke/VolatileCallSite
instanceKlass java/lang/invoke/MutableCallSite
instanceKlass java/lang/invoke/ConstantCallSite
ciInstanceKlass java/lang/invoke/CallSite 1 1 307 10 7 12 1 1 1 10 7 12 1 1 1 9 7 12 1 1 1 10 12 1 1 9 12 1 1 10 7 12 1 1 1 10 12 1 7 1 10 12 1 1 10 12 1 1 9 100 12 1 1 1 10 7 12 1 1 10 12 1 1 100 1 7 1 10 10 7 12 1 1 1 10 12 1 1 8 1 10 12 1 10 12 1 1 10 12 1 10 12 1 1 10 12 1 1 10 10 100 12 1 1 10 12 1 1 9 12 1 9 100 12 1 1 1 8 1 10 7 12 1 1 1 10 12 1 1 7 1 10 12 1 1 9 12 1 8 1 100 1 10 12 1 10 12 1 100 1 8 1 10 10 12 1 10 12 1 1 100 1 10 12 1 1 10 12 1 10 12 1 10 12 1 1 10 12 1 1 9 12 1 1 8 10 12 1 1 9 12 1 1 100 1 10 10 12 1 10 7 12 1 1 1 10 12 1 1 10 12 1 1 10 12 1 10 7 12 1 1 1 7 1 8 1 10 10 12 10 12 1 1 7 1 7 1 7 1 8 1 10 12 1 10 7 12 1 1 1 1 1 1 1 1 1 1 1 1 1 1 1 1 1 1 1 1 1 1 1 1 1 1 1 1 1 1 1 1 1 1 1 1 1 1 1 1 1 1 1 1 1 1 1 1 1 1 1 1 1 1 1 7 1 7 1 1 1 1
staticfield java/lang/invoke/CallSite $assertionsDisabled Z 1
ciInstanceKlass java/lang/invoke/ConstantCallSite 1 1 65 10 7 12 1 1 1 9 7 12 1 1 1 9 12 1 1 10 7 12 1 1 1 10 12 1 100 1 10 12 9 12 1 1 100 1 10 10 12 1 1 10 12 1 1 1 1 1 1 1 1 1 1 1 1 1 100 1 1 1 1 1 1 1 1
staticfield java/lang/invoke/ConstantCallSite UNSAFE Ljdk/internal/misc/Unsafe; jdk/internal/misc/Unsafe
instanceKlass java/lang/invoke/DirectMethodHandle$Special
instanceKlass java/lang/invoke/DirectMethodHandle$StaticAccessor
instanceKlass java/lang/invoke/DirectMethodHandle$Interface
instanceKlass java/lang/invoke/DirectMethodHandle$Constructor
instanceKlass java/lang/invoke/DirectMethodHandle$Accessor
ciInstanceKlass java/lang/invoke/DirectMethodHandle 1 1 923 7 1 7 1 100 1 7 1 7 1 10 7 12 1 1 1 10 7 12 1 1 1 7 1 10 12 1 10 12 1 1 10 7 12 1 1 10 12 1 1 10 12 1 10 12 1 7 1 10 12 1 1 10 12 1 1 10 12 1 10 12 1 1 10 7 12 1 1 1 10 12 1 9 12 1 1 100 1 10 9 12 1 1 9 12 1 10 12 1 10 12 1 10 12 1 1 10 12 1 10 12 1 10 12 1 10 7 12 1 1 1 10 12 1 10 12 1 1 8 1 10 12 1 1 7 1 10 12 1 7 1 10 10 12 1 10 12 1 10 12 1 10 7 12 1 1 1 10 12 1 1 7 1 10 12 1 10 12 1 7 1 10 12 1 10 12 1 1 10 12 1 1 10 12 1 8 10 7 12 1 1 1 10 12 1 10 12 1 10 12 1 1 10 12 1 9 7 12 1 1 1 7 1 10 12 1 10 7 12 1 1 1 10 12 1 10 12 1 1 9 12 1 1 7 1 10 8 1 10 12 1 1 10 12 1 1 8 1 10 12 1 10 12 1 10 10 12 1 10 12 1 10 12 1 10 12 1 10 12 1 1 10 12 1 10 12 1 1 10 12 1 10 12 1 1 10 10 7 12 1 1 1 10 12 1 10 12 1 1 10 12 1 10 12 1 1 8 1 9 7 12 1 1 1 8 1 9 12 1 9 12 1 8 1 9 12 1 9 12 1 8 1 9 12 1 9 12 1 8 1 10 12 1 10 12 1 1 9 12 1 1 7 1 10 12 1 1 7 1 10 7 12 1 1 1 10 12 1 1 10 12 1 10 12 1 1 7 1 10 12 1 1 10 12 1 10 12 1 1 7 1 10 12 1 1 10 12 1 10 7 12 1 1 1 10 12 1 10 12 1 1 10 12 1 9 12 1 1 10 7 1 9 12 9 12 1 10 7 12 1 1 1 10 12 1 7 1 7 1 7 1 9 12 1 1 10 7 12 1 1 1 10 12 10 12 1 100 1 10 12 1 10 12 1 1 8 1 9 12 1 9 12 1 10 12 1 1 9 12 1 1 10 100 12 1 1 1 9 12 1 1 9 12 1 1 10 12 1 10 12 1 10 12 1 10 12 1 1 10 12 1 9 12 1 10 12 1 10 12 1 10 12 1 10 12 1 1 10 12 1 1 9 12 1 1 10 12 1 1 9 7 12 1 1 1 9 12 1 9 12 1 9 12 1 9 12 1 9 12 1 9 12 1 9 12 1 9 12 1 9 12 1 9 12 1 9 12 1 9 12 1 9 12 1 9 12 1 9 12 1 9 12 1 9 12 1 9 12 1 9 12 1 9 12 1 9 12 1 9 12 1 9 12 1 9 12 1 9 12 1 9 12 1 9 12 1 9 12 1 9 12 1 9 12 1 9 12 1 9 12 1 9 12 1 9 12 1 9 12 1 9 12 1 8 1 9 12 1 1 9 12 1 1 10 12 1 10 12 1 1 9 7 1 10 12 1 9 12 1 1 10 12 10 12 1 10 12 1 10 12 1 10 12 1 10 8 1 8 1 8 1 8 1 10 12 1 1 9 12 1 1 10 12 1 10 100 12 1 1 1 8 9 12 1 1 10 12 1 1 8 1 8 8 9 12 1 8 1 8 8 8 8 8 1 8 10 12 1 7 1 10 12 1 8 1 8 1 10 12 1 10 12 1 10 12 1 10 12 1 1 7 1 1 1 1 3 1 3 1 3 1 3 1 3 1 3 1 3 1 3 1 3 1 3 1 1 1 1 1 1 1 1 1 1 3 1 3 1 1 1 1 3 1 1 1 1 1 1 1 1 1 1 1 1 1 1 1 1 1 1 1 1 1 1 1 1 1 1 1 1 1 1 1 1 1 1 1 1 1 1 1 1 1 1 1 1 1 1 1 1 1 1 1 1 1 1 1 1 1 100 1 1 1 1 1 1 1 1 1 100 1 1 1 1 1 1 1 1 1 1 1 1 1 1 1 1 1 1 1 1 1 1 1 1 1 1 1 1 1 1 1 1 1 1 1 1 1 1 1 1 1 1 1 1 1 1 1 1 1 1 1 1
staticfield java/lang/invoke/DirectMethodHandle IMPL_NAMES Ljava/lang/invoke/MemberName$Factory; java/lang/invoke/MemberName$Factory
staticfield java/lang/invoke/DirectMethodHandle FT_UNCHECKED_REF I 8
staticfield java/lang/invoke/DirectMethodHandle ACCESSOR_FORMS [Ljava/lang/invoke/LambdaForm; 132 [Ljava/lang/invoke/LambdaForm;
staticfield java/lang/invoke/DirectMethodHandle ALL_WRAPPERS [Lsun/invoke/util/Wrapper; 10 [Lsun/invoke/util/Wrapper;
staticfield java/lang/invoke/DirectMethodHandle NFS [Ljava/lang/invoke/LambdaForm$NamedFunction; 12 [Ljava/lang/invoke/LambdaForm$NamedFunction;
staticfield java/lang/invoke/DirectMethodHandle OBJ_OBJ_TYPE Ljava/lang/invoke/MethodType; java/lang/invoke/MethodType
staticfield java/lang/invoke/DirectMethodHandle LONG_OBJ_TYPE Ljava/lang/invoke/MethodType; java/lang/invoke/MethodType
staticfield java/lang/invoke/DirectMethodHandle $assertionsDisabled Z 1
ciInstanceKlass java/lang/invoke/MutableCallSite 0 0 63 10 100 12 1 1 1 10 12 1 9 100 12 1 1 1 10 12 1 10 12 1 1 9 12 1 1 10 100 12 1 1 1 10 100 12 1 1 1 10 12 1 1 1 1 1 1 1 1 1 1 1 1 1 1 1 1 1 1 100 1 1 1
ciInstanceKlass java/lang/invoke/VolatileCallSite 0 0 37 10 100 12 1 1 1 10 12 1 10 100 12 1 1 1 10 12 1 10 12 1 1 1 1 1 1 1 1 1 1 1 1 1 1 1 1
ciInstanceKlass java/lang/invoke/ResolvedMethodName 1 1 16 10 100 12 1 1 1 100 1 1 1 1 1 1 1 1
ciInstanceKlass java/lang/invoke/MethodHandleNatives 1 1 690 100 1 10 7 12 1 1 1 9 7 12 1 1 1 10 12 1 1 100 1 10 10 12 1 1 10 12 1 10 12 1 8 1 8 1 8 1 8 1 8 1 8 1 8 1 8 1 8 1 8 1 10 12 1 1 7 1 10 7 12 1 1 1 10 7 12 1 1 1 7 1 10 10 12 1 1 8 1 10 12 1 8 1 10 12 1 1 8 1 10 12 1 1 9 7 12 1 1 1 8 1 10 100 12 1 1 1 7 1 10 12 100 1 100 1 8 1 7 1 10 10 12 1 7 1 9 7 12 1 1 10 12 1 1 10 12 1 10 7 12 1 1 1 10 12 1 1 9 12 1 8 1 10 12 1 1 10 12 1 8 1 10 12 1 1 7 1 10 12 1 10 7 12 1 1 1 10 12 1 10 12 1 1 10 12 1 1 8 1 10 12 1 1 8 1 10 12 1 8 1 8 1 8 1 7 1 10 12 1 8 1 10 7 12 1 1 1 10 12 1 1 10 7 12 1 1 10 10 12 1 1 10 12 1 10 100 12 1 1 1 100 1 8 1 10 100 12 1 1 1 7 1 8 1 10 12 1 8 1 8 1 8 1 8 1 8 1 10 12 1 1 10 12 1 1 10 12 1 10 12 1 1 10 12 1 1 7 1 10 12 1 7 1 7 1 10 12 1 10 12 1 8 1 8 1 10 10 12 1 1 10 12 1 1 8 1 10 7 12 1 1 8 1 8 1 10 12 1 1 10 7 12 1 1 1 100 1 10 12 1 1 7 1 9 12 1 1 10 7 12 1 1 1 10 10 12 1 9 12 1 10 12 1 9 12 1 9 12 1 10 12 1 1 10 12 1 10 12 1 1 7 1 7 1 10 12 1 1 10 12 1 10 12 1 1 10 7 12 1 1 1 10 12 1 8 1 10 12 1 10 12 1 10 12 1 1 10 12 1 10 7 12 1 1 1 10 12 1 1 100 1 8 1 10 9 7 12 1 1 1 10 12 1 1 10 12 1 1 7 1 10 12 1 1 10 12 1 1 100 1 100 1 10 10 100 1 100 1 10 100 1 10 10 12 1 1 10 7 1 10 12 1 10 12 1 1 10 12 1 1 10 12 1 1 10 12 1 10 12 1 1 10 8 1 10 12 1 10 12 1 10 12 1 10 12 1 10 12 1 1 10 12 1 10 12 1 10 12 1 10 10 7 12 1 1 10 12 1 1 1 1 1 1 1 1 1 1 1 1 1 7 1 1 1 1 1 1 1 1 1 1 1 1 1 1 1 1 1 1 1 1 1 1 1 1 1 1 1 1 1 1 1 1 1 1 1 1 1 1 1 1 1 1 1 1 1 1 1 1 1 1 1 1 1 1 1 1 1 1 1 1 1 1 1 1 1 100 1 1 1 1 1 1 1 1 1 1 1 1 1 1 1 1 1 1 1 1 1 1 1 1 1 1 1 1 1 1 1 1 1 100 1 1 1 1 1 1 1 1 1 1 1 1 1 1 1 1 1 1 1 1 1 1 1 1 1 1 7 1 1 1 1 1 1 1 100 1 1 1
staticfield java/lang/invoke/MethodHandleNatives $assertionsDisabled Z 1
ciInstanceKlass java/lang/invoke/MethodHandleNatives$CallSiteContext 1 1 49 10 7 12 1 1 1 7 1 10 10 7 12 1 1 1 10 7 12 1 1 1 10 7 12 1 1 1 100 1 1 1 1 1 1 1 1 1 1 1 1 1 1 1 1 1 100 1 1
ciInstanceKlass jdk/internal/foreign/abi/NativeEntryPoint 0 0 194 10 7 12 1 1 1 9 7 12 1 1 1 9 12 1 1 100 1 8 1 10 12 1 10 12 1 1 100 1 10 100 12 1 1 1 10 12 1 9 12 1 1 18 12 1 1 10 100 12 1 1 1 10 7 12 1 1 1 9 7 12 1 1 1 7 1 10 8 1 10 12 1 1 10 12 1 10 12 1 1 8 1 10 12 1 1 7 1 8 1 10 12 1 10 12 1 1 10 12 1 9 12 1 1 18 12 1 1 10 100 12 1 1 1 10 12 1 1 10 12 1 10 100 12 1 1 1 10 1 1 1 1 1 1 1 1 1 1 1 1 1 1 1 1 1 1 1 1 1 1 1 1 1 1 1 1 1 1 1 1 1 1 1 1 1 16 1 15 10 12 16 1 16 15 10 12 15 10 100 12 1 1 1 1 1 100 1 1 100 1 100 1 1
ciInstanceKlass jdk/internal/foreign/abi/ABIDescriptor 0 0 55 10 100 12 1 1 1 9 100 12 1 1 1 9 12 1 1 9 12 1 9 12 1 9 12 1 1 9 12 1 9 12 1 1 9 12 1 9 12 1 9 12 1 9 12 1 1 1 1 1 1 1 1 1 1
ciInstanceKlass jdk/internal/foreign/abi/VMStorage 0 0 91 10 7 12 1 1 1 9 7 12 1 1 1 9 12 1 1 9 12 1 1 9 12 1 1 7 1 10 8 1 10 12 1 1 10 12 1 10 12 1 1 10 12 1 18 12 1 18 12 1 1 18 12 1 1 1 1 1 1 1 1 1 1 1 1 1 1 1 1 1 1 1 8 1 15 15 15 15 15 10 100 12 1 1 1 1 100 1 100 1 1
ciInstanceKlass jdk/internal/foreign/abi/UpcallLinker$CallRegs 0 0 66 10 7 12 1 1 1 9 7 12 1 1 1 9 12 1 18 12 1 1 18 12 1 1 18 12 1 1 1 1 1 1 1 1 1 1 1 1 1 1 1 1 1 1 100 1 1 1 8 1 15 15 15 10 100 12 1 1 1 1 1 100 1 100 1 1
ciInstanceKlass java/lang/StackWalker 1 1 271 9 7 12 1 1 1 7 1 10 7 12 1 1 1 10 12 1 1 10 7 12 1 1 1 10 12 1 1 10 12 1 11 7 12 1 1 1 10 12 1 1 10 12 1 1 10 12 1 1 100 1 8 1 10 12 1 10 12 1 10 12 1 10 7 12 1 1 9 12 1 1 9 12 1 1 9 12 1 1 9 12 1 1 10 12 1 1 9 12 1 1 9 12 1 1 9 12 1 1 10 7 12 1 1 1 11 12 1 1 100 1 8 1 10 10 7 12 1 1 9 12 1 1 10 12 1 1 10 7 12 1 1 1 10 7 12 1 1 1 18 12 1 1 100 1 8 1 10 8 1 10 12 1 1 10 100 12 1 1 1 10 12 1 1 9 7 12 1 1 11 100 12 1 1 1 10 12 1 1 1 1 1 1 1 1 1 1 1 1 1 1 1 1 1 1 1 1 1 1 1 1 1 1 1 1 1 1 1 1 1 1 1 1 1 1 1 1 1 1 1 1 1 1 1 1 1 1 1 1 1 1 1 1 1 1 1 1 1 1 1 1 1 1 7 1 1 16 15 10 12 16 1 15 10 100 12 1 1 1 1 1 1 1 1 1 100 1 100 1 1
staticfield java/lang/StackWalker DEFAULT_EMPTY_OPTION Ljava/util/EnumSet; java/util/RegularEnumSet
staticfield java/lang/StackWalker DEFAULT_WALKER Ljava/lang/StackWalker; java/lang/StackWalker
ciInstanceKlass java/lang/StackWalker$StackFrame 1 1 41 100 1 10 12 1 1 100 1 100 1 1 1 1 1 1 1 1 1 1 1 1 1 1 1 1 1 1 1 1 1 1 1 1 1 1 1 100 1 1 1
instanceKlass java/lang/LiveStackFrameInfo
ciInstanceKlass java/lang/StackFrameInfo 1 1 142 10 7 12 1 1 1 9 7 12 1 1 1 9 7 1 9 12 1 1 11 7 12 1 1 1 9 12 1 1 11 12 1 1 10 12 1 1 10 7 12 1 1 1 10 12 1 11 12 1 11 12 1 1 11 12 1 10 12 1 1 9 12 1 1 10 12 1 1 10 7 12 1 1 10 12 1 1 11 12 1 1 9 12 1 1 10 7 1 10 12 1 9 12 1 1 10 12 1 1 100 1 8 1 10 12 1 10 7 12 1 1 1 7 1 1 1 1 1 1 1 1 1 1 1 1 1 1 1 1 1 1 7 1 1 7 1 1 1 1 1 1
staticfield java/lang/StackFrameInfo JLIA Ljdk/internal/access/JavaLangInvokeAccess; java/lang/invoke/MethodHandleImpl$1
ciInstanceKlass java/lang/LiveStackFrameInfo 0 0 97 10 7 12 1 1 1 9 7 12 1 1 1 9 12 1 9 12 1 9 12 1 9 12 1 1 7 1 10 12 1 1 10 12 1 8 1 10 12 1 1 8 1 8 1 8 1 10 100 1 10 12 1 100 1 10 12 1 7 1 7 1 1 1 3 1 3 1 1 1 1 1 1 1 1 1 1 1 1 1 1 1 1 1 1 1 1 1 1 1 1 1 1 1 100 1 1
ciInstanceKlass java/lang/LiveStackFrame 0 0 135 100 1 10 100 12 1 1 1 11 7 12 1 1 1 11 12 1 10 7 12 1 1 1 100 1 8 1 10 12 1 1 10 7 12 1 1 1 9 100 12 1 1 1 10 7 12 1 1 1 10 7 12 1 1 1 11 12 1 10 12 1 7 1 7 1 1 1 1 1 1 1 1 1 1 1 1 1 1 1 1 1 1 1 1 1 1 1 1 1 1 1 1 100 1 1 1 1 1 1 1 100 1 8 1 1 12 10 1 1 1 8 1 1 1 8 1 1 1 8 1 1 1 8 1 1 8 1 1 1 8 1 1 8 1
instanceKlass java/lang/StackStreamFactory$StackFrameTraverser
ciInstanceKlass java/lang/StackStreamFactory$AbstractStackWalker 1 1 375 7 1 7 1 3 10 7 12 1 1 1 10 7 12 1 1 10 7 12 1 1 1 9 12 1 1 10 12 1 1 9 12 1 1 9 12 1 1 9 12 1 1 9 12 1 10 7 12 1 1 1 10 12 1 1 10 7 12 1 1 9 12 1 1 9 12 1 1 10 12 1 1 9 7 12 1 1 1 10 12 1 1 10 12 1 9 12 1 1 10 7 12 1 1 1 10 12 1 1 9 12 1 1 9 7 12 1 1 1 7 1 10 8 1 10 12 1 1 10 12 1 8 1 10 12 1 1 10 100 12 1 1 1 100 1 8 1 10 12 1 8 1 10 12 10 7 12 1 1 9 12 1 8 1 5 0 8 1 8 1 9 12 1 1 10 12 1 1 18 12 1 1 10 7 12 1 1 1 10 12 1 1 10 12 1 10 12 1 9 12 1 10 12 1 10 12 1 10 12 1 10 12 1 10 12 1 10 12 1 1 8 1 10 12 1 10 12 1 10 12 1 10 12 1 1 8 1 10 12 1 1 10 12 1 1 10 12 1 1 10 12 1 10 12 1 10 7 12 1 1 1 10 12 1 10 12 1 9 12 1 8 1 10 12 1 10 12 1 10 12 1 1 10 12 1 10 12 1 10 12 1 1 10 12 1 10 12 1 10 12 1 10 12 1 10 12 1 10 12 1 1 10 12 1 1 10 12 1 8 1 1 1 1 1 1 1 1 1 1 1 1 1 7 1 1 1 1 1 1 1 7 1 1 1 1 7 1 1 1 1 1 1 1 1 1 1 1 1 1 1 1 1 1 1 1 16 15 15 10 100 12 1 1 1 1 1 1 1 1 100 1 100 1 1
ciInstanceKlass jdk/internal/module/Modules 1 1 504 10 7 12 1 1 1 9 7 12 1 1 1 11 7 12 1 1 1 11 12 1 1 11 12 1 1 11 12 1 1 11 12 1 11 12 1 11 12 1 11 12 1 11 12 1 1 10 7 12 1 1 1 10 100 12 1 1 1 18 12 1 1 10 7 12 1 1 1 7 1 10 7 12 1 1 1 10 100 12 1 1 1 10 100 12 1 1 10 12 1 1 11 12 1 9 12 1 1 11 7 12 1 1 1 10 12 1 1 10 10 12 1 10 9 12 1 1 10 100 12 1 1 10 12 1 1 10 100 12 1 1 100 1 11 100 12 1 1 1 10 100 12 1 1 1 11 100 12 1 1 10 12 1 1 10 100 12 1 1 10 100 12 1 1 1 10 12 1 1 10 12 1 1 11 12 1 1 18 12 1 1 11 100 12 1 1 10 100 12 1 1 1 11 100 12 1 1 1 7 1 11 12 1 1 11 7 12 1 1 1 11 12 1 1 10 12 1 1 10 100 12 1 1 18 12 1 1 11 12 1 1 18 12 1 1 11 12 1 1 10 12 1 18 18 10 12 1 1 9 12 1 1 11 7 12 1 1 1 100 1 10 11 12 1 11 12 1 1 11 12 1 1 10 100 1 10 12 1 1 10 100 12 1 1 10 12 1 1 11 12 10 12 1 1 7 1 10 18 12 1 10 12 1 1 7 1 8 1 10 12 1 10 100 12 1 1 18 12 1 11 11 12 10 12 1 10 10 100 1 18 12 1 10 10 10 7 12 1 1 10 7 12 1 1 1 10 12 1 1 1 1 1 1 1 1 1 1 1 1 1 1 1 1 1 1 1 1 1 1 1 1 1 1 1 1 1 1 1 1 1 100 1 1 1 1 1 1 1 1 1 1 1 1 1 1 1 1 1 1 1 1 1 1 1 1 1 1 1 1 1 1 1 1 1 1 1 7 1 1 1 1 1 1 1 1 1 1 1 1 1 1 1 1 1 1 1 1 1 1 1 16 15 10 12 1 16 16 15 10 12 1 16 1 16 1 15 10 12 1 16 1 16 1 15 10 12 16 1 15 10 16 1 15 10 12 16 1 15 10 12 16 15 10 12 16 15 10 12 15 10 100 12 1 1 1 1 1 1 100 1 100 1 1
staticfield jdk/internal/module/Modules JLA Ljdk/internal/access/JavaLangAccess; java/lang/System$2
staticfield jdk/internal/module/Modules JLMA Ljdk/internal/access/JavaLangModuleAccess; java/lang/module/ModuleDescriptor$1
staticfield jdk/internal/module/Modules $assertionsDisabled Z 1
ciInstanceKlass java/lang/invoke/Invokers$Holder 1 1 128 1 100 1 100 1 1 1 1 1 1 1 7 1 7 1 7 1 1 12 10 1 1 12 10 1 1 12 10 1 1 100 1 1 12 9 1 1 1 12 10 1 1 1 12 10 1 1 12 10 1 1 12 10 1 12 10 1 1 1 12 10 1 1 100 1 1 12 10 1 12 10 1 1 12 10 1 12 10 1 1 12 10 1 1 12 10 1 12 10 1 1 12 10 1 1 12 10 1 1 12 10 1 12 10 12 10 12 10 12 10 12 10 1 1 12 10 1 1 12 10 1 1 12 10 1 1 1
ciMethod java/lang/invoke/Invokers$Holder linkToTargetMethod (Ljava/lang/Object;Ljava/lang/Object;)Ljava/lang/Object; 516 0 3065 0 -1
ciInstanceKlass java/util/ArrayList 1 1 509 10 7 12 1 1 1 7 1 9 7 12 1 1 1 9 12 1 100 1 7 1 10 8 1 10 12 1 1 10 12 1 10 12 1 1 10 12 1 9 12 1 11 7 12 1 1 1 9 12 1 1 11 12 1 1 7 10 7 12 1 1 1 9 12 1 10 12 1 10 12 1 1 10 7 12 1 1 1 10 7 12 1 1 1 10 12 1 1 10 12 1 1 10 12 1 1 10 12 1 10 12 1 1 100 1 7 1 10 12 1 10 10 7 12 1 1 1 10 7 12 1 1 10 12 1 100 1 10 10 12 10 12 1 1 10 12 1 1 10 12 1 10 12 10 12 1 1 7 1 10 12 1 1 10 12 1 1 10 12 1 100 1 10 11 12 1 1 11 7 12 1 1 1 11 12 1 10 12 1 10 12 1 10 12 1 1 100 1 10 12 1 1 10 10 12 1 1 10 12 1 8 1 8 1 8 1 8 1 10 12 1 1 10 12 1 1 11 12 1 7 1 10 100 12 1 1 10 12 1 10 12 1 1 10 100 12 1 1 10 12 1 10 100 12 1 1 1 11 100 12 1 1 1 10 12 1 100 1 8 1 10 7 1 10 12 1 7 1 10 12 1 10 12 1 1 7 1 10 12 1 10 12 1 1 11 7 12 1 1 7 1 10 12 1 10 12 1 1 11 100 12 1 1 10 12 1 1 10 12 1 1 10 12 1 1 10 12 1 1 11 100 12 1 1 10 12 1 1 7 1 7 1 7 1 1 1 1 5 0 1 3 1 1 1 1 1 1 1 1 1 1 1 1 1 1 1 1 1 1 1 1 1 1 1 1 1 1 1 1 1 1 1 1 1 1 1 1 1 1 1 1 1 1 1 1 1 1 1 1 1 1 1 1 1 1 1 1 1 1 1 1 1 1 1 1 1 1 1 1 1 1 1 1 1 1 1 1 1 1 1 1 1 1 1 1 1 1 1 1 1 1 1 1 1 1 1 1 1 1 1 1 1 1 1 1 100 1 1 1 1 7 1 1 1 1 1 1 1 1 1 1 1 1 1 1 1 1 1 1 1 1 1 1 1 1 1 1 1 1 1 100 1 1 1 1 1 1 1 1 1 1 1 1 1 1 1 1 1 1 100 1 100 1 1 1 1 1 1
staticfield java/util/ArrayList EMPTY_ELEMENTDATA [Ljava/lang/Object; 0 [Ljava/lang/Object;
staticfield java/util/ArrayList DEFAULTCAPACITY_EMPTY_ELEMENTDATA [Ljava/lang/Object; 0 [Ljava/lang/Object;
ciInstanceKlass java/util/RandomAccess 1 0 7 100 1 100 1 1 1
ciInstanceKlass java/util/Locale 1 1 1162 9 7 12 1 1 1 7 1 10 12 1 1 9 12 1 1 11 7 12 1 1 1 10 7 12 1 1 9 12 1 1 9 12 1 1 100 1 10 10 12 1 1 8 1 10 12 1 1 10 12 1 1 10 12 1 10 12 1 10 12 1 11 12 1 1 9 7 12 1 1 1 10 100 1 10 9 12 1 1 10 7 12 1 1 9 7 12 1 1 1 9 12 1 10 12 1 1 9 12 1 1 9 12 1 100 1 8 1 10 12 1 9 12 1 10 12 1 10 12 1 1 10 7 12 1 1 1 8 1 8 1 10 7 12 1 1 1 8 1 10 12 10 7 12 1 1 1 10 12 1 1 10 12 1 8 1 8 1 8 1 8 1 10 12 1 1 10 7 12 1 1 100 1 9 12 1 1 10 12 1 1 9 12 1 10 12 1 9 12 1 10 12 1 9 12 1 10 12 1 9 12 1 10 12 1 1 10 7 12 1 1 1 10 12 1 1 7 1 10 10 12 1 1 10 100 1 10 12 1 1 10 12 1 1 8 1 10 12 1 8 1 10 7 12 1 1 1 100 1 8 1 10 12 1 10 7 12 1 1 1 10 12 1 1 8 1 10 100 12 1 1 1 10 12 1 1 9 12 1 1 100 1 8 1 10 12 1 1 10 12 1 1 10 100 12 1 1 1 9 12 1 8 1 10 12 1 10 10 10 12 1 10 10 12 1 1 10 12 1 1 100 1 7 1 10 8 1 10 12 1 1 10 12 1 10 12 1 10 10 7 12 1 1 1 10 12 1 1 10 100 12 1 1 1 10 12 1 10 12 1 10 12 1 8 1 10 12 1 10 12 1 10 12 10 12 1 10 8 1 9 12 1 10 7 12 1 1 1 10 10 12 1 10 8 1 10 12 1 10 10 12 1 10 12 1 1 11 7 12 1 1 1 11 7 12 1 1 11 12 1 1 10 12 1 10 12 1 10 12 1 10 8 1 10 12 1 10 12 1 1 10 12 1 1 10 12 1 1 10 12 1 100 1 8 1 8 1 10 8 1 10 8 1 8 1 10 12 1 1 10 12 1 10 12 1 1 10 12 1 1 10 12 1 10 12 1 100 1 10 12 1 1 8 1 9 100 12 1 1 1 10 7 12 1 1 10 12 1 1 10 12 1 10 100 12 1 1 1 10 12 1 1 10 12 1 1 8 1 10 100 12 1 1 10 12 1 1 10 12 1 8 1 7 1 10 12 1 10 12 1 1 10 100 12 1 1 1 10 12 1 1 11 100 12 1 1 18 12 1 1 11 100 12 1 1 1 18 12 1 1 11 12 1 1 18 12 1 10 12 1 10 12 1 10 12 1 1 11 12 1 1 100 100 1 10 10 12 1 1 8 1 10 12 1 100 1 7 1 10 12 1 9 12 1 1 10 12 1 10 10 12 1 10 100 1 8 1 10 10 12 1 10 12 1 10 10 8 1 8 1 8 1 9 12 1 10 12 1 10 12 1 8 1 10 12 1 10 12 1 10 100 12 1 1 18 12 1 10 12 1 8 1 10 12 1 8 1 10 12 1 1 10 12 1 18 12 1 11 12 1 1 10 12 1 10 100 12 1 1 1 8 1 10 100 12 1 1 8 1 8 1 8 1 8 1 8 1 10 12 1 10 12 1 10 100 12 1 1 1 10 100 12 1 1 100 1 10 12 1 10 10 12 1 10 12 1 10 8 1 10 12 1 1 8 1 8 1 9 12 1 8 1 8 1 9 12 1 10 100 12 1 1 1 9 100 12 1 1 1 10 10 12 1 10 10 12 1 1 10 12 1 1 100 1 10 12 1 1 10 12 1 1 10 7 12 1 1 7 1 10 10 12 1 1 9 12 1 9 12 1 9 12 1 9 12 1 9 12 1 9 12 1 9 12 1 9 12 1 9 12 1 9 12 1 9 12 1 9 12 1 9 12 1 9 12 1 9 12 1 9 12 1 9 12 1 9 12 1 9 12 1 9 12 1 9 12 1 10 12 7 1 10 12 1 9 12 1 1 9 12 1 1 7 1 7 1 1 1 1 1 1 3 1 3 1 1 5 0 1 3 1 3 1 3 1 3 1 3 1 3 1 1 1 1 1 1 1 1 1 1 1 1 1 1 1 1 1 1 1 1 1 1 1 1 1 1 1 1 1 1 1 1 1 1 1 1 1 1 1 1 1 1 1 1 1 1 1 1 1 1 1 1 1 1 1 1 1 1 1 1 1 1 1 1 1 1 1 1 1 1 1 1 1 7 1 1 1 1 1 1 1 1 1 1 1 1 1 1 1 1 1 1 1 1 1 1 1 1 1 1 1 1 1 1 1 1 1 1 1 1 1 1 1 100 1 1 1 1 1 1 1 1 1 1 1 1 1 1 1 1 1 1 100 1 1 1 1 1 1 1 1 7 1 1 100 1 1 1 1 1 1 1 1 1 1 1 1 1 1 1 1 1 1 1 1 1 1 1 1 1 1 1 1 1 1 100 1 100 1 100 1 100 1 100 1 1 16 15 10 12 16 16 15 16 15 10 12 15 10 12 16 15 10 12 16 15 10 100 12 1 1 1 1 1 1 1 1 1 100 1 1 1 1 1 1 1 100 1 100 1 1
staticfield java/util/Locale ENGLISH Ljava/util/Locale; java/util/Locale
staticfield java/util/Locale FRENCH Ljava/util/Locale; java/util/Locale
staticfield java/util/Locale GERMAN Ljava/util/Locale; java/util/Locale
staticfield java/util/Locale ITALIAN Ljava/util/Locale; java/util/Locale
staticfield java/util/Locale JAPANESE Ljava/util/Locale; java/util/Locale
staticfield java/util/Locale KOREAN Ljava/util/Locale; java/util/Locale
staticfield java/util/Locale CHINESE Ljava/util/Locale; java/util/Locale
staticfield java/util/Locale SIMPLIFIED_CHINESE Ljava/util/Locale; java/util/Locale
staticfield java/util/Locale TRADITIONAL_CHINESE Ljava/util/Locale; java/util/Locale
staticfield java/util/Locale FRANCE Ljava/util/Locale; java/util/Locale
staticfield java/util/Locale GERMANY Ljava/util/Locale; java/util/Locale
staticfield java/util/Locale ITALY Ljava/util/Locale; java/util/Locale
staticfield java/util/Locale JAPAN Ljava/util/Locale; java/util/Locale
staticfield java/util/Locale KOREA Ljava/util/Locale; java/util/Locale
staticfield java/util/Locale UK Ljava/util/Locale; java/util/Locale
staticfield java/util/Locale US Ljava/util/Locale; java/util/Locale
staticfield java/util/Locale CANADA Ljava/util/Locale; java/util/Locale
staticfield java/util/Locale CANADA_FRENCH Ljava/util/Locale; java/util/Locale
staticfield java/util/Locale ROOT Ljava/util/Locale; java/util/Locale
staticfield java/util/Locale CONSTANT_LOCALES Ljava/util/Map; java/util/HashMap
staticfield java/util/Locale CHINA Ljava/util/Locale; java/util/Locale
staticfield java/util/Locale PRC Ljava/util/Locale; java/util/Locale
staticfield java/util/Locale TAIWAN Ljava/util/Locale; java/util/Locale
staticfield java/util/Locale serialPersistentFields [Ljava/io/ObjectStreamField; 6 [Ljava/io/ObjectStreamField;
staticfield java/util/Locale $assertionsDisabled Z 1
ciInstanceKlass java/util/function/Function 1 1 77 10 7 12 1 1 1 18 12 1 1 18 18 12 1 11 7 12 1 7 1 1 1 1 1 1 1 1 1 1 1 1 1 1 1 1 1 1 1 1 1 1 1 1 1 1 1 1 1 1 1 1 1 1 16 15 11 12 15 11 12 15 11 12 15 10 7 12 1 1 1 1 100 1 100 1 1
ciMethod java/util/function/Function apply (Ljava/lang/Object;)Ljava/lang/Object; 0 0 1 0 -1
ciInstanceKlass java/lang/annotation/Annotation 1 0 17 100 1 100 1 1 1 1 1 1 1 1 1 1 1 1 1
ciInstanceKlass java/util/function/BiFunction 1 1 65 10 100 12 1 1 1 18 12 1 1 11 7 12 1 1 11 100 12 1 7 1 1 1 1 1 1 1 1 1 1 1 1 1 1 1 1 1 1 1 1 1 1 1 1 1 1 1 16 15 11 12 15 10 100 12 1 1 1 1 100 1 100 1 1
ciInstanceKlass jdk/internal/util/Preconditions$4 1 1 61 9 7 12 1 1 1 10 7 12 1 1 1 10 100 12 1 1 1 11 100 12 1 1 1 100 1 100 1 100 1 10 12 1 100 1 1 1 1 1 1 1 1 1 1 1 1 1 1 1 1 1 1 1 1 1 12 1 1 1 1
ciMethod jdk/internal/util/Preconditions outOfBoundsCheckFromToIndex (Ljava/util/function/BiFunction;III)Ljava/lang/RuntimeException; 0 0 1 0 -1
ciMethod jdk/internal/util/Preconditions checkFromToIndex (IIILjava/util/function/BiFunction;)I 534 0 14850 0 0
ciMethod jdk/internal/util/Preconditions checkIndex (IILjava/util/function/BiFunction;)I 778 0 3245 0 -1
ciMethod java/util/Arrays checkLength (II)V 270 0 9583 0 -1
ciMethod java/util/Arrays copyOfRangeByte ([BII)[B 270 0 9582 0 -1
ciMethod java/util/Arrays copyOfRange ([BII)[B 512 0 13126 0 0
ciMethod java/lang/Character toLowerCase (I)I 618 0 9773 0 0
ciMethod java/lang/Character toLowerCase (C)C 618 0 9773 0 0
ciMethod java/lang/Math min (II)I 512 0 29085 0 -1
ciMethod java/lang/String toLowerCase (Ljava/util/Locale;)Ljava/lang/String; 516 0 487 0 -1
ciMethod java/lang/String substring (II)Ljava/lang/String; 532 0 5464 0 1680
ciMethod java/lang/String checkBoundsBeginEnd (III)V 532 0 10847 0 0
ciMethod java/lang/String isLatin1 ()Z 724 0 527069 0 88
ciMethod java/lang/String coder ()B 594 0 316326 0 88
ciMethod java/lang/String checkIndex (II)V 518 0 482051 0 128
ciMethod java/lang/String <init> ([BB)V 512 0 12726 0 304
ciMethod java/lang/CharSequence length ()I 0 0 1 0 -1
ciMethod java/lang/CharSequence toString ()Ljava/lang/String; 0 0 1 0 -1
ciMethod java/lang/CharSequence charAt (I)C 0 0 1 0 -1
ciMethod java/lang/CharSequence subSequence (II)Ljava/lang/CharSequence; 0 0 1 0 -1
ciMethod java/lang/AbstractStringBuilder charAt (I)C 0 0 5570 0 240
ciMethod java/lang/AbstractStringBuilder length ()I 256 0 128 0 0
ciMethod java/lang/AbstractStringBuilder isLatin1 ()Z 528 0 28782 0 0
ciMethod java/lang/Object <init> ()V 1024 0 144385 0 80
instanceKlass org/springframework/beans/factory/support/ImplicitlyAppearedSingletonException
instanceKlass org/springframework/core/env/MissingRequiredPropertiesException
instanceKlass java/util/concurrent/CancellationException
ciInstanceKlass java/lang/IllegalStateException 0 0 35 10 100 12 1 1 1 10 12 1 10 12 1 10 12 1 100 1 1 1 1 5 0 1 1 1 1 1 1 1 1 1 1 1 1
ciInstanceKlass org/springframework/util/Assert 1 1 257 10 100 12 1 1 1 100 1 10 12 1 10 7 12 1 1 1 100 1 10 10 7 12 1 1 1 10 12 1 10 100 12 1 1 1 10 100 12 1 1 1 10 7 12 1 1 11 100 12 1 1 1 11 100 12 1 1 1 11 12 1 1 10 12 1 8 1 10 12 1 1 10 7 12 1 1 1 10 12 1 1 8 1 10 12 1 8 1 10 12 1 1 10 12 1 1 10 12 1 10 12 1 1 10 12 1 1 8 1 10 12 1 18 12 1 1 10 12 1 1 18 12 1 18 12 1 8 1 10 12 1 8 1 8 1 8 1 8 1 8 1 18 12 1 11 100 12 1 1 1 1 1 1 1 1 1 1 1 1 1 1 1 1 1 1 1 1 1 1 1 1 1 1 1 1 1 1 1 1 1 1 1 1 1 1 1 1 1 1 1 1 1 1 1 1 100 1 1 1 1 1 1 1 1 1 1 1 1 1 1 1 1 1 1 1 1 1 1 1 1 1 1 1 1 1 1 1 1 1 1 1 1 1 1 1 1 15 10 100 12 1 1 8 1 8 1 8 1 8 1 1 100 1 100 1 1
ciInstanceKlass org/springframework/boot/context/properties/source/PropertyMapper 1 1 58 9 7 12 1 1 1 18 12 1 1 100 1 1 1 1 1 1 1 1 1 1 1 1 1 1 1 1 1 1 1 1 1 1 15 10 7 12 1 1 1 16 1 15 10 7 12 1 1 1 16 1 1 100 1 100 1 1
staticfield org/springframework/boot/context/properties/source/PropertyMapper DEFAULT_ANCESTOR_OF_CHECK Ljava/util/function/BiPredicate; org/springframework/boot/context/properties/source/PropertyMapper$$Lambda+0x000002f1a61524b8
ciInstanceKlass org/springframework/boot/context/properties/source/SystemEnvironmentPropertyMapper 1 1 256 10 7 12 1 1 1 10 7 12 1 1 1 10 12 1 10 7 12 1 1 1 10 7 12 1 1 1 10 7 12 1 1 1 10 7 12 1 1 1 10 12 1 7 1 10 10 12 1 1 10 12 1 1 9 7 12 1 1 1 10 12 1 1 9 7 12 1 1 1 10 12 1 1 10 12 1 10 12 1 1 9 12 1 10 12 1 1 10 12 1 10 12 1 1 10 12 1 18 12 1 1 10 12 1 1 100 1 9 12 1 1 11 7 1 10 12 1 10 12 1 1 18 12 1 1 10 12 1 1 18 12 1 1 11 7 12 1 1 1 18 12 1 10 12 1 1 10 12 1 1 10 12 1 10 12 1 1 9 12 1 10 12 1 1 10 12 1 1 10 9 12 1 1 100 1 1 1 1 1 1 1 1 1 1 1 1 1 1 1 1 1 1 1 1 1 1 1 1 1 1 1 1 1 1 1 1 1 1 1 1 1 1 1 15 10 7 12 1 1 1 16 1 15 10 12 16 15 10 7 12 1 1 8 1 16 1 15 10 7 12 1 1 16 1 15 10 12 16 1 1 100 1 100 1 1
staticfield org/springframework/boot/context/properties/source/SystemEnvironmentPropertyMapper INSTANCE Lorg/springframework/boot/context/properties/source/PropertyMapper; org/springframework/boot/context/properties/source/SystemEnvironmentPropertyMapper
ciInstanceKlass org/springframework/boot/context/properties/source/ConfigurationPropertyName$Elements 1 1 126 10 7 12 1 1 1 9 7 12 1 1 1 9 12 1 1 9 12 1 1 9 12 1 9 12 1 1 9 12 1 1 7 1 10 7 12 1 1 1 10 12 1 1 10 12 1 1 10 12 1 7 1 10 7 12 1 1 1 11 12 1 1 11 12 1 1 11 12 1 1 10 12 1 1 9 12 1 9 12 1 8 1 9 12 1 1 1 1 1 1 1 1 1 1 1 1 100 100 1 1 1 1 1 1 1 1 1 1 1 1 1 1 1 1 1 1 1 1 1 1 100 1 1 1 1
staticfield org/springframework/boot/context/properties/source/ConfigurationPropertyName$Elements NO_POSITION [I 0
staticfield org/springframework/boot/context/properties/source/ConfigurationPropertyName$Elements NO_TYPE [Lorg/springframework/boot/context/properties/source/ConfigurationPropertyName$ElementType; 0 [Lorg/springframework/boot/context/properties/source/ConfigurationPropertyName$ElementType;
staticfield org/springframework/boot/context/properties/source/ConfigurationPropertyName$Elements EMPTY Lorg/springframework/boot/context/properties/source/ConfigurationPropertyName$Elements; org/springframework/boot/context/properties/source/ConfigurationPropertyName$Elements
ciInstanceKlass org/springframework/boot/context/properties/source/ConfigurationPropertyName$ElementType 1 1 88 7 1 9 12 1 1 9 12 1 9 12 1 9 12 1 9 12 1 9 12 1 9 12 1 1 10 100 12 1 1 10 7 12 1 1 1 10 12 1 1 9 12 1 1 10 12 1 1 8 10 12 1 8 8 8 8 8 10 12 1 1 1 1 1 1 1 1 1 1 1 1 1 1 1 1 1 1 1 1 1 1 1 1 100 1 1 1
staticfield org/springframework/boot/context/properties/source/ConfigurationPropertyName$ElementType EMPTY Lorg/springframework/boot/context/properties/source/ConfigurationPropertyName$ElementType; org/springframework/boot/context/properties/source/ConfigurationPropertyName$ElementType
staticfield org/springframework/boot/context/properties/source/ConfigurationPropertyName$ElementType UNIFORM Lorg/springframework/boot/context/properties/source/ConfigurationPropertyName$ElementType; org/springframework/boot/context/properties/source/ConfigurationPropertyName$ElementType
staticfield org/springframework/boot/context/properties/source/ConfigurationPropertyName$ElementType DASHED Lorg/springframework/boot/context/properties/source/ConfigurationPropertyName$ElementType; org/springframework/boot/context/properties/source/ConfigurationPropertyName$ElementType
staticfield org/springframework/boot/context/properties/source/ConfigurationPropertyName$ElementType NON_UNIFORM Lorg/springframework/boot/context/properties/source/ConfigurationPropertyName$ElementType; org/springframework/boot/context/properties/source/ConfigurationPropertyName$ElementType
staticfield org/springframework/boot/context/properties/source/ConfigurationPropertyName$ElementType INDEXED Lorg/springframework/boot/context/properties/source/ConfigurationPropertyName$ElementType; org/springframework/boot/context/properties/source/ConfigurationPropertyName$ElementType
staticfield org/springframework/boot/context/properties/source/ConfigurationPropertyName$ElementType NUMERICALLY_INDEXED Lorg/springframework/boot/context/properties/source/ConfigurationPropertyName$ElementType; org/springframework/boot/context/properties/source/ConfigurationPropertyName$ElementType
staticfield org/springframework/boot/context/properties/source/ConfigurationPropertyName$ElementType $VALUES [Lorg/springframework/boot/context/properties/source/ConfigurationPropertyName$ElementType; 6 [Lorg/springframework/boot/context/properties/source/ConfigurationPropertyName$ElementType;
ciInstanceKlass org/springframework/boot/context/properties/source/ConfigurationPropertyName$ElementsParser 1 1 196 7 1 10 12 1 1 10 7 12 1 1 9 12 1 1 9 12 1 1 9 12 1 1 9 12 1 7 1 9 12 1 1 10 12 1 1 11 7 12 1 1 1 9 12 1 1 11 12 1 1 10 12 1 1 9 12 1 10 12 1 1 10 12 1 1 9 12 1 7 1 9 12 1 1 9 12 1 1 10 12 1 10 12 1 1 9 12 1 10 12 1 1 9 12 1 9 12 1 10 7 12 1 1 1 10 12 1 1 10 12 1 10 12 1 11 12 1 1 11 7 12 1 1 1 10 12 1 10 12 1 10 12 1 8 1 10 7 12 1 1 1 10 12 1 1 10 12 1 1 10 7 12 1 1 1 10 12 1 1 1 3 1 1 1 1 1 1 1 1 1 1 1 1 1 1 1 1 1 1 1 1 1 1 1 1 1 1 1 1 100 1 1 1 1 1
ciInstanceKlass  @bci org/springframework/boot/context/properties/source/SystemEnvironmentPropertyMapper convertName (Ljava/lang/String;)Lorg/springframework/boot/context/properties/source/ConfigurationPropertyName; 4 <appendix> member <vmtarget> ; 1 1 28 1 7 1 7 1 100 1 1 1 1 1 12 10 12 9 1 1 1 7 1 7 1 1 12 10 1 1
ciMethodData java/lang/Object <init> ()V 2 143873 orig 80 0 0 0 0 0 0 0 0 0 0 0 0 0 0 0 0 0 0 0 0 0 0 0 0 0 0 0 0 0 0 0 0 0 0 0 0 0 0 0 0 0 0 0 0 0 0 0 0 0 0 0 0 0 0 0 0 0 0 0 0 0 0 0 0 0 0 0 0 0 0 0 0 0 0 0 0 0 0 0 0 data 4 0x0 0x9 0x1 0x0 oops 0 methods 0
ciMethodData java/lang/String isLatin1 ()Z 2 526708 orig 80 1 0 0 0 1 0 0 0 0 0 0 0 241 2 0 0 0 0 0 0 0 0 0 0 0 0 0 0 0 0 0 0 0 0 0 0 0 0 0 2 0 0 0 0 0 0 0 0 0 0 0 0 0 0 0 0 0 0 0 0 0 0 0 0 0 0 0 0 0 0 0 0 0 0 0 0 0 0 0 0 data 18 0x30007 0x0 0x58 0x8097c 0x80000006000a0007 0x25 0x38 0x80959 0xe0003 0x80959 0x18 0x0 0x0 0x0 0x0 0x9 0x1 0x0 oops 0 methods 0
ciMethodData java/lang/String coder ()B 2 316029 orig 80 0 0 0 0 0 0 0 0 0 0 0 0 241 2 0 0 0 0 0 0 0 0 0 0 0 0 0 0 0 0 0 0 0 0 0 0 0 0 0 0 0 0 0 0 0 0 0 0 0 0 0 0 0 0 0 0 0 0 0 0 0 0 0 0 0 0 0 0 0 0 0 0 0 0 0 0 0 0 0 0 data 14 0x30007 0x0 0x38 0x4d27f 0xa0003 0x4d27f 0x18 0x0 0x0 0x0 0x0 0x9 0x1 0x0 oops 0 methods 0
ciMethodData java/lang/String length ()I 2 224263 orig 80 0 0 0 0 0 0 0 0 0 0 0 0 241 2 0 0 0 0 0 0 0 0 0 0 0 0 0 0 0 0 0 0 0 0 0 0 0 0 0 0 0 0 0 0 0 0 0 0 0 0 0 0 0 0 0 0 0 0 0 0 0 0 0 0 0 0 0 0 0 0 0 0 0 0 0 0 0 0 0 0 data 16 0x60005 0x36c0c 0x0 0x0 0x0 0x0 0x0 0x0 0x0 0x0 0x0 0x0 0x0 0x9 0x1 0x0 oops 0 methods 0
ciMethodData java/lang/String charAt (I)C 2 475851 orig 80 1 0 0 0 0 0 0 0 0 0 0 0 241 2 0 0 0 0 0 0 0 0 0 0 0 0 0 0 0 0 0 0 0 0 0 0 0 0 0 0 0 0 0 0 0 0 0 0 0 0 0 0 0 0 0 0 0 0 0 0 0 0 0 0 0 0 0 0 0 0 0 0 0 0 0 0 0 0 0 0 data 25 0x10005 0x742cb 0x0 0x0 0x0 0x0 0x0 0x40007 0x4 0x30 0x742cb 0xc0002 0x742ca 0x150002 0x4 0x0 0x0 0x0 0x0 0x0 0x0 0x9 0x2 0x0 0x0 oops 0 methods 0
ciMethodData java/lang/StringLatin1 charAt ([BI)C 2 475851 orig 80 0 0 0 0 0 0 0 0 0 0 0 0 241 2 0 0 0 0 0 0 0 0 0 0 0 0 0 0 0 0 0 0 0 0 0 0 0 0 0 0 0 0 0 0 0 0 0 0 0 0 0 0 0 0 0 0 0 0 0 0 0 0 0 0 0 0 0 0 0 0 0 0 0 0 0 0 0 0 0 0 data 12 0x30002 0x742cb 0x0 0x0 0x0 0x0 0x0 0x0 0x9 0x2 0x0 0x0 oops 0 methods 0
ciMethodData java/lang/String checkIndex (II)V 2 481792 orig 80 0 0 0 0 0 0 0 0 0 0 0 0 241 2 0 0 0 0 0 0 0 0 0 0 0 0 0 0 0 0 0 0 0 0 0 0 0 0 0 0 0 0 0 0 0 0 0 0 0 0 0 0 0 0 0 0 0 0 0 0 0 0 0 0 0 0 0 0 0 0 0 0 0 0 0 0 0 0 0 0 data 12 0x50002 0x75a01 0x0 0x0 0x0 0x0 0x0 0x0 0x9 0x2 0x0 0x0 oops 0 methods 0
ciMethodData java/lang/StringUTF16 charAt ([BI)C 1 4 orig 80 0 0 0 0 0 0 0 0 0 0 0 0 241 2 0 0 0 0 0 0 0 0 0 0 0 0 0 0 0 0 0 0 0 0 0 0 0 0 0 0 0 0 0 0 0 0 0 0 0 0 0 0 0 0 0 0 0 0 0 0 0 0 0 0 0 0 0 0 0 0 0 0 0 0 0 0 0 0 0 0 data 14 0x20002 0x4 0x70002 0x1 0x0 0x0 0x0 0x0 0x0 0x0 0x9 0x2 0x0 0x0 oops 0 methods 0
ciMethodData java/util/Arrays copyOfRange ([BII)[B 2 12870 orig 80 0 0 0 0 0 0 0 0 0 0 0 0 241 2 0 0 0 0 0 0 0 0 0 0 0 0 0 0 0 0 0 0 0 0 0 0 0 0 0 0 0 0 0 0 0 0 0 0 0 0 0 0 0 0 0 0 0 0 0 0 0 0 0 0 0 0 0 0 0 0 0 0 0 0 0 0 0 0 0 0 data 35 0x10007 0xf20 0x40 0x2326 0x70007 0xd5f 0x30 0x15c7 0xd0002 0x24e7 0x120005 0x0 0x0 0x2f1ea019d98 0xd5f 0x0 0x0 0x150004 0x0 0x0 0x2f1ea019d98 0xd5f 0x0 0x0 0x0 0x0 0x0 0x0 0x0 0x0 0x9 0x3 0x0 0x0 0x0 oops 2 13 [B 20 [B methods 0
ciMethodData java/util/Arrays copyOfRangeByte ([BII)[B 2 9447 orig 80 0 0 0 0 0 0 0 0 0 0 0 0 241 2 0 0 0 0 0 0 0 0 0 0 0 0 0 0 0 0 0 0 0 0 0 0 0 0 0 0 0 0 0 0 0 0 0 0 0 0 0 0 0 0 0 0 0 0 0 0 0 0 0 0 0 0 0 0 0 0 0 0 0 0 0 0 0 0 0 0 data 17 0x20002 0x24e7 0x180002 0x24e7 0x1b0002 0x24e6 0x0 0x0 0x0 0x0 0x0 0x0 0x9 0x3 0x0 0x0 0x0 oops 0 methods 0
ciMethodData java/util/Arrays checkLength (II)V 2 9448 orig 80 0 0 0 0 0 0 0 0 0 0 0 0 241 2 0 0 0 0 0 0 0 0 0 0 0 0 0 0 0 0 0 0 0 0 0 0 0 0 0 0 0 0 0 0 0 0 0 0 0 0 0 0 0 0 0 0 0 0 0 0 0 0 0 0 0 0 0 0 0 0 0 0 0 0 0 0 0 0 0 0 data 46 0x20007 0x24e8 0x120 0x0 0xd0002 0x0 0x110005 0x0 0x0 0x0 0x0 0x0 0x0 0x170005 0x0 0x0 0x0 0x0 0x0 0x0 0x1b0005 0x0 0x0 0x0 0x0 0x0 0x0 0x1e0005 0x0 0x0 0x0 0x0 0x0 0x0 0x210002 0x0 0x0 0x0 0x0 0x0 0x0 0x0 0x9 0x2 0x0 0x0 oops 0 methods 0
ciMethodData java/lang/String <init> ([BB)V 2 12470 orig 80 0 0 0 0 0 0 0 0 0 0 0 0 241 2 0 0 0 0 0 0 0 0 0 0 0 0 0 0 0 0 0 0 0 0 0 0 0 0 0 0 0 0 0 0 0 0 0 0 0 0 0 0 0 0 0 0 0 0 0 0 0 0 0 0 0 0 0 0 0 0 0 0 0 0 0 0 0 0 0 0 data 11 0x10002 0x30b6 0x0 0x0 0x0 0x0 0x9 0x3 0xc 0x0 0x0 oops 0 methods 0
ciMethodData java/lang/AbstractStringBuilder isLatin1 ()Z 2 28518 orig 80 1 0 0 0 2 0 0 0 0 0 0 0 241 2 0 0 0 0 0 0 0 0 0 0 0 0 0 0 0 0 0 0 0 0 0 0 0 0 0 4 0 0 0 0 0 0 0 0 0 0 0 0 0 0 0 0 0 0 0 0 0 0 0 0 0 0 0 0 0 0 0 0 0 0 0 0 0 0 0 0 data 18 0x30007 0x0 0x58 0x6f66 0x80000006000a0007 0xc 0x38 0x6f5e 0xe0003 0x6f5e 0x18 0x0 0x0 0x0 0x0 0x9 0x1 0x0 oops 0 methods 0
ciMethodData jdk/internal/util/Preconditions checkFromToIndex (IIILjava/util/function/BiFunction;)I 2 14583 orig 80 0 0 0 0 0 0 0 0 0 0 0 0 241 2 0 0 0 0 0 0 0 0 0 0 0 0 0 0 0 0 0 0 0 0 0 0 0 0 0 0 0 0 0 0 0 0 0 0 0 0 0 0 0 0 0 0 0 0 0 0 0 0 0 0 0 0 0 0 0 0 0 0 0 0 0 0 0 0 0 0 data 26 0x10007 0x0 0x60 0x38f7 0x60007 0x0 0x40 0x38f7 0xb0007 0x38f7 0x30 0x0 0x120002 0x0 0x0 0x0 0x0 0x0 0x0 0x0 0x9 0x4 0x0 0x0 0x0 0x0 oops 0 methods 0
ciMethodData java/lang/String substring (II)Ljava/lang/String; 2 5198 orig 80 0 0 0 0 0 0 0 0 0 0 0 0 241 2 0 0 0 0 0 0 0 0 0 0 0 0 0 0 0 0 0 0 0 0 0 0 0 0 0 0 0 0 0 0 0 0 0 0 0 0 0 0 0 0 0 0 0 0 0 0 0 0 0 0 0 0 0 0 0 0 0 0 0 0 0 0 0 0 0 0 data 46 0x10005 0x144e 0x0 0x0 0x0 0x0 0x0 0x80002 0x144e 0xc0007 0xa27 0x40 0xa27 0x110007 0x702 0x20 0x325 0x1c0005 0x1129 0x0 0x0 0x0 0x0 0x0 0x1f0007 0x0 0x48 0x1129 0x290002 0x1129 0x2c0003 0x1128 0x28 0x360002 0x0 0x0 0x0 0x0 0x0 0x0 0x0 0x9 0x3 0x0 0x0 0x0 oops 0 methods 0
ciMethodData java/lang/String checkBoundsBeginEnd (III)V 2 10581 orig 80 0 0 0 0 0 0 0 0 0 0 0 0 241 2 0 0 0 0 0 0 0 0 0 0 0 0 0 0 0 0 0 0 0 0 0 0 0 0 0 0 0 0 0 0 0 0 0 0 0 0 0 0 0 0 0 0 0 0 0 0 0 0 0 0 0 0 0 0 0 0 0 0 0 0 0 0 0 0 0 0 data 13 0x60002 0x2955 0x0 0x0 0x0 0x0 0x0 0x0 0x9 0x3 0x0 0x0 0x0 oops 0 methods 0
ciMethodData java/lang/StringLatin1 newString ([BII)Ljava/lang/String; 2 4400 orig 80 0 0 0 0 0 0 0 0 0 0 0 0 241 2 0 0 0 0 0 0 0 0 0 0 0 0 0 0 0 0 0 0 0 0 0 0 0 0 0 0 0 0 0 0 0 0 0 0 0 0 0 0 0 0 0 0 0 0 0 0 0 0 0 0 0 0 0 0 0 0 0 0 0 0 0 0 0 0 0 0 data 19 0x10007 0x112b 0x20 0x5 0x100002 0x112b 0x140002 0x112a 0x0 0x0 0x0 0x0 0x0 0x0 0x9 0x3 0x0 0x0 0x0 oops 0 methods 0
ciMethodData java/lang/StringBuilder length ()I 2 6087 orig 80 0 0 0 0 0 0 0 0 0 0 0 0 241 2 0 0 0 0 0 0 0 0 0 0 0 0 0 0 0 0 0 0 0 0 0 0 0 0 0 0 0 0 0 0 0 0 0 0 0 0 0 0 0 0 0 0 0 0 0 0 0 0 0 0 0 0 0 0 0 0 0 0 0 0 0 0 0 0 0 0 data 7 0x10002 0x17c7 0x0 0x0 0x9 0x1 0x0 oops 0 methods 0
ciMethodData java/lang/CharacterDataLatin1 toLowerCase (I)I 2 5746 orig 80 0 0 0 0 0 0 0 0 0 0 0 0 241 2 0 0 0 0 0 0 0 0 0 0 0 0 0 0 0 0 0 0 0 0 0 0 0 0 0 0 0 0 0 0 0 0 0 0 0 0 0 0 0 0 0 0 0 0 0 0 0 0 0 0 0 0 0 0 0 0 0 0 0 0 0 0 0 0 0 0 data 27 0x30007 0x121f 0x20 0x453 0x100007 0x1005 0x80 0x21a 0x170007 0x21a 0x60 0x0 0x1e0007 0x0 0x40 0x0 0x250007 0x0 0x20 0x0 0x0 0x0 0x0 0x9 0x2 0x0 0x0 oops 0 methods 0
ciMethodData java/lang/StringBuilder charAt (I)C 2 5578 orig 80 0 0 0 0 0 0 0 0 0 0 0 0 241 2 0 0 0 0 0 0 0 0 0 0 0 0 0 0 0 0 0 0 0 0 0 0 0 0 0 0 0 0 0 0 0 0 0 0 0 0 0 0 0 0 0 0 0 0 0 0 0 0 0 0 0 0 0 0 0 0 0 0 0 0 0 0 0 0 0 0 data 8 0x20002 0x15ca 0x0 0x0 0x9 0x2 0x0 0x0 oops 0 methods 0
ciMethodData java/lang/AbstractStringBuilder charAt (I)C 2 5570 orig 80 0 0 0 0 0 0 0 0 0 0 0 0 241 2 0 0 0 0 0 0 0 0 0 0 0 0 0 0 0 0 0 0 0 0 0 0 0 0 0 0 0 0 0 0 0 0 0 0 0 0 0 0 0 0 0 0 0 0 0 0 0 0 0 0 0 0 0 0 0 0 0 0 0 0 0 0 0 0 0 0 data 25 0x50002 0x15c2 0x90005 0x15c2 0x0 0x0 0x0 0x0 0x0 0xc0007 0x0 0x20 0x15c2 0x200002 0x0 0x0 0x0 0x0 0x0 0x0 0x0 0x9 0x2 0x0 0x0 oops 0 methods 0
ciMethodData java/lang/String subSequence (II)Ljava/lang/CharSequence; 2 4985 orig 80 0 0 0 0 0 0 0 0 0 0 0 0 0 0 0 0 0 0 0 0 0 0 0 0 0 0 0 0 0 0 0 0 0 0 0 0 0 0 0 0 0 0 0 0 0 0 0 0 0 0 0 0 0 0 0 0 0 0 0 0 0 0 0 0 0 0 0 0 0 0 0 0 0 0 0 0 0 0 0 0 data 18 0x30005 0x137a 0x0 0x0 0x0 0x0 0x0 0x0 0x0 0x0 0x0 0x0 0x0 0x9 0x3 0x0 0x0 0x0 oops 0 methods 0
ciMethodData java/lang/CharacterData of (I)Ljava/lang/CharacterData; 2 5147 orig 80 0 0 0 0 0 0 0 0 0 0 0 0 241 2 0 0 0 0 0 0 0 0 0 0 0 0 0 0 0 0 0 0 0 0 0 0 0 0 0 0 0 0 0 0 0 0 0 0 0 0 0 0 0 0 0 0 0 0 0 0 0 0 0 0 0 0 0 0 0 0 0 0 0 0 0 0 0 0 0 0 data 67 0x40007 0x0 0x20 0x141b 0xf0008 0x24 0x0 0x1c0 0x0 0x130 0x0 0x148 0x0 0x160 0x0 0x178 0x0 0x1c0 0x0 0x1c0 0x0 0x1c0 0x0 0x1c0 0x0 0x1c0 0x0 0x1c0 0x0 0x1c0 0x0 0x1c0 0x0 0x1c0 0x0 0x1c0 0x0 0x190 0x0 0x1a8 0x0 0x1a8 0x630003 0x0 0x90 0x690003 0x0 0x78 0x6f0003 0x0 0x60 0x750003 0x0 0x48 0x7b0003 0x0 0x30 0x810003 0x0 0x18 0x0 0x0 0x0 0x0 0x9 0x1 0x0 oops 0 methods 0
ciMethod org/springframework/util/Assert state (ZLjava/lang/String;)V 514 0 451 0 0
ciMethod org/springframework/boot/context/properties/source/SystemEnvironmentPropertyMapper processElementValue (Ljava/lang/CharSequence;)Ljava/lang/CharSequence; 268 0 134 0 0
ciMethod org/springframework/boot/context/properties/source/SystemEnvironmentPropertyMapper isNumber (Ljava/lang/String;)Z 268 0 134 0 -1
ciMethod org/springframework/boot/context/properties/source/ConfigurationPropertyName$Elements <init> (Ljava/lang/CharSequence;I[I[I[Lorg/springframework/boot/context/properties/source/ConfigurationPropertyName$ElementType;[Ljava/lang/CharSequence;)V 772 0 1319 0 0
ciMethod org/springframework/boot/context/properties/source/ConfigurationPropertyName$Elements getSize ()I 366 0 183 0 0
ciMethod org/springframework/boot/context/properties/source/ConfigurationPropertyName$Elements get (I)Ljava/lang/CharSequence; 110 0 4637 0 0
ciMethod org/springframework/boot/context/properties/source/ConfigurationPropertyName$Elements getType (I)Lorg/springframework/boot/context/properties/source/ConfigurationPropertyName$ElementType; 1024 0 9182 0 136
ciMethod org/springframework/boot/context/properties/source/ConfigurationPropertyName$ElementsParser parse (Ljava/util/function/Function;)Lorg/springframework/boot/context/properties/source/ConfigurationPropertyName$Elements; 280 3888 914 0 0
ciMethod org/springframework/boot/context/properties/source/ConfigurationPropertyName$ElementsParser updateType (Lorg/springframework/boot/context/properties/source/ConfigurationPropertyName$ElementType;CI)Lorg/springframework/boot/context/properties/source/ConfigurationPropertyName$ElementType; 858 0 7282 0 688
ciMethod org/springframework/boot/context/properties/source/ConfigurationPropertyName$ElementType isIndexed ()Z 398 0 199 0 0
ciMethod org/springframework/boot/context/properties/source/ConfigurationPropertyName$ElementsParser <init> (Ljava/lang/CharSequence;C)V 264 0 395 0 0
ciMethod org/springframework/boot/context/properties/source/ConfigurationPropertyName$ElementsParser <init> (Ljava/lang/CharSequence;CI)V 276 0 915 0 0
ciMethod org/springframework/boot/context/properties/source/ConfigurationPropertyName$ElementsParser parse ()Lorg/springframework/boot/context/properties/source/ConfigurationPropertyName$Elements; 98 0 654 0 0
ciMethod org/springframework/boot/context/properties/source/ConfigurationPropertyName$ElementsParser add (IILorg/springframework/boot/context/properties/source/ConfigurationPropertyName$ElementType;Ljava/util/function/Function;)V 520 0 2826 0 0
ciMethod org/springframework/boot/context/properties/source/ConfigurationPropertyName$ElementsParser expand ([I)[I 0 0 8 0 0
ciMethod org/springframework/boot/context/properties/source/ConfigurationPropertyName$ElementsParser expand ([Lorg/springframework/boot/context/properties/source/ConfigurationPropertyName$ElementType;)[Lorg/springframework/boot/context/properties/source/ConfigurationPropertyName$ElementType; 0 0 4 0 0
ciMethod org/springframework/boot/context/properties/source/ConfigurationPropertyName$ElementsParser expand ([Ljava/lang/CharSequence;)[Ljava/lang/CharSequence; 0 0 4 0 0
ciMethod org/springframework/boot/context/properties/source/ConfigurationPropertyName$ElementsParser isValidChar (CI)Z 608 0 7514 0 0
ciMethod org/springframework/boot/context/properties/source/ConfigurationPropertyName$ElementsParser isAlpha (C)Z 530 0 17155 0 0
ciMethod org/springframework/boot/context/properties/source/ConfigurationPropertyName$ElementsParser isNumeric (C)Z 32 0 1253 0 0
ciMethodData org/springframework/boot/context/properties/source/ConfigurationPropertyName$ElementsParser isAlpha (C)Z 2 16890 orig 80 0 0 0 0 0 0 0 0 0 0 0 0 241 2 0 0 0 0 0 0 0 0 0 0 0 0 0 0 0 0 0 0 0 0 0 0 0 0 0 0 0 0 0 0 0 0 0 0 0 0 0 0 0 0 0 0 0 0 0 0 0 0 0 0 0 0 0 0 0 0 0 0 0 0 0 0 0 0 0 0 data 15 0x30007 0x4aa 0x58 0x3d50 0x90007 0x0 0x38 0x3d50 0xd0003 0x3d50 0x18 0x0 0x9 0x1 0x0 oops 0 methods 0
ciMethodData org/springframework/util/Assert state (ZLjava/lang/String;)V 1 194 orig 80 0 0 0 0 0 0 0 0 0 0 0 0 241 2 0 0 0 0 0 0 0 0 0 0 0 0 0 0 0 0 0 0 0 0 0 0 0 0 0 0 0 0 0 0 0 0 0 0 0 0 0 0 0 0 0 0 0 0 0 0 0 0 0 0 0 0 0 0 0 0 0 0 0 0 0 0 0 0 0 0 data 13 0x10007 0xc2 0x30 0x0 0x90002 0x0 0x0 0x0 0x0 0x9 0x2 0x0 0x0 oops 0 methods 0
ciMethodData java/lang/Character toLowerCase (C)C 2 9464 orig 80 0 0 0 0 0 0 0 0 0 0 0 0 241 2 0 0 0 0 0 0 0 0 0 0 0 0 0 0 0 0 0 0 0 0 0 0 0 0 0 0 0 0 0 0 0 0 0 0 0 0 0 0 0 0 0 0 0 0 0 0 0 0 0 0 0 0 0 0 0 0 0 0 0 0 0 0 0 0 0 0 data 11 0x10002 0x24f8 0x0 0x0 0x0 0x0 0x0 0x0 0x9 0x1 0x0 oops 0 methods 0
ciMethodData java/lang/Character toLowerCase (I)I 2 9464 orig 80 0 0 0 0 0 0 0 0 0 0 0 0 241 2 0 0 0 0 0 0 0 0 0 0 0 0 0 0 0 0 0 0 0 0 0 0 0 0 0 0 0 0 0 0 0 0 0 0 0 0 0 0 0 0 0 0 0 0 0 0 0 0 0 0 0 0 0 0 0 0 0 0 0 0 0 0 0 0 0 0 data 18 0x10002 0x24f8 0x50005 0x0 0x0 0x2f1ead10f30 0x24f8 0x0 0x0 0x0 0x0 0x0 0x0 0x0 0x0 0x9 0x1 0x0 oops 1 5 java/lang/CharacterDataLatin1 methods 0
ciMethodData org/springframework/boot/context/properties/source/ConfigurationPropertyName$ElementsParser isNumeric (C)Z 2 1237 orig 80 0 0 0 0 0 0 0 0 0 0 0 0 241 2 0 0 0 0 0 0 0 0 0 0 0 0 0 0 0 0 0 0 0 0 0 0 0 0 0 0 0 0 0 0 0 0 0 0 0 0 0 0 0 0 0 0 0 0 0 0 0 0 0 0 0 0 0 0 0 0 0 0 0 0 0 0 0 0 0 0 data 15 0x30007 0x51 0x58 0x484 0x90007 0x3af 0x38 0xd5 0xd0003 0xd5 0x18 0x0 0x9 0x1 0x0 oops 0 methods 0
ciMethodData org/springframework/boot/context/properties/source/ConfigurationPropertyName$ElementsParser isValidChar (CI)Z 2 7210 orig 80 0 0 0 0 0 0 0 0 0 0 0 0 241 2 0 0 0 0 0 0 0 0 0 0 0 0 0 0 0 0 0 0 0 0 0 0 0 0 0 0 0 0 0 0 0 0 0 0 0 0 0 0 0 0 0 0 0 0 0 0 0 0 0 0 0 0 0 0 0 0 0 0 0 0 0 0 0 0 0 0 data 33 0x10002 0x1c2a 0x40007 0x1807 0x90 0x423 0x80002 0x423 0xb0007 0x62 0x60 0x3c1 0xf0007 0xfe 0x58 0x2c3 0x150007 0x2c1 0x38 0x2 0x190003 0x186b 0x18 0x0 0x0 0x0 0x0 0x0 0x0 0x9 0x2 0x0 0x0 oops 0 methods 0
ciMethodData org/springframework/boot/context/properties/source/ConfigurationPropertyName$ElementsParser updateType (Lorg/springframework/boot/context/properties/source/ConfigurationPropertyName$ElementType;CI)Lorg/springframework/boot/context/properties/source/ConfigurationPropertyName$ElementType; 2 6853 orig 80 0 0 0 0 0 0 0 0 0 0 0 0 241 2 0 0 0 0 0 0 0 0 0 0 0 0 0 0 0 0 0 0 0 0 0 0 0 0 0 0 0 0 0 0 0 0 0 0 0 0 0 0 0 0 0 0 0 0 0 0 0 0 0 0 0 0 0 0 0 0 0 0 0 0 0 0 0 0 0 0 data 76 0x10005 0x1ac5 0x0 0x0 0x0 0x0 0x0 0x40007 0x1aad 0x70 0x18 0xb0007 0x0 0x50 0x18 0xf0002 0x18 0x120007 0x18 0x20 0x0 0x1f0007 0x1656 0x88 0x457 0x240002 0x457 0x270007 0x82 0x58 0x3d5 0x2b0007 0x0 0x38 0x3d5 0x310003 0x3d5 0x18 0x3c0007 0x4b5 0x40 0x1223 0x420007 0x121d 0x20 0x6 0x4b0002 0x16d2 0x4e0007 0x139b 0x80 0x337 0x550007 0x2b5 0x60 0x82 0x590002 0x82 0x5d0002 0x82 0x600007 0x7c 0x20 0x6 0x0 0x0 0x0 0x0 0x0 0x0 0x9 0x4 0x0 0x0 0x0 0x0 oops 0 methods 0
ciMethodData org/springframework/boot/context/properties/source/ConfigurationPropertyName$Elements getType (I)Lorg/springframework/boot/context/properties/source/ConfigurationPropertyName$ElementType; 2 8670 orig 80 0 0 0 0 0 0 0 0 0 0 0 0 0 0 0 0 0 0 0 0 0 0 0 0 0 0 0 0 0 0 0 0 0 0 0 0 0 0 0 0 0 0 0 0 0 0 0 0 0 0 0 0 0 0 0 0 0 0 0 0 0 0 0 0 0 0 0 0 0 0 0 0 0 0 0 0 0 0 0 0 data 8 0x0 0x0 0x0 0x0 0x9 0x2 0x0 0x0 oops 0 methods 0
ciMethod  @bci org/springframework/boot/context/properties/source/SystemEnvironmentPropertyMapper convertName (Ljava/lang/String;)Lorg/springframework/boot/context/properties/source/ConfigurationPropertyName; 4 <appendix> member <vmtarget> ; apply (Ljava/lang/Object;)Ljava/lang/Object; 268 0 134 0 0
ciMethodData org/springframework/boot/context/properties/source/ConfigurationPropertyName$ElementsParser add (IILorg/springframework/boot/context/properties/source/ConfigurationPropertyName$ElementType;Ljava/util/function/Function;)V 2 2569 orig 80 0 0 0 0 0 0 0 0 0 0 0 0 241 2 0 0 0 0 0 0 0 0 0 0 0 0 0 0 0 0 0 0 0 0 0 0 0 0 0 0 0 0 0 0 0 0 0 0 0 0 0 0 0 0 0 0 0 0 0 0 0 0 0 0 0 0 0 0 0 0 0 0 0 0 0 0 0 0 0 0 data 147 0x40007 0x57 0x40 0x9b2 0xb0007 0x9ae 0x20 0x4 0x180007 0x9aa 0x100 0x4 0x210005 0x4 0x0 0x0 0x0 0x0 0x0 0x2d0005 0x4 0x0 0x0 0x0 0x0 0x0 0x390005 0x4 0x0 0x0 0x0 0x0 0x0 0x450005 0x4 0x0 0x0 0x0 0x0 0x0 0x4d0007 0x94f 0x258 0x5f 0x540007 0x1b 0x20 0x44 0x6b0005 0x0 0x0 0x2f1ea0021e8 0x5f 0x0 0x0 0x700005 0x0 0x0 0x2f1ebff92a8 0x5f 0x0 0x0 0x750004 0x0 0x0 0x2f1ea0021e8 0x5f 0x0 0x0 0x820002 0x5f 0x850005 0x0 0x0 0x2f1eb5c6ce0 0x5f 0x0 0x0 0x8c0005 0x0 0x0 0x2f1eb5c6fd8 0x5f 0x0 0x0 0x900007 0x0 0x38 0x5f 0x940003 0x5f 0x18 0x9a0002 0x5f 0xa80005 0x0 0x0 0x2f1eb5c6fd8 0x5f 0x0 0x0 0xab0004 0x0 0x0 0x2f1ea0021e8 0x5f 0x0 0x0 0xaf0005 0x0 0x0 0x2f1eb5c6fd8 0x5f 0x0 0x0 0xd00004 0x0 0x0 0x2f1eb5c95c0 0x9ae 0x0 0x0 0x0 0x0 0x0 0x0 0x0 0x0 0x0 0x0 0x0 0x0 0x0 0x0 0x0 0x0 0x0 0x0 0x0 0x0 0x9 0x5 0x0 0x0 0x0 0x0 0x0 oops 9 51 java/lang/String 58  @bci org/springframework/boot/context/properties/source/SystemEnvironmentPropertyMapper convertName (Ljava/lang/String;)Lorg/springframework/boot/context/properties/source/ConfigurationPropertyName; 4 <appendix> member <vmtarget> ; 65 java/lang/String 74 org/springframework/boot/context/properties/source/ConfigurationPropertyName$ElementsParser 81 org/springframework/boot/context/properties/source/ConfigurationPropertyName$Elements 97 org/springframework/boot/context/properties/source/ConfigurationPropertyName$Elements 104 java/lang/String 111 org/springframework/boot/context/properties/source/ConfigurationPropertyName$Elements 118 org/springframework/boot/context/properties/source/ConfigurationPropertyName$ElementType methods 0
ciMethodData org/springframework/boot/context/properties/source/ConfigurationPropertyName$ElementsParser expand ([I)[I 1 8 orig 80 0 0 0 0 0 0 0 0 0 0 0 0 241 2 0 0 0 0 0 0 0 0 0 0 0 0 0 0 0 0 0 0 0 0 0 0 0 0 0 0 0 0 0 0 0 0 0 0 0 0 0 0 0 0 0 0 0 0 0 0 0 0 0 0 0 0 0 0 0 0 0 0 0 0 0 0 0 0 0 0 data 12 0xe0002 0x8 0x0 0x0 0x0 0x0 0x0 0x0 0x9 0x2 0x0 0xffffffffffffffff oops 0 methods 0
ciMethodData org/springframework/boot/context/properties/source/ConfigurationPropertyName$ElementsParser expand ([Lorg/springframework/boot/context/properties/source/ConfigurationPropertyName$ElementType;)[Lorg/springframework/boot/context/properties/source/ConfigurationPropertyName$ElementType; 1 4 orig 80 0 0 0 0 0 0 0 0 0 0 0 0 241 2 0 0 0 0 0 0 0 0 0 0 0 0 0 0 0 0 0 0 0 0 0 0 0 0 0 0 0 0 0 0 0 0 0 0 0 0 0 0 0 0 0 0 0 0 0 0 0 0 0 0 0 0 0 0 0 0 0 0 0 0 0 0 0 0 0 0 data 12 0xf0002 0x4 0x0 0x0 0x0 0x0 0x0 0x0 0x9 0x2 0x0 0xffffffffffffffff oops 0 methods 0
ciMethodData org/springframework/boot/context/properties/source/ConfigurationPropertyName$ElementsParser expand ([Ljava/lang/CharSequence;)[Ljava/lang/CharSequence; 1 4 orig 80 0 0 0 0 0 0 0 0 0 0 0 0 241 2 0 0 0 0 0 0 0 0 0 0 0 0 0 0 0 0 0 0 0 0 0 0 0 0 0 0 0 0 0 0 0 0 0 0 0 0 0 0 0 0 0 0 0 0 0 0 0 0 0 0 0 0 0 0 0 0 0 0 0 0 0 0 0 0 0 0 data 16 0x10007 0x0 0x20 0x4 0x150002 0x0 0x0 0x0 0x0 0x0 0x0 0x0 0x9 0x2 0x0 0xffffffffffffffff oops 0 methods 0
ciMethodData org/springframework/boot/context/properties/source/ConfigurationPropertyName$ElementsParser <init> (Ljava/lang/CharSequence;C)V 1 263 orig 80 0 0 0 0 0 0 0 0 0 0 0 0 241 2 0 0 0 0 0 0 0 0 0 0 0 0 0 0 0 0 0 0 0 0 0 0 0 0 0 0 0 0 0 0 0 0 0 0 0 0 0 0 0 0 0 0 0 0 0 0 0 0 0 0 0 0 0 0 0 0 0 0 0 0 0 0 0 0 0 0 data 9 0x50002 0x107 0x0 0x0 0x9 0x3 0x0 0x0 0x0 oops 0 methods 0
ciMethodData org/springframework/boot/context/properties/source/ConfigurationPropertyName$ElementsParser <init> (Ljava/lang/CharSequence;CI)V 1 777 orig 80 0 0 0 0 0 0 0 0 0 0 0 0 241 2 0 0 0 0 0 0 0 0 0 0 0 0 0 0 0 0 0 0 0 0 0 0 0 0 0 0 0 0 0 0 0 0 0 0 0 0 0 0 0 0 0 0 0 0 0 0 0 0 0 0 0 0 0 0 0 0 0 0 0 0 0 0 0 0 0 0 data 12 0x10002 0x309 0x0 0x0 0x0 0x0 0x9 0x4 0x1c 0x0 0x0 0x0 oops 0 methods 0
ciMethodData org/springframework/boot/context/properties/source/ConfigurationPropertyName$ElementsParser parse ()Lorg/springframework/boot/context/properties/source/ConfigurationPropertyName$Elements; 1 605 orig 80 0 0 0 0 0 0 0 0 0 0 0 0 241 2 0 0 0 0 0 0 0 0 0 0 0 0 0 0 0 0 0 0 0 0 0 0 0 0 0 0 0 0 0 0 0 0 0 0 0 0 0 0 0 0 0 0 0 0 0 0 0 0 0 0 0 0 0 0 0 0 0 0 0 0 0 0 0 0 0 0 data 16 0x20005 0x0 0x0 0x2f1eb5c6ce0 0x25d 0x0 0x0 0x0 0x0 0x0 0x0 0x0 0x0 0x9 0x1 0x0 oops 1 3 org/springframework/boot/context/properties/source/ConfigurationPropertyName$ElementsParser methods 0
ciMethodData org/springframework/boot/context/properties/source/ConfigurationPropertyName$ElementsParser parse (Ljava/util/function/Function;)Lorg/springframework/boot/context/properties/source/ConfigurationPropertyName$Elements; 2 774 orig 80 0 0 0 0 0 0 0 0 0 0 0 0 241 2 0 0 0 0 0 0 0 0 0 0 0 0 0 0 0 0 0 0 0 0 0 0 0 0 0 0 0 0 0 0 0 0 0 0 0 0 0 0 0 0 0 0 0 0 0 0 0 0 0 0 0 0 0 0 0 0 0 0 0 0 0 0 0 0 0 0 data 115 0x40005 0x0 0x0 0x2f1ea0021e8 0x168 0x2f1ea005278 0x19e 0x1a0007 0x306 0x290 0x4003 0x230005 0x0 0x0 0x2f1ea0021e8 0x1459 0x2f1ea005278 0x2baa 0x2e0007 0x3fd6 0x90 0x2d 0x320007 0x0 0x58 0x2d 0x3d0005 0x2d 0x0 0x0 0x0 0x0 0x0 0x4e0003 0x2d 0x1a8 0x550007 0x3fa9 0x90 0x2d 0x5c0007 0x0 0x170 0x2d 0x670005 0x2d 0x0 0x0 0x0 0x0 0x0 0x750003 0x2d 0x118 0x7a0005 0x3fa9 0x0 0x0 0x0 0x0 0x0 0x7d0007 0x30 0x90 0x3f79 0x860007 0x38e3 0x70 0x696 0x910005 0x696 0x0 0x0 0x0 0x0 0x0 0x9f0003 0x696 0x50 0xac0005 0x3913 0x0 0x0 0x0 0x0 0x0 0xb40003 0x4003 0xfffffffffffffd88 0xb80007 0x306 0x20 0x0 0xc70005 0x306 0x0 0x0 0x0 0x0 0x0 0xe60002 0x306 0x0 0x0 0x0 0x0 0x0 0x0 0x0 0x0 0x0 0x9 0x2 0x0 0x0 oops 4 3 java/lang/String 5 java/lang/StringBuilder 14 java/lang/String 16 java/lang/StringBuilder methods 0
ciMethodData org/springframework/boot/context/properties/source/ConfigurationPropertyName$Elements get (I)Ljava/lang/CharSequence; 2 4582 orig 80 0 0 0 0 0 0 0 0 0 0 0 0 241 2 0 0 0 0 0 0 0 0 0 0 0 0 0 0 0 0 0 0 0 0 0 0 0 0 0 0 0 0 0 0 0 0 0 0 0 0 0 0 0 0 0 0 0 0 0 0 0 0 0 0 0 0 0 0 0 0 0 0 0 0 0 0 0 0 0 0 data 25 0x40007 0xb69 0x40 0x67d 0xd0007 0x501 0x20 0x17c 0x2b0005 0x0 0x0 0x2f1ea0021e8 0x106a 0x0 0x0 0x0 0x0 0x0 0x0 0x0 0x0 0x9 0x2 0x0 0x0 oops 1 11 java/lang/String methods 0
ciMethodData org/springframework/boot/context/properties/source/ConfigurationPropertyName$Elements <init> (Ljava/lang/CharSequence;I[I[I[Lorg/springframework/boot/context/properties/source/ConfigurationPropertyName$ElementType;[Ljava/lang/CharSequence;)V 1 934 orig 80 0 0 0 0 0 0 0 0 0 0 0 0 241 2 0 0 0 0 0 0 0 0 0 0 0 0 0 0 0 0 0 0 0 0 0 0 0 0 0 0 0 0 0 0 0 0 0 0 0 0 0 0 0 0 0 0 0 0 0 0 0 0 0 0 0 0 0 0 0 0 0 0 0 0 0 0 0 0 0 0 data 15 0x10002 0x3a6 0x0 0x0 0x0 0x0 0x9 0x7 0x1e 0x0 0x0 0x0 0x0 0x0 0x0 oops 0 methods 0
compile org/springframework/boot/context/properties/source/ConfigurationPropertyName$ElementsParser parse (Ljava/util/function/Function;)Lorg/springframework/boot/context/properties/source/ConfigurationPropertyName$Elements; -1 4 inline 75 0 -1 0 org/springframework/boot/context/properties/source/ConfigurationPropertyName$ElementsParser parse (Ljava/util/function/Function;)Lorg/springframework/boot/context/properties/source/ConfigurationPropertyName$Elements; 1 4 0 java/lang/StringBuilder length ()I 2 1 0 java/lang/AbstractStringBuilder length ()I 1 4 0 java/lang/String length ()I 2 6 0 java/lang/String coder ()B 1 35 0 java/lang/StringBuilder charAt (I)C 2 2 0 java/lang/AbstractStringBuilder charAt (I)C 3 5 0 java/lang/String checkIndex (II)V 3 9 0 java/lang/AbstractStringBuilder isLatin1 ()Z 1 35 0 java/lang/String charAt (I)C 2 1 0 java/lang/String isLatin1 ()Z 2 12 0 java/lang/StringLatin1 charAt ([BI)C 3 3 0 java/lang/String checkIndex (II)V 1 122 0 org/springframework/boot/context/properties/source/ConfigurationPropertyName$ElementType isIndexed ()Z 1 145 0 org/springframework/boot/context/properties/source/ConfigurationPropertyName$ElementsParser add (IILorg/springframework/boot/context/properties/source/ConfigurationPropertyName$ElementType;Ljava/util/function/Function;)V 2 107 0 java/lang/String subSequence (II)Ljava/lang/CharSequence; 3 3 0 java/lang/String substring (II)Ljava/lang/String; 4 1 0 java/lang/String length ()I 5 6 0 java/lang/String coder ()B 4 8 0 java/lang/String checkBoundsBeginEnd (III)V 5 6 0 jdk/internal/util/Preconditions checkFromToIndex (IIILjava/util/function/BiFunction;)I 4 28 0 java/lang/String isLatin1 ()Z 4 41 0 java/lang/StringLatin1 newString ([BII)Ljava/lang/String; 5 16 0 java/util/Arrays copyOfRange ([BII)[B 6 13 0 java/util/Arrays copyOfRangeByte ([BII)[B 7 2 0 java/util/Arrays checkLength (II)V 5 20 0 java/lang/String <init> ([BB)V 6 1 0 java/lang/Object <init> ()V 2 112 0  @bci org/springframework/boot/context/properties/source/SystemEnvironmentPropertyMapper convertName (Ljava/lang/String;)Lorg/springframework/boot/context/properties/source/ConfigurationPropertyName; 4 <appendix> member <vmtarget> ; apply (Ljava/lang/Object;)Ljava/lang/Object; 2 130 0 org/springframework/boot/context/properties/source/ConfigurationPropertyName$ElementsParser <init> (Ljava/lang/CharSequence;C)V 3 5 0 org/springframework/boot/context/properties/source/ConfigurationPropertyName$ElementsParser <init> (Ljava/lang/CharSequence;CI)V 4 1 0 java/lang/Object <init> ()V 2 133 0 org/springframework/boot/context/properties/source/ConfigurationPropertyName$ElementsParser parse ()Lorg/springframework/boot/context/properties/source/ConfigurationPropertyName$Elements; 2 140 0 org/springframework/boot/context/properties/source/ConfigurationPropertyName$Elements getSize ()I 2 154 0 org/springframework/util/Assert state (ZLjava/lang/String;)V 2 175 0 org/springframework/boot/context/properties/source/ConfigurationPropertyName$Elements getType (I)Lorg/springframework/boot/context/properties/source/ConfigurationPropertyName$ElementType; 1 172 0 org/springframework/boot/context/properties/source/ConfigurationPropertyName$ElementsParser updateType (Lorg/springframework/boot/context/properties/source/ConfigurationPropertyName$ElementType;CI)Lorg/springframework/boot/context/properties/source/ConfigurationPropertyName$ElementType; 2 1 0 org/springframework/boot/context/properties/source/ConfigurationPropertyName$ElementType isIndexed ()Z 2 36 0 org/springframework/boot/context/properties/source/ConfigurationPropertyName$ElementsParser isValidChar (CI)Z 3 1 0 org/springframework/boot/context/properties/source/ConfigurationPropertyName$ElementsParser isAlpha (C)Z 3 8 0 org/springframework/boot/context/properties/source/ConfigurationPropertyName$ElementsParser isNumeric (C)Z 2 75 0 org/springframework/boot/context/properties/source/ConfigurationPropertyName$ElementsParser isValidChar (CI)Z 3 1 0 org/springframework/boot/context/properties/source/ConfigurationPropertyName$ElementsParser isAlpha (C)Z 3 8 0 org/springframework/boot/context/properties/source/ConfigurationPropertyName$ElementsParser isNumeric (C)Z 2 89 0 java/lang/Character toLowerCase (C)C 3 1 0 java/lang/Character toLowerCase (I)I 4 1 0 java/lang/CharacterData of (I)Ljava/lang/CharacterData; 4 5 0 java/lang/CharacterDataLatin1 toLowerCase (I)I 2 93 0 org/springframework/boot/context/properties/source/ConfigurationPropertyName$ElementsParser isValidChar (CI)Z 3 1 0 org/springframework/boot/context/properties/source/ConfigurationPropertyName$ElementsParser isAlpha (C)Z 3 8 0 org/springframework/boot/context/properties/source/ConfigurationPropertyName$ElementsParser isNumeric (C)Z 1 199 0 org/springframework/boot/context/properties/source/ConfigurationPropertyName$ElementsParser add (IILorg/springframework/boot/context/properties/source/ConfigurationPropertyName$ElementType;Ljava/util/function/Function;)V 2 107 0 java/lang/String subSequence (II)Ljava/lang/CharSequence; 3 3 0 java/lang/String substring (II)Ljava/lang/String; 4 1 0 java/lang/String length ()I 5 6 0 java/lang/String coder ()B 4 8 0 java/lang/String checkBoundsBeginEnd (III)V 5 6 0 jdk/internal/util/Preconditions checkFromToIndex (IIILjava/util/function/BiFunction;)I 4 28 0 java/lang/String isLatin1 ()Z 4 41 0 java/lang/StringLatin1 newString ([BII)Ljava/lang/String; 5 16 0 java/util/Arrays copyOfRange ([BII)[B 6 13 0 java/util/Arrays copyOfRangeByte ([BII)[B 7 2 0 java/util/Arrays checkLength (II)V 5 20 0 java/lang/String <init> ([BB)V 6 1 0 java/lang/Object <init> ()V 2 112 0  @bci org/springframework/boot/context/properties/source/SystemEnvironmentPropertyMapper convertName (Ljava/lang/String;)Lorg/springframework/boot/context/properties/source/ConfigurationPropertyName; 4 <appendix> member <vmtarget> ; apply (Ljava/lang/Object;)Ljava/lang/Object; 2 130 0 org/springframework/boot/context/properties/source/ConfigurationPropertyName$ElementsParser <init> (Ljava/lang/CharSequence;C)V 3 5 0 org/springframework/boot/context/properties/source/ConfigurationPropertyName$ElementsParser <init> (Ljava/lang/CharSequence;CI)V 4 1 0 java/lang/Object <init> ()V 2 133 0 org/springframework/boot/context/properties/source/ConfigurationPropertyName$ElementsParser parse ()Lorg/springframework/boot/context/properties/source/ConfigurationPropertyName$Elements; 2 140 0 org/springframework/boot/context/properties/source/ConfigurationPropertyName$Elements getSize ()I 2 154 0 org/springframework/util/Assert state (ZLjava/lang/String;)V 2 175 0 org/springframework/boot/context/properties/source/ConfigurationPropertyName$Elements getType (I)Lorg/springframework/boot/context/properties/source/ConfigurationPropertyName$ElementType; 1 230 0 org/springframework/boot/context/properties/source/ConfigurationPropertyName$Elements <init> (Ljava/lang/CharSequence;I[I[I[Lorg/springframework/boot/context/properties/source/ConfigurationPropertyName$ElementType;[Ljava/lang/CharSequence;)V 2 1 0 java/lang/Object <init> ()V
