version 2
JvmtiExport can_access_local_variables 0
JvmtiExport can_hotswap_or_post_breakpoint 0
JvmtiExport can_post_on_exceptions 0
# 692 ciObject found
instanceKlass jdk/internal/loader/BuiltinClassLoader
ciInstanceKlass java/lang/Cloneable 1 0 7 100 1 100 1 1 1
instanceKlass jakarta/mail/internet/MimePart
instanceKlass jakarta/mail/Part
instanceKlass org/springframework/data/jpa/repository/JpaRepository
instanceKlass jakarta/activation/MimeType
instanceKlass org/springframework/data/repository/query/QueryByExampleExecutor
instanceKlass org/springframework/data/repository/ListPagingAndSortingRepository
instanceKlass org/springframework/data/repository/PagingAndSortingRepository
instanceKlass org/springframework/data/repository/ListCrudRepository
instanceKlass org/springframework/data/repository/CrudRepository
instanceKlass org/springframework/data/repository/Repository
instanceKlass com/fasterxml/jackson/databind/util/internal/Linked
instanceKlass com/fasterxml/jackson/databind/util/internal/PrivateMaxEntriesMap$Builder
instanceKlass org/springframework/jdbc/core/namedparam/NamedParameterJdbcOperations
instanceKlass com/fasterxml/jackson/databind/util/LRUMap
instanceKlass com/fasterxml/jackson/databind/util/LookupCache
instanceKlass org/springframework/data/jdbc/repository/config/AbstractJdbcConfiguration
instanceKlass java/beans/ConstructorProperties
instanceKlass java/beans/Transient
instanceKlass com/fasterxml/jackson/databind/util/ClassUtil$Ctor
instanceKlass reactor/core/publisher/Mono
instanceKlass com/fasterxml/jackson/databind/util/ClassUtil
instanceKlass reactor/core/CorePublisher
instanceKlass org/springframework/jmx/support/MBeanRegistrationSupport
instanceKlass org/springframework/jmx/export/MBeanExportOperations
instanceKlass com/fasterxml/jackson/databind/ext/Java7Support
instanceKlass com/fasterxml/jackson/annotation/JsonMerge
instanceKlass com/fasterxml/jackson/databind/annotation/JsonDeserialize
instanceKlass com/fasterxml/jackson/annotation/JsonManagedReference
instanceKlass com/fasterxml/jackson/annotation/JsonBackReference
instanceKlass com/fasterxml/jackson/annotation/JsonUnwrapped
instanceKlass com/fasterxml/jackson/annotation/JsonRawValue
instanceKlass com/fasterxml/jackson/annotation/JsonTypeInfo
instanceKlass com/fasterxml/jackson/annotation/JsonFormat
instanceKlass com/fasterxml/jackson/annotation/JsonView
instanceKlass com/fasterxml/jackson/databind/annotation/JsonSerialize
instanceKlass org/springframework/aop/framework/ProxyConfig
instanceKlass com/fasterxml/jackson/databind/introspect/ConcreteBeanPropertyBase
instanceKlass com/fasterxml/jackson/databind/BeanProperty
instanceKlass org/springframework/cache/CacheManager
instanceKlass javax/sql/DataSource
instanceKlass java/sql/Wrapper
instanceKlass javax/sql/CommonDataSource
instanceKlass com/fasterxml/jackson/databind/introspect/BeanPropertyDefinition
instanceKlass com/fasterxml/jackson/databind/util/Named
instanceKlass com/fasterxml/jackson/databind/introspect/TypeResolutionContext
instanceKlass org/springframework/boot/autoconfigure/condition/ConditionMessage$ItemsBuilder
instanceKlass com/fasterxml/jackson/databind/introspect/Annotated
instanceKlass org/springframework/boot/autoconfigure/condition/ConditionMessage$Builder
instanceKlass org/springframework/boot/autoconfigure/condition/ConditionMessage
instanceKlass org/springframework/boot/autoconfigure/condition/ConditionalOnClass
instanceKlass org/springframework/boot/autoconfigure/condition/ConditionOutcome
instanceKlass java/lang/Thread$ThreadNumbering
instanceKlass  @bci org/springframework/boot/autoconfigure/condition/OnClassCondition$ThreadedOutcomesResolver <init> (Lorg/springframework/boot/autoconfigure/condition/OnClassCondition$OutcomesResolver;)V 11 <appendix> member <vmtarget> ; # org/springframework/boot/autoconfigure/condition/OnClassCondition$ThreadedOutcomesResolver$$Lambda+0x00000207012ba1d8
instanceKlass org/springframework/boot/autoconfigure/condition/OnClassCondition$ThreadedOutcomesResolver
instanceKlass com/fasterxml/jackson/databind/introspect/ClassIntrospector
instanceKlass com/fasterxml/jackson/databind/introspect/VisibilityChecker
instanceKlass org/springframework/boot/autoconfigure/condition/OnClassCondition$StandardOutcomesResolver
instanceKlass org/springframework/boot/autoconfigure/AutoConfigurationMetadataLoader$PropertiesAutoConfigurationMetadata
instanceKlass com/fasterxml/jackson/core/type/ResolvedType
instanceKlass com/fasterxml/jackson/core/util/BufferRecycler$Gettable
instanceKlass com/fasterxml/jackson/core/JsonParser
instanceKlass com/fasterxml/jackson/databind/Module$SetupContext
instanceKlass com/fasterxml/jackson/databind/jsontype/TypeResolverBuilder
instanceKlass com/fasterxml/jackson/databind/JsonSerializable$Base
instanceKlass com/fasterxml/jackson/databind/JsonSerializable
instanceKlass com/fasterxml/jackson/core/TreeNode
instanceKlass org/springframework/boot/autoconfigure/AutoConfigurationMetadata
instanceKlass org/springframework/boot/autoconfigure/AutoConfigurationMetadataLoader
instanceKlass org/springframework/boot/autoconfigure/AutoConfigurationImportSelector$ConfigurationClassFilter
instanceKlass com/fasterxml/jackson/databind/jsontype/PolymorphicTypeValidator
instanceKlass com/fasterxml/jackson/databind/introspect/AccessorNamingStrategy$Provider
instanceKlass org/springframework/boot/autoconfigure/condition/OnClassCondition$OutcomesResolver
instanceKlass org/springframework/boot/autoconfigure/condition/OnBeanCondition$Spec
instanceKlass org/springframework/boot/autoconfigure/condition/SpringBootCondition
instanceKlass org/springframework/context/annotation/ConfigurationCondition
instanceKlass com/fasterxml/jackson/databind/AnnotationIntrospector
instanceKlass org/springframework/boot/autoconfigure/AutoConfigurationImportFilter
instanceKlass  @bci org/springframework/boot/autoconfigure/AutoConfigurationImportSelector getExcludeAutoConfigurationsProperty ()Ljava/util/List; 35 <appendix> argL0 ; # org/springframework/boot/autoconfigure/AutoConfigurationImportSelector$$Lambda+0x00000207012af7c0
instanceKlass  @bci org/springframework/boot/autoconfigure/AutoConfigurationImportSelector getAttributes (Lorg/springframework/core/type/AnnotationMetadata;)Lorg/springframework/core/annotation/AnnotationAttributes; 23 <appendix> member <vmtarget> ; # org/springframework/boot/autoconfigure/AutoConfigurationImportSelector$$Lambda+0x00000207012aeec0
instanceKlass  @bci org/springframework/boot/autoconfigure/AutoConfigurationImportSelector$AutoConfigurationGroup process (Lorg/springframework/core/type/AnnotationMetadata;Lorg/springframework/context/annotation/DeferredImportSelector;)V 5 <appendix> member <vmtarget> ; # org/springframework/boot/autoconfigure/AutoConfigurationImportSelector$AutoConfigurationGroup$$Lambda+0x00000207012aeca0
instanceKlass  @bci org/springframework/context/annotation/ConfigurationClassParser$DeferredImportSelectorGroupingHandler register (Lorg/springframework/context/annotation/ConfigurationClassParser$DeferredImportSelectorHolder;)V 25 <appendix> member <vmtarget> ; # org/springframework/context/annotation/ConfigurationClassParser$DeferredImportSelectorGroupingHandler$$Lambda+0x00000207012aea60
instanceKlass org/springframework/context/annotation/ConfigurationClassParser$DeferredImportSelectorGrouping
instanceKlass org/springframework/boot/autoconfigure/AutoConfigurationImportSelector$AutoConfigurationGroup
instanceKlass org/springframework/context/annotation/DeferredImportSelector$Group
instanceKlass com/fasterxml/jackson/databind/ser/SerializerFactory
instanceKlass  @bci org/springframework/context/annotation/ConfigurationClassParser$DeferredImportSelectorHandler process ()V 42 <appendix> member <vmtarget> ; # org/springframework/context/annotation/ConfigurationClassParser$DeferredImportSelectorHandler$$Lambda+0x00000207012adf70
instanceKlass org/springframework/context/annotation/ConfigurationClassParser$DeferredImportSelectorGroupingHandler
instanceKlass  @bci org/springframework/core/type/StandardAnnotationMetadata getAnnotatedMethods (Ljava/lang/String;)Ljava/util/Set; 27 <appendix> member <vmtarget> ; # org/springframework/core/type/StandardAnnotationMetadata$$Lambda+0x00000207012acba8
instanceKlass  @bci org/springframework/boot/autoconfigure/AutoConfigurationImportSelector getExclusionFilter ()Ljava/util/function/Predicate; 1 <appendix> member <vmtarget> ; # org/springframework/boot/autoconfigure/AutoConfigurationImportSelector$$Lambda+0x00000207012ac958
instanceKlass org/springframework/boot/autoconfigure/AutoConfigurationImportSelector$AutoConfigurationEntry
instanceKlass com/fasterxml/jackson/databind/deser/DeserializerFactory
instanceKlass com/fasterxml/jackson/databind/DatabindContext
instanceKlass org/springframework/context/annotation/ConfigurationMethod
instanceKlass com/fasterxml/jackson/databind/jsontype/SubtypeResolver
instanceKlass com/fasterxml/jackson/core/TokenStreamFactory
instanceKlass java/text/Format
instanceKlass com/fasterxml/jackson/databind/cfg/HandlerInstantiator
instanceKlass com/fasterxml/jackson/databind/Module
instanceKlass org/springframework/http/converter/json/Jackson2ObjectMapperBuilder
instanceKlass  @bci org/springframework/core/type/AnnotationMetadata getAnnotationTypes ()Ljava/util/Set; 31 <appendix> argL0 ; # org/springframework/core/type/AnnotationMetadata$$Lambda+0x00000207012a6e10
instanceKlass  @bci org/springframework/core/type/AnnotationMetadata getAnnotationTypes ()Ljava/util/Set; 21 <appendix> argL0 ; # org/springframework/core/type/AnnotationMetadata$$Lambda+0x00000207012a6bd8
instanceKlass  @bci org/springframework/core/type/AnnotationMetadata getAnnotationTypes ()Ljava/util/Set; 11 <appendix> argL0 ; # org/springframework/core/type/AnnotationMetadata$$Lambda+0x00000207012a6990
instanceKlass org/springframework/core/annotation/MergedAnnotationsCollection$AnnotationsSpliterator
instanceKlass com/fasterxml/jackson/core/PrettyPrinter
instanceKlass com/fasterxml/jackson/core/util/DefaultPrettyPrinter$Indenter
instanceKlass org/springframework/http/converter/GenericHttpMessageConverter
instanceKlass org/springframework/beans/factory/annotation/Lookup
instanceKlass  @bci javax/xml/transform/FactoryFinder newInstance (Ljava/lang/Class;Ljava/lang/String;Ljava/lang/ClassLoader;Z)Ljava/lang/Object; 107 <appendix> member <vmtarget> ; # javax/xml/transform/FactoryFinder$$Lambda+0x00000207010ff488
instanceKlass jdk/xml/internal/JdkProperty
instanceKlass org/springframework/data/annotation/QueryAnnotation
instanceKlass org/springframework/data/jpa/repository/Query
instanceKlass jdk/xml/internal/XMLSecurityManager
instanceKlass com/sun/org/apache/xalan/internal/utils/FeaturePropertyBase
instanceKlass org/springframework/stereotype/Repository
instanceKlass jdk/xml/internal/JdkXmlFeatures
instanceKlass jdk/xml/internal/JdkConstants
instanceKlass javax/xml/catalog/CatalogFeatures$Builder
instanceKlass javax/xml/catalog/CatalogFeatures
instanceKlass jdk/xml/internal/TransformErrorListener
instanceKlass javax/xml/transform/ErrorListener
instanceKlass com/sun/org/apache/xalan/internal/xsltc/compiler/SourceLoader
instanceKlass  @bci jdk/xml/internal/SecuritySupport getContextClassLoader ()Ljava/lang/ClassLoader; 0 <appendix> argL0 ; # jdk/xml/internal/SecuritySupport$$Lambda+0x00000207010fb3f8
instanceKlass  @bci javax/xml/transform/FactoryFinder find (Ljava/lang/Class;Ljava/lang/String;)Ljava/lang/Object; 123 <appendix> member <vmtarget> ; # javax/xml/transform/FactoryFinder$$Lambda+0x00000207010fb1d8
instanceKlass javax/xml/transform/FactoryFinder$1
instanceKlass  @bci jdk/xml/internal/SecuritySupport getFileInputStream (Ljava/io/File;)Ljava/io/FileInputStream; 1 <appendix> member <vmtarget> ; # jdk/xml/internal/SecuritySupport$$Lambda+0x00000207010fad90
instanceKlass  @bci jdk/xml/internal/SecuritySupport doesFileExist (Ljava/io/File;)Z 1 <appendix> member <vmtarget> ; # jdk/xml/internal/SecuritySupport$$Lambda+0x00000207010fab70
instanceKlass  @bci javax/xml/transform/FactoryFinder find (Ljava/lang/Class;Ljava/lang/String;)Ljava/lang/Object; 24 <appendix> member <vmtarget> ; # javax/xml/transform/FactoryFinder$$Lambda+0x00000207010fa950
instanceKlass  @bci jdk/xml/internal/SecuritySupport getSystemProperty (Ljava/lang/String;)Ljava/lang/String; 1 <appendix> member <vmtarget> ; # jdk/xml/internal/SecuritySupport$$Lambda+0x00000207010fa730
instanceKlass jdk/xml/internal/SecuritySupport
instanceKlass javax/xml/transform/FactoryFinder
instanceKlass javax/xml/transform/TransformerFactory
instanceKlass  @bci org/springframework/http/converter/xml/Jaxb2RootElementHttpMessageConverter <clinit> ()V 0 <appendix> argL0 ; # org/springframework/http/converter/xml/Jaxb2RootElementHttpMessageConverter$$Lambda+0x00000207012a46e8
instanceKlass sun/invoke/util/VerifyAccess$1
instanceKlass jakarta/persistence/PrePersist
instanceKlass javax/xml/transform/Result
instanceKlass org/springframework/transaction/annotation/Transactional
instanceKlass org/apache/commons/logging/impl/NoOpLog
instanceKlass org/springframework/core/log/CompositeLog
instanceKlass org/springframework/core/log/LogDelegateFactory
instanceKlass jakarta/persistence/Index
instanceKlass jakarta/persistence/UniqueConstraint
instanceKlass jakarta/persistence/Table
instanceKlass jakarta/persistence/Entity
instanceKlass com/fasterxml/jackson/annotation/JsonIgnoreProperties
instanceKlass  @bci org/springframework/core/type/classreading/MergedAnnotationReadingVisitor visitEnum (Ljava/lang/String;Ljava/lang/String;Ljava/lang/String;)V 5 <appendix> member <vmtarget> ; # org/springframework/core/type/classreading/MergedAnnotationReadingVisitor$$Lambda+0x00000207012a07d8
instanceKlass com/fasterxml/jackson/annotation/JsonInclude
instanceKlass org/springframework/http/HttpLogging
instanceKlass org/springframework/http/converter/AbstractHttpMessageConverter
instanceKlass com/google/gson/Gson
instanceKlass com/fasterxml/jackson/core/JsonGenerator
instanceKlass com/fasterxml/jackson/core/TreeCodec
instanceKlass com/fasterxml/jackson/core/Versioned
instanceKlass jakarta/xml/bind/Binder
instanceKlass org/springframework/util/MimeType$SpecificityComparator
instanceKlass  @bci org/springframework/http/MediaType <clinit> ()V 486 <appendix> argL0 ; # org/springframework/http/MediaType$$Lambda+0x000002070129d3b0
instanceKlass  @bci org/springframework/util/MimeType <init> (Ljava/lang/String;Ljava/lang/String;Ljava/util/Map;)V 77 <appendix> member <vmtarget> ; # org/springframework/util/MimeType$$Lambda+0x000002070129d180
instanceKlass org/springframework/util/LinkedCaseInsensitiveMap
instanceKlass org/springframework/util/MimeType
instanceKlass org/springframework/http/HttpOutputMessage
instanceKlass org/springframework/http/HttpMessage
instanceKlass org/springframework/http/StreamingHttpOutputMessage$Body
instanceKlass org/springframework/http/converter/FormHttpMessageConverter
instanceKlass org/springframework/http/converter/HttpMessageConverter
instanceKlass org/springframework/boot/autoconfigure/BackgroundPreinitializer$MessageConverterInitializer
instanceKlass com/fasterxml/jackson/annotation/JacksonAnnotation
instanceKlass com/fasterxml/jackson/annotation/JsonProperty
instanceKlass org/springframework/web/bind/annotation/PatchMapping
instanceKlass org/springframework/web/bind/annotation/GetMapping
instanceKlass org/hibernate/validator/internal/engine/validationcontext/ValidatorScopedContext
instanceKlass jakarta/validation/groups/Default
instanceKlass jakarta/validation/valueextraction/ValueExtractor$ValueReceiver
instanceKlass org/hibernate/validator/internal/engine/validationcontext/BaseBeanValidationContext
instanceKlass org/hibernate/validator/internal/engine/validationcontext/ValidationContext
instanceKlass org/hibernate/validator/internal/engine/valuecontext/ValueContext
instanceKlass jakarta/validation/Path$Node
instanceKlass jakarta/validation/Path
instanceKlass org/hibernate/validator/internal/engine/ValidatorImpl
instanceKlass jakarta/validation/executable/ExecutableValidator
instanceKlass org/hibernate/validator/group/GroupSequenceProvider
instanceKlass jakarta/validation/GroupSequence
instanceKlass org/hibernate/validator/internal/metadata/raw/BeanConfiguration
instanceKlass org/hibernate/validator/internal/util/privilegedactions/GetDeclaredConstructors
instanceKlass sun/reflect/misc/ReflectUtil
instanceKlass java/lang/reflect/AnnotatedWildcardType
instanceKlass org/hibernate/validator/internal/properties/javabean/JavaBeanHelper$JavaBeanPropertyImpl
instanceKlass org/hibernate/validator/spi/nodenameprovider/JavaBeanProperty
instanceKlass org/hibernate/validator/internal/properties/PropertyAccessor
instanceKlass jdk/internal/vm/annotation/IntrinsicCandidate
instanceKlass org/hibernate/validator/internal/metadata/provider/AnnotationMetaDataProvider$TypeArgumentExecutableParameterLocation
instanceKlass org/hibernate/validator/internal/metadata/core/AnnotationProcessingOptionsImpl$ExecutableParameterKey
instanceKlass org/hibernate/validator/internal/properties/javabean/JavaBeanParameter
instanceKlass org/hibernate/validator/internal/metadata/raw/AbstractConstrainedElement
instanceKlass org/hibernate/validator/internal/metadata/raw/ConstrainedElement
instanceKlass org/hibernate/validator/internal/util/TypeVariables
instanceKlass org/hibernate/validator/internal/metadata/aggregated/CascadingMetaData
instanceKlass org/hibernate/validator/internal/metadata/aggregated/CascadingMetaDataBuilder
instanceKlass jakarta/validation/groups/ConvertGroup$List
instanceKlass jakarta/validation/groups/ConvertGroup
instanceKlass jakarta/validation/Valid
instanceKlass java/lang/reflect/AnnotatedArrayType
instanceKlass java/lang/reflect/AnnotatedParameterizedType
instanceKlass sun/reflect/annotation/AnnotatedTypeFactory$AnnotatedTypeBaseImpl
instanceKlass sun/reflect/annotation/AnnotatedTypeFactory
instanceKlass sun/reflect/annotation/TypeAnnotation$LocationInfo$Location
instanceKlass sun/reflect/annotation/TypeAnnotation$LocationInfo
instanceKlass sun/reflect/annotation/TypeAnnotation
instanceKlass sun/reflect/annotation/TypeAnnotationParser
instanceKlass org/hibernate/validator/internal/metadata/provider/AnnotationMetaDataProvider$TypeArgumentReturnValueLocation
instanceKlass  @bci java/util/stream/Collectors mapMerger (Ljava/util/function/BinaryOperator;)Ljava/util/function/BinaryOperator; 1 <appendix> member <vmtarget> ; # java/util/stream/Collectors$$Lambda+0x00000207010f65f0
instanceKlass  @bci java/util/stream/Collectors groupingBy (Ljava/util/function/Function;Ljava/util/function/Supplier;Ljava/util/stream/Collector;)Ljava/util/stream/Collector; 19 <appendix> member <vmtarget> ; # java/util/stream/Collectors$$Lambda+0x00000207010f63c0
instanceKlass  @bci java/util/stream/Collectors groupingBy (Ljava/util/function/Function;Ljava/util/stream/Collector;)Ljava/util/stream/Collector; 1 <appendix> argL0 ; # java/util/stream/Collectors$$Lambda+0x00000207010f61a8
instanceKlass  @bci org/hibernate/validator/internal/metadata/provider/AnnotationMetaDataProvider findExecutableMetaData (Ljava/lang/reflect/Executable;)Lorg/hibernate/validator/internal/metadata/raw/ConstrainedExecutable; 32 <appendix> argL0 ; # org/hibernate/validator/internal/metadata/provider/AnnotationMetaDataProvider$$Lambda+0x0000020701294968
instanceKlass org/hibernate/validator/internal/metadata/descriptor/ConstraintDescriptorImpl
instanceKlass  @bci java/lang/ClassLoader definePackage (Ljava/lang/String;Ljava/lang/Module;)Ljava/lang/Package; 73 <appendix> member <vmtarget> ; # java/lang/ClassLoader$$Lambda+0x00000207010f5f78
instanceKlass  @bci jdk/internal/loader/BootLoader$PackageHelper findModule (Ljava/lang/String;)Ljava/lang/Module; 90 <appendix> member <vmtarget> ; # jdk/internal/loader/BootLoader$PackageHelper$$Lambda+0x00000207010f5d58
instanceKlass jdk/internal/loader/BootLoader$PackageHelper
instanceKlass org/hibernate/validator/internal/metadata/location/ConstraintLocation$1
instanceKlass org/hibernate/validator/internal/properties/javabean/JavaBeanHelper$JavaBeanConstrainableExecutable
instanceKlass org/hibernate/validator/internal/util/privilegedactions/GetDeclaredMethods
instanceKlass org/hibernate/validator/internal/util/privilegedactions/GetDeclaredFields
instanceKlass org/springframework/boot/context/annotation/ImportCandidates
instanceKlass org/springframework/boot/autoconfigure/AutoConfiguration
instanceKlass org/hibernate/validator/internal/properties/Field
instanceKlass org/hibernate/validator/internal/metadata/provider/AnnotationMetaDataProvider$TypeArgumentLocation
instanceKlass org/springframework/context/annotation/Bean
instanceKlass org/hibernate/validator/internal/metadata/provider/AnnotationMetaDataProvider
instanceKlass org/hibernate/validator/internal/metadata/provider/MetaDataProvider
instanceKlass org/hibernate/validator/internal/metadata/aggregated/BeanMetaData
instanceKlass org/hibernate/validator/internal/metadata/facets/Validatable
instanceKlass org/hibernate/validator/internal/metadata/BeanMetaDataManagerImpl
instanceKlass  @bci org/hibernate/validator/internal/engine/ValidatorFactoryImpl createValidator (Ljakarta/validation/ConstraintValidatorFactory;Lorg/hibernate/validator/internal/engine/ConstraintCreationContext;Lorg/hibernate/validator/internal/engine/ValidatorFactoryScopedContext;Lorg/hibernate/validator/internal/engine/MethodValidationConfiguration;)Ljakarta/validation/Validator; 26 <appendix> member <vmtarget> ; # org/hibernate/validator/internal/engine/ValidatorFactoryImpl$$Lambda+0x0000020701291c58
instanceKlass org/hibernate/validator/internal/engine/ValidatorFactoryImpl$BeanMetaDataManagerKey
instanceKlass org/hibernate/validator/internal/util/StringHelper
instanceKlass org/hibernate/validator/internal/metadata/core/AnnotationProcessingOptionsImpl
instanceKlass org/hibernate/validator/internal/metadata/core/AnnotationProcessingOptions
instanceKlass org/hibernate/validator/cfg/context/ConstraintDefinitionContext
instanceKlass org/hibernate/validator/cfg/context/TypeConstraintMappingContext
instanceKlass org/hibernate/validator/cfg/context/AnnotationIgnoreOptions
instanceKlass org/hibernate/validator/cfg/context/AnnotationProcessingOptions
instanceKlass org/hibernate/validator/cfg/context/ConstructorTarget
instanceKlass org/hibernate/validator/cfg/context/MethodTarget
instanceKlass org/hibernate/validator/cfg/context/PropertyTarget
instanceKlass org/hibernate/validator/cfg/context/ConstraintMappingTarget
instanceKlass org/hibernate/validator/cfg/context/ConstraintDefinitionTarget
instanceKlass org/hibernate/validator/cfg/context/TypeTarget
instanceKlass org/hibernate/validator/cfg/context/Constrainable
instanceKlass org/hibernate/validator/internal/cfg/context/DefaultConstraintMapping
instanceKlass org/hibernate/validator/internal/engine/ValidatorFactoryConfigurationHelper$DefaultConstraintMappingBuilder
instanceKlass org/hibernate/validator/internal/engine/ServiceLoaderBasedConstraintMappingContributor
instanceKlass org/hibernate/validator/internal/metadata/DefaultBeanMetaDataClassNormalizer
instanceKlass org/hibernate/validator/internal/util/logging/formatter/ClassObjectFormatter
instanceKlass org/hibernate/validator/internal/properties/DefaultGetterPropertySelectionStrategy
instanceKlass org/hibernate/validator/internal/properties/Getter
instanceKlass org/hibernate/validator/internal/properties/Property
instanceKlass org/hibernate/validator/spi/nodenameprovider/Property
instanceKlass org/hibernate/validator/spi/properties/ConstrainableExecutable
instanceKlass org/hibernate/validator/internal/properties/javabean/JavaBeanExecutable
instanceKlass org/hibernate/validator/internal/properties/javabean/JavaBeanAnnotatedConstrainable
instanceKlass org/hibernate/validator/internal/properties/javabean/JavaBeanAnnotatedElement
instanceKlass org/hibernate/validator/internal/properties/Callable
instanceKlass org/hibernate/validator/internal/properties/Constrainable
instanceKlass org/springframework/web/bind/annotation/DeleteMapping
instanceKlass org/hibernate/validator/internal/properties/javabean/JavaBeanHelper
instanceKlass com/fasterxml/classmate/Filter
instanceKlass org/springframework/web/bind/annotation/PutMapping
instanceKlass org/hibernate/validator/internal/util/ExecutableHelper
instanceKlass org/hibernate/validator/internal/engine/ConstraintCreationContext
instanceKlass org/springframework/http/HttpMethod
instanceKlass com/fasterxml/classmate/util/ResolvedTypeCache
instanceKlass com/fasterxml/classmate/util/ClassKey
instanceKlass org/springframework/web/bind/annotation/PostMapping
instanceKlass com/fasterxml/classmate/TypeBindings
instanceKlass com/fasterxml/classmate/members/RawMember
instanceKlass org/springframework/web/bind/annotation/ControllerMappingReflectiveProcessor
instanceKlass org/springframework/aot/hint/annotation/SimpleReflectiveProcessor
instanceKlass org/springframework/aot/hint/annotation/ReflectiveProcessor
instanceKlass org/springframework/aot/hint/annotation/Reflective
instanceKlass com/fasterxml/classmate/ResolvedType
instanceKlass com/fasterxml/classmate/TypeResolver
instanceKlass org/springframework/web/bind/annotation/Mapping
instanceKlass org/hibernate/validator/internal/util/TypeResolutionHelper
instanceKlass org/hibernate/validator/internal/constraintvalidators/hv/UUIDValidator
instanceKlass org/hibernate/validator/constraints/UUID
instanceKlass org/springframework/web/bind/annotation/RequestMapping
instanceKlass org/hibernate/validator/internal/constraintvalidators/hv/URLValidator
instanceKlass org/hibernate/validator/constraints/URL
instanceKlass org/hibernate/validator/internal/constraintvalidators/hv/UniqueElementsValidator
instanceKlass org/hibernate/validator/constraints/UniqueElements
instanceKlass org/hibernate/validator/constraints/br/TituloEleitoral
instanceKlass org/springframework/web/bind/annotation/ResponseBody
instanceKlass org/hibernate/validator/constraints/ScriptAssert
instanceKlass org/hibernate/validator/internal/constraintvalidators/hv/ru/INNValidator
instanceKlass org/springframework/stereotype/Controller
instanceKlass org/springframework/web/bind/annotation/RestController
instanceKlass org/hibernate/validator/constraints/ru/INN
instanceKlass org/hibernate/validator/constraints/pl/REGON
instanceKlass org/springframework/boot/test/context/TestComponent
instanceKlass org/hibernate/validator/constraints/Range
instanceKlass org/hibernate/validator/constraints/pl/PESEL
instanceKlass org/hibernate/validator/internal/constraintvalidators/hv/AbstractScriptAssertValidator
instanceKlass org/hibernate/validator/constraints/ParameterScriptAssert
instanceKlass org/hibernate/validator/constraints/NotEmpty
instanceKlass org/hibernate/validator/internal/constraintvalidators/hv/NotBlankValidator
instanceKlass org/hibernate/validator/constraints/NotBlank
instanceKlass org/hibernate/validator/constraints/pl/NIP
instanceKlass org/hibernate/validator/internal/constraintvalidators/hv/NormalizedValidator
instanceKlass org/hibernate/validator/constraints/Normalized
instanceKlass org/hibernate/validator/constraints/Mod11Check
instanceKlass org/hibernate/validator/constraints/Mod10Check
instanceKlass org/hibernate/validator/constraints/ModCheck
instanceKlass org/hibernate/validator/internal/constraintvalidators/hv/ModCheckBase
instanceKlass org/hibernate/validator/constraints/LuhnCheck
instanceKlass org/hibernate/validator/internal/constraintvalidators/hv/CodePointLengthValidator
instanceKlass org/hibernate/validator/constraints/CodePointLength
instanceKlass org/hibernate/validator/internal/constraintvalidators/hv/LengthValidator
instanceKlass org/hibernate/validator/constraints/Length
instanceKlass org/hibernate/validator/internal/constraintvalidators/hv/ISBNValidator
instanceKlass org/hibernate/validator/constraints/ISBN
instanceKlass org/hibernate/validator/constraints/Email
instanceKlass org/hibernate/validator/internal/constraintvalidators/hv/EANValidator
instanceKlass org/hibernate/validator/constraints/EAN
instanceKlass org/hibernate/validator/internal/constraintvalidators/hv/time/DurationMinValidator
instanceKlass org/hibernate/validator/constraints/time/DurationMin
instanceKlass org/hibernate/validator/internal/constraintvalidators/hv/time/DurationMaxValidator
instanceKlass org/hibernate/validator/constraints/time/DurationMax
instanceKlass org/hibernate/validator/constraints/CreditCardNumber
instanceKlass org/hibernate/validator/internal/constraintvalidators/hv/br/CPFValidator
instanceKlass org/hibernate/validator/constraints/br/CPF
instanceKlass org/hibernate/validator/internal/constraintvalidators/hv/br/CNPJValidator
instanceKlass org/hibernate/validator/constraints/br/CNPJ
instanceKlass jakarta/validation/constraints/Size
instanceKlass org/hibernate/validator/internal/constraintvalidators/bv/size/SizeValidatorForArraysOfPrimitives
instanceKlass org/hibernate/validator/internal/constraintvalidators/bv/size/SizeValidatorForMap
instanceKlass org/hibernate/validator/internal/constraintvalidators/bv/size/SizeValidatorForArray
instanceKlass org/hibernate/validator/internal/constraintvalidators/bv/size/SizeValidatorForCollection
instanceKlass org/hibernate/validator/internal/constraintvalidators/bv/size/SizeValidatorForCharSequence
instanceKlass jakarta/validation/constraints/PositiveOrZero
instanceKlass org/hibernate/validator/internal/constraintvalidators/bv/number/sign/PositiveOrZeroValidatorForCharSequence
instanceKlass org/hibernate/validator/internal/constraintvalidators/bv/number/sign/PositiveOrZeroValidatorForNumber
instanceKlass org/hibernate/validator/internal/constraintvalidators/bv/number/sign/PositiveOrZeroValidatorForByte
instanceKlass org/hibernate/validator/internal/constraintvalidators/bv/number/sign/PositiveOrZeroValidatorForShort
instanceKlass org/hibernate/validator/internal/constraintvalidators/bv/number/sign/PositiveOrZeroValidatorForInteger
instanceKlass org/hibernate/validator/internal/constraintvalidators/bv/number/sign/PositiveOrZeroValidatorForLong
instanceKlass org/hibernate/validator/internal/constraintvalidators/bv/number/sign/PositiveOrZeroValidatorForFloat
instanceKlass org/hibernate/validator/internal/constraintvalidators/bv/number/sign/PositiveOrZeroValidatorForDouble
instanceKlass org/hibernate/validator/internal/constraintvalidators/bv/number/sign/PositiveOrZeroValidatorForBigInteger
instanceKlass org/hibernate/validator/internal/constraintvalidators/bv/number/sign/PositiveOrZeroValidatorForBigDecimal
instanceKlass jakarta/validation/constraints/Positive
instanceKlass org/hibernate/validator/internal/constraintvalidators/bv/number/sign/PositiveValidatorForCharSequence
instanceKlass org/hibernate/validator/internal/constraintvalidators/bv/number/sign/PositiveValidatorForNumber
instanceKlass org/hibernate/validator/internal/constraintvalidators/bv/number/sign/PositiveValidatorForByte
instanceKlass org/hibernate/validator/internal/constraintvalidators/bv/number/sign/PositiveValidatorForShort
instanceKlass org/hibernate/validator/internal/constraintvalidators/bv/number/sign/PositiveValidatorForInteger
instanceKlass org/hibernate/validator/internal/constraintvalidators/bv/number/sign/PositiveValidatorForLong
instanceKlass org/hibernate/validator/internal/constraintvalidators/bv/number/sign/PositiveValidatorForFloat
instanceKlass org/hibernate/validator/internal/constraintvalidators/bv/number/sign/PositiveValidatorForDouble
instanceKlass org/hibernate/validator/internal/constraintvalidators/bv/number/sign/PositiveValidatorForBigInteger
instanceKlass org/hibernate/validator/internal/constraintvalidators/bv/number/sign/PositiveValidatorForBigDecimal
instanceKlass org/hibernate/validator/internal/constraintvalidators/bv/PatternValidator
instanceKlass jakarta/validation/constraints/Pattern
instanceKlass org/springframework/context/annotation/ParserStrategyUtils
instanceKlass jakarta/validation/constraints/PastOrPresent
instanceKlass org/springframework/context/annotation/TypeFilterUtils$1
instanceKlass org/springframework/context/annotation/TypeFilterUtils
instanceKlass  @bci org/springframework/context/annotation/ConfigurationClassParser doProcessConfigurationClass (Lorg/springframework/context/annotation/ConfigurationClass;Lorg/springframework/context/annotation/ConfigurationClassParser$SourceClass;Ljava/util/function/Predicate;)Lorg/springframework/context/annotation/ConfigurationClassParser$SourceClass; 153 <appendix> argL0 ; # org/springframework/context/annotation/ConfigurationClassParser$$Lambda+0x0000020701271248
instanceKlass  @bci org/springframework/context/annotation/ConfigurationClassParser doProcessConfigurationClass (Lorg/springframework/context/annotation/ConfigurationClass;Lorg/springframework/context/annotation/ConfigurationClassParser$SourceClass;Ljava/util/function/Predicate;)Lorg/springframework/context/annotation/ConfigurationClassParser$SourceClass; 123 <appendix> argL0 ; # org/springframework/context/annotation/ConfigurationClassParser$$Lambda+0x0000020701271000
instanceKlass  @bci org/springframework/core/type/AnnotatedTypeMetadata getMergedRepeatableAnnotationAttributes (Ljava/lang/Class;Ljava/lang/Class;Ljava/util/function/Predicate;ZZ)Ljava/util/Set; 89 <appendix> argL0 ; # org/springframework/core/type/AnnotatedTypeMetadata$$Lambda+0x0000020701273940
instanceKlass  @bci org/springframework/core/type/AnnotatedTypeMetadata getMergedRepeatableAnnotationAttributes (Ljava/lang/Class;Ljava/lang/Class;Ljava/util/function/Predicate;ZZ)Ljava/util/Set; 79 <appendix> member <vmtarget> ; # org/springframework/core/type/AnnotatedTypeMetadata$$Lambda+0x0000020701273700
instanceKlass  @bci org/springframework/core/type/AnnotatedTypeMetadata getMergedRepeatableAnnotationAttributes (Ljava/lang/Class;Ljava/lang/Class;Ljava/util/function/Predicate;ZZ)Ljava/util/Set; 68 <appendix> member <vmtarget> ; # org/springframework/core/type/AnnotatedTypeMetadata$$Lambda+0x0000020701273238
instanceKlass  @bci org/springframework/core/type/AnnotatedTypeMetadata reversedMetaDistance ()Ljava/util/Comparator; 0 <appendix> argL0 ; # org/springframework/core/type/AnnotatedTypeMetadata$$Lambda+0x0000020701273020
instanceKlass  @bci org/springframework/core/annotation/MergedAnnotationPredicates typeIn ([Ljava/lang/Class;)Ljava/util/function/Predicate; 1 <appendix> member <vmtarget> ; # org/springframework/core/annotation/MergedAnnotationPredicates$$Lambda+0x0000020701272b48
instanceKlass  @bci org/springframework/core/type/AnnotatedTypeMetadata getMergedRepeatableAnnotationAttributes (Ljava/lang/Class;Ljava/lang/Class;ZZ)Ljava/util/Set; 3 <appendix> argL0 ; # org/springframework/core/type/AnnotatedTypeMetadata$$Lambda+0x0000020701272900
instanceKlass org/springframework/context/annotation/PropertySources
instanceKlass org/springframework/context/annotation/PropertySource
instanceKlass org/springframework/context/annotation/ConfigurationClass
instanceKlass org/springframework/context/annotation/ComponentScanAnnotationParser
instanceKlass jakarta/validation/constraints/Past
instanceKlass org/springframework/core/io/support/PropertySourceProcessor
instanceKlass org/springframework/context/annotation/PropertySourceRegistry
instanceKlass org/springframework/context/annotation/ConfigurationClassParser$SourceClass
instanceKlass org/springframework/context/annotation/ConfigurationClassParser$DeferredImportSelectorHandler
instanceKlass  @bci org/springframework/context/annotation/ConfigurationClassParser <clinit> ()V 8 <appendix> argL0 ; # org/springframework/context/annotation/ConfigurationClassParser$$Lambda+0x000002070126f270
instanceKlass org/springframework/context/annotation/ConfigurationClassParser$DeferredImportSelectorHolder
instanceKlass  @bci org/springframework/context/annotation/ConfigurationClassParser <clinit> ()V 0 <appendix> argL0 ; # org/springframework/context/annotation/ConfigurationClassParser$$Lambda+0x000002070126e900
instanceKlass org/springframework/beans/factory/parsing/Problem
instanceKlass org/springframework/context/annotation/ImportRegistry
instanceKlass org/springframework/context/annotation/ConfigurationClassParser
instanceKlass  @bci org/springframework/context/annotation/ConfigurationClassPostProcessor processConfigBeanDefinitions (Lorg/springframework/beans/factory/support/BeanDefinitionRegistry;)V 141 <appendix> argL0 ; # org/springframework/context/annotation/ConfigurationClassPostProcessor$$Lambda+0x000002070126cec8
instanceKlass org/hibernate/validator/internal/constraintvalidators/bv/NullValidator
instanceKlass jakarta/validation/constraints/Null
instanceKlass org/springframework/aop/framework/AopInfrastructureBean
instanceKlass  @bci org/springframework/context/support/PostProcessorRegistrationDelegate invokeBeanDefinitionRegistryPostProcessors (Ljava/util/Collection;Lorg/springframework/beans/factory/support/BeanDefinitionRegistry;Lorg/springframework/core/metrics/ApplicationStartup;)V 44 <appendix> member <vmtarget> ; # org/springframework/context/support/PostProcessorRegistrationDelegate$$Lambda+0x000002070126c688
instanceKlass org/hibernate/validator/internal/constraintvalidators/bv/NotNullValidator
instanceKlass jakarta/validation/constraints/NotNull
# instanceKlass java/lang/invoke/LambdaForm$MH+0x0000020701270800
# instanceKlass java/lang/invoke/LambdaForm$MH+0x0000020701270400
instanceKlass sun/reflect/generics/tree/ShortSignature
instanceKlass sun/reflect/generics/tree/LongSignature
instanceKlass sun/reflect/generics/tree/IntSignature
# instanceKlass java/lang/invoke/LambdaForm$MH+0x0000020701270000
instanceKlass sun/reflect/generics/tree/FloatSignature
instanceKlass sun/reflect/generics/tree/DoubleSignature
instanceKlass sun/reflect/generics/tree/BooleanSignature
instanceKlass org/springframework/beans/AbstractNestablePropertyAccessor$PropertyTokenHolder
instanceKlass jakarta/validation/constraints/NotEmpty
instanceKlass org/springframework/beans/factory/config/TypedStringValue
instanceKlass org/hibernate/validator/internal/constraintvalidators/bv/notempty/NotEmptyValidatorForArraysOfShort
instanceKlass org/hibernate/validator/internal/constraintvalidators/bv/notempty/NotEmptyValidatorForArraysOfLong
instanceKlass org/hibernate/validator/internal/constraintvalidators/bv/notempty/NotEmptyValidatorForArraysOfInt
instanceKlass org/springframework/context/annotation/ConfigurationClassBeanDefinitionReader
instanceKlass org/hibernate/validator/internal/constraintvalidators/bv/notempty/NotEmptyValidatorForArraysOfFloat
instanceKlass org/hibernate/validator/internal/constraintvalidators/bv/notempty/NotEmptyValidatorForArraysOfDouble
instanceKlass org/hibernate/validator/internal/constraintvalidators/bv/notempty/NotEmptyValidatorForArraysOfChar
instanceKlass org/hibernate/validator/internal/constraintvalidators/bv/notempty/NotEmptyValidatorForArraysOfByte
instanceKlass org/springframework/core/convert/Property
instanceKlass org/hibernate/validator/internal/constraintvalidators/bv/notempty/NotEmptyValidatorForArraysOfBoolean
instanceKlass org/hibernate/validator/internal/constraintvalidators/bv/notempty/NotEmptyValidatorForMap
instanceKlass org/hibernate/validator/internal/constraintvalidators/bv/notempty/NotEmptyValidatorForArray
instanceKlass java/util/AbstractList$Itr
instanceKlass org/hibernate/validator/internal/constraintvalidators/bv/notempty/NotEmptyValidatorForCollection
instanceKlass org/hibernate/validator/internal/constraintvalidators/bv/notempty/NotEmptyValidatorForCharSequence
instanceKlass com/sun/beans/WildcardTypeImpl
instanceKlass org/hibernate/validator/internal/constraintvalidators/bv/NotBlankValidator
instanceKlass com/sun/beans/WeakCache
instanceKlass jakarta/validation/constraints/NotBlank
instanceKlass com/sun/beans/TypeResolver
instanceKlass java/beans/SimpleBeanInfo
instanceKlass java/beans/MethodRef
instanceKlass jakarta/validation/constraints/NegativeOrZero
instanceKlass org/hibernate/validator/internal/constraintvalidators/bv/number/sign/NegativeOrZeroValidatorForCharSequence
instanceKlass org/springframework/beans/factory/aot/BeanRegistrationAotContribution
instanceKlass org/hibernate/validator/internal/constraintvalidators/bv/number/sign/NegativeOrZeroValidatorForNumber
instanceKlass org/springframework/beans/factory/support/RegisteredBean
instanceKlass org/hibernate/validator/internal/constraintvalidators/bv/number/sign/NegativeOrZeroValidatorForByte
instanceKlass org/springframework/beans/factory/aot/BeanFactoryInitializationAotContribution
instanceKlass org/hibernate/validator/internal/constraintvalidators/bv/number/sign/NegativeOrZeroValidatorForShort
instanceKlass org/springframework/beans/PropertyDescriptorUtils
instanceKlass org/hibernate/validator/internal/constraintvalidators/bv/number/sign/NegativeOrZeroValidatorForInteger
instanceKlass org/hibernate/validator/internal/constraintvalidators/bv/number/sign/NegativeOrZeroValidatorForLong
instanceKlass org/springframework/beans/SimpleBeanInfoFactory
instanceKlass org/hibernate/validator/internal/constraintvalidators/bv/number/sign/NegativeOrZeroValidatorForFloat
instanceKlass java/beans/BeanInfo
instanceKlass org/hibernate/validator/internal/constraintvalidators/bv/number/sign/NegativeOrZeroValidatorForDouble
instanceKlass org/springframework/data/util/KotlinBeanInfoFactory
instanceKlass org/hibernate/validator/internal/constraintvalidators/bv/number/sign/NegativeOrZeroValidatorForBigInteger
instanceKlass org/hibernate/validator/internal/constraintvalidators/bv/number/sign/NegativeOrZeroValidatorForBigDecimal
instanceKlass jakarta/validation/constraints/Negative
instanceKlass org/hibernate/validator/internal/constraintvalidators/bv/number/sign/NegativeValidatorForCharSequence
instanceKlass org/hibernate/validator/internal/constraintvalidators/bv/number/sign/NegativeValidatorForNumber
instanceKlass org/hibernate/validator/internal/constraintvalidators/bv/number/sign/NegativeValidatorForByte
instanceKlass org/springframework/beans/BeanInfoFactory
instanceKlass org/hibernate/validator/internal/constraintvalidators/bv/number/sign/NegativeValidatorForShort
instanceKlass org/hibernate/validator/internal/constraintvalidators/bv/number/sign/NegativeValidatorForInteger
instanceKlass org/springframework/beans/CachedIntrospectionResults
instanceKlass org/hibernate/validator/internal/constraintvalidators/bv/number/sign/NegativeValidatorForLong
instanceKlass org/hibernate/validator/internal/constraintvalidators/bv/number/sign/NegativeValidatorForFloat
instanceKlass org/springframework/beans/PropertyAccessorUtils
instanceKlass org/hibernate/validator/internal/constraintvalidators/bv/number/sign/NegativeValidatorForDouble
instanceKlass  @bci org/springframework/beans/factory/support/DefaultSingletonBeanRegistry registerDependentBean (Ljava/lang/String;Ljava/lang/String;)V 76 <appendix> argL0 ; # org/springframework/beans/factory/support/DefaultSingletonBeanRegistry$$Lambda+0x0000020701264eb8
instanceKlass  @bci org/springframework/beans/factory/support/DefaultSingletonBeanRegistry registerDependentBean (Ljava/lang/String;Ljava/lang/String;)V 19 <appendix> argL0 ; # org/springframework/beans/factory/support/DefaultSingletonBeanRegistry$$Lambda+0x0000020701264c80
instanceKlass org/hibernate/validator/internal/constraintvalidators/bv/number/sign/NegativeValidatorForBigInteger
instanceKlass org/reactivestreams/Publisher
instanceKlass org/hibernate/validator/internal/constraintvalidators/bv/number/sign/NegativeValidatorForBigDecimal
instanceKlass jakarta/validation/constraints/Min
instanceKlass org/springframework/beans/factory/support/DisposableBeanAdapter
instanceKlass  @bci org/springframework/context/expression/StandardBeanExpressionResolver evaluate (Ljava/lang/String;Lorg/springframework/beans/factory/config/BeanExpressionContext;)Ljava/lang/Object; 176 <appendix> member <vmtarget> ; # org/springframework/context/expression/StandardBeanExpressionResolver$$Lambda+0x0000020701263680
instanceKlass org/springframework/expression/spel/support/StandardTypeConverter
instanceKlass org/springframework/expression/spel/support/StandardTypeLocator
instanceKlass org/springframework/context/expression/BeanFactoryResolver
instanceKlass org/springframework/context/expression/EnvironmentAccessor
instanceKlass org/hibernate/validator/internal/constraintvalidators/bv/number/bound/AbstractMinValidator
instanceKlass org/springframework/context/expression/MapAccessor
instanceKlass org/springframework/expression/spel/CompilablePropertyAccessor
instanceKlass org/springframework/asm/Opcodes
instanceKlass jakarta/validation/constraints/Max
instanceKlass org/springframework/context/expression/BeanFactoryAccessor
instanceKlass org/springframework/expression/spel/support/ReflectivePropertyAccessor
instanceKlass org/springframework/context/expression/BeanExpressionContextAccessor
instanceKlass org/springframework/expression/TypedValue
instanceKlass org/hibernate/validator/internal/constraintvalidators/bv/number/bound/AbstractMaxValidator
instanceKlass org/springframework/expression/spel/support/StandardOperatorOverloader
instanceKlass org/springframework/expression/spel/support/StandardTypeComparator
instanceKlass org/springframework/expression/OperatorOverloader
instanceKlass org/springframework/expression/TypeComparator
instanceKlass org/springframework/expression/spel/support/StandardEvaluationContext
instanceKlass jakarta/validation/constraints/FutureOrPresent
instanceKlass org/springframework/expression/common/LiteralExpression
instanceKlass org/springframework/beans/factory/config/AutowiredPropertyMarker
instanceKlass org/springframework/beans/factory/support/BeanDefinitionValueResolver
instanceKlass org/xml/sax/InputSource
instanceKlass java/time/chrono/ChronoLocalDateImpl
instanceKlass org/springframework/beans/AbstractNestablePropertyAccessor$PropertyHandler
instanceKlass jakarta/validation/constraints/Future
instanceKlass org/springframework/beans/factory/parsing/PassThroughSourceExtractor
instanceKlass org/hibernate/validator/internal/constraintvalidators/bv/time/AbstractJavaTimeValidator
instanceKlass org/springframework/beans/factory/aot/BeanRegistrationCodeFragments
instanceKlass  @bci org/springframework/beans/factory/support/AbstractBeanFactory doGetBean (Ljava/lang/String;Ljava/lang/Class;[Ljava/lang/Object;Z)Ljava/lang/Object; 471 <appendix> member <vmtarget> ; # org/springframework/beans/factory/support/AbstractBeanFactory$$Lambda+0x0000020701252f78
instanceKlass  @bci org/springframework/beans/factory/support/AbstractBeanFactory doGetBean (Ljava/lang/String;Ljava/lang/Class;[Ljava/lang/Object;Z)Ljava/lang/Object; 254 <appendix> member <vmtarget> ; # org/springframework/beans/factory/support/AbstractBeanFactory$$Lambda+0x0000020701252ad8
instanceKlass org/springframework/beans/factory/support/NullBean
instanceKlass  @bci org/springframework/beans/factory/BeanFactoryUtils transformedBeanName (Ljava/lang/String;)Ljava/lang/String; 21 <appendix> argL0 ; # org/springframework/beans/factory/BeanFactoryUtils$$Lambda+0x00000207012526a0
instanceKlass org/springframework/beans/factory/support/AbstractBeanFactory$BeanPostProcessorCache
instanceKlass  @bci org/springframework/beans/factory/config/ConstructorArgumentValues addArgumentValues (Lorg/springframework/beans/factory/config/ConstructorArgumentValues;)V 40 <appendix> member <vmtarget> ; # org/springframework/beans/factory/config/ConstructorArgumentValues$$Lambda+0x0000020701251670
instanceKlass  @bci org/springframework/beans/factory/config/ConstructorArgumentValues addArgumentValues (Lorg/springframework/beans/factory/config/ConstructorArgumentValues;)V 29 <appendix> member <vmtarget> ; # org/springframework/beans/factory/config/ConstructorArgumentValues$$Lambda+0x0000020701251420
instanceKlass org/hibernate/validator/internal/constraintvalidators/bv/time/AbstractInstantBasedTimeValidator
instanceKlass org/hibernate/validator/constraintvalidation/HibernateConstraintValidator
instanceKlass  @bci org/springframework/beans/factory/config/ConstructorArgumentValues addArgumentValues (Lorg/springframework/beans/factory/config/ConstructorArgumentValues;)V 9 <appendix> member <vmtarget> ; # org/springframework/beans/factory/config/ConstructorArgumentValues$$Lambda+0x0000020701250888
instanceKlass  @bci org/springframework/core/annotation/TypeMappedAnnotation getValueExtractor (Ljava/lang/Object;)Lorg/springframework/core/annotation/ValueExtractor; 7 <appendix> argL0 ; # org/springframework/core/annotation/TypeMappedAnnotation$$Lambda+0x0000020701250480
instanceKlass org/hibernate/validator/internal/constraintvalidators/AbstractEmailValidator
instanceKlass jakarta/validation/constraints/Email
instanceKlass jakarta/validation/constraints/Digits
instanceKlass org/hibernate/validator/internal/constraintvalidators/bv/DigitsValidatorForNumber
instanceKlass org/springframework/beans/MutablePropertyValues
instanceKlass org/hibernate/validator/internal/constraintvalidators/bv/DigitsValidatorForCharSequence
instanceKlass org/springframework/beans/factory/support/InstanceSupplier
instanceKlass jakarta/validation/constraints/DecimalMin
instanceKlass org/springframework/beans/factory/support/BeanDefinitionBuilder
instanceKlass  @bci org/springframework/boot/autoconfigure/SharedMetadataReaderFactoryContextInitializer$CachingMetadataReaderFactoryPostProcessor register (Lorg/springframework/beans/factory/support/BeanDefinitionRegistry;)V 13 <appendix> argL0 ; # org/springframework/boot/autoconfigure/SharedMetadataReaderFactoryContextInitializer$CachingMetadataReaderFactoryPostProcessor$$Lambda+0x000002070124d0c8
instanceKlass org/springframework/boot/autoconfigure/SharedMetadataReaderFactoryContextInitializer$SharedMetadataReaderFactoryBean
instanceKlass org/springframework/beans/factory/FactoryBean
instanceKlass org/springframework/context/support/PostProcessorRegistrationDelegate
instanceKlass org/hibernate/validator/internal/constraintvalidators/bv/number/bound/decimal/AbstractDecimalMinValidator
instanceKlass org/springframework/web/context/support/WebApplicationContextUtils$WebRequestObjectFactory
instanceKlass org/springframework/web/context/request/WebRequest
instanceKlass jakarta/validation/constraints/DecimalMax
instanceKlass org/springframework/web/context/support/WebApplicationContextUtils$SessionObjectFactory
instanceKlass org/hibernate/validator/internal/util/privilegedactions/IsClassPresent
instanceKlass jakarta/servlet/http/HttpSession
instanceKlass org/springframework/web/context/support/WebApplicationContextUtils$ResponseObjectFactory
instanceKlass org/springframework/web/context/support/WebApplicationContextUtils$RequestObjectFactory
instanceKlass org/springframework/web/context/support/ServletContextScope
instanceKlass org/springframework/web/context/request/AbstractRequestAttributesScope
instanceKlass org/springframework/web/context/ServletContextAware
instanceKlass org/springframework/web/context/support/ServletContextAwareProcessor
instanceKlass org/springframework/context/support/ApplicationListenerDetector
instanceKlass org/springframework/context/MessageSourceAware
instanceKlass org/hibernate/validator/internal/constraintvalidators/bv/number/bound/decimal/AbstractDecimalMaxValidator
instanceKlass org/springframework/context/ApplicationEventPublisherAware
instanceKlass org/springframework/beans/factory/config/BeanExpressionContext
instanceKlass org/hibernate/validator/internal/constraintvalidators/bv/AssertTrueValidator
instanceKlass org/springframework/beans/factory/config/EmbeddedValueResolver
instanceKlass jakarta/validation/constraints/AssertTrue
instanceKlass org/springframework/util/StringValueResolver
instanceKlass org/springframework/context/support/ApplicationContextAwareProcessor
instanceKlass jakarta/validation/constraintvalidation/SupportedValidationTarget
instanceKlass org/springframework/beans/support/ResourceEditorRegistrar
instanceKlass org/springframework/expression/Expression
instanceKlass org/hibernate/validator/internal/util/TypeHelper
instanceKlass org/springframework/expression/common/TemplateAwareExpressionParser
instanceKlass org/springframework/expression/spel/SpelParserConfiguration
instanceKlass org/springframework/context/expression/StandardBeanExpressionResolver$1
instanceKlass org/hibernate/validator/internal/engine/constraintvalidation/ClassBasedValidatorDescriptor
instanceKlass org/springframework/expression/EvaluationContext
instanceKlass org/hibernate/validator/internal/engine/constraintvalidation/ConstraintValidatorDescriptor
instanceKlass org/springframework/expression/TypeConverter
instanceKlass org/hibernate/validator/internal/constraintvalidators/bv/AssertFalseValidator
instanceKlass org/springframework/expression/TypeLocator
instanceKlass org/springframework/expression/BeanResolver
instanceKlass jakarta/validation/constraints/AssertFalse
instanceKlass org/springframework/expression/PropertyAccessor
instanceKlass org/hibernate/validator/internal/metadata/core/ConstraintHelper$ValidatorDescriptorMap
instanceKlass org/springframework/expression/ExpressionParser
instanceKlass org/springframework/expression/ParserContext
instanceKlass org/springframework/context/expression/StandardBeanExpressionResolver
instanceKlass org/springframework/web/context/request/RequestContextHolder
instanceKlass org/hibernate/validator/internal/metadata/core/ConstraintHelper
instanceKlass org/springframework/web/context/support/WebApplicationContextUtils
instanceKlass org/springframework/boot/context/logging/LoggingApplicationListener$Lifecycle
instanceKlass org/springframework/beans/factory/BeanFactoryUtils
instanceKlass org/hibernate/validator/internal/engine/valueextraction/ValueExtractorResolver
instanceKlass org/springframework/boot/logging/DeferredLog$1
instanceKlass  @bci org/springframework/boot/SpringApplicationRunListeners contextLoaded (Lorg/springframework/context/ConfigurableApplicationContext;)V 4 <appendix> member <vmtarget> ; # org/springframework/boot/SpringApplicationRunListeners$$Lambda+0x0000020701242050
instanceKlass  @bci org/hibernate/validator/internal/engine/AbstractConfigurationImpl getValueExtractors ()Ljava/util/Set; 17 <appendix> argL0 ; # org/hibernate/validator/internal/engine/AbstractConfigurationImpl$$Lambda+0x0000020701241e18
instanceKlass org/springframework/beans/factory/support/BeanDefinitionReaderUtils
instanceKlass java/util/OptionalLong
instanceKlass org/springframework/context/annotation/Description
instanceKlass org/hibernate/validator/internal/engine/valueextraction/OptionalLongValueExtractor
instanceKlass org/springframework/context/annotation/Role
instanceKlass java/util/OptionalDouble
instanceKlass org/springframework/context/annotation/DependsOn
instanceKlass org/hibernate/validator/internal/engine/valueextraction/OptionalDoubleValueExtractor
instanceKlass org/hibernate/validator/internal/engine/valueextraction/AnnotatedObject
instanceKlass org/springframework/context/annotation/Primary
instanceKlass org/springframework/context/annotation/Lazy
instanceKlass java/util/OptionalInt
instanceKlass org/hibernate/validator/internal/engine/valueextraction/OptionalIntValueExtractor
instanceKlass  @bci org/springframework/context/annotation/AnnotationBeanNameGenerator getMetaAnnotationTypes (Lorg/springframework/core/annotation/MergedAnnotation;)Ljava/util/Set; 24 <appendix> argL0 ; # org/springframework/context/annotation/AnnotationBeanNameGenerator$$Lambda+0x00000207012406a0
instanceKlass  @bci org/springframework/context/annotation/AnnotationBeanNameGenerator getMetaAnnotationTypes (Lorg/springframework/core/annotation/MergedAnnotation;)Ljava/util/Set; 14 <appendix> argL0 ; # org/springframework/context/annotation/AnnotationBeanNameGenerator$$Lambda+0x0000020701240468
instanceKlass org/hibernate/validator/internal/engine/valueextraction/OptionalValueExtractor
instanceKlass  @bci org/springframework/context/annotation/AnnotationBeanNameGenerator determineBeanNameFromAnnotation (Lorg/springframework/beans/factory/annotation/AnnotatedBeanDefinition;)Ljava/lang/String; 132 <appendix> member <vmtarget> ; # org/springframework/context/annotation/AnnotationBeanNameGenerator$$Lambda+0x0000020701240000
instanceKlass  @bci org/springframework/core/annotation/AbstractMergedAnnotation asAnnotationAttributes ([Lorg/springframework/core/annotation/MergedAnnotation$Adapt;)Lorg/springframework/core/annotation/AnnotationAttributes; 1 <appendix> argL0 ; # org/springframework/core/annotation/AbstractMergedAnnotation$$Lambda+0x000002070123fd00
instanceKlass org/hibernate/validator/internal/engine/valueextraction/IterableValueExtractor
instanceKlass  @bci org/springframework/context/annotation/AnnotationBeanNameGenerator determineBeanNameFromAnnotation (Lorg/springframework/beans/factory/annotation/AnnotatedBeanDefinition;)Ljava/lang/String; 30 <appendix> argL0 ; # org/springframework/context/annotation/AnnotationBeanNameGenerator$$Lambda+0x000002070123f890
instanceKlass  @bci org/springframework/context/annotation/AnnotationBeanNameGenerator getExplicitBeanName (Lorg/springframework/core/type/AnnotationMetadata;)Ljava/lang/String; 33 <appendix> argL0 ; # org/springframework/context/annotation/AnnotationBeanNameGenerator$$Lambda+0x000002070123f658
instanceKlass org/hibernate/validator/internal/engine/valueextraction/MapKeyExtractor
instanceKlass org/hibernate/validator/internal/engine/valueextraction/MapValueExtractor
instanceKlass  @bci org/springframework/context/annotation/AnnotationBeanNameGenerator getExplicitBeanName (Lorg/springframework/core/type/AnnotationMetadata;)Ljava/lang/String; 23 <appendix> argL0 ; # org/springframework/context/annotation/AnnotationBeanNameGenerator$$Lambda+0x000002070123efc0
instanceKlass  @bci org/springframework/context/annotation/AnnotationBeanNameGenerator getExplicitBeanName (Lorg/springframework/core/type/AnnotationMetadata;)Ljava/lang/String; 13 <appendix> argL0 ; # org/springframework/context/annotation/AnnotationBeanNameGenerator$$Lambda+0x000002070123ed88
instanceKlass org/hibernate/validator/internal/engine/valueextraction/ListValueExtractor
instanceKlass org/hibernate/validator/internal/engine/valueextraction/ObjectArrayValueExtractor
instanceKlass org/hibernate/validator/internal/engine/valueextraction/BooleanArrayValueExtractor
instanceKlass org/hibernate/validator/internal/engine/valueextraction/CharArrayValueExtractor
instanceKlass org/springframework/context/annotation/ScopeMetadata
instanceKlass org/hibernate/validator/internal/engine/valueextraction/DoubleArrayValueExtractor
instanceKlass org/springframework/beans/BeanMetadataAttribute
instanceKlass org/springframework/context/annotation/ImportResource
instanceKlass org/hibernate/validator/internal/engine/valueextraction/FloatArrayValueExtractor
instanceKlass org/hibernate/validator/internal/engine/valueextraction/LongArrayValueExtractor
instanceKlass org/springframework/context/annotation/ConfigurationClassUtils
instanceKlass org/hibernate/validator/internal/engine/valueextraction/IntArrayValueExtractor
instanceKlass org/hibernate/validator/internal/engine/valueextraction/ShortArrayValueExtractor
instanceKlass org/springframework/core/type/StandardClassMetadata
instanceKlass org/hibernate/validator/internal/engine/valueextraction/ValueExtractorDescriptor$Key
instanceKlass org/hibernate/validator/internal/engine/valueextraction/ArrayElement
instanceKlass  @bci org/springframework/core/io/DefaultResourceLoader getResourceCache (Ljava/lang/Class;)Ljava/util/Map; 5 <appendix> argL0 ; # org/springframework/core/io/DefaultResourceLoader$$Lambda+0x000002070123b088
instanceKlass org/hibernate/validator/internal/engine/valueextraction/ValueExtractorDescriptor
instanceKlass org/hibernate/validator/internal/engine/valueextraction/ByteArrayValueExtractor
instanceKlass jakarta/inject/Named
instanceKlass org/hibernate/validator/internal/engine/valueextraction/ValueExtractorManager$1
instanceKlass jakarta/annotation/ManagedBean
instanceKlass org/hibernate/validator/internal/engine/valueextraction/ValueExtractorManager
instanceKlass org/springframework/beans/factory/support/BeanDefinitionDefaults
instanceKlass org/hibernate/validator/internal/engine/groups/ValidationOrder
instanceKlass org/hibernate/validator/internal/engine/groups/ValidationOrderGenerator
instanceKlass org/hibernate/validator/internal/engine/constraintvalidation/ConstraintValidatorManagerImpl$1
instanceKlass  @bci org/springframework/beans/factory/xml/XmlBeanDefinitionReader <init> (Lorg/springframework/beans/factory/support/BeanDefinitionRegistry;)V 94 <appendix> argL0 ; # org/springframework/beans/factory/xml/XmlBeanDefinitionReader$$Lambda+0x0000020701239178
instanceKlass org/springframework/util/xml/XmlValidationModeDetector
instanceKlass org/springframework/util/xml/SimpleSaxErrorHandler
instanceKlass jakarta/validation/ConstraintValidator
instanceKlass org/springframework/beans/factory/xml/DefaultDocumentLoader
instanceKlass jakarta/validation/metadata/ConstraintDescriptor
instanceKlass org/springframework/beans/factory/parsing/NullSourceExtractor
instanceKlass org/hibernate/validator/internal/engine/constraintvalidation/AbstractConstraintValidatorManagerImpl
instanceKlass org/springframework/beans/factory/parsing/EmptyReaderEventListener
instanceKlass org/springframework/beans/factory/parsing/FailFastProblemReporter
instanceKlass org/springframework/beans/factory/xml/DefaultBeanDefinitionDocumentReader
instanceKlass org/springframework/beans/factory/xml/BeanDefinitionDocumentReader
instanceKlass org/hibernate/validator/internal/engine/constraintvalidation/HibernateConstraintValidatorInitializationContextImpl
instanceKlass org/xml/sax/EntityResolver
instanceKlass org/springframework/beans/factory/xml/NamespaceHandlerResolver
instanceKlass org/hibernate/validator/spi/scripting/ScriptEvaluator
instanceKlass org/hibernate/validator/spi/scripting/AbstractCachingScriptEvaluatorFactory
instanceKlass org/hibernate/validator/internal/util/ExecutableParameterNameProvider
instanceKlass jakarta/el/Util$CacheKey
instanceKlass org/xml/sax/ErrorHandler
instanceKlass org/springframework/beans/factory/xml/DocumentLoader
instanceKlass org/springframework/beans/factory/parsing/SourceExtractor
instanceKlass jakarta/el/ELContext
instanceKlass org/springframework/beans/factory/parsing/ReaderEventListener
instanceKlass org/springframework/beans/factory/parsing/ProblemReporter
instanceKlass jakarta/el/ELManager
instanceKlass org/apache/el/util/ExceptionUtils
instanceKlass jakarta/el/ELResolver
instanceKlass org/springframework/context/event/DefaultEventListenerFactory
instanceKlass org/springframework/context/event/EventListenerFactory
instanceKlass jakarta/el/Expression
instanceKlass org/springframework/context/event/EventListenerMethodProcessor
instanceKlass org/springframework/beans/factory/SmartInitializingSingleton
instanceKlass org/springframework/beans/factory/annotation/InitDestroyAnnotationBeanPostProcessor
instanceKlass org/springframework/beans/factory/annotation/AutowiredAnnotationBeanPostProcessor
instanceKlass jakarta/el/ExpressionFactory$CacheKey
instanceKlass jakarta/el/Util$CacheValue
instanceKlass jakarta/el/Util
instanceKlass org/springframework/beans/factory/config/BeanDefinitionHolder
instanceKlass jakarta/inject/Qualifier
instanceKlass org/springframework/beans/factory/annotation/Qualifier
instanceKlass org/springframework/beans/factory/annotation/Value
instanceKlass org/springframework/aop/TargetSource
instanceKlass jakarta/el/ExpressionFactory$CacheValue
instanceKlass jakarta/el/ExpressionFactory
instanceKlass org/springframework/orm/jpa/support/PersistenceAnnotationBeanPostProcessor
instanceKlass org/springframework/beans/factory/support/MergedBeanDefinitionPostProcessor
instanceKlass org/hibernate/validator/internal/util/ConcurrentReferenceHashMap$HashEntry
instanceKlass org/springframework/beans/factory/config/DestructionAwareBeanPostProcessor
instanceKlass jakarta/annotation/PostConstruct
instanceKlass org/springframework/context/annotation/AnnotationConfigUtils
instanceKlass org/springframework/context/annotation/Scope
instanceKlass java/util/RegularEnumSet$EnumSetIterator
instanceKlass org/hibernate/validator/internal/engine/messageinterpolation/DefaultLocaleResolverContext
instanceKlass org/springframework/context/annotation/AnnotationBeanNameGenerator
# instanceKlass java/lang/invoke/LambdaForm$MH+0x000002070122c800
instanceKlass org/springframework/context/annotation/AnnotatedBeanDefinitionReader
instanceKlass org/hibernate/validator/internal/util/logging/Messages_$bundle
instanceKlass org/springframework/beans/factory/support/AbstractBeanDefinitionReader
instanceKlass org/springframework/beans/factory/support/BeanDefinitionReader
instanceKlass org/springframework/boot/BeanDefinitionLoader
instanceKlass org/springframework/boot/SpringApplication$PropertySourceOrderingBeanFactoryPostProcessor
instanceKlass org/jboss/logging/Messages
instanceKlass  @bci org/springframework/boot/SpringApplication quoteProfiles ([Ljava/lang/String;)Ljava/util/List; 4 <appendix> argL0 ; # org/springframework/boot/SpringApplication$$Lambda+0x000002070122b6d0
instanceKlass  @bci org/springframework/boot/StartupInfoLogger logStarting (Lorg/apache/commons/logging/Log;)V 23 <appendix> member <vmtarget> ; # org/springframework/boot/StartupInfoLogger$$Lambda+0x000002070122b2b8
instanceKlass org/hibernate/validator/internal/util/logging/Messages
instanceKlass ch/qos/logback/core/pattern/SpacePadder
instanceKlass org/hibernate/validator/internal/engine/messageinterpolation/DefaultLocaleResolver
instanceKlass java/time/LocalDate$1
instanceKlass  @bci org/springframework/boot/StartupInfoLogger appendContext (Ljava/lang/StringBuilder;)V 55 <appendix> argL0 ; # org/springframework/boot/StartupInfoLogger$$Lambda+0x000002070122ac80
instanceKlass  @bci org/springframework/boot/StartupInfoLogger appendContext (Ljava/lang/StringBuilder;)V 43 <appendix> argL0 ; # org/springframework/boot/StartupInfoLogger$$Lambda+0x000002070122aa68
instanceKlass org/hibernate/validator/internal/util/Contracts
instanceKlass java/lang/StackTraceElement$HashedModules
# instanceKlass java/lang/invoke/LambdaForm$MH+0x000002070122c400
# instanceKlass java/lang/invoke/LambdaForm$MH+0x000002070122c000
instanceKlass org/springframework/boot/system/ApplicationHome
instanceKlass sun/invoke/util/ValueConversions$WrapperCache
instanceKlass java/lang/reflect/AnnotatedType
instanceKlass  @bci org/springframework/boot/StartupInfoLogger appendPid (Ljava/lang/StringBuilder;)V 4 <appendix> argL0 ; # org/springframework/boot/StartupInfoLogger$$Lambda+0x000002070122a438
instanceKlass  @bci org/springframework/boot/StartupInfoLogger appendJavaVersion (Ljava/lang/StringBuilder;)V 4 <appendix> argL0 ; # org/springframework/boot/StartupInfoLogger$$Lambda+0x0000020701229fd8
instanceKlass  @bci org/springframework/boot/StartupInfoLogger appendVersion (Ljava/lang/StringBuilder;Ljava/lang/Class;)V 5 <appendix> member <vmtarget> ; # org/springframework/boot/StartupInfoLogger$$Lambda+0x0000020701229db8
instanceKlass  @bci org/springframework/boot/StartupInfoLogger appendApplicationName (Ljava/lang/StringBuilder;)V 5 <appendix> member <vmtarget> ; # org/springframework/boot/StartupInfoLogger$$Lambda+0x0000020701229960
instanceKlass  @bci org/springframework/boot/StartupInfoLogger appendAotMode (Ljava/lang/StringBuilder;)V 4 <appendix> argL0 ; # org/springframework/boot/StartupInfoLogger$$Lambda+0x0000020701229748
instanceKlass  @bci org/springframework/boot/StartupInfoLogger logStarting (Lorg/apache/commons/logging/Log;)V 8 <appendix> member <vmtarget> ; # org/springframework/boot/StartupInfoLogger$$Lambda+0x0000020701229528
instanceKlass org/hibernate/validator/resourceloading/PlatformResourceBundleLocator
instanceKlass org/springframework/boot/StartupInfoLogger
instanceKlass  @bci org/springframework/boot/SpringApplicationRunListeners contextPrepared (Lorg/springframework/context/ConfigurableApplicationContext;)V 4 <appendix> member <vmtarget> ; # org/springframework/boot/SpringApplicationRunListeners$$Lambda+0x0000020701228eb8
instanceKlass org/springframework/boot/autoconfigure/logging/ConditionEvaluationReportLogger
instanceKlass org/hibernate/validator/spi/messageinterpolation/LocaleResolverContext
instanceKlass org/hibernate/validator/messageinterpolation/AbstractMessageInterpolator
instanceKlass  @bci org/springframework/boot/autoconfigure/logging/ConditionEvaluationReportLoggingListener$ConditionEvaluationReportListener <init> (Lorg/springframework/boot/autoconfigure/logging/ConditionEvaluationReportLoggingListener;Lorg/springframework/context/ConfigurableApplicationContext;)V 29 <appendix> member <vmtarget> ; # org/springframework/boot/autoconfigure/logging/ConditionEvaluationReportLoggingListener$ConditionEvaluationReportListener$$Lambda+0x0000020701228410
instanceKlass org/springframework/boot/autoconfigure/condition/ConditionEvaluationReport$AncestorsMatchedCondition
instanceKlass org/springframework/context/annotation/Condition
instanceKlass org/springframework/boot/autoconfigure/condition/ConditionEvaluationReport
instanceKlass org/hibernate/validator/constraintvalidation/HibernateConstraintValidatorInitializationContext
instanceKlass org/hibernate/validator/internal/engine/ValidatorFactoryScopedContext
instanceKlass org/springframework/boot/autoconfigure/logging/ConditionEvaluationReportLoggingListener$ConditionEvaluationReportListener
instanceKlass org/springframework/boot/rsocket/context/RSocketPortInfoApplicationContextInitializer$Listener
instanceKlass org/springframework/boot/context/ConfigurationWarningsApplicationContextInitializer$ComponentScanPackageCheck
instanceKlass org/springframework/boot/context/ConfigurationWarningsApplicationContextInitializer$Check
instanceKlass org/hibernate/validator/internal/metadata/aggregated/rule/MethodConfigurationRule
instanceKlass org/springframework/boot/context/ConfigurationWarningsApplicationContextInitializer$ConfigurationWarningsPostProcessor
instanceKlass org/hibernate/validator/internal/engine/MethodValidationConfiguration
instanceKlass org/springframework/boot/test/autoconfigure/web/servlet/WebDriverScope
instanceKlass org/springframework/beans/factory/config/Scope
instanceKlass org/springframework/boot/test/autoconfigure/properties/PropertyMappingContextCustomizer$PropertyMappingCheckBeanPostProcessor
instanceKlass java/util/Collections$UnmodifiableMap$UnmodifiableEntrySet$UnmodifiableEntry
instanceKlass java/util/Collections$UnmodifiableMap$UnmodifiableEntrySet$1
instanceKlass org/hibernate/validator/spi/scripting/ScriptEvaluatorFactory
instanceKlass org/hibernate/validator/spi/cfg/ConstraintMappingContributor
instanceKlass  @bci org/springframework/boot/test/util/TestPropertyValues and (Ljava/util/stream/Stream;Ljava/util/function/Function;)Lorg/springframework/boot/test/util/TestPropertyValues; 36 <appendix> member <vmtarget> ; # org/springframework/boot/test/util/TestPropertyValues$$Lambda+0x0000020701224910
instanceKlass org/hibernate/validator/spi/cfg/ConstraintMappingContributor$ConstraintMappingBuilder
instanceKlass  @bci org/springframework/boot/test/util/TestPropertyValues and (Ljava/util/stream/Stream;Ljava/util/function/Function;)Lorg/springframework/boot/test/util/TestPropertyValues; 25 <appendix> argL0 ; # org/springframework/boot/test/util/TestPropertyValues$$Lambda+0x00000207012244d0
instanceKlass  @bci org/springframework/boot/test/util/TestPropertyValues of (Ljava/util/stream/Stream;)Lorg/springframework/boot/test/util/TestPropertyValues; 5 <appendix> argL0 ; # org/springframework/boot/test/util/TestPropertyValues$$Lambda+0x0000020701224298
instanceKlass org/hibernate/validator/metadata/BeanMetaDataClassNormalizer
instanceKlass org/springframework/boot/test/util/TestPropertyValues$Pair
instanceKlass org/hibernate/validator/spi/messageinterpolation/LocaleResolver
instanceKlass org/hibernate/validator/internal/engine/ValidatorFactoryConfigurationHelper
instanceKlass org/springframework/boot/test/util/TestPropertyValues
instanceKlass org/springframework/boot/test/web/reactor/netty/DisableReactorResourceFactoryGlobalResourcesBeanPostProcessor
instanceKlass jakarta/validation/Validator
instanceKlass org/hibernate/validator/HibernateValidatorContext
instanceKlass org/hibernate/validator/internal/metadata/BeanMetaDataManager
instanceKlass  @bci org/springframework/beans/factory/support/DefaultListableBeanFactory removeManualSingletonName (Ljava/lang/String;)V 8 <appendix> member <vmtarget> ; # org/springframework/beans/factory/support/DefaultListableBeanFactory$$Lambda+0x0000020701222e30
instanceKlass  @bci org/springframework/beans/factory/support/DefaultListableBeanFactory removeManualSingletonName (Ljava/lang/String;)V 2 <appendix> member <vmtarget> ; # org/springframework/beans/factory/support/DefaultListableBeanFactory$$Lambda+0x0000020701222c00
instanceKlass org/hibernate/validator/internal/engine/constraintvalidation/ConstraintValidatorManager
instanceKlass org/springframework/beans/factory/config/ConstructorArgumentValues$ValueHolder
instanceKlass jakarta/validation/ValidatorContext
instanceKlass org/hibernate/validator/internal/engine/ValidatorFactoryImpl
instanceKlass org/springframework/beans/factory/config/RuntimeBeanReference
instanceKlass org/hibernate/validator/HibernateValidatorFactory
instanceKlass org/springframework/beans/factory/config/BeanReference
instanceKlass org/springframework/beans/factory/config/ConstructorArgumentValues
instanceKlass org/hibernate/validator/internal/engine/resolver/JPATraversableResolver
instanceKlass jakarta/persistence/Persistence$PersistenceUtilImpl
instanceKlass org/springframework/boot/test/mock/mockito/MockitoPostProcessor$SpyPostProcessor
instanceKlass org/springframework/beans/factory/config/SmartInstantiationAwareBeanPostProcessor
instanceKlass org/springframework/beans/factory/support/DefaultBeanNameGenerator
instanceKlass org/springframework/context/annotation/ConfigurationClassPostProcessor
instanceKlass org/hibernate/validator/internal/util/ReflectionHelper
instanceKlass org/springframework/context/ApplicationStartupAware
instanceKlass org/hibernate/validator/internal/util/privilegedactions/NewInstance
instanceKlass org/springframework/beans/factory/aot/BeanRegistrationAotProcessor
instanceKlass jakarta/persistence/EntityManagerFactory
instanceKlass jakarta/persistence/PersistenceUtil
instanceKlass org/springframework/boot/test/mock/mockito/MockitoPostProcessor
instanceKlass org/hibernate/validator/internal/util/privilegedactions/GetMethod
instanceKlass org/springframework/beans/factory/config/InstantiationAwareBeanPostProcessor
instanceKlass jakarta/persistence/Persistence
instanceKlass org/hibernate/validator/internal/util/privilegedactions/LoadClass
instanceKlass jakarta/validation/TraversableResolver
instanceKlass  @bci org/springframework/beans/factory/support/DefaultListableBeanFactory registerSingleton (Ljava/lang/String;Ljava/lang/Object;)V 15 <appendix> member <vmtarget> ; # org/springframework/beans/factory/support/DefaultListableBeanFactory$$Lambda+0x000002070121ef68
instanceKlass org/hibernate/validator/internal/engine/resolver/TraversableResolvers
instanceKlass  @bci org/springframework/beans/factory/support/DefaultListableBeanFactory registerSingleton (Ljava/lang/String;Ljava/lang/Object;)V 8 <appendix> member <vmtarget> ; # org/springframework/beans/factory/support/DefaultListableBeanFactory$$Lambda+0x000002070121ed38
instanceKlass org/springframework/boot/context/ContextIdApplicationContextInitializer$ContextId
instanceKlass org/springframework/boot/autoconfigure/SharedMetadataReaderFactoryContextInitializer$CachingMetadataReaderFactoryPostProcessor
instanceKlass org/springframework/beans/factory/support/BeanDefinitionRegistryPostProcessor
instanceKlass org/hibernate/validator/internal/xml/config/BootstrapConfigurationImpl
instanceKlass jakarta/validation/BootstrapConfiguration
instanceKlass org/hibernate/validator/internal/xml/config/ResourceLoaderHelper
instanceKlass javax/xml/transform/Source
instanceKlass org/hibernate/validator/internal/xml/config/ValidationXmlParser
instanceKlass org/springframework/beans/factory/support/SimpleAutowireCandidateResolver
instanceKlass org/springframework/beans/factory/support/SimpleInstantiationStrategy
instanceKlass org/hibernate/validator/internal/util/privilegedactions/GetInstancesFromServiceLoader
instanceKlass org/springframework/beans/factory/BeanNameAware
instanceKlass jakarta/validation/valueextraction/ValueExtractor
instanceKlass org/hibernate/validator/internal/util/privilegedactions/GetClassLoader
instanceKlass org/hibernate/validator/internal/engine/DefaultPropertyNodeNameProvider
instanceKlass jakarta/inject/Provider
instanceKlass org/hibernate/validator/internal/engine/DefaultClockProvider
instanceKlass org/hibernate/validator/internal/engine/DefaultParameterNameProvider
instanceKlass org/hibernate/validator/internal/engine/constraintvalidation/ConstraintValidatorFactoryImpl
instanceKlass org/hibernate/validator/internal/xml/config/ValidationBootstrapParameters
instanceKlass org/hibernate/validator/internal/engine/MethodValidationConfiguration$Builder
instanceKlass org/springframework/beans/factory/ObjectProvider
instanceKlass org/springframework/beans/factory/ObjectFactory
instanceKlass org/hibernate/validator/internal/util/CollectionHelper
instanceKlass org/springframework/beans/factory/support/AutowireCandidateResolver
instanceKlass org/jboss/logging/Slf4jLocationAwareLogger$1
instanceKlass org/springframework/beans/factory/InjectionPoint
instanceKlass org/jboss/logging/AbstractLoggerProvider
instanceKlass org/springframework/beans/BeanWrapper
instanceKlass org/jboss/logging/LoggerProvider
instanceKlass org/jboss/logging/LoggerProviders
instanceKlass org/springframework/beans/ConfigurablePropertyAccessor
instanceKlass org/springframework/beans/PropertyAccessor
instanceKlass org/springframework/beans/factory/support/InstantiationStrategy
instanceKlass org/jboss/logging/DelegatingBasicLogger
instanceKlass org/springframework/core/SimpleAliasRegistry
instanceKlass org/jboss/logging/SecurityActions
instanceKlass org/jboss/logging/LoggingLocale
instanceKlass org/hibernate/validator/internal/util/logging/Log
instanceKlass org/springframework/beans/factory/config/ConfigurableListableBeanFactory
instanceKlass org/hibernate/validator/internal/util/logging/LoggerFactory
instanceKlass org/hibernate/validator/internal/util/Version
instanceKlass org/springframework/core/SmartClassLoader
instanceKlass jakarta/validation/MessageInterpolator
instanceKlass org/hibernate/validator/spi/resourceloading/ResourceBundleLocator
instanceKlass org/springframework/beans/factory/config/BeanPostProcessor
instanceKlass org/springframework/beans/PropertyEditorRegistrar
instanceKlass org/springframework/beans/factory/config/BeanExpressionResolver
instanceKlass org/hibernate/validator/spi/properties/GetterPropertySelectionStrategy
instanceKlass org/springframework/context/LifecycleProcessor
instanceKlass org/hibernate/validator/cfg/ConstraintMapping
instanceKlass org/hibernate/validator/spi/nodenameprovider/PropertyNodeNameProvider
instanceKlass jakarta/validation/ClockProvider
instanceKlass jakarta/validation/ParameterNameProvider
instanceKlass org/springframework/beans/factory/config/AutowireCapableBeanFactory
instanceKlass jakarta/validation/ConstraintValidatorFactory
instanceKlass org/hibernate/validator/internal/engine/AbstractConfigurationImpl
instanceKlass jakarta/validation/spi/ConfigurationState
instanceKlass org/hibernate/validator/HibernateValidatorConfiguration
instanceKlass org/hibernate/validator/BaseHibernateValidatorConfiguration
instanceKlass org/springframework/beans/factory/support/BeanDefinitionRegistry
instanceKlass org/springframework/core/AliasRegistry
instanceKlass jakarta/validation/Configuration
instanceKlass jakarta/validation/ValidatorFactory
instanceKlass org/springframework/ui/context/ThemeSource
instanceKlass org/hibernate/validator/HibernateValidator
instanceKlass org/springframework/boot/SpringApplicationBannerPrinter$PrintedBanner
instanceKlass java/io/Console$1
instanceKlass jdk/internal/access/JavaIOAccess
instanceKlass  @bci java/io/Console lambda$instantiateConsole$3 (Z)Ljava/io/Console; 66 <appendix> argL0 ; # java/io/Console$$Lambda+0x00000207010ecf88
instanceKlass java/util/AbstractMap$2$1
instanceKlass jakarta/validation/spi/ValidationProvider
instanceKlass jakarta/validation/Validation$GetValidationProviderListAction
instanceKlass jdk/internal/org/jline/JdkConsoleProviderImpl
instanceKlass jakarta/validation/Validation$DefaultValidationProviderResolver
instanceKlass jdk/jshell/execution/impl/ConsoleImpl$ConsoleProviderImpl
instanceKlass  @bci java/io/Console lambda$instantiateConsole$3 (Z)Ljava/io/Console; 51 <appendix> argL0 ; # java/io/Console$$Lambda+0x00000207010ec770
instanceKlass  @bci java/io/Console lambda$instantiateConsole$3 (Z)Ljava/io/Console; 41 <appendix> member <vmtarget> ; # java/io/Console$$Lambda+0x00000207010ec538
instanceKlass jakarta/validation/ValidationProviderResolver
instanceKlass  @cpi java/io/Console 260 form vmentry <vmtarget> ; # java/lang/invoke/LambdaForm$DMH+0x0000020701204400
# instanceKlass java/lang/invoke/LambdaForm$DMH+0x0000020701204000
instanceKlass jdk/internal/io/JdkConsole
instanceKlass  @bci java/io/Console lambda$instantiateConsole$3 (Z)Ljava/io/Console; 30 <appendix> member <vmtarget> ; # java/io/Console$$Lambda+0x00000207010ec0f0
instanceKlass jakarta/validation/Validation$GenericBootstrapImpl
instanceKlass jakarta/validation/spi/BootstrapState
instanceKlass  @bci java/io/Console lambda$instantiateConsole$3 (Z)Ljava/io/Console; 19 <appendix> argL0 ; # java/io/Console$$Lambda+0x00000207010ebeb8
instanceKlass java/util/ServiceLoader$ProviderSpliterator
instanceKlass jakarta/validation/bootstrap/ProviderSpecificBootstrap
instanceKlass java/util/ServiceLoader$LayerLookupIterator
instanceKlass jakarta/validation/bootstrap/GenericBootstrap
instanceKlass jdk/internal/io/JdkConsoleProvider
instanceKlass  @bci java/io/Console instantiateConsole (Z)Ljava/io/Console; 1 <appendix> member <vmtarget> ; # java/io/Console$$Lambda+0x00000207010eb5c8
instanceKlass jakarta/validation/Validation
instanceKlass java/io/Console
instanceKlass org/springframework/boot/SpringBootVersion
instanceKlass org/springframework/boot/autoconfigure/BackgroundPreinitializer$ValidationInitializer
instanceKlass org/springframework/core/io/ContextResource
instanceKlass org/springframework/boot/SpringBootBanner
instanceKlass org/springframework/boot/Banner
instanceKlass org/springframework/boot/SpringApplicationBannerPrinter
instanceKlass org/springframework/boot/autoconfigure/BackgroundPreinitializer$ConversionServiceInitializer
instanceKlass  @bci org/springframework/boot/DefaultApplicationContextFactory getEnvironmentType (Lorg/springframework/boot/WebApplicationType;)Ljava/lang/Class; 2 <appendix> argL0 ; # org/springframework/boot/DefaultApplicationContextFactory$$Lambda+0x00000207011ff708
instanceKlass org/springframework/boot/EnvironmentConverter
instanceKlass  @bci org/springframework/boot/context/properties/bind/Bindable withExistingValue (Ljava/lang/Object;)Lorg/springframework/boot/context/properties/bind/Bindable; 70 <appendix> member <vmtarget> ; # org/springframework/boot/context/properties/bind/Bindable$$Lambda+0x00000207011ff2e0
instanceKlass  @bci org/springframework/boot/context/properties/bind/Bindable withExistingValue (Ljava/lang/Object;)Lorg/springframework/boot/context/properties/bind/Bindable; 57 <appendix> argL0 ; # org/springframework/boot/context/properties/bind/Bindable$$Lambda+0x00000207011ff0c8
instanceKlass  @bci org/springframework/boot/context/properties/bind/Bindable withExistingValue (Ljava/lang/Object;)Lorg/springframework/boot/context/properties/bind/Bindable; 34 <appendix> member <vmtarget> ; # org/springframework/boot/context/properties/bind/Bindable$$Lambda+0x00000207011feea8
instanceKlass org/springframework/boot/autoconfigure/BackgroundPreinitializer$1
instanceKlass  @bci org/springframework/boot/logging/logback/LogbackLoggingSystem getShutdownHandler ()Ljava/lang/Runnable; 1 <appendix> member <vmtarget> ; # org/springframework/boot/logging/logback/LogbackLoggingSystem$$Lambda+0x00000207011fea58
instanceKlass  @bci org/springframework/boot/context/logging/LoggingApplicationListener setLogLevels (Lorg/springframework/boot/logging/LoggingSystem;Lorg/springframework/core/env/ConfigurableEnvironment;)V 40 <appendix> member <vmtarget> ; # org/springframework/boot/context/logging/LoggingApplicationListener$$Lambda+0x00000207011fe828
instanceKlass  @bci org/springframework/boot/context/logging/LoggingApplicationListener setLogLevels (Lorg/springframework/boot/logging/LoggingSystem;Lorg/springframework/core/env/ConfigurableEnvironment;)V 23 <appendix> argL0 ; # org/springframework/boot/context/logging/LoggingApplicationListener$$Lambda+0x00000207011fe610
instanceKlass  @bci org/springframework/boot/context/logging/LoggingApplicationListener getLogLevelConfigurer (Lorg/springframework/boot/logging/LoggingSystem;)Ljava/util/function/BiConsumer; 2 <appendix> member <vmtarget> ; # org/springframework/boot/context/logging/LoggingApplicationListener$$Lambda+0x00000207011fe3e0
instanceKlass  @bci org/springframework/boot/context/logging/LoggingApplicationListener bindLoggerGroups (Lorg/springframework/core/env/ConfigurableEnvironment;)V 31 <appendix> member <vmtarget> ; # org/springframework/boot/context/logging/LoggingApplicationListener$$Lambda+0x00000207011fe1b0
instanceKlass ch/qos/logback/classic/pattern/TargetLengthBasedClassNameAbbreviator
instanceKlass ch/qos/logback/core/pattern/ConverterUtil
instanceKlass ch/qos/logback/classic/pattern/NamedConverter$CacheMissCalculator
instanceKlass ch/qos/logback/classic/pattern/Abbreviator
instanceKlass ch/qos/logback/core/pattern/FormatInfo
instanceKlass ch/qos/logback/core/pattern/util/AsIsEscapeUtil
instanceKlass ch/qos/logback/core/pattern/parser/OptionTokenizer
instanceKlass ch/qos/logback/core/pattern/util/RestrictedEscapeUtil
instanceKlass ch/qos/logback/core/pattern/parser/TokenStream
instanceKlass ch/qos/logback/core/pattern/util/RegularEscapeUtil
instanceKlass ch/qos/logback/classic/pattern/EnsureExceptionHandling
instanceKlass ch/qos/logback/core/pattern/parser/Token
instanceKlass ch/qos/logback/core/pattern/parser/Node
instanceKlass ch/qos/logback/core/pattern/util/IEscapeUtil
instanceKlass ch/qos/logback/core/pattern/PostCompileProcessor
instanceKlass ch/qos/logback/classic/jul/JULHelper
instanceKlass java/util/Vector$Itr
instanceKlass ch/qos/logback/core/subst/NodeToStringTransformer$1
instanceKlass ch/qos/logback/core/subst/Node
instanceKlass ch/qos/logback/core/subst/Parser$1
instanceKlass ch/qos/logback/core/subst/Parser
instanceKlass ch/qos/logback/core/subst/Token
instanceKlass ch/qos/logback/core/subst/Tokenizer
instanceKlass ch/qos/logback/core/subst/NodeToStringTransformer
instanceKlass ch/qos/logback/core/rolling/RollingPolicy
instanceKlass org/springframework/boot/logging/logback/DefaultLogbackConfiguration
instanceKlass  @bci org/springframework/boot/logging/logback/LogbackLoggingSystem lambda$loadDefaults$0 (Lch/qos/logback/classic/LoggerContext;Lorg/springframework/boot/logging/LoggingInitializationContext;Lorg/springframework/boot/logging/LogFile;)V 48 <appendix> member <vmtarget> ; # org/springframework/boot/logging/logback/LogbackLoggingSystem$$Lambda+0x00000207011eb278
instanceKlass  @bci org/springframework/boot/logging/logback/LogbackLoggingSystem loadDefaults (Lorg/springframework/boot/logging/LoggingInitializationContext;Lorg/springframework/boot/logging/LogFile;)V 15 <appendix> member <vmtarget> ; # org/springframework/boot/logging/logback/LogbackLoggingSystem$$Lambda+0x00000207011eb058
instanceKlass java/lang/ThreadBuilders$BaseThreadFactory
instanceKlass java/lang/ThreadBuilders
instanceKlass java/lang/ThreadBuilders$BaseThreadBuilder
instanceKlass java/lang/Thread$Builder$OfVirtual
instanceKlass java/lang/Thread$Builder
instanceKlass ch/qos/logback/core/util/ExecutorServiceUtil$1
instanceKlass java/util/concurrent/ScheduledExecutorService
instanceKlass ch/qos/logback/core/util/ExecutorServiceUtil
instanceKlass ch/qos/logback/core/LifeCycleManager
instanceKlass org/springframework/boot/logging/LoggingInitializationContext
instanceKlass org/springframework/boot/logging/LoggerGroup
instanceKlass  @bci org/springframework/boot/logging/LoggerGroups putAll (Ljava/util/Map;)V 2 <appendix> member <vmtarget> ; # org/springframework/boot/logging/LoggerGroups$$Lambda+0x00000207011ea060
instanceKlass org/springframework/boot/logging/LoggerGroups
instanceKlass org/springframework/boot/logging/LogFile
instanceKlass  @bci org/springframework/boot/logging/LoggingSystemProperties apply (Lorg/springframework/boot/logging/LogFile;Lorg/springframework/core/env/PropertyResolver;)V 68 <appendix> member <vmtarget> ; # org/springframework/boot/logging/LoggingSystemProperties$$Lambda+0x00000207011e99c8
instanceKlass  @bci org/springframework/boot/logging/LoggingSystemProperties apply (Lorg/springframework/boot/logging/LogFile;Lorg/springframework/core/env/PropertyResolver;)V 54 <appendix> member <vmtarget> ; # org/springframework/boot/logging/LoggingSystemProperties$$Lambda+0x00000207011e9788
instanceKlass  @bci java/util/function/Function identity ()Ljava/util/function/Function; 0 <appendix> argL0 ; # java/util/function/Function$$Lambda+0x00000207010e9658
instanceKlass jdk/internal/vm/ThreadContainers
instanceKlass jdk/internal/vm/StackableScope
instanceKlass java/util/concurrent/SynchronousQueue$TransferStack$SNode
instanceKlass java/util/concurrent/SynchronousQueue$Transferer
instanceKlass java/util/concurrent/ThreadPoolExecutor$AbortPolicy
instanceKlass java/util/concurrent/RejectedExecutionHandler
instanceKlass java/util/concurrent/AbstractExecutorService
instanceKlass java/util/concurrent/Executors
instanceKlass  @bci java/lang/ProcessHandleImpl lambda$static$1 ()Ljava/util/concurrent/Executor; 45 <appendix> form vmentry <vmtarget> ; # java/lang/invoke/LambdaForm$DMH+0x00000207011ec000
instanceKlass  @bci java/lang/ProcessHandleImpl lambda$static$1 ()Ljava/util/concurrent/Executor; 45 <appendix> member <vmtarget> ; # java/lang/ProcessHandleImpl$$Lambda+0x00000207010e7e78
instanceKlass  @cpi java/lang/ProcessHandleImpl 436 form vmentry <vmtarget> ; # java/lang/invoke/LambdaForm$DMH+0x00000207011e5c00
# instanceKlass java/lang/invoke/LambdaForm$DMH+0x00000207011e5800
instanceKlass jdk/internal/util/random/RandomSupport
instanceKlass  @bci java/lang/ProcessHandleImpl <clinit> ()V 32 <appendix> argL0 ; # java/lang/ProcessHandleImpl$$Lambda+0x00000207010e7c60
instanceKlass java/lang/ProcessHandleImpl
instanceKlass java/lang/ProcessHandle
instanceKlass org/springframework/boot/system/ApplicationPid
instanceKlass org/springframework/core/convert/support/ConversionUtils
instanceKlass java/util/concurrent/ConcurrentLinkedDeque$AbstractItr
instanceKlass org/springframework/core/convert/support/GenericConversionService$ConverterCacheKey
instanceKlass org/springframework/boot/context/properties/source/ConfigurationProperty
instanceKlass org/springframework/boot/origin/PropertySourceOrigin
instanceKlass  @bci org/springframework/boot/logging/AbstractLoggingSystem getDefaultValueResolver (Lorg/springframework/core/env/Environment;)Ljava/util/function/Function; 7 <appendix> member <vmtarget> ; # org/springframework/boot/logging/AbstractLoggingSystem$$Lambda+0x00000207011e7b18
instanceKlass org/jboss/logging/Logger
instanceKlass org/jboss/logging/BasicLogger
instanceKlass  @bci org/springframework/boot/logging/LoggingSystemProperties <clinit> ()V 108 <appendix> argL0 ; # org/springframework/boot/logging/LoggingSystemProperties$$Lambda+0x00000207011e72c8
instanceKlass org/springframework/boot/ansi/AnsiElement
instanceKlass  @bci org/springframework/boot/context/config/AnsiOutputApplicationListener onApplicationEvent (Lorg/springframework/boot/context/event/ApplicationEnvironmentPreparedEvent;)V 16 <appendix> argL0 ; # org/springframework/boot/context/config/AnsiOutputApplicationListener$$Lambda+0x00000207011e6440
instanceKlass org/springframework/boot/ansi/AnsiOutput
instanceKlass  @bci org/springframework/boot/context/config/InvalidConfigDataPropertyException throwIfPropertyFound (Lorg/springframework/boot/context/config/ConfigDataEnvironmentContributor;)V 14 <appendix> member <vmtarget> ; # org/springframework/boot/context/config/InvalidConfigDataPropertyException$$Lambda+0x00000207011e3bd8
instanceKlass  @bci org/springframework/boot/context/config/ConfigDataEnvironmentContributor hasAnyProfileSpecificChildren (Ljava/util/List;)Z 73 <appendix> argL0 ; # org/springframework/boot/context/config/ConfigDataEnvironmentContributor$$Lambda+0x00000207011e3720
instanceKlass  @bci org/springframework/boot/context/config/ConfigDataLocationResolvers resolve (Lorg/springframework/boot/context/config/ConfigDataLocationResolver;Lorg/springframework/boot/context/config/ConfigDataLocationResolverContext;Lorg/springframework/boot/context/config/ConfigDataLocation;Lorg/springframework/boot/context/config/Profiles;)Ljava/util/List; 32 <appendix> member <vmtarget> ; # org/springframework/boot/context/config/ConfigDataLocationResolvers$$Lambda+0x00000207011e3500
instanceKlass  @bci org/springframework/boot/context/config/Profiles expandProfiles (Ljava/util/List;)Ljava/util/List; 92 <appendix> member <vmtarget> ; # org/springframework/boot/context/config/Profiles$$Lambda+0x00000207011e32d0
instanceKlass  @bci org/springframework/boot/context/config/Profiles expandProfiles (Ljava/util/List;)Ljava/util/List; 19 <appendix> member <vmtarget> ; # org/springframework/boot/context/config/Profiles$$Lambda+0x00000207011e30a0
instanceKlass  @bci org/springframework/boot/context/config/Profiles$Type <clinit> ()V 33 <appendix> argL0 ; # org/springframework/boot/context/config/Profiles$Type$$Lambda+0x00000207011e2c78
instanceKlass  @bci org/springframework/boot/context/config/Profiles$Type <clinit> ()V 9 <appendix> argL0 ; # org/springframework/boot/context/config/Profiles$Type$$Lambda+0x00000207011e2a40
instanceKlass  @bci org/springframework/boot/context/config/Profiles <init> (Lorg/springframework/core/env/Environment;Lorg/springframework/boot/context/properties/bind/Binder;Ljava/util/Collection;)V 14 <appendix> argL0 ; # org/springframework/boot/context/config/Profiles$$Lambda+0x00000207011e25e0
instanceKlass org/springframework/boot/context/properties/bind/MapBinder$EntryBinder
instanceKlass  @bci org/springframework/boot/context/properties/bind/MapBinder bindAggregate (Lorg/springframework/boot/context/properties/source/ConfigurationPropertyName;Lorg/springframework/boot/context/properties/bind/Bindable;Lorg/springframework/boot/context/properties/bind/AggregateElementBinder;)Ljava/lang/Object; 186 <appendix> member <vmtarget> ; # org/springframework/boot/context/properties/bind/MapBinder$$Lambda+0x00000207011e2180
instanceKlass  @bci org/springframework/boot/context/config/ConfigDataEnvironment getIncludedProfiles (Lorg/springframework/boot/context/config/ConfigDataEnvironmentContributors;Lorg/springframework/boot/context/config/ConfigDataActivationContext;)Ljava/util/Collection; 112 <appendix> member <vmtarget> ; # org/springframework/boot/context/config/ConfigDataEnvironment$$Lambda+0x00000207011e1f50
instanceKlass  @bci org/springframework/boot/context/properties/bind/CollectionBinder bindAggregate (Lorg/springframework/boot/context/properties/source/ConfigurationPropertyName;Lorg/springframework/boot/context/properties/bind/Bindable;Lorg/springframework/boot/context/properties/bind/AggregateElementBinder;)Ljava/lang/Object; 38 <appendix> member <vmtarget> ; # org/springframework/boot/context/properties/bind/CollectionBinder$$Lambda+0x00000207011e1d30
instanceKlass org/springframework/boot/context/config/Profiles
instanceKlass  @bci org/springframework/boot/context/config/ConfigDataEnvironment withProfiles (Lorg/springframework/boot/context/config/ConfigDataEnvironmentContributors;Lorg/springframework/boot/context/config/ConfigDataActivationContext;)Lorg/springframework/boot/context/config/ConfigDataActivationContext; 14 <appendix> argL0 ; # org/springframework/boot/context/config/ConfigDataEnvironment$$Lambda+0x00000207011e1880
instanceKlass  @bci org/springframework/boot/cloud/CloudPlatform$7 isDetected (Lorg/springframework/core/env/Environment;)Z 15 <appendix> member <vmtarget> ; # org/springframework/boot/cloud/CloudPlatform$7$$Lambda+0x00000207011e1630
instanceKlass  @bci org/springframework/boot/context/config/ConfigDataEnvironmentContributors getBinderSources (Ljava/util/function/Predicate;)Ljava/util/Iterator; 24 <appendix> argL0 ; # org/springframework/boot/context/config/ConfigDataEnvironmentContributors$$Lambda+0x00000207011e13f8
instanceKlass  @bci org/springframework/boot/context/config/ConfigDataEnvironmentContributors getBinderSources (Ljava/util/function/Predicate;)Ljava/util/Iterator; 8 <appendix> member <vmtarget> ; # org/springframework/boot/context/config/ConfigDataEnvironmentContributors$$Lambda+0x00000207011e11a8
instanceKlass  @bci org/springframework/boot/context/config/ConfigDataEnvironmentContributors lambda$getBinder$4 (Ljava/util/function/Predicate;ZLorg/springframework/boot/context/config/ConfigDataActivationContext;)Ljava/util/Iterator; 4 <appendix> form vmentry <vmtarget> ; # java/lang/invoke/LambdaForm$DMH+0x00000207011e5400
instanceKlass  @bci org/springframework/boot/context/config/ConfigDataEnvironmentContributors lambda$getBinder$4 (Ljava/util/function/Predicate;ZLorg/springframework/boot/context/config/ConfigDataActivationContext;)Ljava/util/Iterator; 4 <appendix> member <vmtarget> ; # org/springframework/boot/context/config/ConfigDataEnvironmentContributors$$Lambda+0x00000207011e0f58
instanceKlass  @cpi org/springframework/boot/context/config/ConfigDataEnvironmentContributors 522 form vmentry <vmtarget> ; # java/lang/invoke/LambdaForm$DMH+0x00000207011e5000
instanceKlass org/springframework/boot/context/config/ConfigDataEnvironmentContributors$InactiveSourceChecker
instanceKlass  @bci org/springframework/boot/context/config/ConfigDataEnvironmentContributors getBinder (Lorg/springframework/boot/context/config/ConfigDataActivationContext;Ljava/util/function/Predicate;Ljava/util/Set;)Lorg/springframework/boot/context/properties/bind/Binder; 16 <adapter> ; # java/lang/invoke/LambdaForm$MH+0x00000207011e4c00
# instanceKlass java/lang/invoke/LambdaForm$DMH+0x00000207011e4800
instanceKlass  @bci org/springframework/boot/context/config/ConfigDataEnvironmentContributors getBinder (Lorg/springframework/boot/context/config/ConfigDataActivationContext;Ljava/util/function/Predicate;Ljava/util/Set;)Lorg/springframework/boot/context/properties/bind/Binder; 16 <appendix> form vmentry <vmtarget> ; # java/lang/invoke/LambdaForm$DMH+0x00000207011e4400
instanceKlass  @bci org/springframework/boot/context/config/ConfigDataEnvironmentContributors getBinder (Lorg/springframework/boot/context/config/ConfigDataActivationContext;Ljava/util/function/Predicate;Ljava/util/Set;)Lorg/springframework/boot/context/properties/bind/Binder; 16 <appendix> member <vmtarget> ; # org/springframework/boot/context/config/ConfigDataEnvironmentContributors$$Lambda+0x00000207011e0ab0
instanceKlass  @cpi org/springframework/boot/context/config/ConfigDataEnvironmentContributors 511 form vmentry <vmtarget> ; # java/lang/invoke/LambdaForm$DMH+0x00000207011e4000
instanceKlass org/springframework/boot/context/properties/bind/DefaultValue
instanceKlass org/springframework/boot/context/properties/bind/DataObjectPropertyName
instanceKlass org/springframework/boot/context/properties/bind/ValueObjectBinder$ConstructorParameter
instanceKlass org/springframework/core/SerializableTypeWrapper$MethodInvokeTypeProvider
instanceKlass  @bci java/lang/reflect/Proxy getProxyConstructor (Ljava/lang/Class;Ljava/lang/ClassLoader;[Ljava/lang/Class;)Ljava/lang/reflect/Constructor; 80 <appendix> argL0 ; # java/lang/reflect/Proxy$$Lambda+0x00000207010e6c98
instanceKlass org/springframework/core/SerializableTypeWrapper$TypeProxyInvocationHandler
instanceKlass sun/reflect/generics/tree/MethodTypeSignature
instanceKlass sun/reflect/generics/tree/VoidDescriptor
instanceKlass org/springframework/core/SerializableTypeWrapper$MethodParameterTypeProvider
instanceKlass  @bci org/springframework/core/MethodParameter validateIndex (Ljava/lang/reflect/Executable;I)I 21 <appendix> member <vmtarget> ; # org/springframework/core/MethodParameter$$Lambda+0x00000207011df8f8
instanceKlass org/springframework/core/MethodParameter
instanceKlass org/springframework/boot/context/properties/bind/Name
instanceKlass  @bci org/springframework/boot/context/properties/bind/DefaultBindConstructorProvider$Constructors getConstructors (Ljava/lang/Class;Z)Lorg/springframework/boot/context/properties/bind/DefaultBindConstructorProvider$Constructors; 123 <appendix> member <vmtarget> ; # org/springframework/boot/context/properties/bind/DefaultBindConstructorProvider$Constructors$$Lambda+0x00000207011de9f8
instanceKlass org/springframework/boot/context/properties/bind/ConstructorBinding
instanceKlass  @bci org/springframework/boot/context/properties/bind/DefaultBindConstructorProvider$Constructors getCandidateConstructors (Ljava/lang/Class;)[Ljava/lang/reflect/Constructor; 29 <appendix> argL0 ; # org/springframework/boot/context/properties/bind/DefaultBindConstructorProvider$Constructors$$Lambda+0x00000207011de3f8
instanceKlass  @bci org/springframework/boot/context/properties/bind/DefaultBindConstructorProvider$Constructors getCandidateConstructors (Ljava/lang/Class;)[Ljava/lang/reflect/Constructor; 19 <appendix> argL0 ; # org/springframework/boot/context/properties/bind/DefaultBindConstructorProvider$Constructors$$Lambda+0x00000207011de1b0
instanceKlass  @bci org/springframework/boot/context/properties/bind/DefaultBindConstructorProvider$Constructors isAutowiredPresent (Ljava/lang/Class;)Z 17 <appendix> argL0 ; # org/springframework/boot/context/properties/bind/DefaultBindConstructorProvider$Constructors$$Lambda+0x00000207011ddf68
instanceKlass  @bci org/springframework/boot/context/properties/bind/DefaultBindConstructorProvider$Constructors isAutowiredPresent (Ljava/lang/Class;)Z 7 <appendix> argL0 ; # org/springframework/boot/context/properties/bind/DefaultBindConstructorProvider$Constructors$$Lambda+0x00000207011ddd30
instanceKlass org/springframework/boot/context/config/ConfigDataProperties$Activate
instanceKlass org/springframework/boot/context/properties/bind/DefaultBindConstructorProvider$Constructors
instanceKlass org/springframework/boot/context/properties/bind/AbstractBindHandler
instanceKlass org/springframework/boot/context/config/ConfigDataEnvironmentContributorPlaceholdersResolver
instanceKlass  @bci org/springframework/beans/factory/config/YamlProcessor buildFlattenedMap (Ljava/util/Map;Ljava/util/Map;Ljava/lang/String;)V 4 <appendix> member <vmtarget> ; # org/springframework/beans/factory/config/YamlProcessor$$Lambda+0x00000207011dcff0
instanceKlass  @bci java/util/Map$Entry comparingByKey (Ljava/util/Comparator;)Ljava/util/Comparator; 6 <appendix> member <vmtarget> ; # java/util/Map$Entry$$Lambda+0x00000207010e5f18
instanceKlass  @bci org/springframework/core/SortedProperties <clinit> ()V 6 <appendix> argL0 ; # org/springframework/core/SortedProperties$$Lambda+0x00000207011dcdb8
instanceKlass org/springframework/core/CollectionFactory
instanceKlass  @bci org/springframework/beans/factory/config/YamlProcessor asMap (Ljava/lang/Object;)Ljava/util/Map; 39 <appendix> member <vmtarget> ; # org/springframework/beans/factory/config/YamlProcessor$$Lambda+0x00000207011dc0d8
instanceKlass java/util/TreeMap$NavigableSubMap$SubMapIterator
instanceKlass  @bci org/springframework/boot/env/OriginTrackedYamlLoader$OriginTrackingConstructor replaceMappingNodeKeys (Lorg/yaml/snakeyaml/nodes/MappingNode;)V 33 <appendix> member <vmtarget> ; # org/springframework/boot/env/OriginTrackedYamlLoader$OriginTrackingConstructor$$Lambda+0x00000207011dbea8
instanceKlass  @bci org/springframework/boot/env/OriginTrackedYamlLoader$OriginTrackingConstructor replaceMappingNodeKeys (Lorg/yaml/snakeyaml/nodes/MappingNode;)V 17 <appendix> argL0 ; # org/springframework/boot/env/OriginTrackedYamlLoader$OriginTrackingConstructor$$Lambda+0x00000207011dbc70
instanceKlass org/yaml/snakeyaml/parser/ParserImpl$ParseDocumentStart
instanceKlass org/yaml/snakeyaml/nodes/NodeTuple
instanceKlass org/yaml/snakeyaml/events/ImplicitTuple
instanceKlass org/yaml/snakeyaml/parser/ParserImpl$ParseBlockMappingValue
instanceKlass org/yaml/snakeyaml/parser/ParserImpl$ParseBlockMappingKey
instanceKlass org/yaml/snakeyaml/resolver/Resolver$1
instanceKlass org/yaml/snakeyaml/parser/ParserImpl$ParseBlockMappingFirstKey
instanceKlass org/yaml/snakeyaml/parser/ParserImpl$ParseBlockNode
instanceKlass org/yaml/snakeyaml/parser/ParserImpl$ParseDocumentEnd
instanceKlass org/yaml/snakeyaml/scanner/SimpleKey
instanceKlass org/yaml/snakeyaml/scanner/Constant
instanceKlass org/yaml/snakeyaml/parser/ParserImpl$ParseImplicitDocumentStart
instanceKlass org/yaml/snakeyaml/Yaml$YamlIterable
instanceKlass org/yaml/snakeyaml/Yaml$1
instanceKlass org/yaml/snakeyaml/comments/CommentEventsCollector
instanceKlass org/yaml/snakeyaml/parser/ParserImpl$ParseStreamStart
instanceKlass org/yaml/snakeyaml/parser/VersionTagsTuple
instanceKlass org/yaml/snakeyaml/error/Mark
instanceKlass org/yaml/snakeyaml/util/ArrayStack
instanceKlass org/yaml/snakeyaml/tokens/Token
instanceKlass org/yaml/snakeyaml/scanner/ScannerImpl
instanceKlass org/yaml/snakeyaml/reader/StreamReader
instanceKlass org/yaml/snakeyaml/events/Event
instanceKlass org/yaml/snakeyaml/parser/Production
instanceKlass org/yaml/snakeyaml/scanner/Scanner
instanceKlass org/yaml/snakeyaml/parser/ParserImpl
instanceKlass org/yaml/snakeyaml/composer/Composer
instanceKlass org/yaml/snakeyaml/util/PlatformFeatureDetector
instanceKlass java/beans/FeatureDescriptor
instanceKlass org/yaml/snakeyaml/introspector/Property
instanceKlass org/yaml/snakeyaml/introspector/PropertyUtils
instanceKlass org/yaml/snakeyaml/emitter/Emitable
instanceKlass org/yaml/snakeyaml/parser/Parser
instanceKlass org/yaml/snakeyaml/resolver/ResolverTuple
instanceKlass org/yaml/snakeyaml/representer/Representer$RepresentJavaBean
instanceKlass org/yaml/snakeyaml/representer/SafeRepresenter$RepresentEnum
instanceKlass org/yaml/snakeyaml/representer/SafeRepresenter$RepresentDate
instanceKlass org/yaml/snakeyaml/representer/SafeRepresenter$RepresentArray
instanceKlass org/yaml/snakeyaml/representer/SafeRepresenter$RepresentIterator
instanceKlass org/yaml/snakeyaml/representer/SafeRepresenter$RepresentSet
instanceKlass org/yaml/snakeyaml/representer/SafeRepresenter$RepresentMap
instanceKlass org/yaml/snakeyaml/representer/SafeRepresenter$RepresentList
instanceKlass org/yaml/snakeyaml/representer/SafeRepresenter$RepresentNumber
instanceKlass org/yaml/snakeyaml/representer/SafeRepresenter$RepresentPrimitiveArray
instanceKlass org/yaml/snakeyaml/representer/SafeRepresenter$RepresentByteArray
instanceKlass org/yaml/snakeyaml/representer/SafeRepresenter$RepresentUuid
instanceKlass org/yaml/snakeyaml/representer/SafeRepresenter$RepresentBoolean
instanceKlass org/yaml/snakeyaml/representer/SafeRepresenter$RepresentString
instanceKlass org/yaml/snakeyaml/representer/SafeRepresenter$RepresentNull
instanceKlass org/yaml/snakeyaml/representer/Represent
instanceKlass org/yaml/snakeyaml/representer/BaseRepresenter
instanceKlass org/yaml/snakeyaml/serializer/NumberAnchorGenerator
instanceKlass org/yaml/snakeyaml/serializer/AnchorGenerator
instanceKlass org/yaml/snakeyaml/DumperOptions
instanceKlass org/yaml/snakeyaml/constructor/SafeConstructor$ConstructYamlMap
instanceKlass org/yaml/snakeyaml/constructor/SafeConstructor$ConstructYamlSeq
instanceKlass org/yaml/snakeyaml/constructor/SafeConstructor$ConstructYamlSet
instanceKlass org/yaml/snakeyaml/external/com/google/gdata/util/common/base/UnicodeEscaper
instanceKlass org/yaml/snakeyaml/external/com/google/gdata/util/common/base/Escaper
instanceKlass org/yaml/snakeyaml/util/UriEncoder
instanceKlass org/yaml/snakeyaml/nodes/Tag
instanceKlass jdk/internal/logger/LoggerFinderLoader
instanceKlass  @bci java/lang/System$LoggerFinder accessProvider ()Ljava/lang/System$LoggerFinder; 6 <appendix> argL0 ; # java/lang/System$LoggerFinder$$Lambda+0x00000207010e3730
instanceKlass jdk/internal/logger/LazyLoggers$LazyLoggerFactories
instanceKlass jdk/internal/logger/LazyLoggers$1
instanceKlass jdk/internal/logger/LazyLoggers
instanceKlass org/yaml/snakeyaml/internal/Logger
instanceKlass org/yaml/snakeyaml/TypeDescription
instanceKlass org/yaml/snakeyaml/constructor/AbstractConstruct
instanceKlass org/yaml/snakeyaml/constructor/Construct
instanceKlass org/yaml/snakeyaml/nodes/Node
instanceKlass org/yaml/snakeyaml/inspector/UnTrustedTagInspector
instanceKlass org/yaml/snakeyaml/LoaderOptions
instanceKlass  @bci org/springframework/boot/env/OriginTrackedYamlLoader load ()Ljava/util/List; 11 <appendix> member <vmtarget> ; # org/springframework/boot/env/OriginTrackedYamlLoader$$Lambda+0x00000207011c6fb0
instanceKlass org/springframework/beans/factory/config/YamlProcessor$MatchCallback
instanceKlass org/yaml/snakeyaml/resolver/Resolver
instanceKlass org/yaml/snakeyaml/constructor/BaseConstructor
instanceKlass org/yaml/snakeyaml/inspector/TagInspector
instanceKlass org/springframework/beans/factory/config/YamlProcessor
instanceKlass org/yaml/snakeyaml/Yaml
instanceKlass  @bci org/springframework/boot/env/PropertiesPropertySourceLoader loadProperties (Lorg/springframework/core/io/Resource;)Ljava/util/List; 58 <appendix> member <vmtarget> ; # org/springframework/boot/env/PropertiesPropertySourceLoader$$Lambda+0x00000207011c4938
instanceKlass  @bci org/springframework/boot/env/OriginTrackedPropertiesLoader isNewDocument (Lorg/springframework/boot/env/OriginTrackedPropertiesLoader$CharacterReader;)Z 37 <appendix> member <vmtarget> ; # org/springframework/boot/env/OriginTrackedPropertiesLoader$$Lambda+0x00000207011c4718
instanceKlass org/springframework/boot/origin/OriginTrackedValue
instanceKlass org/springframework/boot/origin/TextResourceOrigin
instanceKlass org/springframework/boot/origin/TextResourceOrigin$Location
instanceKlass org/springframework/boot/env/OriginTrackedPropertiesLoader$CharacterReader
instanceKlass org/springframework/boot/env/OriginTrackedPropertiesLoader$Document
instanceKlass org/springframework/boot/env/OriginTrackedPropertiesLoader
instanceKlass org/springframework/boot/origin/OriginTrackedResource
instanceKlass  @bci org/springframework/boot/context/config/ConfigDataEnvironmentContributor withReplacement (Lorg/springframework/boot/context/config/ConfigDataEnvironmentContributor;Lorg/springframework/boot/context/config/ConfigDataEnvironmentContributor;)Lorg/springframework/boot/context/config/ConfigDataEnvironmentContributor; 31 <appendix> member <vmtarget> ; # org/springframework/boot/context/config/ConfigDataEnvironmentContributor$$Lambda+0x00000207011beba0
instanceKlass  @cpi org/springframework/boot/context/config/ConfigDataEnvironmentContributor 473 form vmentry <vmtarget> ; # java/lang/invoke/LambdaForm$DMH+0x00000207011c2c00
instanceKlass  @bci org/springframework/boot/context/config/ConfigDataEnvironmentContributors asContributors (Ljava/util/Map;)Ljava/util/List; 19 <appendix> member <vmtarget> ; # org/springframework/boot/context/config/ConfigDataEnvironmentContributors$$Lambda+0x00000207011be970
instanceKlass  @bci org/springframework/boot/context/config/ConfigDataEnvironmentContributors withProcessedImports (Lorg/springframework/boot/context/config/ConfigDataImporter;Lorg/springframework/boot/context/config/ConfigDataActivationContext;)Lorg/springframework/boot/context/config/ConfigDataEnvironmentContributors; 197 <appendix> member <vmtarget> ; # org/springframework/boot/context/config/ConfigDataEnvironmentContributors$$Lambda+0x00000207011be750
instanceKlass org/springframework/boot/context/config/ConfigData
instanceKlass  @bci org/springframework/boot/context/config/ConfigDataLoaders load (Lorg/springframework/boot/context/config/ConfigDataLoaderContext;Lorg/springframework/boot/context/config/ConfigDataResource;)Lorg/springframework/boot/context/config/ConfigData; 13 <appendix> member <vmtarget> ; # org/springframework/boot/context/config/ConfigDataLoaders$$Lambda+0x00000207011be328
instanceKlass  @bci org/springframework/boot/context/config/ConfigDataLoaders getLoader (Lorg/springframework/boot/context/config/ConfigDataLoaderContext;Lorg/springframework/boot/context/config/ConfigDataResource;)Lorg/springframework/boot/context/config/ConfigDataLoader; 120 <appendix> member <vmtarget> ; # org/springframework/boot/context/config/ConfigDataLoaders$$Lambda+0x00000207011be108
instanceKlass org/springframework/boot/context/config/ConfigDataResolutionResult
instanceKlass  @bci org/springframework/boot/context/config/StandardConfigDataLocationResolver resolvePatternEmptyDirectories (Lorg/springframework/boot/context/config/StandardConfigDataReference;)Ljava/util/Set; 87 <appendix> argL0 ; # org/springframework/boot/context/config/StandardConfigDataLocationResolver$$Lambda+0x00000207011bdcd0
instanceKlass  @bci org/springframework/boot/context/config/StandardConfigDataLocationResolver resolvePatternEmptyDirectories (Lorg/springframework/boot/context/config/StandardConfigDataReference;)Ljava/util/Set; 77 <appendix> member <vmtarget> ; # org/springframework/boot/context/config/StandardConfigDataLocationResolver$$Lambda+0x00000207011bda90
instanceKlass  @bci org/springframework/boot/context/config/StandardConfigDataLocationResolver resolvePatternEmptyDirectories (Lorg/springframework/boot/context/config/StandardConfigDataReference;)Ljava/util/Set; 66 <appendix> argL0 ; # org/springframework/boot/context/config/StandardConfigDataLocationResolver$$Lambda+0x00000207011bd848
instanceKlass  @bci org/springframework/boot/context/config/LocationResourceLoader validatePattern (Ljava/lang/String;Lorg/springframework/boot/context/config/LocationResourceLoader$ResourceType;)V 93 <appendix> member <vmtarget> ; # org/springframework/boot/context/config/LocationResourceLoader$$Lambda+0x00000207011bd628
instanceKlass  @bci org/springframework/boot/context/config/LocationResourceLoader validatePattern (Ljava/lang/String;Lorg/springframework/boot/context/config/LocationResourceLoader$ResourceType;)V 53 <appendix> member <vmtarget> ; # org/springframework/boot/context/config/LocationResourceLoader$$Lambda+0x00000207011bd408
instanceKlass  @bci org/springframework/boot/context/config/LocationResourceLoader validatePattern (Ljava/lang/String;Lorg/springframework/boot/context/config/LocationResourceLoader$ResourceType;)V 29 <appendix> member <vmtarget> ; # org/springframework/boot/context/config/LocationResourceLoader$$Lambda+0x00000207011bd1e8
instanceKlass  @bci org/springframework/boot/context/config/LocationResourceLoader validatePattern (Ljava/lang/String;Lorg/springframework/boot/context/config/LocationResourceLoader$ResourceType;)V 6 <appendix> member <vmtarget> ; # org/springframework/boot/context/config/LocationResourceLoader$$Lambda+0x00000207011bcfc8
instanceKlass  @bci org/springframework/boot/context/config/LocationResourceLoader validateNonPattern (Ljava/lang/String;)V 14 <appendix> member <vmtarget> ; # org/springframework/boot/context/config/LocationResourceLoader$$Lambda+0x00000207011bc580
instanceKlass  @bci jakarta/el/ExpressionFactory <clinit> ()V 68 <appendix> form vmentry <vmtarget> ; # java/lang/invoke/LambdaForm$MH+0x00000207011c2800
# instanceKlass java/lang/invoke/LambdaForm$MH+0x00000207011c2400
instanceKlass  @bci jakarta/el/ExpressionFactory <clinit> ()V 68 <appendix> argL3 form vmentry <vmtarget> ; # java/lang/invoke/LambdaForm$MH+0x00000207011c2000
# instanceKlass java/lang/invoke/LambdaForm$MH+0x00000207011c1c00
# instanceKlass java/lang/invoke/LambdaForm$MH+0x00000207011c1800
# instanceKlass java/lang/invoke/LambdaForm$MH+0x00000207011c1400
# instanceKlass java/lang/invoke/LambdaForm$MH+0x00000207011c1000
instanceKlass  @bci jakarta/el/ExpressionFactory <clinit> ()V 68 <appendix> argL1 form vmentry <vmtarget> ; # java/lang/invoke/LambdaForm$MH+0x00000207011c0c00
# instanceKlass java/lang/invoke/LambdaForm$MH+0x00000207011c0800
# instanceKlass java/lang/invoke/LambdaForm$MH+0x00000207011c0400
# instanceKlass java/lang/invoke/LambdaForm$MH+0x00000207011c0000
instanceKlass org/springframework/boot/context/config/StandardConfigDataReference
instanceKlass  @bci org/springframework/boot/context/config/ConfigDataLocationResolvers resolve (Lorg/springframework/boot/context/config/ConfigDataLocationResolver;Lorg/springframework/boot/context/config/ConfigDataLocationResolverContext;Lorg/springframework/boot/context/config/ConfigDataLocation;Lorg/springframework/boot/context/config/Profiles;)Ljava/util/List; 6 <appendix> member <vmtarget> ; # org/springframework/boot/context/config/ConfigDataLocationResolvers$$Lambda+0x00000207011bc120
instanceKlass org/springframework/boot/context/config/ConfigDataEnvironmentContributors$ContributorDataLoaderContext
instanceKlass org/springframework/boot/context/config/ConfigDataEnvironmentContributors$ContributorConfigDataLocationResolverContext
instanceKlass org/springframework/boot/context/config/ConfigDataEnvironmentContributor$ContributorIterator
instanceKlass  @bci org/springframework/boot/DefaultBootstrapContext register (Ljava/lang/Class;Lorg/springframework/boot/BootstrapRegistry$InstanceSupplier;Z)V 60 <appendix> member <vmtarget> ; # org/springframework/boot/DefaultBootstrapContext$$Lambda+0x00000207011bb848
instanceKlass org/springframework/boot/BootstrapRegistry$InstanceSupplier$1
instanceKlass  @bci org/springframework/boot/BootstrapRegistry$InstanceSupplier from (Ljava/util/function/Supplier;)Lorg/springframework/boot/BootstrapRegistry$InstanceSupplier; 1 <appendix> member <vmtarget> ; # org/springframework/boot/BootstrapRegistry$InstanceSupplier$$Lambda+0x00000207011baf90
instanceKlass org/springframework/boot/BootstrapRegistry$InstanceSupplier
instanceKlass  @bci org/springframework/boot/context/config/ConfigDataEnvironment registerBootstrapBinder (Lorg/springframework/boot/context/config/ConfigDataEnvironmentContributors;Lorg/springframework/boot/context/config/ConfigDataActivationContext;[Lorg/springframework/boot/context/config/ConfigDataEnvironmentContributors$BinderOption;)V 9 <appendix> member <vmtarget> ; # org/springframework/boot/context/config/ConfigDataEnvironment$$Lambda+0x00000207011bab78
instanceKlass org/springframework/boot/context/config/ConfigDataActivationContext
instanceKlass org/springframework/boot/context/config/ConfigDataImporter
instanceKlass  @bci org/springframework/boot/context/config/ConfigDataEnvironmentContributors <clinit> ()V 0 <appendix> argL0 ; # org/springframework/boot/context/config/ConfigDataEnvironmentContributors$$Lambda+0x00000207011b9e28
instanceKlass org/springframework/boot/context/config/ConfigDataLocationResolverContext
instanceKlass org/springframework/boot/context/config/ConfigDataLoaderContext
instanceKlass org/springframework/boot/context/config/ConfigDataEnvironmentContributors
instanceKlass org/springframework/boot/context/config/ConfigDataProperties
instanceKlass org/springframework/boot/context/config/ConfigDataEnvironmentContributor
instanceKlass org/springframework/boot/context/config/ConfigData$Options
instanceKlass org/springframework/boot/context/config/ConfigData$AlwaysPropertySourceOptions
instanceKlass org/springframework/boot/context/config/ConfigData$PropertySourceOptions
instanceKlass org/springframework/boot/context/config/StandardConfigDataLoader
instanceKlass org/springframework/boot/context/config/ConfigDataResource
instanceKlass org/springframework/boot/context/config/ConfigTreeConfigDataLoader
instanceKlass org/springframework/boot/context/config/ConfigDataLoader
instanceKlass  @bci org/springframework/boot/context/config/ConfigDataLoaders <init> (Lorg/springframework/boot/logging/DeferredLogFactory;Lorg/springframework/boot/ConfigurableBootstrapContext;Lorg/springframework/core/io/support/SpringFactoriesLoader;)V 66 <appendix> argL0 ; # org/springframework/boot/context/config/ConfigDataLoaders$$Lambda+0x00000207011b74e8
instanceKlass org/springframework/boot/context/config/ConfigDataLoaders
instanceKlass org/springframework/boot/context/config/ConfigDataEnvironmentUpdateListener$1
instanceKlass org/springframework/boot/context/config/ConfigDataEnvironmentUpdateListener
instanceKlass  @bci org/springframework/boot/context/config/StandardConfigDataLocationResolver validateConfigName (Ljava/lang/String;)V 15 <appendix> member <vmtarget> ; # org/springframework/boot/context/config/StandardConfigDataLocationResolver$$Lambda+0x00000207011b6c90
instanceKlass  @bci org/springframework/boot/context/properties/bind/Binder lambda$bindAggregate$3 (Lorg/springframework/boot/context/properties/bind/AggregateBinder;Lorg/springframework/boot/context/properties/bind/BindHandler;Lorg/springframework/boot/context/properties/bind/Binder$Context;Lorg/springframework/boot/context/properties/source/ConfigurationPropertyName;Lorg/springframework/boot/context/properties/bind/Bindable;Lorg/springframework/boot/context/properties/source/ConfigurationPropertySource;)Ljava/lang/Object; 17 <adapter> ; # java/lang/invoke/LambdaForm$MH+0x00000207011b5800
# instanceKlass java/lang/invoke/LambdaForm$DMH+0x00000207011b5400
instanceKlass  @bci org/springframework/boot/context/properties/bind/Binder lambda$bindAggregate$3 (Lorg/springframework/boot/context/properties/bind/AggregateBinder;Lorg/springframework/boot/context/properties/bind/BindHandler;Lorg/springframework/boot/context/properties/bind/Binder$Context;Lorg/springframework/boot/context/properties/source/ConfigurationPropertyName;Lorg/springframework/boot/context/properties/bind/Bindable;Lorg/springframework/boot/context/properties/source/ConfigurationPropertySource;)Ljava/lang/Object; 17 <appendix> form vmentry <vmtarget> ; # java/lang/invoke/LambdaForm$DMH+0x00000207011b5000
instanceKlass  @bci org/springframework/boot/context/properties/bind/Binder lambda$bindAggregate$3 (Lorg/springframework/boot/context/properties/bind/AggregateBinder;Lorg/springframework/boot/context/properties/bind/BindHandler;Lorg/springframework/boot/context/properties/bind/Binder$Context;Lorg/springframework/boot/context/properties/source/ConfigurationPropertyName;Lorg/springframework/boot/context/properties/bind/Bindable;Lorg/springframework/boot/context/properties/source/ConfigurationPropertySource;)Ljava/lang/Object; 17 <appendix> member <vmtarget> ; # org/springframework/boot/context/properties/bind/Binder$$Lambda+0x00000207011b6a70
instanceKlass  @cpi org/springframework/boot/context/properties/bind/Binder 714 form vmentry <vmtarget> ; # java/lang/invoke/LambdaForm$DMH+0x00000207011b4c00
instanceKlass  @bci org/springframework/boot/context/properties/source/SpringIterableConfigurationPropertySource stream ()Ljava/util/stream/Stream; 9 <appendix> argL0 ; # org/springframework/boot/context/properties/source/SpringIterableConfigurationPropertySource$$Lambda+0x00000207011b6828
instanceKlass org/springframework/boot/context/properties/source/FilteredConfigurationPropertiesSource
instanceKlass  @bci org/springframework/boot/context/properties/bind/IndexedElementsBinder getKnownIndexedChildren (Lorg/springframework/boot/context/properties/source/ConfigurationPropertySource;Lorg/springframework/boot/context/properties/source/ConfigurationPropertyName;)Lorg/springframework/util/MultiValueMap; 34 <appendix> member <vmtarget> ; # org/springframework/boot/context/properties/bind/IndexedElementsBinder$$Lambda+0x00000207011b6000
instanceKlass  @bci org/springframework/boot/context/properties/bind/ArrayBinder bindAggregate (Lorg/springframework/boot/context/properties/source/ConfigurationPropertyName;Lorg/springframework/boot/context/properties/bind/Bindable;Lorg/springframework/boot/context/properties/bind/AggregateElementBinder;)Ljava/lang/Object; 4 <appendix> argL0 ; # org/springframework/boot/context/properties/bind/ArrayBinder$$Lambda+0x00000207011b3c20
instanceKlass org/springframework/boot/context/properties/bind/AggregateBinder$AggregateSupplier
instanceKlass  @bci org/springframework/boot/context/properties/bind/Binder bindAggregate (Lorg/springframework/boot/context/properties/source/ConfigurationPropertyName;Lorg/springframework/boot/context/properties/bind/Bindable;Lorg/springframework/boot/context/properties/bind/BindHandler;Lorg/springframework/boot/context/properties/bind/Binder$Context;Lorg/springframework/boot/context/properties/bind/AggregateBinder;)Ljava/lang/Object; 21 <appendix> member <vmtarget> ; # org/springframework/boot/context/properties/bind/Binder$$Lambda+0x00000207011b35d0
instanceKlass  @bci org/springframework/boot/context/properties/bind/Binder bindAggregate (Lorg/springframework/boot/context/properties/source/ConfigurationPropertyName;Lorg/springframework/boot/context/properties/bind/Bindable;Lorg/springframework/boot/context/properties/bind/BindHandler;Lorg/springframework/boot/context/properties/bind/Binder$Context;Lorg/springframework/boot/context/properties/bind/AggregateBinder;)Ljava/lang/Object; 6 <appendix> member <vmtarget> ; # org/springframework/boot/context/properties/bind/Binder$$Lambda+0x00000207011b33a0
instanceKlass org/springframework/boot/context/properties/bind/AggregateElementBinder
instanceKlass org/springframework/boot/env/YamlPropertySourceLoader
instanceKlass org/springframework/boot/env/PropertiesPropertySourceLoader
instanceKlass org/springframework/boot/env/PropertySourceLoader
# instanceKlass java/lang/invoke/LambdaForm$MH+0x00000207011b4800
# instanceKlass java/lang/invoke/LambdaForm$MH+0x00000207011b4400
# instanceKlass java/lang/invoke/LambdaForm$MH+0x00000207011b4000
instanceKlass  @bci java/util/regex/CharPredicates ASCII_WORD ()Ljava/util/regex/Pattern$BmpCharPredicate; 0 <appendix> argL0 ; # java/util/regex/CharPredicates$$Lambda+0x00000207010e2710
instanceKlass org/springframework/boot/context/config/StandardConfigDataLocationResolver
instanceKlass  @bci org/springframework/boot/context/config/LocationResourceLoader <clinit> ()V 18 <appendix> argL0 ; # org/springframework/boot/context/config/LocationResourceLoader$$Lambda+0x00000207011b2450
instanceKlass  @bci org/springframework/boot/context/config/LocationResourceLoader <clinit> ()V 7 <appendix> argL0 ; # org/springframework/boot/context/config/LocationResourceLoader$$Lambda+0x00000207011b2218
instanceKlass org/springframework/boot/context/config/LocationResourceLoader
instanceKlass org/springframework/boot/context/config/ConfigTreeConfigDataLocationResolver
instanceKlass org/springframework/boot/context/config/ConfigDataLocationResolver
instanceKlass  @bci org/springframework/boot/context/config/ConfigDataLocationResolvers <init> (Lorg/springframework/boot/logging/DeferredLogFactory;Lorg/springframework/boot/ConfigurableBootstrapContext;Lorg/springframework/boot/context/properties/bind/Binder;Lorg/springframework/core/io/ResourceLoader;Lorg/springframework/core/io/support/SpringFactoriesLoader;)V 77 <appendix> argL0 ; # org/springframework/boot/context/config/ConfigDataLocationResolvers$$Lambda+0x00000207011b19a0
instanceKlass org/springframework/boot/context/config/ConfigDataLocationResolvers
instanceKlass org/springframework/boot/context/properties/bind/PropertySourcesPlaceholdersResolver
instanceKlass org/springframework/boot/context/config/ConfigDataLocation
instanceKlass org/springframework/boot/context/config/ConfigDataEnvironment
instanceKlass  @bci org/springframework/boot/env/SpringApplicationJsonEnvironmentPostProcessor postProcessEnvironment (Lorg/springframework/core/env/ConfigurableEnvironment;Lorg/springframework/boot/SpringApplication;)V 38 <appendix> member <vmtarget> ; # org/springframework/boot/env/SpringApplicationJsonEnvironmentPostProcessor$$Lambda+0x00000207011af1b0
instanceKlass  @bci org/springframework/boot/env/SpringApplicationJsonEnvironmentPostProcessor postProcessEnvironment (Lorg/springframework/core/env/ConfigurableEnvironment;Lorg/springframework/boot/SpringApplication;)V 21 <appendix> argL0 ; # org/springframework/boot/env/SpringApplicationJsonEnvironmentPostProcessor$$Lambda+0x00000207011aef68
instanceKlass  @bci org/springframework/boot/env/SpringApplicationJsonEnvironmentPostProcessor postProcessEnvironment (Lorg/springframework/core/env/ConfigurableEnvironment;Lorg/springframework/boot/SpringApplication;)V 11 <appendix> argL0 ; # org/springframework/boot/env/SpringApplicationJsonEnvironmentPostProcessor$$Lambda+0x00000207011aed30
instanceKlass org/springframework/boot/env/SpringApplicationJsonEnvironmentPostProcessor$JsonPropertyValue
instanceKlass java/util/stream/Sink$OfInt
instanceKlass java/util/function/IntConsumer
instanceKlass  @bci java/util/stream/MatchOps makeInt (Ljava/util/function/IntPredicate;Ljava/util/stream/MatchOps$MatchKind;)Ljava/util/stream/TerminalOp; 20 <appendix> member <vmtarget> ; # java/util/stream/MatchOps$$Lambda+0x00000207010e21e0
instanceKlass  @bci org/springframework/boot/context/properties/source/SystemEnvironmentPropertyMapper isNumber (Ljava/lang/String;)Z 4 <appendix> argL0 ; # org/springframework/boot/context/properties/source/SystemEnvironmentPropertyMapper$$Lambda+0x00000207011ae8d0
instanceKlass java/util/function/IntPredicate
instanceKlass java/util/stream/IntStream
instanceKlass java/lang/StringLatin1$CharsSpliterator
instanceKlass  @bci org/springframework/boot/context/properties/source/SystemEnvironmentPropertyMapper convertName (Ljava/lang/String;)Lorg/springframework/boot/context/properties/source/ConfigurationPropertyName; 4 <appendix> member <vmtarget> ; # org/springframework/boot/context/properties/source/SystemEnvironmentPropertyMapper$$Lambda+0x00000207011ae690
instanceKlass  @bci org/springframework/boot/context/properties/source/ConfigurationPropertyName convertToUniformElement (Ljava/lang/CharSequence;)Ljava/lang/CharSequence; 3 <appendix> argL0 ; # org/springframework/boot/context/properties/source/ConfigurationPropertyName$$Lambda+0x00000207011ae478
instanceKlass org/springframework/boot/context/properties/source/ConfigurationPropertyName$ElementCharPredicate
instanceKlass  @bci java/util/function/BiPredicate or (Ljava/util/function/BiPredicate;)Ljava/util/function/BiPredicate; 7 <appendix> member <vmtarget> ; # java/util/function/BiPredicate$$Lambda+0x00000207010e1b88
instanceKlass  @bci org/springframework/boot/context/properties/source/SystemEnvironmentPropertyMapper getAncestorOfCheck ()Ljava/util/function/BiPredicate; 1 <appendix> member <vmtarget> ; # org/springframework/boot/context/properties/source/SystemEnvironmentPropertyMapper$$Lambda+0x00000207011adc00
instanceKlass  @bci org/springframework/core/env/PropertiesPropertySource getPropertyNames ()[Ljava/lang/String; 37 <appendix> argL0 ; # org/springframework/core/env/PropertiesPropertySource$$Lambda+0x00000207011ad9e8
instanceKlass  @bci org/springframework/core/env/PropertiesPropertySource getPropertyNames ()[Ljava/lang/String; 27 <appendix> argL0 ; # org/springframework/core/env/PropertiesPropertySource$$Lambda+0x00000207011ad7a0
instanceKlass  @bci org/springframework/boot/context/properties/source/SpringConfigurationPropertySources iterator ()Ljava/util/Iterator; 14 <appendix> member <vmtarget> ; # org/springframework/boot/context/properties/source/SpringConfigurationPropertySources$$Lambda+0x00000207011ad560
instanceKlass org/springframework/boot/context/properties/source/SpringConfigurationPropertySources$SourcesIterator
instanceKlass org/springframework/boot/origin/Origin
instanceKlass org/springframework/boot/logging/DeferredLog$Line
instanceKlass java/util/Random
instanceKlass java/util/random/RandomGenerator
instanceKlass org/springframework/boot/test/web/SpringBootTestRandomPortEnvironmentPostProcessor
instanceKlass org/springframework/boot/autoconfigure/integration/IntegrationPropertiesEnvironmentPostProcessor
instanceKlass org/springframework/boot/reactor/ReactorEnvironmentPostProcessor
instanceKlass org/springframework/boot/env/SystemEnvironmentPropertySourceEnvironmentPostProcessor
instanceKlass org/springframework/boot/env/SpringApplicationJsonEnvironmentPostProcessor
instanceKlass org/springframework/boot/env/RandomValuePropertySourceEnvironmentPostProcessor
instanceKlass org/springframework/boot/context/config/ConfigDataEnvironmentPostProcessor
instanceKlass org/springframework/boot/logging/DeferredLog
instanceKlass  @bci org/springframework/boot/logging/DeferredLogs getLog (Ljava/lang/Class;)Lorg/apache/commons/logging/Log; 2 <appendix> member <vmtarget> ; # org/springframework/boot/logging/DeferredLogs$$Lambda+0x00000207011a9ae0
instanceKlass org/springframework/boot/cloud/CloudFoundryVcapEnvironmentPostProcessor
instanceKlass org/springframework/boot/env/EnvironmentPostProcessor
instanceKlass org/springframework/boot/env/SpringFactoriesEnvironmentPostProcessorsFactory
instanceKlass  @bci org/springframework/boot/SpringApplicationRunListeners environmentPrepared (Lorg/springframework/boot/ConfigurableBootstrapContext;Lorg/springframework/core/env/ConfigurableEnvironment;)V 5 <appendix> member <vmtarget> ; # org/springframework/boot/SpringApplicationRunListeners$$Lambda+0x00000207011a9240
instanceKlass org/springframework/boot/context/properties/source/SpringConfigurationPropertySources
instanceKlass javax/naming/spi/NamingManager
instanceKlass  @bci com/sun/naming/internal/VersionHelper getJavaHomeConfStream (Ljava/lang/String;)Ljava/io/InputStream; 1 <appendix> member <vmtarget> ; # com/sun/naming/internal/VersionHelper$$Lambda+0x00000207010e0ba8
instanceKlass  @bci com/sun/naming/internal/VersionHelper$InputStreamEnumeration getNextElement ()Ljava/io/InputStream; 1 <appendix> member <vmtarget> ; # com/sun/naming/internal/VersionHelper$InputStreamEnumeration$$Lambda+0x00000207010e0988
instanceKlass com/sun/naming/internal/VersionHelper$InputStreamEnumeration
instanceKlass javax/naming/NamingEnumeration
instanceKlass  @bci com/sun/naming/internal/VersionHelper getResources (Ljava/lang/ClassLoader;Ljava/lang/String;)Ljavax/naming/NamingEnumeration; 2 <appendix> member <vmtarget> ; # com/sun/naming/internal/VersionHelper$$Lambda+0x00000207010e02c8
instanceKlass  @bci com/sun/naming/internal/VersionHelper getContextClassLoader ()Ljava/lang/ClassLoader; 0 <appendix> argL0 ; # com/sun/naming/internal/VersionHelper$$Lambda+0x00000207010e00b0
instanceKlass  @bci com/sun/naming/internal/VersionHelper getJndiProperties ()[Ljava/lang/String; 0 <appendix> argL0 ; # com/sun/naming/internal/VersionHelper$$Lambda+0x00000207010dfe98
instanceKlass  @bci com/sun/naming/internal/VersionHelper <clinit> ()V 10 <appendix> argL0 ; # com/sun/naming/internal/VersionHelper$$Lambda+0x00000207010dfc80
instanceKlass com/sun/naming/internal/VersionHelper
instanceKlass com/sun/naming/internal/ResourceManager
instanceKlass org/springframework/jndi/JndiAccessor
instanceKlass org/springframework/boot/context/properties/source/ConfigurationPropertySources
instanceKlass javax/naming/InitialContext
instanceKlass javax/naming/Context
instanceKlass org/springframework/web/context/ConfigurableWebEnvironment
instanceKlass org/springframework/boot/web/servlet/context/ServletWebServerApplicationContextFactory
instanceKlass org/springframework/boot/web/reactive/context/ReactiveWebServerApplicationContextFactory
instanceKlass  @bci org/springframework/boot/DefaultApplicationContextFactory createEnvironment (Lorg/springframework/boot/WebApplicationType;)Lorg/springframework/core/env/ConfigurableEnvironment; 2 <appendix> argL0 ; # org/springframework/boot/DefaultApplicationContextFactory$$Lambda+0x00000207011a39b8
instanceKlass org/springframework/core/env/CommandLineArgs
instanceKlass org/springframework/core/env/SimpleCommandLineArgsParser
instanceKlass org/springframework/boot/DefaultApplicationArguments
instanceKlass java/util/logging/LogManager$CloseOnReset
instanceKlass java/util/logging/StreamHandler$1
instanceKlass java/util/logging/Handler$1
instanceKlass java/util/logging/ErrorManager
instanceKlass jdk/internal/logger/SimpleConsoleLogger$Formatting
instanceKlass sun/util/logging/PlatformLogger
instanceKlass sun/util/logging/PlatformLogger$ConfigurableBridge$LoggerConfiguration
instanceKlass  @bci java/util/logging/SimpleFormatter <init> ()V 5 <appendix> argL0 ; # java/util/logging/SimpleFormatter$$Lambda+0x00000207010dcca0
instanceKlass java/util/logging/Formatter
instanceKlass  @bci org/springframework/boot/logging/logback/LogbackLoggingSystem getLoggerContext ()Lch/qos/logback/classic/LoggerContext; 10 <appendix> member <vmtarget> ; # org/springframework/boot/logging/logback/LogbackLoggingSystem$$Lambda+0x00000207011a2bf0
instanceKlass org/springframework/boot/logging/AbstractLoggingSystem$LogLevels
instanceKlass org/springframework/boot/logging/LoggerConfigurationComparator
instanceKlass ch/qos/logback/classic/spi/LoggerContextListener
instanceKlass org/springframework/boot/logging/logback/LogbackConfigurator
instanceKlass org/springframework/boot/logging/LoggingSystemProperties
instanceKlass org/springframework/boot/logging/java/JavaLoggingSystem$Factory
instanceKlass org/springframework/boot/logging/log4j2/Log4J2LoggingSystem$Factory
instanceKlass org/springframework/beans/factory/aot/BeanFactoryInitializationAotProcessor
instanceKlass org/springframework/boot/logging/logback/LogbackLoggingSystem$Factory
instanceKlass  @bci org/springframework/boot/logging/LoggingSystemFactory fromSpringFactories ()Lorg/springframework/boot/logging/LoggingSystemFactory; 4 <appendix> argL0 ; # org/springframework/boot/logging/LoggingSystemFactory$$Lambda+0x00000207011a5140
instanceKlass org/springframework/boot/logging/DelegatingLoggingSystemFactory
instanceKlass org/springframework/boot/logging/LoggingSystemFactory
instanceKlass org/springframework/boot/logging/LoggingSystem
instanceKlass org/springframework/aop/SpringProxy
instanceKlass org/springframework/aop/support/AopUtils
instanceKlass org/springframework/context/event/GenericApplicationListenerAdapter
instanceKlass org/springframework/context/event/AbstractApplicationEventMulticaster$CachedListenerRetriever
instanceKlass org/springframework/context/event/AbstractApplicationEventMulticaster$ListenerCacheKey
instanceKlass org/springframework/core/ResolvableTypeProvider
instanceKlass org/springframework/aop/framework/Advised
instanceKlass org/springframework/aop/TargetClassAware
instanceKlass org/springframework/aop/framework/AopProxyUtils
instanceKlass  @bci org/springframework/boot/context/event/EventPublishingRunListener refreshApplicationListeners ()V 16 <appendix> member <vmtarget> ; # org/springframework/boot/context/event/EventPublishingRunListener$$Lambda+0x000002070119eb68
instanceKlass  @bci org/springframework/boot/SpringApplicationRunListeners starting (Lorg/springframework/boot/ConfigurableBootstrapContext;Ljava/lang/Class;)V 10 <appendix> member <vmtarget> ; # org/springframework/boot/SpringApplicationRunListeners$$Lambda+0x000002070119e938
instanceKlass  @bci org/springframework/boot/SpringApplicationRunListeners starting (Lorg/springframework/boot/ConfigurableBootstrapContext;Ljava/lang/Class;)V 4 <appendix> member <vmtarget> ; # org/springframework/boot/SpringApplicationRunListeners$$Lambda+0x000002070119e708
instanceKlass org/springframework/boot/SpringApplicationRunListeners
instanceKlass org/springframework/boot/test/context/SpringBootContextLoader$ContextLoaderHook$1
# instanceKlass java/lang/invoke/LambdaForm$MH+0x00000207011a0400
# instanceKlass java/lang/invoke/LambdaForm$MH+0x00000207011a0000
instanceKlass  @bci org/springframework/core/io/support/SpringFactoriesLoader$FactoryInstantiator resolveArgs (Lorg/springframework/core/io/support/SpringFactoriesLoader$ArgumentResolver;)[Ljava/lang/Object; 22 <appendix> member <vmtarget> ; # org/springframework/core/io/support/SpringFactoriesLoader$FactoryInstantiator$$Lambda+0x000002070119e000
instanceKlass org/springframework/util/ErrorHandler
instanceKlass org/springframework/boot/availability/AvailabilityState
instanceKlass org/springframework/boot/context/event/EventPublishingRunListener
instanceKlass  @bci org/springframework/core/io/support/SpringFactoriesLoader$ArgumentResolver and (Lorg/springframework/core/io/support/SpringFactoriesLoader$ArgumentResolver;)Lorg/springframework/core/io/support/SpringFactoriesLoader$ArgumentResolver; 2 <appendix> member <vmtarget> ; # org/springframework/core/io/support/SpringFactoriesLoader$ArgumentResolver$$Lambda+0x000002070119d0a0
instanceKlass org/springframework/core/io/support/SpringFactoriesLoader$ArgumentResolver$1
instanceKlass  @bci org/springframework/core/io/support/SpringFactoriesLoader$ArgumentResolver ofSupplied (Ljava/lang/Class;Ljava/util/function/Supplier;)Lorg/springframework/core/io/support/SpringFactoriesLoader$ArgumentResolver; 2 <appendix> member <vmtarget> ; # org/springframework/core/io/support/SpringFactoriesLoader$ArgumentResolver$$Lambda+0x000002070119cc08
instanceKlass  @bci org/springframework/core/io/support/SpringFactoriesLoader$ArgumentResolver of (Ljava/lang/Class;Ljava/lang/Object;)Lorg/springframework/core/io/support/SpringFactoriesLoader$ArgumentResolver; 2 <appendix> member <vmtarget> ; # org/springframework/core/io/support/SpringFactoriesLoader$ArgumentResolver$$Lambda+0x000002070119c9e8
instanceKlass org/springframework/core/io/support/SpringFactoriesLoader$ArgumentResolver
instanceKlass  @bci org/springframework/boot/SpringApplication createBootstrapContext ()Lorg/springframework/boot/DefaultBootstrapContext; 13 <appendix> member <vmtarget> ; # org/springframework/boot/SpringApplication$$Lambda+0x000002070119c5c0
instanceKlass org/springframework/context/event/AbstractApplicationEventMulticaster$DefaultListenerRetriever
instanceKlass org/springframework/context/event/AbstractApplicationEventMulticaster
instanceKlass org/springframework/context/event/ApplicationEventMulticaster
instanceKlass org/springframework/boot/DefaultBootstrapContext
instanceKlass org/springframework/boot/SpringApplication$Startup
instanceKlass  @bci org/springframework/util/function/ThrowingSupplier get ()Ljava/lang/Object; 1 <appendix> argL0 ; # org/springframework/util/function/ThrowingSupplier$$Lambda+0x000002070119ade0
instanceKlass  @bci org/springframework/boot/test/context/SpringBootContextLoader loadContext (Lorg/springframework/test/context/MergedContextConfiguration;Lorg/springframework/boot/test/context/SpringBootContextLoader$Mode;Lorg/springframework/context/ApplicationContextInitializer;)Lorg/springframework/context/ApplicationContext; 105 <appendix> member <vmtarget> ; # org/springframework/boot/test/context/SpringBootContextLoader$$Lambda+0x000002070119ab78
instanceKlass org/springframework/util/function/ThrowingSupplier
instanceKlass org/springframework/boot/SpringApplicationRunListener
instanceKlass org/springframework/boot/test/context/SpringBootContextLoader$ContextLoaderHook
instanceKlass org/springframework/boot/SpringApplicationHook
instanceKlass org/springframework/boot/test/context/SpringBootContextLoader$PrepareEnvironmentListener
instanceKlass  @bci org/springframework/boot/test/context/SpringBootContextLoader getApplicationContextFactory (Lorg/springframework/test/context/MergedContextConfiguration;)Lorg/springframework/boot/ApplicationContextFactory; 2 <appendix> member <vmtarget> ; # org/springframework/boot/test/context/SpringBootContextLoader$$Lambda+0x0000020701199a68
instanceKlass org/springframework/boot/web/servlet/support/ServletContextApplicationContextInitializer
instanceKlass org/springframework/boot/test/context/SpringBootContextLoader$WebConfigurer$DefensiveWebApplicationContextInitializer
instanceKlass org/springframework/mock/web/MockRequestDispatcher
instanceKlass org/springframework/mock/web/MockSessionCookieConfig
instanceKlass jakarta/servlet/RequestDispatcher
instanceKlass jakarta/servlet/SessionCookieConfig
instanceKlass org/springframework/mock/web/MockServletContext
instanceKlass org/springframework/boot/test/context/SpringBootContextLoader$WebConfigurer
instanceKlass org/springframework/boot/test/context/SpringBootContextLoader$ContextCustomizerAdapter
instanceKlass  @bci org/springframework/boot/SpringApplication findMainClass (Ljava/util/stream/Stream;)Ljava/util/Optional; 16 <appendix> argL0 ; # org/springframework/boot/SpringApplication$$Lambda+0x0000020701197218
instanceKlass  @bci org/springframework/boot/SpringApplication findMainClass (Ljava/util/stream/Stream;)Ljava/util/Optional; 1 <appendix> argL0 ; # org/springframework/boot/SpringApplication$$Lambda+0x0000020701196fd0
instanceKlass java/lang/StackStreamFactory$FrameBuffer
instanceKlass java/lang/StackStreamFactory
instanceKlass  @bci org/springframework/boot/SpringApplication deduceMainApplicationClass ()Ljava/lang/Class; 7 <appendix> member <vmtarget> ; # org/springframework/boot/SpringApplication$$Lambda+0x0000020701196d90
instanceKlass java/util/concurrent/CountDownLatch
instanceKlass org/springframework/boot/autoconfigure/BackgroundPreinitializer
instanceKlass org/springframework/boot/logging/DeferredLog$Lines
instanceKlass org/springframework/boot/logging/DeferredLogs
instanceKlass  @bci org/springframework/boot/env/EnvironmentPostProcessorApplicationListener <init> ()V 1 <appendix> argL0 ; # org/springframework/boot/env/EnvironmentPostProcessorApplicationListener$$Lambda+0x0000020701196458
instanceKlass org/springframework/boot/env/EnvironmentPostProcessorsFactory
instanceKlass org/springframework/boot/logging/DeferredLogFactory
instanceKlass org/springframework/boot/env/EnvironmentPostProcessorApplicationListener
instanceKlass org/springframework/core/ResolvableType$TypeVariablesVariableResolver
instanceKlass org/springframework/core/ResolvableType$SyntheticParameterizedType
instanceKlass org/springframework/core/SerializableTypeWrapper$SerializableTypeProxy
instanceKlass org/springframework/core/SerializableTypeWrapper
instanceKlass  @bci org/springframework/core/ResolvableType forClassWithGenerics (Ljava/lang/Class;[Lorg/springframework/core/ResolvableType;)Lorg/springframework/core/ResolvableType; 29 <appendix> member <vmtarget> ; # org/springframework/core/ResolvableType$$Lambda+0x0000020701194428
instanceKlass org/springframework/boot/context/logging/LoggingApplicationListener
instanceKlass org/springframework/context/event/GenericApplicationListener
instanceKlass org/springframework/context/event/SmartApplicationListener
instanceKlass org/springframework/boot/context/config/DelegatingApplicationListener
instanceKlass org/springframework/boot/context/config/AnsiOutputApplicationListener
instanceKlass org/springframework/boot/context/FileEncodingApplicationListener
instanceKlass org/springframework/boot/builder/ParentContextCloserApplicationListener
instanceKlass org/springframework/boot/ClearCachesApplicationListener
instanceKlass org/springframework/boot/test/context/filter/ExcludeFilterApplicationContextInitializer
instanceKlass  @bci org/springframework/boot/logging/LogLevel <clinit> ()V 97 <appendix> argL0 ; # org/springframework/boot/logging/LogLevel$$Lambda+0x0000020701192b28
instanceKlass  @bci org/springframework/boot/logging/LogLevel <clinit> ()V 79 <appendix> argL0 ; # org/springframework/boot/logging/LogLevel$$Lambda+0x0000020701192910
instanceKlass  @bci org/springframework/boot/logging/LogLevel <clinit> ()V 61 <appendix> argL0 ; # org/springframework/boot/logging/LogLevel$$Lambda+0x00000207011926f8
instanceKlass  @bci org/springframework/boot/logging/LogLevel <clinit> ()V 43 <appendix> argL0 ; # org/springframework/boot/logging/LogLevel$$Lambda+0x00000207011924e0
instanceKlass  @bci org/springframework/boot/logging/LogLevel <clinit> ()V 25 <appendix> argL0 ; # org/springframework/boot/logging/LogLevel$$Lambda+0x00000207011922c8
instanceKlass  @bci org/springframework/boot/logging/LogLevel <clinit> ()V 7 <appendix> argL0 ; # org/springframework/boot/logging/LogLevel$$Lambda+0x00000207011920b0
instanceKlass org/springframework/boot/logging/LogLevel$LogMethod
instanceKlass org/springframework/boot/autoconfigure/logging/ConditionEvaluationReportLoggingListener
instanceKlass org/springframework/boot/autoconfigure/SharedMetadataReaderFactoryContextInitializer
instanceKlass org/springframework/beans/factory/aot/BeanRegistrationExcludeFilter
instanceKlass org/springframework/boot/web/context/ServerPortInfoApplicationContextInitializer
instanceKlass org/springframework/boot/rsocket/context/RSocketPortInfoApplicationContextInitializer
instanceKlass org/springframework/boot/context/config/DelegatingApplicationContextInitializer
instanceKlass org/springframework/boot/context/ContextIdApplicationContextInitializer
instanceKlass org/springframework/boot/context/ConfigurationWarningsApplicationContextInitializer
instanceKlass org/springframework/context/ApplicationContextInitializer
instanceKlass org/springframework/boot/BootstrapRegistryInitializer
instanceKlass org/springframework/core/metrics/DefaultApplicationStartup$DefaultStartupStep$DefaultTags
instanceKlass org/springframework/core/metrics/StartupStep$Tags
instanceKlass org/springframework/core/metrics/DefaultApplicationStartup$DefaultStartupStep
instanceKlass org/springframework/core/metrics/StartupStep
instanceKlass org/springframework/core/metrics/DefaultApplicationStartup
instanceKlass org/springframework/core/metrics/ApplicationStartup
instanceKlass org/springframework/boot/DefaultApplicationContextFactory
instanceKlass org/springframework/boot/ApplicationContextFactory
instanceKlass org/springframework/boot/SpringApplicationShutdownHook$ApplicationContextClosedListener
instanceKlass org/springframework/boot/SpringApplicationShutdownHook$Handlers
instanceKlass org/springframework/boot/SpringApplicationShutdownHandlers
instanceKlass org/springframework/boot/SpringApplicationShutdownHook
instanceKlass org/springframework/beans/factory/config/BeanFactoryPostProcessor
instanceKlass org/springframework/core/OrderComparator$OrderSourceProvider
instanceKlass org/springframework/beans/factory/config/ConfigurableBeanFactory
instanceKlass org/springframework/beans/factory/config/SingletonBeanRegistry
instanceKlass org/springframework/boot/ApplicationArguments
instanceKlass org/springframework/boot/ConfigurableBootstrapContext
instanceKlass org/springframework/boot/BootstrapContext
instanceKlass org/springframework/boot/BootstrapRegistry
instanceKlass  @bci org/springframework/boot/test/context/SpringBootContextLoader assertHasClassesOrLocations (Lorg/springframework/test/context/MergedContextConfiguration;)V 45 <appendix> argL0 ; # org/springframework/boot/test/context/SpringBootContextLoader$$Lambda+0x000002070118ed40
instanceKlass  @bci org/springframework/test/context/cache/DefaultCacheAwareContextLoaderDelegate getContextLoader (Lorg/springframework/test/context/MergedContextConfiguration;)Lorg/springframework/test/context/ContextLoader; 7 <appendix> member <vmtarget> ; # org/springframework/test/context/cache/DefaultCacheAwareContextLoaderDelegate$$Lambda+0x000002070118e6f0
instanceKlass org/springframework/test/context/event/RecordApplicationEvents
instanceKlass  @bci org/springframework/test/context/junit/jupiter/SpringExtension validateRecordApplicationEventsConfig (Lorg/junit/jupiter/api/extension/ExtensionContext;)V 18 <appendix> member <vmtarget> ; # org/springframework/test/context/junit/jupiter/SpringExtension$$Lambda+0x000002070118e2b8
instanceKlass  @bci org/springframework/util/ReflectionUtils getUniqueDeclaredMethods (Ljava/lang/Class;Lorg/springframework/util/ReflectionUtils$MethodFilter;)[Ljava/lang/reflect/Method; 12 <appendix> member <vmtarget> ; # org/springframework/util/ReflectionUtils$$Lambda+0x000002070118e098
instanceKlass  @bci org/springframework/test/context/junit/jupiter/SpringExtension validateAutowiredConfig (Lorg/junit/jupiter/api/extension/ExtensionContext;)V 17 <appendix> argL0 ; # org/springframework/test/context/junit/jupiter/SpringExtension$$Lambda+0x000002070118de60
instanceKlass  @bci org/junit/jupiter/engine/descriptor/ClassBasedTestDescriptor lambda$invokeTestInstancePostProcessors$11 (Ljava/lang/Object;Lorg/junit/jupiter/api/extension/ExtensionContext;Lorg/junit/jupiter/api/extension/TestInstancePostProcessor;)V 4 <appendix> member <vmtarget> ; # org/junit/jupiter/engine/descriptor/ClassBasedTestDescriptor$$Lambda+0x000002070118dc40
instanceKlass org/junit/jupiter/api/function/Executable
instanceKlass  @bci org/junit/jupiter/engine/descriptor/ClassBasedTestDescriptor invokeTestInstancePostProcessors (Ljava/lang/Object;Lorg/junit/jupiter/engine/extension/ExtensionRegistry;Lorg/junit/jupiter/api/extension/ExtensionContext;)V 12 <appendix> member <vmtarget> ; # org/junit/jupiter/engine/descriptor/ClassBasedTestDescriptor$$Lambda+0x000002070118d818
instanceKlass  @bci org/junit/jupiter/engine/descriptor/ClassBasedTestDescriptor instantiateAndPostProcessTestInstance (Lorg/junit/jupiter/engine/execution/JupiterEngineExecutionContext;Lorg/junit/jupiter/api/extension/ExtensionContext;Lorg/junit/jupiter/engine/extension/ExtensionRegistry;Lorg/junit/jupiter/engine/extension/ExtensionRegistrar;Lorg/junit/platform/engine/support/hierarchical/ThrowableCollector;)Lorg/junit/jupiter/api/extension/TestInstances; 22 <appendix> member <vmtarget> ; # org/junit/jupiter/engine/descriptor/ClassBasedTestDescriptor$$Lambda+0x000002070118d5f8
instanceKlass  @bci org/junit/jupiter/engine/descriptor/ClassBasedTestDescriptor instantiateTestClass (Ljava/util/Optional;Lorg/junit/jupiter/engine/extension/ExtensionRegistry;Lorg/junit/jupiter/api/extension/ExtensionContext;)Lorg/junit/jupiter/api/extension/TestInstances; 60 <appendix> member <vmtarget> ; # org/junit/jupiter/engine/descriptor/ClassBasedTestDescriptor$$Lambda+0x000002070118d3b8
instanceKlass org/junit/jupiter/engine/execution/DefaultTestInstances
instanceKlass org/junit/jupiter/engine/execution/InvocationInterceptorChain$InterceptedInvocation
instanceKlass org/junit/jupiter/engine/execution/InvocationInterceptorChain$ValidatingInvocation
instanceKlass  @bci org/junit/jupiter/engine/execution/InterceptingExecutableInvoker invoke (Lorg/junit/jupiter/api/extension/InvocationInterceptor$Invocation;Lorg/junit/jupiter/api/extension/ReflectiveInvocationContext;Lorg/junit/jupiter/api/extension/ExtensionContext;Lorg/junit/jupiter/engine/extension/ExtensionRegistry;Lorg/junit/jupiter/engine/execution/InterceptingExecutableInvoker$ReflectiveInterceptorCall;)Ljava/lang/Object; 10 <appendix> member <vmtarget> ; # org/junit/jupiter/engine/execution/InterceptingExecutableInvoker$$Lambda+0x000002070118cac8
instanceKlass org/junit/jupiter/engine/execution/InvocationInterceptorChain$InterceptorCall
instanceKlass org/junit/jupiter/engine/execution/ConstructorInvocation
instanceKlass org/junit/jupiter/api/extension/ParameterContext
instanceKlass org/junit/jupiter/engine/execution/ParameterResolutionUtils
instanceKlass  @bci org/junit/jupiter/engine/descriptor/ClassBasedTestDescriptor invokeTestClassConstructor (Ljava/util/Optional;Lorg/junit/jupiter/engine/extension/ExtensionRegistry;Lorg/junit/jupiter/api/extension/ExtensionContext;)Ljava/lang/Object; 17 <appendix> argL0 ; # org/junit/jupiter/engine/descriptor/ClassBasedTestDescriptor$$Lambda+0x000002070118c230
instanceKlass  @cpi org/junit/jupiter/engine/descriptor/ClassBasedTestDescriptor 954 form vmentry <vmtarget> ; # java/lang/invoke/LambdaForm$DMH+0x0000020701189400
instanceKlass  @bci org/junit/jupiter/engine/descriptor/ClassBasedTestDescriptor invokeTestInstancePreConstructCallbacks (Lorg/junit/jupiter/api/extension/TestInstanceFactoryContext;Lorg/junit/jupiter/engine/extension/ExtensionRegistry;Lorg/junit/jupiter/api/extension/ExtensionContext;)V 12 <appendix> member <vmtarget> ; # org/junit/jupiter/engine/descriptor/ClassBasedTestDescriptor$$Lambda+0x000002070118c000
instanceKlass org/junit/jupiter/api/extension/TestInstancePreConstructCallback
instanceKlass org/junit/jupiter/engine/descriptor/DefaultTestInstanceFactoryContext
instanceKlass  @bci org/junit/jupiter/engine/descriptor/ClassBasedTestDescriptor instantiateTestClass (Ljava/util/Optional;Lorg/junit/jupiter/engine/extension/ExtensionRegistry;Lorg/junit/jupiter/api/extension/ExtensionContext;)Lorg/junit/jupiter/api/extension/TestInstances; 1 <appendix> argL0 ; # org/junit/jupiter/engine/descriptor/ClassBasedTestDescriptor$$Lambda+0x0000020701187790
instanceKlass  @bci org/junit/jupiter/engine/descriptor/ClassBasedTestDescriptor lambda$testInstancesProvider$5 (Lorg/junit/jupiter/engine/descriptor/ClassExtensionContext;Lorg/junit/jupiter/engine/execution/JupiterEngineExecutionContext;Lorg/junit/jupiter/engine/extension/ExtensionRegistry;Lorg/junit/jupiter/engine/extension/ExtensionRegistrar;Lorg/junit/platform/engine/support/hierarchical/ThrowableCollector;)Lorg/junit/jupiter/api/extension/TestInstances; 12 <appendix> member <vmtarget> ; # org/junit/jupiter/engine/descriptor/ClassBasedTestDescriptor$$Lambda+0x0000020701187570
instanceKlass  @bci org/junit/jupiter/engine/descriptor/TestMethodTestDescriptor prepare (Lorg/junit/jupiter/engine/execution/JupiterEngineExecutionContext;)Lorg/junit/jupiter/engine/execution/JupiterEngineExecutionContext; 51 <appendix> member <vmtarget> ; # org/junit/jupiter/engine/descriptor/TestMethodTestDescriptor$$Lambda+0x0000020701187350
instanceKlass  @bci org/junit/jupiter/engine/descriptor/ClassExtensionContext getTestInstance ()Ljava/util/Optional; 4 <appendix> argL0 ; # org/junit/jupiter/engine/descriptor/ClassExtensionContext$$Lambda+0x0000020701186d50
instanceKlass  @bci org/springframework/test/context/event/EventPublishingTestExecutionListener beforeTestClass (Lorg/springframework/test/context/TestContext;)V 1 <appendix> argL0 ; # org/springframework/test/context/event/EventPublishingTestExecutionListener$$Lambda+0x0000020701186b18
instanceKlass java/util/EventObject
instanceKlass  @bci org/springframework/test/context/jdbc/SqlScriptsTestExecutionListener executeSqlScripts (Ljava/util/Set;Lorg/springframework/test/context/TestContext;Lorg/springframework/test/context/jdbc/Sql$ExecutionPhase;Z)V 6 <adapter> ; # java/lang/invoke/LambdaForm$MH+0x0000020701189000
# instanceKlass java/lang/invoke/LambdaForm$DMH+0x0000020701188c00
instanceKlass  @bci org/springframework/test/context/jdbc/SqlScriptsTestExecutionListener executeSqlScripts (Ljava/util/Set;Lorg/springframework/test/context/TestContext;Lorg/springframework/test/context/jdbc/Sql$ExecutionPhase;Z)V 6 <appendix> form vmentry <vmtarget> ; # java/lang/invoke/LambdaForm$DMH+0x0000020701188800
instanceKlass  @bci org/springframework/test/context/jdbc/SqlScriptsTestExecutionListener executeSqlScripts (Ljava/util/Set;Lorg/springframework/test/context/TestContext;Lorg/springframework/test/context/jdbc/Sql$ExecutionPhase;Z)V 6 <appendix> member <vmtarget> ; # org/springframework/test/context/jdbc/SqlScriptsTestExecutionListener$$Lambda+0x00000207011862b8
instanceKlass  @cpi org/springframework/test/context/jdbc/SqlScriptsTestExecutionListener 709 form vmentry <vmtarget> ; # java/lang/invoke/LambdaForm$DMH+0x0000020701188400
instanceKlass org/springframework/test/annotation/DirtiesContext
instanceKlass  @bci org/springframework/test/context/junit/jupiter/SpringExtension registerMethodInvoker (Lorg/springframework/test/context/TestContextManager;Lorg/junit/jupiter/api/extension/ExtensionContext;)V 15 <appendix> member <vmtarget> ; # org/springframework/test/context/junit/jupiter/SpringExtension$$Lambda+0x0000020701185a70
instanceKlass  @cpi org/springframework/test/context/junit/jupiter/SpringExtension 507 form vmentry <vmtarget> ; # java/lang/invoke/LambdaForm$DMH+0x0000020701188000
instanceKlass  @bci org/springframework/test/context/support/AbstractTestContextBootstrapper lambda$getTestExecutionListeners$0 (Ljava/util/List;Lorg/springframework/test/context/TestExecutionListener;)V 27 <appendix> member <vmtarget> ; # org/springframework/test/context/support/AbstractTestContextBootstrapper$$Lambda+0x0000020701185630
instanceKlass  @bci org/springframework/test/context/support/AbstractTestContextBootstrapper lambda$getTestExecutionListeners$0 (Ljava/util/List;Lorg/springframework/test/context/TestExecutionListener;)V 11 <appendix> argL0 ; # org/springframework/test/context/support/AbstractTestContextBootstrapper$$Lambda+0x00000207011853f8
instanceKlass  @bci org/springframework/test/context/support/AbstractTestContextBootstrapper getTestExecutionListeners ()Ljava/util/List; 309 <appendix> member <vmtarget> ; # org/springframework/test/context/support/AbstractTestContextBootstrapper$$Lambda+0x00000207011851c8
instanceKlass  @bci org/springframework/test/context/jdbc/SqlScriptsTestExecutionListener <clinit> ()V 11 <appendix> argL0 ; # org/springframework/test/context/jdbc/SqlScriptsTestExecutionListener$$Lambda+0x0000020701184d00
instanceKlass org/springframework/test/context/aot/AotTestExecutionListener
instanceKlass org/springframework/transaction/annotation/JtaTransactionAnnotationParser
instanceKlass org/springframework/transaction/annotation/SpringTransactionAnnotationParser
instanceKlass org/springframework/transaction/annotation/TransactionAnnotationParser
instanceKlass jakarta/transaction/Transactional
instanceKlass org/springframework/transaction/support/DefaultTransactionDefinition
instanceKlass org/springframework/transaction/interceptor/TransactionAttribute
instanceKlass org/springframework/transaction/interceptor/AbstractFallbackTransactionAttributeSource
instanceKlass org/springframework/transaction/TransactionDefinition
instanceKlass org/springframework/transaction/interceptor/TransactionAttributeSource
instanceKlass org/springframework/context/ApplicationListener
instanceKlass java/util/EventListener
instanceKlass org/springframework/core/Conventions
instanceKlass org/springframework/web/context/request/RequestAttributes
instanceKlass jakarta/servlet/http/HttpServletRequest
instanceKlass jakarta/servlet/ServletRequest
instanceKlass jakarta/servlet/http/HttpServletResponse
instanceKlass jakarta/servlet/ServletResponse
instanceKlass jakarta/servlet/ServletContext
instanceKlass org/mockito/MockSettings
instanceKlass org/springframework/test/context/support/AbstractTestExecutionListener
instanceKlass org/springframework/test/context/TestExecutionListener
instanceKlass org/springframework/test/context/TestExecutionListeners
instanceKlass  @bci org/springframework/test/context/TestContextManager <init> (Lorg/springframework/test/context/TestContextBootstrapper;)V 29 <appendix> member <vmtarget> ; # org/springframework/test/context/TestContextManager$$Lambda+0x000002070117fd90
instanceKlass org/springframework/test/context/DefaultMethodInvoker
instanceKlass org/springframework/test/context/MethodInvoker
instanceKlass org/springframework/web/context/ConfigurableWebApplicationContext
instanceKlass org/springframework/web/context/WebApplicationContext
instanceKlass jakarta/servlet/GenericServlet
instanceKlass jakarta/servlet/ServletConfig
instanceKlass jakarta/servlet/Servlet
instanceKlass org/springframework/web/reactive/DispatcherHandler
instanceKlass org/springframework/web/cors/reactive/PreFlightRequestHandler
instanceKlass org/springframework/web/server/WebHandler
instanceKlass  @bci org/springframework/boot/test/context/SpringBootTestContextBootstrapper getWebApplicationType (Lorg/springframework/test/context/MergedContextConfiguration;)Lorg/springframework/boot/WebApplicationType; 43 <appendix> member <vmtarget> ; # org/springframework/boot/test/context/SpringBootTestContextBootstrapper$$Lambda+0x000002070117b398
instanceKlass org/springframework/boot/context/properties/bind/BindResult
instanceKlass org/springframework/boot/context/properties/bind/JavaBeanBinder$BeanProperties
instanceKlass org/springframework/boot/context/properties/bind/ValueObjectBinder$ValueObject
instanceKlass  @bci org/springframework/boot/context/properties/bind/ValueObjectBinder$Discoverer <clinit> ()V 35 <appendix> argL0 ; # org/springframework/boot/context/properties/bind/ValueObjectBinder$Discoverer$$Lambda+0x000002070117a928
instanceKlass  @bci org/springframework/boot/context/properties/bind/ValueObjectBinder$Discoverer <clinit> ()V 17 <appendix> argL0 ; # org/springframework/boot/context/properties/bind/ValueObjectBinder$Discoverer$$Lambda+0x000002070117a700
instanceKlass org/springframework/boot/context/properties/bind/ValueObjectBinder$Discoverer
instanceKlass  @bci org/springframework/boot/context/properties/bind/Binder fromDataObjectBinders (Lorg/springframework/boot/context/properties/bind/BindMethod;Ljava/util/function/Function;)Ljava/lang/Object; 24 <appendix> argL0 ; # org/springframework/boot/context/properties/bind/Binder$$Lambda+0x000002070117a290
instanceKlass  @bci org/springframework/boot/context/properties/bind/Binder lambda$bindDataObject$7 (Lorg/springframework/boot/context/properties/bind/BindMethod;Lorg/springframework/boot/context/properties/source/ConfigurationPropertyName;Lorg/springframework/boot/context/properties/bind/Bindable;Lorg/springframework/boot/context/properties/bind/Binder$Context;Lorg/springframework/boot/context/properties/bind/DataObjectPropertyBinder;)Ljava/lang/Object; 8 <appendix> member <vmtarget> ; # org/springframework/boot/context/properties/bind/Binder$$Lambda+0x000002070117a050
instanceKlass  @bci org/springframework/boot/context/properties/bind/Binder bindDataObject (Lorg/springframework/boot/context/properties/source/ConfigurationPropertyName;Lorg/springframework/boot/context/properties/bind/Bindable;Lorg/springframework/boot/context/properties/bind/BindHandler;Lorg/springframework/boot/context/properties/bind/Binder$Context;Z)Ljava/lang/Object; 72 <appendix> form vmentry <vmtarget> ; # java/lang/invoke/LambdaForm$DMH+0x000002070117c000
instanceKlass  @bci org/springframework/boot/context/properties/bind/Binder bindDataObject (Lorg/springframework/boot/context/properties/source/ConfigurationPropertyName;Lorg/springframework/boot/context/properties/bind/Bindable;Lorg/springframework/boot/context/properties/bind/BindHandler;Lorg/springframework/boot/context/properties/bind/Binder$Context;Z)Ljava/lang/Object; 72 <appendix> member <vmtarget> ; # org/springframework/boot/context/properties/bind/Binder$$Lambda+0x0000020701179e30
instanceKlass  @bci org/springframework/boot/context/properties/bind/Binder bindDataObject (Lorg/springframework/boot/context/properties/source/ConfigurationPropertyName;Lorg/springframework/boot/context/properties/bind/Bindable;Lorg/springframework/boot/context/properties/bind/BindHandler;Lorg/springframework/boot/context/properties/bind/Binder$Context;Z)Ljava/lang/Object; 52 <appendix> member <vmtarget> ; # org/springframework/boot/context/properties/bind/Binder$$Lambda+0x0000020701179c10
instanceKlass org/springframework/boot/context/properties/bind/DataObjectPropertyBinder
instanceKlass org/springframework/boot/context/properties/source/SpringIterableConfigurationPropertySource$ConfigurationPropertyNamesIterator
instanceKlass  @bci org/springframework/boot/context/properties/source/IterableConfigurationPropertySource containsDescendantOf (Lorg/springframework/boot/context/properties/source/ConfigurationPropertyName;)Lorg/springframework/boot/context/properties/source/ConfigurationPropertyState; 7 <appendix> member <vmtarget> ; # org/springframework/boot/context/properties/source/IterableConfigurationPropertySource$$Lambda+0x0000020701179138
instanceKlass  @bci org/springframework/boot/context/properties/source/SpringIterableConfigurationPropertySource$Mappings add (Ljava/util/Map;Ljava/lang/Object;Ljava/lang/Object;)V 2 <appendix> argL0 ; # org/springframework/boot/context/properties/source/SpringIterableConfigurationPropertySource$Mappings$$Lambda+0x0000020701178f00
instanceKlass  @bci org/springframework/boot/context/properties/source/SpringIterableConfigurationPropertySource updateMappings (Lorg/springframework/boot/context/properties/source/SpringIterableConfigurationPropertySource$Mappings;)Lorg/springframework/boot/context/properties/source/SpringIterableConfigurationPropertySource$Mappings; 10 <appendix> member <vmtarget> ; # org/springframework/boot/context/properties/source/SpringIterableConfigurationPropertySource$$Lambda+0x0000020701178ce0
instanceKlass  @bci org/springframework/boot/context/properties/source/SpringIterableConfigurationPropertySource getMappings ()Lorg/springframework/boot/context/properties/source/SpringIterableConfigurationPropertySource$Mappings; 11 <appendix> member <vmtarget> ; # org/springframework/boot/context/properties/source/SpringIterableConfigurationPropertySource$$Lambda+0x0000020701178898
instanceKlass java/util/function/UnaryOperator
instanceKlass  @bci org/springframework/boot/context/properties/source/SpringIterableConfigurationPropertySource getMappings ()Lorg/springframework/boot/context/properties/source/SpringIterableConfigurationPropertySource$Mappings; 5 <appendix> member <vmtarget> ; # org/springframework/boot/context/properties/source/SpringIterableConfigurationPropertySource$$Lambda+0x0000020701178678
instanceKlass org/springframework/boot/context/properties/source/SpringIterableConfigurationPropertySource$Mappings
instanceKlass org/springframework/boot/context/properties/source/DefaultPropertyMapper$LastMapping
instanceKlass org/springframework/boot/context/properties/bind/Binder$Context
instanceKlass org/springframework/boot/context/properties/source/ConfigurationPropertyName$ElementsParser
instanceKlass org/springframework/boot/context/properties/source/ConfigurationPropertyName$Elements
instanceKlass org/springframework/boot/context/properties/bind/Bindable
instanceKlass org/springframework/boot/context/properties/bind/JavaBeanBinder
instanceKlass org/springframework/boot/context/properties/bind/ValueObjectBinder
instanceKlass org/springframework/boot/context/properties/bind/DataObjectBinder
instanceKlass org/springframework/boot/context/properties/bind/DefaultBindConstructorProvider
instanceKlass org/springframework/boot/context/properties/bind/BindConstructorProvider
instanceKlass org/springframework/boot/context/properties/bind/BindHandler$1
instanceKlass org/springframework/boot/context/properties/bind/BindHandler
instanceKlass org/springframework/boot/convert/CharSequenceToObjectConverter
instanceKlass  @bci org/springframework/util/MultiValueMapAdapter add (Ljava/lang/Object;Ljava/lang/Object;)V 5 <appendix> argL0 ; # org/springframework/util/MultiValueMapAdapter$$Lambda+0x00000207011754e8
instanceKlass org/springframework/util/MultiValueMapAdapter
instanceKlass org/springframework/boot/convert/LenientObjectToEnumConverterFactory
instanceKlass sun/reflect/generics/tree/ByteSignature
instanceKlass org/springframework/boot/convert/InputStreamSourceToByteArrayConverter
instanceKlass org/springframework/boot/convert/StringToFileConverter
instanceKlass org/springframework/boot/convert/NumberToDataSizeConverter
instanceKlass org/springframework/util/unit/DataSize
instanceKlass org/springframework/boot/convert/StringToDataSizeConverter
instanceKlass org/springframework/boot/convert/NumberToPeriodConverter
instanceKlass org/springframework/boot/convert/PeriodToStringConverter
instanceKlass org/springframework/boot/convert/StringToPeriodConverter
instanceKlass org/springframework/boot/convert/DurationToNumberConverter
instanceKlass org/springframework/boot/convert/NumberToDurationConverter
instanceKlass org/springframework/boot/convert/DurationToStringConverter
instanceKlass org/springframework/boot/convert/StringToDurationConverter
instanceKlass org/springframework/boot/convert/IsoOffsetFormatter
instanceKlass org/springframework/boot/convert/InetAddressFormatter
instanceKlass  @bci org/springframework/format/support/FormattingConversionService getFieldType (Ljava/lang/Object;Ljava/lang/Class;)Ljava/lang/Class; 39 <appendix> member <vmtarget> ; # org/springframework/format/support/FormattingConversionService$$Lambda+0x00000207011726c8
instanceKlass sun/reflect/generics/tree/ArrayTypeSignature
instanceKlass sun/reflect/generics/tree/CharSignature
instanceKlass org/springframework/boot/convert/CharArrayFormatter
instanceKlass org/springframework/format/annotation/DateTimeFormat
instanceKlass org/springframework/format/datetime/standard/MonthDayFormatter
instanceKlass java/time/MonthDay
instanceKlass org/springframework/format/datetime/standard/YearMonthFormatter
instanceKlass java/time/YearMonth
instanceKlass org/springframework/format/datetime/standard/MonthFormatter
instanceKlass org/springframework/format/datetime/standard/YearFormatter
instanceKlass java/time/Year
instanceKlass org/springframework/format/datetime/standard/DurationFormatter
instanceKlass org/springframework/format/datetime/standard/PeriodFormatter
instanceKlass org/springframework/format/datetime/standard/InstantFormatter
instanceKlass java/time/OffsetTime
instanceKlass org/springframework/format/support/FormattingConversionService$ParserConverter
instanceKlass org/springframework/format/support/FormattingConversionService$PrinterConverter
instanceKlass org/springframework/format/datetime/standard/TemporalAccessorParser
instanceKlass org/springframework/format/datetime/standard/TemporalAccessorPrinter
instanceKlass java/time/format/DateTimeFormatterBuilder$LocalizedPrinterParser
instanceKlass org/springframework/format/datetime/standard/DateTimeFormatterRegistrar$1
instanceKlass org/springframework/format/datetime/standard/DateTimeConverters$InstantToLongConverter
instanceKlass org/springframework/format/datetime/standard/DateTimeConverters$LongToInstantConverter
instanceKlass org/springframework/format/datetime/standard/DateTimeConverters$CalendarToInstantConverter
instanceKlass org/springframework/format/datetime/standard/DateTimeConverters$CalendarToLocalDateTimeConverter
instanceKlass org/springframework/format/datetime/standard/DateTimeConverters$CalendarToLocalTimeConverter
instanceKlass org/springframework/format/datetime/standard/DateTimeConverters$CalendarToLocalDateConverter
instanceKlass org/springframework/format/datetime/standard/DateTimeConverters$CalendarToOffsetDateTimeConverter
instanceKlass org/springframework/format/datetime/standard/DateTimeConverters$CalendarToZonedDateTimeConverter
instanceKlass org/springframework/format/datetime/standard/DateTimeConverters$OffsetDateTimeToInstantConverter
instanceKlass org/springframework/format/datetime/standard/DateTimeConverters$OffsetDateTimeToZonedDateTimeConverter
instanceKlass org/springframework/format/datetime/standard/DateTimeConverters$OffsetDateTimeToLocalDateTimeConverter
instanceKlass org/springframework/format/datetime/standard/DateTimeConverters$OffsetDateTimeToLocalTimeConverter
instanceKlass org/springframework/format/datetime/standard/DateTimeConverters$OffsetDateTimeToLocalDateConverter
instanceKlass org/springframework/format/datetime/standard/DateTimeConverters$ZonedDateTimeToInstantConverter
instanceKlass java/time/OffsetDateTime
instanceKlass org/springframework/format/datetime/standard/DateTimeConverters$ZonedDateTimeToOffsetDateTimeConverter
instanceKlass org/springframework/format/datetime/standard/DateTimeConverters$ZonedDateTimeToLocalDateTimeConverter
instanceKlass org/springframework/format/datetime/standard/DateTimeConverters$ZonedDateTimeToLocalTimeConverter
instanceKlass org/springframework/format/datetime/standard/DateTimeConverters$ZonedDateTimeToLocalDateConverter
instanceKlass org/springframework/format/datetime/standard/DateTimeConverters$LocalDateTimeToLocalTimeConverter
instanceKlass org/springframework/format/datetime/standard/DateTimeConverters$LocalDateTimeToLocalDateConverter
instanceKlass org/springframework/format/datetime/DateFormatterRegistrar$LongToCalendarConverter
instanceKlass org/springframework/format/datetime/DateFormatterRegistrar$LongToDateConverter
instanceKlass org/springframework/format/datetime/DateFormatterRegistrar$CalendarToLongConverter
instanceKlass org/springframework/format/datetime/DateFormatterRegistrar$CalendarToDateConverter
instanceKlass org/springframework/format/datetime/DateFormatterRegistrar$DateToCalendarConverter
instanceKlass org/springframework/format/datetime/DateFormatterRegistrar$DateToLongConverter
instanceKlass org/springframework/format/datetime/DateFormatterRegistrar
instanceKlass org/springframework/format/datetime/standard/DateTimeConverters
instanceKlass org/springframework/format/datetime/standard/DateTimeFormatterFactory
instanceKlass org/springframework/format/datetime/standard/DateTimeFormatterRegistrar
instanceKlass org/springframework/format/FormatterRegistrar
instanceKlass org/springframework/format/support/FormattingConversionService$AnnotationParserConverter
instanceKlass org/springframework/format/support/FormattingConversionService$AnnotationPrinterConverter
instanceKlass org/springframework/util/NumberUtils
instanceKlass  @bci org/springframework/core/GenericTypeResolver getSingleGeneric (Lorg/springframework/core/ResolvableType;)Ljava/lang/Class; 15 <appendix> member <vmtarget> ; # org/springframework/core/GenericTypeResolver$$Lambda+0x000002070116af00
instanceKlass org/springframework/format/annotation/NumberFormat
instanceKlass org/springframework/core/GenericTypeResolver
instanceKlass org/springframework/context/support/EmbeddedValueResolutionSupport
instanceKlass org/springframework/format/AnnotationFormatterFactory
instanceKlass org/springframework/core/convert/support/ObjectToOptionalConverter
instanceKlass org/springframework/core/convert/support/FallbackObjectToStringConverter
instanceKlass org/springframework/core/convert/support/IdToEntityConverter
instanceKlass org/springframework/core/convert/support/ObjectToObjectConverter
instanceKlass java/util/Calendar
instanceKlass org/springframework/core/convert/support/ZonedDateTimeToCalendarConverter
instanceKlass org/springframework/core/convert/support/ZoneIdToTimeZoneConverter
instanceKlass org/springframework/core/convert/support/StringToTimeZoneConverter
instanceKlass org/springframework/core/convert/support/ByteBufferConverter
instanceKlass org/springframework/core/convert/TypeDescriptor$AnnotatedElementAdapter
instanceKlass org/springframework/core/convert/support/StreamConverter
instanceKlass org/springframework/core/convert/support/ObjectToCollectionConverter
instanceKlass org/springframework/core/convert/support/CollectionToObjectConverter
instanceKlass org/springframework/core/convert/support/StringToCollectionConverter
instanceKlass org/springframework/core/convert/support/ObjectToArrayConverter
instanceKlass org/springframework/core/convert/support/ArrayToObjectConverter
instanceKlass org/springframework/core/convert/support/StringToArrayConverter
instanceKlass org/springframework/core/convert/support/CollectionToStringConverter
instanceKlass org/springframework/core/convert/support/ArrayToStringConverter
instanceKlass org/springframework/core/convert/support/MapToMapConverter
instanceKlass org/springframework/core/convert/support/CollectionToCollectionConverter
instanceKlass org/springframework/core/convert/support/ArrayToArrayConverter
instanceKlass org/springframework/core/convert/support/CollectionToArrayConverter
instanceKlass org/springframework/core/convert/support/ArrayToCollectionConverter
instanceKlass org/springframework/core/convert/support/StringToPatternConverter
instanceKlass java/util/UUID
instanceKlass org/springframework/core/convert/support/StringToUUIDConverter
instanceKlass org/springframework/core/convert/support/PropertiesToStringConverter
instanceKlass org/springframework/core/convert/support/StringToPropertiesConverter
instanceKlass java/util/Currency
instanceKlass org/springframework/core/convert/support/StringToCurrencyConverter
instanceKlass org/springframework/core/convert/support/StringToCharsetConverter
instanceKlass org/springframework/core/convert/support/StringToLocaleConverter
instanceKlass org/springframework/core/convert/support/IntegerToEnumConverterFactory
instanceKlass sun/reflect/generics/tree/TypeVariableSignature
instanceKlass java/lang/reflect/WildcardType
instanceKlass sun/reflect/generics/tree/Wildcard
instanceKlass sun/reflect/generics/tree/BottomSignature
instanceKlass org/springframework/core/convert/support/AbstractConditionalEnumConverter
instanceKlass org/springframework/core/convert/support/StringToEnumConverterFactory
instanceKlass org/springframework/core/convert/support/StringToBooleanConverter
instanceKlass org/springframework/core/convert/support/CharacterToNumberFactory
instanceKlass org/springframework/core/convert/support/NumberToCharacterConverter
instanceKlass org/springframework/core/convert/support/StringToCharacterConverter
instanceKlass org/springframework/core/convert/support/GenericConversionService$ConverterAdapter
instanceKlass org/springframework/core/convert/support/ObjectToStringConverter
instanceKlass org/springframework/core/convert/support/StringToNumberConverterFactory
instanceKlass org/springframework/core/convert/support/GenericConversionService$ConverterFactoryAdapter
instanceKlass org/springframework/core/ResolvableType$DefaultVariableResolver
instanceKlass sun/reflect/generics/reflectiveObjects/LazyReflectiveObjectGenerator
instanceKlass sun/reflect/generics/reflectiveObjects/ParameterizedTypeImpl
instanceKlass java/lang/reflect/ParameterizedType
instanceKlass sun/reflect/generics/tree/ClassSignature
instanceKlass sun/reflect/generics/tree/Signature
instanceKlass sun/reflect/generics/tree/FormalTypeParameter
instanceKlass java/lang/reflect/TypeVariable
instanceKlass sun/reflect/generics/repository/AbstractRepository
instanceKlass org/springframework/core/ResolvableType$EmptyType
instanceKlass org/springframework/core/ResolvableType$VariableResolver
instanceKlass org/springframework/core/SerializableTypeWrapper$TypeProvider
instanceKlass org/springframework/core/ResolvableType
instanceKlass org/springframework/core/convert/support/NumberToNumberConverterFactory
instanceKlass org/springframework/beans/TypeConverterDelegate
instanceKlass org/springframework/beans/PropertyEditorRegistrySupport
instanceKlass org/springframework/beans/PropertyEditorRegistry
instanceKlass org/springframework/beans/TypeConverter
instanceKlass java/beans/PropertyEditorSupport
instanceKlass java/beans/PropertyEditor
instanceKlass org/springframework/boot/context/properties/bind/BindConverter$TypeConverterConverter
instanceKlass org/springframework/boot/convert/DelimitedStringToCollectionConverter
instanceKlass org/springframework/boot/convert/DelimitedStringToArrayConverter
instanceKlass java/util/concurrent/ConcurrentLinkedDeque$Node
instanceKlass  @bci org/springframework/core/convert/support/GenericConversionService$Converters getMatchableConverters (Lorg/springframework/core/convert/converter/GenericConverter$ConvertiblePair;)Lorg/springframework/core/convert/support/GenericConversionService$ConvertersForPair; 5 <appendix> argL0 ; # org/springframework/core/convert/support/GenericConversionService$Converters$$Lambda+0x000002070115c400
instanceKlass org/springframework/core/convert/support/GenericConversionService$ConvertersForPair
instanceKlass org/springframework/core/convert/converter/GenericConverter$ConvertiblePair
instanceKlass org/springframework/boot/convert/CollectionToDelimitedStringConverter
instanceKlass org/springframework/boot/convert/ArrayToDelimitedStringConverter
instanceKlass org/springframework/core/convert/converter/ConditionalGenericConverter
instanceKlass org/springframework/core/convert/converter/ConditionalConverter
instanceKlass org/springframework/core/convert/converter/ConverterFactory
instanceKlass org/springframework/core/convert/converter/Converter
instanceKlass org/springframework/format/Formatter
instanceKlass org/springframework/format/Parser
instanceKlass org/springframework/format/Printer
instanceKlass org/springframework/context/EmbeddedValueResolverAware
instanceKlass org/springframework/format/FormatterRegistry
instanceKlass org/springframework/core/convert/support/GenericConversionService$Converters
instanceKlass org/springframework/core/convert/support/GenericConversionService$NoOpConverter
instanceKlass org/springframework/core/convert/converter/GenericConverter
instanceKlass org/springframework/core/convert/support/GenericConversionService
instanceKlass org/springframework/core/convert/TypeDescriptor
instanceKlass org/springframework/boot/context/properties/bind/BindConverter
instanceKlass  @bci org/springframework/boot/context/properties/bind/PlaceholdersResolver <clinit> ()V 0 <appendix> argL0 ; # org/springframework/boot/context/properties/bind/PlaceholdersResolver$$Lambda+0x000002070115b808
instanceKlass org/springframework/boot/origin/OriginProvider
instanceKlass org/springframework/boot/context/properties/bind/AggregateBinder
instanceKlass org/springframework/boot/context/properties/bind/BindContext
instanceKlass org/springframework/boot/context/properties/bind/PlaceholdersResolver
instanceKlass org/springframework/boot/context/properties/bind/Binder
instanceKlass  @bci org/springframework/boot/context/properties/source/MapConfigurationPropertySource putAll (Ljava/util/Map;)V 13 <appendix> member <vmtarget> ; # org/springframework/boot/context/properties/source/MapConfigurationPropertySource$$Lambda+0x0000020701159980
instanceKlass  @cpi org/springframework/boot/logging/logback/LogbackLoggingSystem 818 form vmentry <vmtarget> ; # java/lang/invoke/LambdaForm$DMH+0x000002070115c000
instanceKlass org/springframework/boot/origin/OriginLookup
instanceKlass org/springframework/boot/context/properties/source/SoftReferenceConfigurationPropertyCache
instanceKlass org/springframework/boot/context/properties/source/SystemEnvironmentPropertyMapper
instanceKlass org/springframework/boot/context/properties/source/ConfigurationPropertyCaching
instanceKlass org/springframework/boot/context/properties/source/SpringConfigurationPropertySource
instanceKlass org/springframework/boot/context/properties/source/CachingConfigurationPropertySource
instanceKlass  @bci org/springframework/boot/context/properties/source/PropertyMapper <clinit> ()V 0 <appendix> argL0 ; # org/springframework/boot/context/properties/source/PropertyMapper$$Lambda+0x0000020701158268
instanceKlass org/springframework/boot/context/properties/source/ConfigurationPropertyName
instanceKlass java/util/function/BiPredicate
instanceKlass org/springframework/boot/context/properties/source/DefaultPropertyMapper
instanceKlass org/springframework/boot/context/properties/source/PropertyMapper
instanceKlass org/springframework/boot/context/properties/source/MapConfigurationPropertySource
instanceKlass org/springframework/boot/context/properties/source/IterableConfigurationPropertySource
instanceKlass org/springframework/boot/context/properties/source/ConfigurationPropertySource
instanceKlass  @bci org/springframework/core/annotation/AnnotationUtils getAnnotation (Ljava/lang/reflect/AnnotatedElement;Ljava/lang/Class;)Ljava/lang/annotation/Annotation; 48 <appendix> argL0 ; # org/springframework/core/annotation/AnnotationUtils$$Lambda+0x0000020701156d70
instanceKlass org/springframework/boot/test/context/SpringBootTestAnnotation
instanceKlass  @bci org/springframework/test/context/aot/DefaultAotTestAttributes setAttribute (Ljava/lang/String;Ljava/lang/String;)V 28 <appendix> member <vmtarget> ; # org/springframework/test/context/aot/DefaultAotTestAttributes$$Lambda+0x0000020701156910
instanceKlass africa/semicolon/wallet/WalletApplication
instanceKlass  @bci org/springframework/boot/test/context/AnnotatedClassFinder scanPackage (Ljava/lang/String;)Ljava/lang/Class; 42 <appendix> member <vmtarget> ; # org/springframework/boot/test/context/AnnotatedClassFinder$$Lambda+0x00000207011564f0
instanceKlass org/springframework/beans/factory/support/MethodOverrides
instanceKlass org/springframework/beans/PropertyValues
instanceKlass org/springframework/core/AttributeAccessorSupport
instanceKlass org/springframework/context/annotation/Conditional
instanceKlass org/springframework/context/annotation/ConditionEvaluator$ConditionContextImpl
instanceKlass org/springframework/context/annotation/ConditionContext
instanceKlass org/springframework/context/annotation/ConditionEvaluator
instanceKlass org/springframework/boot/autoconfigure/AutoConfigurationPackages$Registrar
instanceKlass org/springframework/boot/context/annotation/DeterminableImports
instanceKlass org/springframework/context/annotation/ImportBeanDefinitionRegistrar
instanceKlass org/springframework/context/annotation/ComponentScans
instanceKlass org/springframework/boot/autoconfigure/AutoConfigurationImportSelector
instanceKlass org/springframework/context/EnvironmentAware
instanceKlass org/springframework/context/annotation/DeferredImportSelector
instanceKlass org/springframework/context/annotation/ImportSelector
instanceKlass  @bci org/springframework/core/annotation/AnnotationTypeMapping processAliases (ILjava/util/List;)V 118 <appendix> argL0 ; # org/springframework/core/annotation/AnnotationTypeMapping$$Lambda+0x00000207011520b8
instanceKlass org/springframework/boot/autoconfigure/AutoConfigurationExcludeFilter
instanceKlass org/springframework/beans/factory/BeanClassLoaderAware
instanceKlass org/springframework/boot/context/TypeExcludeFilter
instanceKlass org/springframework/beans/factory/BeanFactoryAware
instanceKlass org/springframework/beans/factory/support/BeanNameGenerator
instanceKlass org/springframework/context/annotation/AnnotationScopeMetadataResolver
instanceKlass org/springframework/context/annotation/ScopeMetadataResolver
instanceKlass  @bci sun/reflect/annotation/AnnotationParser parseAnnotationArray (ILjava/lang/Class;Ljava/nio/ByteBuffer;Ljdk/internal/reflect/ConstantPool;Ljava/lang/Class;)Ljava/lang/Object; 15 <appendix> member <vmtarget> ; # sun/reflect/annotation/AnnotationParser$$Lambda+0x00000207010d0678
instanceKlass org/springframework/boot/autoconfigure/AutoConfigurationPackage
instanceKlass org/springframework/context/annotation/ComponentScan$Filter
instanceKlass org/springframework/context/annotation/ComponentScan
instanceKlass org/springframework/boot/autoconfigure/EnableAutoConfiguration
instanceKlass org/springframework/boot/autoconfigure/SpringBootApplication
instanceKlass  @bci org/springframework/core/type/AnnotationMetadata hasMetaAnnotation (Ljava/lang/String;)Z 7 <appendix> argL0 ; # org/springframework/core/type/AnnotationMetadata$$Lambda+0x000002070114d3f0
instanceKlass org/springframework/core/type/classreading/SimpleAnnotationMetadata
instanceKlass org/springframework/core/annotation/MergedAnnotationsCollection
instanceKlass  @bci org/springframework/core/type/classreading/SimpleMethodMetadataReadingVisitor visitAnnotation (Ljava/lang/String;Z)Lorg/springframework/asm/AnnotationVisitor; 19 <appendix> member <vmtarget> ; # org/springframework/core/type/classreading/SimpleMethodMetadataReadingVisitor$$Lambda+0x000002070114f960
instanceKlass org/springframework/core/type/classreading/SimpleMethodMetadataReadingVisitor$Source
instanceKlass  @bci org/springframework/core/type/classreading/SimpleAnnotationMetadataReadingVisitor visitMethod (ILjava/lang/String;Ljava/lang/String;Ljava/lang/String;[Ljava/lang/String;)Lorg/springframework/asm/MethodVisitor; 43 <appendix> member <vmtarget> ; # org/springframework/core/type/classreading/SimpleAnnotationMetadataReadingVisitor$$Lambda+0x000002070114f210
instanceKlass org/springframework/core/type/classreading/SimpleMethodMetadata
instanceKlass org/springframework/core/type/MethodMetadata
instanceKlass  @bci org/springframework/core/type/classreading/MergedAnnotationReadingVisitor visitArray (Ljava/lang/String;)Lorg/springframework/asm/AnnotationVisitor; 7 <appendix> member <vmtarget> ; # org/springframework/core/type/classreading/MergedAnnotationReadingVisitor$$Lambda+0x000002070114eaf8
instanceKlass  @bci org/springframework/core/annotation/TypeMappedAnnotation of (Ljava/lang/ClassLoader;Ljava/lang/Object;Ljava/lang/Class;Ljava/util/Map;)Lorg/springframework/core/annotation/MergedAnnotation; 26 <appendix> argL0 ; # org/springframework/core/annotation/TypeMappedAnnotation$$Lambda+0x000002070114e8e0
instanceKlass org/springframework/asm/Type
instanceKlass org/springframework/asm/AnnotationVisitor
instanceKlass  @bci org/springframework/core/type/classreading/SimpleAnnotationMetadataReadingVisitor visitAnnotation (Ljava/lang/String;Z)Lorg/springframework/asm/AnnotationVisitor; 19 <appendix> member <vmtarget> ; # org/springframework/core/type/classreading/SimpleAnnotationMetadataReadingVisitor$$Lambda+0x000002070114e000
instanceKlass org/springframework/core/type/classreading/SimpleAnnotationMetadataReadingVisitor$Source
instanceKlass org/springframework/asm/Context
instanceKlass org/springframework/asm/Attribute
instanceKlass org/springframework/asm/ClassReader
instanceKlass org/springframework/asm/MethodVisitor
instanceKlass org/springframework/core/type/AnnotationMetadata
instanceKlass org/springframework/core/type/ClassMetadata
instanceKlass org/springframework/asm/ClassVisitor
instanceKlass org/springframework/core/type/classreading/SimpleMetadataReader
instanceKlass org/springframework/util/AntPathMatcher$AntPathStringMatcher
instanceKlass java/util/StringTokenizer
instanceKlass sun/nio/fs/BasicFileAttributesHolder
instanceKlass  @bci org/springframework/core/io/support/PathMatchingResourcePatternResolver doFindPathMatchingFileResources (Lorg/springframework/core/io/Resource;Ljava/lang/String;)Ljava/util/Set; 456 <appendix> member <vmtarget> ; # org/springframework/core/io/support/PathMatchingResourcePatternResolver$$Lambda+0x0000020701149d78
instanceKlass  @bci org/springframework/core/io/support/PathMatchingResourcePatternResolver doFindPathMatchingFileResources (Lorg/springframework/core/io/Resource;Ljava/lang/String;)Ljava/util/Set; 440 <appendix> argL0 ; # org/springframework/core/io/support/PathMatchingResourcePatternResolver$$Lambda+0x0000020701149b40
instanceKlass  @bci java/nio/file/Files walk (Ljava/nio/file/Path;I[Ljava/nio/file/FileVisitOption;)Ljava/util/stream/Stream; 43 <appendix> argL0 ; # java/nio/file/Files$$Lambda+0x00000207010cf430
instanceKlass  @bci java/nio/file/Files walk (Ljava/nio/file/Path;I[Ljava/nio/file/FileVisitOption;)Ljava/util/stream/Stream; 30 <appendix> member <vmtarget> ; # java/nio/file/Files$$Lambda+0x00000207010cf210
instanceKlass  @cpi java/nio/file/Files 1117 form vmentry <vmtarget> ; # java/lang/invoke/LambdaForm$DMH+0x000002070114c800
instanceKlass java/nio/file/FileTreeWalker$Event
instanceKlass sun/nio/fs/WindowsDirectoryStream$WindowsDirectoryIterator
instanceKlass java/nio/file/FileTreeWalker$DirectoryNode
instanceKlass sun/nio/fs/WindowsDirectoryStream
instanceKlass java/nio/file/DirectoryStream
instanceKlass java/nio/file/Files$AcceptAllFilter
instanceKlass java/nio/file/DirectoryStream$Filter
instanceKlass java/nio/file/FileTreeWalker$1
instanceKlass java/nio/file/FileTreeWalker
instanceKlass java/nio/file/FileTreeIterator
instanceKlass  @bci org/springframework/core/io/support/PathMatchingResourcePatternResolver doFindPathMatchingFileResources (Lorg/springframework/core/io/Resource;Ljava/lang/String;)Ljava/util/Set; 359 <appendix> member <vmtarget> ; # org/springframework/core/io/support/PathMatchingResourcePatternResolver$$Lambda+0x00000207011498f0
instanceKlass  @cpi org/springframework/core/io/support/PathMatchingResourcePatternResolver 957 form vmentry <vmtarget> ; # java/lang/invoke/LambdaForm$DMH+0x000002070114c400
instanceKlass sun/nio/fs/WindowsUriSupport
instanceKlass org/springframework/core/io/WritableResource
instanceKlass  @bci org/springframework/core/io/support/PathMatchingResourcePatternResolver findAllModulePathResources (Ljava/lang/String;)Ljava/util/Set; 52 <appendix> member <vmtarget> ; # org/springframework/core/io/support/PathMatchingResourcePatternResolver$$Lambda+0x0000020701148d00
instanceKlass  @bci org/springframework/core/io/support/PathMatchingResourcePatternResolver findAllModulePathResources (Ljava/lang/String;)Ljava/util/Set; 85 <appendix> member <vmtarget> ; # org/springframework/core/io/support/PathMatchingResourcePatternResolver$$Lambda+0x0000020701148ad0
instanceKlass  @bci org/springframework/core/io/support/PathMatchingResourcePatternResolver findAllModulePathResources (Ljava/lang/String;)Ljava/util/Set; 38 <appendix> member <vmtarget> ; # org/springframework/core/io/support/PathMatchingResourcePatternResolver$$Lambda+0x0000020701148880
instanceKlass  @cpi org/springframework/beans/factory/support/DefaultListableBeanFactory 1682 form vmentry <vmtarget> ; # java/lang/invoke/LambdaForm$DMH+0x000002070114c000
instanceKlass  @bci org/springframework/core/env/AbstractPropertyResolver doResolvePlaceholders (Ljava/lang/String;Lorg/springframework/util/PropertyPlaceholderHelper;)Ljava/lang/String; 3 <appendix> member <vmtarget> ; # org/springframework/core/env/AbstractPropertyResolver$$Lambda+0x0000020701148660
instanceKlass org/springframework/util/PropertyPlaceholderHelper$PlaceholderResolver
instanceKlass org/springframework/util/PropertyPlaceholderHelper
instanceKlass org/springframework/stereotype/Indexed
instanceKlass org/springframework/stereotype/Component
instanceKlass org/springframework/context/annotation/Configuration
instanceKlass org/springframework/core/type/filter/AbstractTypeHierarchyTraversingFilter
instanceKlass  @bci org/springframework/context/index/CandidateComponentsIndexLoader loadIndex (Ljava/lang/ClassLoader;)Lorg/springframework/context/index/CandidateComponentsIndex; 16 <appendix> argL0 ; # org/springframework/context/index/CandidateComponentsIndexLoader$$Lambda+0x0000020701147098
instanceKlass org/springframework/context/index/CandidateComponentsIndex
instanceKlass org/springframework/context/index/CandidateComponentsIndexLoader
instanceKlass org/springframework/core/type/classreading/MetadataReader
instanceKlass org/springframework/core/type/classreading/SimpleMetadataReaderFactory
instanceKlass org/springframework/core/io/DefaultResourceLoader
instanceKlass org/springframework/util/AntPathMatcher$PathSeparatorPatternCache
instanceKlass org/springframework/util/AntPathMatcher
instanceKlass  @bci org/springframework/core/io/support/PathMatchingResourcePatternResolver <clinit> ()V 57 <appendix> argL0 ; # org/springframework/core/io/support/PathMatchingResourcePatternResolver$$Lambda+0x0000020701145708
instanceKlass  @bci org/springframework/core/io/support/PathMatchingResourcePatternResolver <clinit> ()V 33 <appendix> argL0 ; # org/springframework/core/io/support/PathMatchingResourcePatternResolver$$Lambda+0x00000207011454d0
instanceKlass org/springframework/util/PathMatcher
instanceKlass org/springframework/core/io/support/PathMatchingResourcePatternResolver
instanceKlass org/springframework/core/io/support/ResourcePatternUtils
instanceKlass java/lang/ProcessEnvironment$CheckedEntry
instanceKlass java/lang/ProcessEnvironment$CheckedEntrySet$1
instanceKlass java/lang/ProcessEnvironment$EntryComparator
instanceKlass java/lang/ProcessEnvironment$NameComparator
instanceKlass org/springframework/core/convert/support/ConfigurableConversionService
instanceKlass org/springframework/core/convert/converter/ConverterRegistry
instanceKlass org/springframework/core/convert/ConversionService
instanceKlass org/springframework/core/env/AbstractPropertyResolver
instanceKlass org/springframework/core/env/MutablePropertySources
instanceKlass org/springframework/core/env/PropertySources
instanceKlass org/springframework/core/env/AbstractEnvironment
instanceKlass org/springframework/core/env/ConfigurableEnvironment
instanceKlass org/springframework/core/env/ConfigurablePropertyResolver
instanceKlass org/springframework/core/type/AnnotatedTypeMetadata
instanceKlass org/springframework/beans/factory/annotation/AnnotatedBeanDefinition
instanceKlass org/springframework/core/type/classreading/MetadataReaderFactory
instanceKlass org/springframework/context/annotation/ClassPathScanningCandidateComponentProvider
instanceKlass org/springframework/context/ResourceLoaderAware
instanceKlass org/springframework/boot/SpringBootConfiguration
instanceKlass org/springframework/core/type/filter/TypeFilter
instanceKlass org/springframework/boot/test/context/AnnotatedClassFinder
instanceKlass  @bci org/springframework/test/context/MergedContextConfiguration <init> (Ljava/lang/Class;[Ljava/lang/String;[Ljava/lang/Class;Ljava/util/Set;[Ljava/lang/String;Ljava/util/List;[Ljava/lang/String;Ljava/util/Set;Lorg/springframework/test/context/ContextLoader;Lorg/springframework/test/context/CacheAwareContextLoaderDelegate;Lorg/springframework/test/context/MergedContextConfiguration;)V 82 <appendix> argL0 ; # org/springframework/test/context/MergedContextConfiguration$$Lambda+0x0000020701140c88
instanceKlass  @bci org/springframework/test/context/MergedContextConfiguration <init> (Ljava/lang/Class;[Ljava/lang/String;[Ljava/lang/Class;Ljava/util/Set;[Ljava/lang/String;Ljava/util/List;[Ljava/lang/String;Ljava/util/Set;Lorg/springframework/test/context/ContextLoader;Lorg/springframework/test/context/CacheAwareContextLoaderDelegate;Lorg/springframework/test/context/MergedContextConfiguration;)V 72 <appendix> argL0 ; # org/springframework/test/context/MergedContextConfiguration$$Lambda+0x0000020701140a50
instanceKlass  @bci org/springframework/test/context/MergedContextConfiguration <init> (Ljava/lang/Class;[Ljava/lang/String;[Ljava/lang/Class;Ljava/util/Set;[Ljava/lang/String;Ljava/util/List;[Ljava/lang/String;Ljava/util/Set;Lorg/springframework/test/context/ContextLoader;Lorg/springframework/test/context/CacheAwareContextLoaderDelegate;Lorg/springframework/test/context/MergedContextConfiguration;)V 62 <appendix> argL0 ; # org/springframework/test/context/MergedContextConfiguration$$Lambda+0x0000020701140818
instanceKlass java/util/AbstractList$RandomAccessSpliterator
instanceKlass org/springframework/test/context/ActiveProfiles
instanceKlass org/springframework/test/context/support/DefaultActiveProfilesResolver
instanceKlass org/springframework/test/context/ActiveProfilesResolver
instanceKlass org/springframework/test/context/support/ActiveProfilesUtils
instanceKlass org/springframework/test/context/support/ApplicationContextInitializerUtils
instanceKlass org/springframework/test/context/support/MergedTestPropertySources
instanceKlass  @bci org/springframework/test/context/support/TestPropertySourceUtils buildMergedTestPropertySources (Ljava/lang/Class;)Lorg/springframework/test/context/support/MergedTestPropertySources; 49 <appendix> argL0 ; # org/springframework/test/context/support/TestPropertySourceUtils$$Lambda+0x000002070113f638
instanceKlass org/springframework/test/context/support/TestPropertySourceAttributes
instanceKlass  @bci org/springframework/test/context/support/TestPropertySourceUtils findRepeatableAnnotations (Ljava/lang/Class;Ljava/lang/Class;Ljava/util/List;[I)V 51 <appendix> member <vmtarget> ; # org/springframework/test/context/support/TestPropertySourceUtils$$Lambda+0x000002070113f1c8
instanceKlass org/springframework/test/context/TestPropertySource
instanceKlass java/util/Collections$ReverseComparator2
instanceKlass java/util/Collections$ReverseComparator
instanceKlass  @bci org/springframework/test/context/support/TestPropertySourceUtils <clinit> ()V 10 <appendix> argL0 ; # org/springframework/test/context/support/TestPropertySourceUtils$$Lambda+0x000002070113edb8
instanceKlass org/springframework/core/io/support/DefaultPropertySourceFactory
instanceKlass org/springframework/core/io/support/PropertySourceFactory
instanceKlass org/springframework/test/context/support/TestPropertySourceUtils
instanceKlass  @bci org/springframework/test/context/support/AbstractTestContextBootstrapper buildMergedContextConfiguration (Ljava/lang/Class;Ljava/util/List;Lorg/springframework/test/context/MergedContextConfiguration;Lorg/springframework/test/context/CacheAwareContextLoaderDelegate;Z)Lorg/springframework/test/context/MergedContextConfiguration; 287 <appendix> member <vmtarget> ; # org/springframework/test/context/support/AbstractTestContextBootstrapper$$Lambda+0x000002070113dee0
instanceKlass org/springframework/test/context/DynamicPropertySource
instanceKlass  @bci org/springframework/core/MethodIntrospector selectMethods (Ljava/lang/Class;Lorg/springframework/core/MethodIntrospector$MetadataLookup;)Ljava/util/Map; 102 <appendix> member <vmtarget> ; # org/springframework/core/MethodIntrospector$$Lambda+0x000002070113dac8
instanceKlass org/springframework/util/ReflectionUtils$MethodCallback
instanceKlass  @bci org/springframework/core/MethodIntrospector selectMethods (Ljava/lang/Class;Lorg/springframework/util/ReflectionUtils$MethodFilter;)Ljava/util/Set; 2 <appendix> member <vmtarget> ; # org/springframework/core/MethodIntrospector$$Lambda+0x000002070113d6b0
instanceKlass org/springframework/core/MethodIntrospector$MetadataLookup
instanceKlass org/springframework/core/MethodIntrospector
instanceKlass  @bci org/springframework/test/context/support/DynamicPropertiesContextCustomizerFactory findMethods (Ljava/lang/Class;Ljava/util/Set;)V 19 <appendix> member <vmtarget> ; # org/springframework/test/context/support/DynamicPropertiesContextCustomizerFactory$$Lambda+0x000002070113d088
instanceKlass org/springframework/core/annotation/TypeMappedAnnotations$IsPresent
instanceKlass  @bci org/springframework/test/context/TestContextAnnotationUtils hasAnnotation (Ljava/lang/Class;Ljava/lang/Class;)Z 6 <appendix> argL0 ; # org/springframework/test/context/TestContextAnnotationUtils$$Lambda+0x000002070113c820
instanceKlass org/springframework/boot/test/autoconfigure/web/servlet/WebDriverContextCustomizer
instanceKlass org/springframework/boot/test/autoconfigure/properties/PropertyMappingContextCustomizer
instanceKlass org/springframework/core/BridgeMethodResolver
instanceKlass  @bci org/springframework/boot/test/autoconfigure/properties/AnnotationsPropertySource lambda$getProperties$0 (Ljava/util/Map;Lorg/springframework/core/annotation/MergedAnnotation;)V 13 <appendix> argL0 ; # org/springframework/boot/test/autoconfigure/properties/AnnotationsPropertySource$$Lambda+0x000002070113bb60
instanceKlass org/springframework/boot/test/autoconfigure/properties/PropertyMapping
instanceKlass  @bci org/springframework/boot/test/autoconfigure/properties/AnnotationsPropertySource getProperties (Ljava/lang/Class;Ljava/util/Map;)V 27 <appendix> member <vmtarget> ; # org/springframework/boot/test/autoconfigure/properties/AnnotationsPropertySource$$Lambda+0x000002070113b738
instanceKlass org/springframework/core/annotation/MergedAnnotationPredicates$UniquePredicate
instanceKlass  @bci org/springframework/boot/test/autoconfigure/properties/AnnotationsPropertySource getProperties (Ljava/lang/Class;Ljava/util/Map;)V 12 <appendix> argL0 ; # org/springframework/boot/test/autoconfigure/properties/AnnotationsPropertySource$$Lambda+0x000002070113b2a0
instanceKlass org/springframework/core/env/PropertySource
instanceKlass org/springframework/boot/test/autoconfigure/filter/TypeExcludeFilters
instanceKlass org/springframework/core/env/Environment
instanceKlass org/springframework/core/env/PropertyResolver
instanceKlass org/springframework/boot/test/autoconfigure/actuate/observability/ObservabilityContextCustomizerFactory$DisableObservabilityContextCustomizer
instanceKlass org/springframework/boot/test/autoconfigure/actuate/observability/AutoConfigureObservability
instanceKlass org/springframework/boot/test/autoconfigure/OverrideAutoConfiguration
instanceKlass org/springframework/boot/test/web/reactor/netty/DisableReactorResourceFactoryGlobalResourcesContextCustomizerFactory$DisableReactorResourceFactoryGlobalResourcesContextCustomizerCustomizer
instanceKlass org/springframework/http/client/ReactorResourceFactory
instanceKlass org/springframework/context/SmartLifecycle
instanceKlass org/springframework/context/Phased
instanceKlass org/springframework/beans/factory/DisposableBean
instanceKlass org/springframework/beans/factory/InitializingBean
instanceKlass org/springframework/context/ApplicationContextAware
instanceKlass org/springframework/beans/factory/Aware
instanceKlass org/springframework/boot/test/web/reactive/server/WebTestClientContextCustomizer
instanceKlass org/springframework/beans/factory/config/BeanDefinition
instanceKlass org/springframework/beans/BeanMetadataElement
instanceKlass org/springframework/boot/test/web/client/TestRestTemplateContextCustomizer
instanceKlass org/springframework/boot/test/mock/mockito/MockitoContextCustomizer
instanceKlass java/lang/Deprecated
instanceKlass  @bci org/springframework/boot/test/mock/mockito/DefinitionsParser parse (Ljava/lang/Class;)V 9 <appendix> member <vmtarget> ; # org/springframework/boot/test/mock/mockito/DefinitionsParser$$Lambda+0x0000020701134c28
instanceKlass org/springframework/util/ReflectionUtils$FieldCallback
instanceKlass  @bci org/springframework/boot/test/mock/mockito/DefinitionsParser parseElement (Ljava/lang/reflect/AnnotatedElement;Ljava/lang/Class;)V 60 <appendix> member <vmtarget> ; # org/springframework/boot/test/mock/mockito/DefinitionsParser$$Lambda+0x0000020701134800
instanceKlass  @bci org/springframework/boot/test/mock/mockito/DefinitionsParser parseElement (Ljava/lang/reflect/AnnotatedElement;Ljava/lang/Class;)V 47 <appendix> argL0 ; # org/springframework/boot/test/mock/mockito/DefinitionsParser$$Lambda+0x0000020701135cf0
instanceKlass org/springframework/boot/test/mock/mockito/SpyBean
instanceKlass  @bci org/springframework/boot/test/mock/mockito/DefinitionsParser parseElement (Ljava/lang/reflect/AnnotatedElement;Ljava/lang/Class;)V 29 <appendix> member <vmtarget> ; # org/springframework/boot/test/mock/mockito/DefinitionsParser$$Lambda+0x00000207011358c8
instanceKlass  @bci org/springframework/boot/test/mock/mockito/DefinitionsParser parseElement (Ljava/lang/reflect/AnnotatedElement;Ljava/lang/Class;)V 16 <appendix> argL0 ; # org/springframework/boot/test/mock/mockito/DefinitionsParser$$Lambda+0x0000020701135690
instanceKlass org/springframework/boot/test/mock/mockito/MockBean
instanceKlass org/springframework/boot/test/mock/mockito/Definition
instanceKlass org/springframework/boot/test/mock/mockito/DefinitionsParser
instanceKlass org/springframework/boot/test/json/DuplicateJsonObjectContextCustomizerFactory$DuplicateJsonObjectContextCustomizer
instanceKlass org/springframework/test/web/reactive/server/WebTestClient
instanceKlass org/springframework/boot/test/context/filter/ExcludeFilterContextCustomizer
instanceKlass org/springframework/context/annotation/Import
instanceKlass  @bci org/springframework/test/context/support/AbstractTestContextBootstrapper lambda$getContextCustomizerFactories$2 (Ljava/util/List;Lorg/springframework/test/context/ContextCustomizerFactory;)V 27 <appendix> member <vmtarget> ; # org/springframework/test/context/support/AbstractTestContextBootstrapper$$Lambda+0x0000020701137070
instanceKlass  @cpi org/springframework/test/context/support/AbstractTestContextBootstrapper 709 form vmentry <vmtarget> ; # java/lang/invoke/LambdaForm$DMH+0x0000020701134400
instanceKlass  @bci org/springframework/test/context/support/AbstractTestContextBootstrapper lambda$getContextCustomizerFactories$2 (Ljava/util/List;Lorg/springframework/test/context/ContextCustomizerFactory;)V 11 <appendix> argL0 ; # org/springframework/test/context/support/AbstractTestContextBootstrapper$$Lambda+0x0000020701136e38
instanceKlass  @bci org/springframework/test/context/support/AbstractTestContextBootstrapper getContextCustomizerFactories (Ljava/lang/Class;)Ljava/util/List; 278 <appendix> member <vmtarget> ; # org/springframework/test/context/support/AbstractTestContextBootstrapper$$Lambda+0x0000020701136c08
instanceKlass org/springframework/core/DecoratingProxy
instanceKlass java/lang/FunctionalInterface
instanceKlass org/springframework/core/annotation/Order
instanceKlass org/springframework/core/annotation/OrderUtils
instanceKlass org/springframework/core/PriorityOrdered
instanceKlass org/springframework/test/context/support/DynamicPropertiesContextCustomizerFactory
instanceKlass jakarta/websocket/server/ServerContainer
instanceKlass jakarta/websocket/WebSocketContainer
instanceKlass org/springframework/test/context/web/socket/MockServerContainerContextCustomizerFactory
instanceKlass org/springframework/boot/test/autoconfigure/web/servlet/WebDriverContextCustomizerFactory
instanceKlass org/springframework/boot/test/autoconfigure/properties/PropertyMappingContextCustomizerFactory
instanceKlass org/springframework/boot/test/autoconfigure/filter/TypeExcludeFiltersContextCustomizerFactory
instanceKlass org/springframework/boot/test/autoconfigure/actuate/observability/ObservabilityContextCustomizerFactory
instanceKlass org/springframework/boot/test/autoconfigure/OverrideAutoConfigurationContextCustomizerFactory
instanceKlass org/springframework/boot/test/web/reactor/netty/DisableReactorResourceFactoryGlobalResourcesContextCustomizerFactory
instanceKlass org/springframework/web/reactive/function/client/WebClient
instanceKlass org/springframework/boot/test/web/reactive/server/WebTestClientContextCustomizerFactory
instanceKlass org/springframework/boot/test/web/client/TestRestTemplateContextCustomizerFactory
instanceKlass org/springframework/boot/test/mock/mockito/MockitoContextCustomizerFactory
instanceKlass org/springframework/boot/test/json/DuplicateJsonObjectContextCustomizerFactory
instanceKlass org/springframework/boot/test/graphql/tester/HttpGraphQlTesterContextCustomizerFactory
instanceKlass org/springframework/boot/test/context/filter/ExcludeFilterContextCustomizerFactory
instanceKlass org/springframework/test/context/ContextCustomizer
instanceKlass org/springframework/boot/test/context/ImportsContextCustomizerFactory
instanceKlass org/springframework/test/context/ContextCustomizerFactory
instanceKlass org/springframework/test/context/ContextCustomizerFactories
instanceKlass ch/qos/logback/core/CoreConstants
instanceKlass java/time/format/DateTimeFormatterBuilder$2
instanceKlass java/time/LocalTime$1
instanceKlass java/time/ZonedDateTime$1
instanceKlass java/time/ZonedDateTime
instanceKlass java/time/chrono/ChronoZonedDateTime
instanceKlass java/time/temporal/TemporalQueries$7
instanceKlass java/time/temporal/TemporalQueries$6
instanceKlass java/time/temporal/TemporalQueries$5
instanceKlass java/time/temporal/TemporalQueries$4
instanceKlass java/time/temporal/TemporalQueries$3
instanceKlass java/time/temporal/TemporalQueries$2
instanceKlass java/time/temporal/TemporalQueries$1
instanceKlass java/time/temporal/TemporalQueries
instanceKlass java/time/format/DateTimePrintContext
instanceKlass ch/qos/logback/core/util/StringUtil
instanceKlass ch/qos/logback/classic/spi/EventArgUtil
instanceKlass java/time/Instant
instanceKlass java/time/Clock
instanceKlass java/time/InstantSource
instanceKlass ch/qos/logback/classic/spi/IThrowableProxy
instanceKlass ch/qos/logback/classic/spi/LoggingEvent
instanceKlass org/springframework/test/context/support/AnnotationConfigContextLoaderUtils
instanceKlass  @bci org/springframework/boot/test/context/SpringBootContextLoader <clinit> ()V 0 <appendix> argL0 ; # org/springframework/boot/test/context/SpringBootContextLoader$$Lambda+0x00000207011303d8
instanceKlass  @cpi org/springframework/boot/context/config/AnsiOutputApplicationListener 93 form vmentry <vmtarget> ; # java/lang/invoke/LambdaForm$DMH+0x0000020701134000
instanceKlass org/springframework/boot/SpringApplication
instanceKlass org/springframework/context/ConfigurableApplicationContext
instanceKlass org/springframework/context/Lifecycle
instanceKlass org/springframework/test/context/support/AbstractContextLoader
instanceKlass org/springframework/test/context/aot/AotContextLoader
instanceKlass org/springframework/test/context/SmartContextLoader
instanceKlass  @bci org/springframework/test/context/TestContextAnnotationUtils findMergedAnnotation (Ljava/lang/Class;Ljava/lang/Class;Ljava/util/function/Predicate;)Ljava/lang/annotation/Annotation; 20 <appendix> argL0 ; # org/springframework/test/context/TestContextAnnotationUtils$$Lambda+0x000002070112b760
instanceKlass  @bci org/springframework/test/context/TestContextAnnotationUtils findMergedAnnotation (Ljava/lang/Class;Ljava/lang/Class;)Ljava/lang/annotation/Annotation; 2 <appendix> argL0 ; # org/springframework/test/context/TestContextAnnotationUtils$$Lambda+0x000002070112b518
instanceKlass org/springframework/test/context/ContextLoader
instanceKlass org/springframework/test/context/ContextConfigurationAttributes
instanceKlass org/springframework/test/context/ContextHierarchy
instanceKlass org/springframework/test/context/ContextConfiguration
instanceKlass org/springframework/test/context/support/DefaultTestContext
instanceKlass org/springframework/test/context/aot/AotTestAttributesFactory
instanceKlass org/springframework/test/context/aot/DefaultAotTestAttributes
instanceKlass org/springframework/test/context/aot/AotTestAttributes
instanceKlass org/springframework/test/context/TestContext
instanceKlass org/springframework/core/AttributeAccessor
instanceKlass  @bci org/springframework/core/annotation/SynthesizedMergedAnnotationInvocationHandler lambda$getAttributeValue$1 (Ljava/lang/reflect/Method;Ljava/lang/String;)Ljava/lang/Object; 21 <appendix> member <vmtarget> ; # org/springframework/core/annotation/SynthesizedMergedAnnotationInvocationHandler$$Lambda+0x000002070112f2b8
instanceKlass  @bci org/springframework/core/annotation/SynthesizedMergedAnnotationInvocationHandler getAttributeValue (Ljava/lang/reflect/Method;)Ljava/lang/Object; 10 <appendix> member <vmtarget> ; # org/springframework/core/annotation/SynthesizedMergedAnnotationInvocationHandler$$Lambda+0x000002070112ee88
instanceKlass  @bci org/springframework/core/annotation/MergedAnnotationCollectors toAnnotationSet ()Ljava/util/stream/Collector; 10 <appendix> argL0 ; # org/springframework/core/annotation/MergedAnnotationCollectors$$Lambda+0x000002070112ec48
instanceKlass  @bci org/springframework/core/annotation/MergedAnnotationCollectors toAnnotationSet ()Ljava/util/stream/Collector; 5 <appendix> argL0 ; # org/springframework/core/annotation/MergedAnnotationCollectors$$Lambda+0x000002070112ea20
instanceKlass  @bci org/springframework/core/annotation/MergedAnnotationCollectors toAnnotationSet ()Ljava/util/stream/Collector; 0 <appendix> argL0 ; # org/springframework/core/annotation/MergedAnnotationCollectors$$Lambda+0x000002070112e808
instanceKlass org/springframework/core/annotation/MergedAnnotationCollectors
instanceKlass org/springframework/core/annotation/MergedAnnotationPredicates$FirstRunOfPredicate
instanceKlass org/springframework/core/annotation/MergedAnnotationPredicates
instanceKlass  @bci org/springframework/test/context/TestContextAnnotationUtils$AnnotationDescriptor findAllLocalMergedAnnotations ()Ljava/util/Set; 24 <appendix> argL0 ; # org/springframework/test/context/TestContextAnnotationUtils$AnnotationDescriptor$$Lambda+0x000002070112df70
instanceKlass org/springframework/core/annotation/TypeMappedAnnotations$Aggregate
instanceKlass org/springframework/core/annotation/TypeMappedAnnotations$AggregatesCollector
instanceKlass org/springframework/core/annotation/TypeMappedAnnotations$AggregatesSpliterator
instanceKlass  @bci org/springframework/test/context/TestContextAnnotationUtils$AnnotationDescriptor <init> (Ljava/lang/Class;Ljava/lang/Class;Ljava/lang/annotation/Annotation;)V 55 <appendix> member <vmtarget> ; # org/springframework/test/context/TestContextAnnotationUtils$AnnotationDescriptor$$Lambda+0x000002070112d448
instanceKlass org/springframework/core/annotation/SynthesizedMergedAnnotationInvocationHandler
instanceKlass  @bci org/springframework/core/annotation/AnnotatedElementUtils findMergedAnnotation (Ljava/lang/reflect/AnnotatedElement;Ljava/lang/Class;)Ljava/lang/annotation/Annotation; 41 <appendix> argL0 ; # org/springframework/core/annotation/AnnotatedElementUtils$$Lambda+0x000002070112cfe0
instanceKlass  @cpi org/springframework/context/annotation/ConfigurationClassParser 869 form vmentry <vmtarget> ; # java/lang/invoke/LambdaForm$DMH+0x0000020701129000
instanceKlass  @bci org/springframework/core/annotation/AnnotationTypeMappings forAnnotationType (Ljava/lang/Class;Lorg/springframework/core/annotation/RepeatableContainers;Lorg/springframework/core/annotation/AnnotationFilter;Ljava/util/Set;)Lorg/springframework/core/annotation/AnnotationTypeMappings; 43 <appendix> member <vmtarget> ; # org/springframework/core/annotation/AnnotationTypeMappings$$Lambda+0x000002070112cda0
instanceKlass org/springframework/core/annotation/AnnotatedElementUtils
instanceKlass org/springframework/test/context/TestContextAnnotationUtils$AnnotationDescriptor
instanceKlass  @bci org/springframework/core/annotation/TypeMappedAnnotation <init> (Lorg/springframework/core/annotation/AnnotationTypeMapping;Ljava/lang/ClassLoader;Ljava/lang/Object;Ljava/lang/Object;Lorg/springframework/core/annotation/ValueExtractor;I[I)V 100 <appendix> member <vmtarget> ; # org/springframework/core/annotation/TypeMappedAnnotation$$Lambda+0x000002070112c748
instanceKlass  @bci org/springframework/core/annotation/TypeMappedAnnotation createIfPossible (Lorg/springframework/core/annotation/AnnotationTypeMapping;Ljava/lang/Object;Ljava/lang/annotation/Annotation;ILorg/springframework/core/annotation/IntrospectionFailureLogger;)Lorg/springframework/core/annotation/TypeMappedAnnotation; 3 <appendix> argL0 ; # org/springframework/core/annotation/TypeMappedAnnotation$$Lambda+0x000002070112c530
instanceKlass org/springframework/core/annotation/ValueExtractor
instanceKlass org/springframework/core/annotation/AbstractMergedAnnotation
instanceKlass  @bci org/springframework/core/annotation/AnnotationTypeMappings <init> (Lorg/springframework/core/annotation/RepeatableContainers;Lorg/springframework/core/annotation/AnnotationFilter;Ljava/lang/Class;Ljava/util/Set;)V 36 <appendix> argL0 ; # org/springframework/core/annotation/AnnotationTypeMappings$$Lambda+0x0000020701127560
instanceKlass  @bci org/springframework/boot/autoconfigure/condition/ConditionMessage$Builder because (Ljava/lang/String;)Lorg/springframework/boot/autoconfigure/condition/ConditionMessage; 30 <appendix> form vmentry <vmtarget> ; # java/lang/invoke/LambdaForm$MH+0x0000020701128c00
# instanceKlass java/lang/invoke/LambdaForm$MH+0x0000020701128800
instanceKlass  @bci org/springframework/boot/autoconfigure/condition/ConditionMessage$Builder because (Ljava/lang/String;)Lorg/springframework/boot/autoconfigure/condition/ConditionMessage; 30 <appendix> argL3 form vmentry <vmtarget> ; # java/lang/invoke/LambdaForm$MH+0x0000020701128400
# instanceKlass java/lang/invoke/LambdaForm$MH+0x0000020701128000
# instanceKlass java/lang/invoke/LambdaForm$MH+0x0000020701125c00
# instanceKlass java/lang/invoke/LambdaForm$MH+0x0000020701125800
# instanceKlass java/lang/invoke/LambdaForm$MH+0x0000020701125400
instanceKlass  @bci org/springframework/boot/autoconfigure/condition/ConditionMessage$Builder because (Ljava/lang/String;)Lorg/springframework/boot/autoconfigure/condition/ConditionMessage; 30 <appendix> argL1 form vmentry <vmtarget> ; # java/lang/invoke/LambdaForm$MH+0x0000020701125000
# instanceKlass java/lang/invoke/LambdaForm$MH+0x0000020701124c00
# instanceKlass java/lang/invoke/LambdaForm$MH+0x0000020701124800
# instanceKlass java/lang/invoke/LambdaForm$MH+0x0000020701124400
instanceKlass  @bci org/springframework/core/annotation/AnnotationTypeMapping resolveAliasedForTargets ()Ljava/util/Map; 58 <appendix> argL0 ; # org/springframework/core/annotation/AnnotationTypeMapping$$Lambda+0x0000020701127328
instanceKlass org/springframework/core/annotation/AliasFor
instanceKlass org/springframework/core/annotation/AnnotationTypeMapping$MirrorSets
instanceKlass org/springframework/core/annotation/AnnotationTypeMapping$MirrorSets$MirrorSet
instanceKlass  @bci org/springframework/core/annotation/AnnotationTypeMapping <clinit> ()V 8 <appendix> argL0 ; # org/springframework/core/annotation/AnnotationTypeMapping$$Lambda+0x0000020701126448
instanceKlass org/springframework/core/annotation/AnnotationTypeMapping
instanceKlass  @bci org/springframework/core/annotation/AnnotationTypeMappings$Cache get (Ljava/lang/Class;Ljava/util/Set;)Lorg/springframework/core/annotation/AnnotationTypeMappings; 7 <appendix> member <vmtarget> ; # org/springframework/core/annotation/AnnotationTypeMappings$Cache$$Lambda+0x0000020701126000
instanceKlass  @bci org/springframework/core/annotation/AnnotationTypeMappings forAnnotationType (Ljava/lang/Class;Lorg/springframework/core/annotation/RepeatableContainers;Lorg/springframework/core/annotation/AnnotationFilter;Ljava/util/Set;)Lorg/springframework/core/annotation/AnnotationTypeMappings; 12 <appendix> member <vmtarget> ; # org/springframework/core/annotation/AnnotationTypeMappings$$Lambda+0x0000020701123c60
instanceKlass org/springframework/core/annotation/AnnotationTypeMappings$Cache
instanceKlass org/springframework/core/annotation/AnnotationTypeMappings
instanceKlass  @bci org/springframework/core/annotation/RepeatableContainers$StandardRepeatableContainers getRepeatedAnnotationsMethod (Ljava/lang/Class;)Ljava/lang/reflect/Method; 4 <appendix> argL0 ; # org/springframework/core/annotation/RepeatableContainers$StandardRepeatableContainers$$Lambda+0x0000020701122d18
instanceKlass org/springframework/util/ObjectUtils
instanceKlass org/springframework/core/annotation/AnnotationsScanner$1
instanceKlass org/springframework/core/annotation/MergedAnnotationSelectors$FirstDirectlyDeclared
instanceKlass org/springframework/core/annotation/MergedAnnotationSelectors$Nearest
instanceKlass org/springframework/core/annotation/MergedAnnotationSelector
instanceKlass org/springframework/core/annotation/MergedAnnotationSelectors
instanceKlass org/springframework/core/annotation/MergedAnnotation
instanceKlass org/springframework/core/annotation/TypeMappedAnnotations$MergedAnnotationFinder
instanceKlass  @bci org/springframework/core/annotation/AttributeMethods forAnnotationType (Ljava/lang/Class;)Lorg/springframework/core/annotation/AttributeMethods; 12 <appendix> argL0 ; # org/springframework/core/annotation/AttributeMethods$$Lambda+0x0000020701121a30
instanceKlass  @bci org/springframework/core/annotation/AttributeMethods <clinit> ()V 25 <appendix> argL0 ; # org/springframework/core/annotation/AttributeMethods$$Lambda+0x00000207011217a0
instanceKlass  @cpi org/springframework/http/MediaType 649 form vmentry <vmtarget> ; # java/lang/invoke/LambdaForm$DMH+0x0000020701124000
instanceKlass org/springframework/core/annotation/AttributeMethods
instanceKlass org/springframework/core/Ordered
instanceKlass org/springframework/core/annotation/AnnotationsScanner
instanceKlass org/springframework/core/annotation/AnnotationsProcessor
instanceKlass org/springframework/core/annotation/TypeMappedAnnotations
instanceKlass  @bci org/springframework/core/annotation/MergedAnnotations$Search <clinit> ()V 8 <appendix> argL0 ; # org/springframework/core/annotation/MergedAnnotations$Search$$Lambda+0x0000020701120aa8
instanceKlass  @bci org/springframework/core/annotation/MergedAnnotations$Search <clinit> ()V 0 <appendix> argL0 ; # org/springframework/core/annotation/MergedAnnotations$Search$$Lambda+0x0000020701120860
instanceKlass org/springframework/core/annotation/MergedAnnotations$Search
instanceKlass org/springframework/core/annotation/RepeatableContainers
instanceKlass org/springframework/core/annotation/MergedAnnotations
instanceKlass org/springframework/core/annotation/AnnotationFilter$2
instanceKlass org/springframework/core/annotation/AnnotationFilter$1
instanceKlass org/springframework/core/annotation/PackagesAnnotationFilter
instanceKlass org/springframework/core/annotation/AnnotationFilter
instanceKlass org/springframework/core/annotation/AnnotationUtils
instanceKlass  @bci org/springframework/test/context/TestContextAnnotationUtils findAnnotationDescriptor (Ljava/lang/Class;Ljava/lang/Class;)Lorg/springframework/test/context/TestContextAnnotationUtils$AnnotationDescriptor; 8 <appendix> argL0 ; # org/springframework/test/context/TestContextAnnotationUtils$$Lambda+0x000002070111ad30
instanceKlass java/util/concurrent/ConcurrentLinkedQueue$Node
instanceKlass org/springframework/util/ConcurrentLruCache$WriteOperations
instanceKlass java/util/concurrent/atomic/AtomicReferenceArray
instanceKlass java/util/concurrent/atomic/AtomicLongArray
instanceKlass org/springframework/util/ConcurrentLruCache$ReadOperations
instanceKlass org/springframework/util/ConcurrentLruCache$EvictionQueue
instanceKlass  @bci org/springframework/test/context/TestContextAnnotationUtils <clinit> ()V 6 <appendix> argL0 ; # org/springframework/test/context/TestContextAnnotationUtils$$Lambda+0x000002070111f9b0
instanceKlass org/springframework/util/ConcurrentLruCache
instanceKlass org/springframework/test/context/TestContextAnnotationUtils
# instanceKlass java/lang/invoke/LambdaForm$MH+0x0000020701119400
# instanceKlass java/lang/invoke/LambdaForm$MH+0x0000020701119000
instanceKlass org/springframework/core/style/ToStringStyler
instanceKlass org/springframework/core/style/ValueStyler
instanceKlass org/springframework/test/context/support/DefaultBootstrapContext
instanceKlass org/springframework/test/context/BootstrapContext
instanceKlass org/springframework/core/NativeDetector
instanceKlass org/springframework/aot/AotDetector
instanceKlass org/springframework/test/context/aot/AotTestContextInitializersFactory
instanceKlass org/springframework/test/context/aot/AotTestContextInitializers
instanceKlass org/springframework/core/OrderComparator
instanceKlass  @bci org/springframework/core/io/support/SpringFactoriesLoader$FactoryInstantiator forClass (Ljava/lang/Class;)Lorg/springframework/core/io/support/SpringFactoriesLoader$FactoryInstantiator; 15 <appendix> member <vmtarget> ; # org/springframework/core/io/support/SpringFactoriesLoader$FactoryInstantiator$$Lambda+0x000002070111d768
instanceKlass org/springframework/core/io/support/SpringFactoriesLoader$FactoryInstantiator
instanceKlass  @bci org/springframework/core/io/support/SpringFactoriesLoader instantiateFactory (Ljava/lang/String;Ljava/lang/Class;Lorg/springframework/core/io/support/SpringFactoriesLoader$ArgumentResolver;Lorg/springframework/core/io/support/SpringFactoriesLoader$FailureHandler;)Ljava/lang/Object; 18 <appendix> member <vmtarget> ; # org/springframework/core/io/support/SpringFactoriesLoader$$Lambda+0x000002070111d340
instanceKlass org/springframework/boot/test/autoconfigure/ConditionReportApplicationContextFailureProcessor
instanceKlass org/springframework/test/context/util/TestContextFailureHandler
instanceKlass  @bci java/util/stream/ReferencePipeline toArray ()[Ljava/lang/Object; 1 <appendix> argL0 ; # java/util/stream/ReferencePipeline$$Lambda+0x00000207010c83a8
instanceKlass java/util/ImmutableCollections$Access$1
instanceKlass jdk/internal/access/JavaUtilCollectionAccess
instanceKlass java/util/ImmutableCollections$Access
instanceKlass  @bci org/springframework/core/io/support/SpringFactoriesLoader loadFactoriesResource (Ljava/lang/ClassLoader;Ljava/lang/String;)Ljava/util/Map; 63 <appendix> argL0 ; # org/springframework/core/io/support/SpringFactoriesLoader$$Lambda+0x000002070111ccd0
instanceKlass  @bci org/springframework/core/io/support/SpringFactoriesLoader lambda$loadFactoriesResource$4 (Ljava/util/Map;Ljava/lang/Object;Ljava/lang/Object;)V 53 <appendix> member <vmtarget> ; # org/springframework/core/io/support/SpringFactoriesLoader$$Lambda+0x000002070111caa0
instanceKlass  @bci org/springframework/core/io/support/SpringFactoriesLoader lambda$loadFactoriesResource$4 (Ljava/util/Map;Ljava/lang/Object;Ljava/lang/Object;)V 36 <appendix> argL0 ; # org/springframework/core/io/support/SpringFactoriesLoader$$Lambda+0x000002070111c868
instanceKlass  @bci org/springframework/core/io/support/SpringFactoriesLoader lambda$loadFactoriesResource$4 (Ljava/util/Map;Ljava/lang/Object;Ljava/lang/Object;)V 17 <appendix> member <vmtarget> ; # org/springframework/core/io/support/SpringFactoriesLoader$$Lambda+0x000002070111c628
instanceKlass  @bci org/springframework/core/io/support/SpringFactoriesLoader loadFactoriesResource (Ljava/lang/ClassLoader;Ljava/lang/String;)Ljava/util/Map; 51 <appendix> member <vmtarget> ; # org/springframework/core/io/support/SpringFactoriesLoader$$Lambda+0x000002070111c3f8
instanceKlass org/springframework/util/MultiValueMap
instanceKlass org/springframework/util/CollectionUtils
instanceKlass org/springframework/util/ResourceUtils
instanceKlass org/springframework/util/PropertiesPersister
instanceKlass org/springframework/core/io/support/PropertiesLoaderUtils
instanceKlass org/springframework/core/io/AbstractResource
instanceKlass  @bci org/springframework/core/io/support/SpringFactoriesLoader forResourceLocation (Ljava/lang/String;Ljava/lang/ClassLoader;)Lorg/springframework/core/io/support/SpringFactoriesLoader; 43 <appendix> member <vmtarget> ; # org/springframework/core/io/support/SpringFactoriesLoader$$Lambda+0x0000020701116cd8
instanceKlass org/springframework/util/ConcurrentReferenceHashMap$Entry
instanceKlass  @bci org/springframework/util/ConcurrentReferenceHashMap$Segment doTask (ILjava/lang/Object;Lorg/springframework/util/ConcurrentReferenceHashMap$Task;)Ljava/lang/Object; 112 <adapter> ; # java/lang/invoke/LambdaForm$MH+0x0000020701118c00
# instanceKlass java/lang/invoke/LambdaForm$DMH+0x0000020701118800
instanceKlass  @bci org/springframework/util/ConcurrentReferenceHashMap$Segment doTask (ILjava/lang/Object;Lorg/springframework/util/ConcurrentReferenceHashMap$Task;)Ljava/lang/Object; 112 <appendix> form vmentry <vmtarget> ; # java/lang/invoke/LambdaForm$DMH+0x0000020701118400
instanceKlass  @bci org/springframework/util/ConcurrentReferenceHashMap$Segment doTask (ILjava/lang/Object;Lorg/springframework/util/ConcurrentReferenceHashMap$Task;)Ljava/lang/Object; 112 <appendix> member <vmtarget> ; # org/springframework/util/ConcurrentReferenceHashMap$Segment$$Lambda+0x0000020701116600
instanceKlass  @cpi org/springframework/util/ConcurrentReferenceHashMap$Segment 270 form vmentry <vmtarget> ; # java/lang/invoke/LambdaForm$DMH+0x0000020701118000
instanceKlass org/springframework/util/ConcurrentReferenceHashMap$Entries
instanceKlass  @bci org/springframework/core/io/support/SpringFactoriesLoader forResourceLocation (Ljava/lang/String;Ljava/lang/ClassLoader;)Lorg/springframework/core/io/support/SpringFactoriesLoader; 24 <appendix> argL0 ; # org/springframework/core/io/support/SpringFactoriesLoader$$Lambda+0x0000020701115970
instanceKlass  @bci org/springframework/core/io/support/SpringFactoriesLoader$FailureHandler handleMessage (Ljava/util/function/BiConsumer;)Lorg/springframework/core/io/support/SpringFactoriesLoader$FailureHandler; 1 <appendix> member <vmtarget> ; # org/springframework/core/io/support/SpringFactoriesLoader$FailureHandler$$Lambda+0x0000020701115750
instanceKlass  @bci org/springframework/core/io/support/SpringFactoriesLoader$FailureHandler throwing (Ljava/util/function/BiFunction;)Lorg/springframework/core/io/support/SpringFactoriesLoader$FailureHandler; 1 <appendix> member <vmtarget> ; # org/springframework/core/io/support/SpringFactoriesLoader$FailureHandler$$Lambda+0x0000020701115520
instanceKlass  @bci org/springframework/core/io/support/SpringFactoriesLoader$FailureHandler throwing ()Lorg/springframework/core/io/support/SpringFactoriesLoader$FailureHandler; 0 <appendix> argL0 ; # org/springframework/core/io/support/SpringFactoriesLoader$FailureHandler$$Lambda+0x00000207011152f8
instanceKlass org/springframework/core/io/Resource
instanceKlass org/springframework/core/io/InputStreamSource
instanceKlass org/springframework/core/io/support/SpringFactoriesLoader
instanceKlass org/springframework/core/io/support/SpringFactoriesLoader$FailureHandler
instanceKlass org/springframework/test/context/util/TestContextSpringFactoriesUtils
instanceKlass org/springframework/test/context/ApplicationContextFailureProcessor
instanceKlass org/springframework/util/StringUtils
instanceKlass org/springframework/core/SpringProperties
instanceKlass org/springframework/test/context/cache/ContextCacheUtils
instanceKlass org/springframework/test/context/cache/DefaultContextCache
instanceKlass org/springframework/context/ApplicationContext
instanceKlass org/springframework/core/io/support/ResourcePatternResolver
instanceKlass org/springframework/core/io/ResourceLoader
instanceKlass org/springframework/context/ApplicationEventPublisher
instanceKlass org/springframework/context/MessageSource
instanceKlass org/springframework/beans/factory/HierarchicalBeanFactory
instanceKlass org/springframework/beans/factory/ListableBeanFactory
instanceKlass org/springframework/beans/factory/BeanFactory
instanceKlass org/springframework/core/env/EnvironmentCapable
instanceKlass org/springframework/test/context/MergedContextConfiguration
instanceKlass org/springframework/test/context/cache/ContextCache
instanceKlass java/lang/Short$ShortCache
instanceKlass java/lang/Byte$ByteCache
instanceKlass org/springframework/core/StandardReflectionParameterNameDiscoverer
instanceKlass org/springframework/core/KotlinDetector
instanceKlass org/springframework/core/PrioritizedParameterNameDiscoverer
instanceKlass org/springframework/core/ParameterNameDiscoverer
instanceKlass org/springframework/beans/BeanUtils
instanceKlass org/springframework/core/log/LogMessage
instanceKlass org/springframework/test/context/cache/DefaultCacheAwareContextLoaderDelegate
instanceKlass org/springframework/test/context/CacheAwareContextLoaderDelegate
instanceKlass org/springframework/test/context/web/WebAppConfiguration
instanceKlass org/springframework/test/context/BootstrapUtils
instanceKlass java/util/IdentityHashMap$EntryIterator$Entry
instanceKlass java/util/IdentityHashMap$IdentityHashMapIterator
instanceKlass org/springframework/util/ClassUtils
instanceKlass org/apache/commons/logging/LogAdapter$Slf4jLog
instanceKlass  @bci org/apache/commons/logging/LogAdapter <clinit> ()V 50 <appendix> argL0 ; # org/apache/commons/logging/LogAdapter$$Lambda+0x000002070110db78
instanceKlass org/apache/commons/logging/Log
instanceKlass org/apache/commons/logging/LogAdapter$Slf4jAdapter
instanceKlass org/apache/logging/log4j/spi/Provider
instanceKlass org/apache/logging/log4j/spi/ExtendedLogger
instanceKlass org/apache/logging/log4j/Logger
instanceKlass org/apache/commons/logging/LogAdapter
instanceKlass org/apache/commons/logging/LogFactory
instanceKlass  @bci org/springframework/test/context/junit/jupiter/SpringExtension getTestContextManager (Lorg/junit/jupiter/api/extension/ExtensionContext;)Lorg/springframework/test/context/TestContextManager; 20 <appendix> argL0 ; # org/springframework/test/context/junit/jupiter/SpringExtension$$Lambda+0x000002070110c668
instanceKlass org/springframework/test/context/TestContextManager
instanceKlass  @bci org/junit/jupiter/engine/extension/TempDirectory injectFields (Lorg/junit/jupiter/api/extension/ExtensionContext;Ljava/lang/Object;Ljava/lang/Class;Ljava/util/function/Predicate;)V 20 <appendix> member <vmtarget> ; # org/junit/jupiter/engine/extension/TempDirectory$$Lambda+0x000002070110c1e8
instanceKlass org/mockito/InjectMocks
instanceKlass org/mockito/internal/stubbing/defaultanswers/TriesToReturnSelf
instanceKlass org/mockito/internal/stubbing/answers/CallsRealMethods
instanceKlass org/mockito/stubbing/ValidableAnswer
instanceKlass org/mockito/invocation/DescribedInvocation
instanceKlass org/mockito/internal/stubbing/defaultanswers/ReturnsDeepStubs
instanceKlass org/mockito/internal/stubbing/defaultanswers/ReturnsMocks
instanceKlass org/mockito/internal/stubbing/defaultanswers/ReturnsEmptyValues
instanceKlass org/mockito/internal/stubbing/defaultanswers/ReturnsMoreEmptyValues
instanceKlass org/mockito/internal/stubbing/defaultanswers/RetrieveGenericsForDefaultAnswers$AnswerCallback
instanceKlass org/mockito/internal/stubbing/defaultanswers/ReturnsSmartNulls
instanceKlass org/mockito/internal/stubbing/defaultanswers/GloballyConfiguredAnswer
instanceKlass org/mockito/invocation/InvocationOnMock
instanceKlass org/mockito/stubbing/Answer
instanceKlass org/mockito/Mock
instanceKlass org/springframework/beans/factory/annotation/Autowired
instanceKlass  @bci java/util/function/Predicate and (Ljava/util/function/Predicate;)Ljava/util/function/Predicate; 7 <appendix> member <vmtarget> ; # java/util/function/Predicate$$Lambda+0x00000207010c5eb0
instanceKlass  @bci org/junit/platform/commons/util/AnnotationUtils findAnnotatedFields (Ljava/lang/Class;Ljava/lang/Class;Ljava/util/function/Predicate;Lorg/junit/platform/commons/util/ReflectionUtils$HierarchyTraversalMode;)Ljava/util/List; 23 <appendix> member <vmtarget> ; # org/junit/platform/commons/util/AnnotationUtils$$Lambda+0x0000020701108860
instanceKlass org/junit/jupiter/api/io/TempDir
instanceKlass org/junit/platform/engine/support/store/NamespacedHierarchicalStore$MemoizingSupplier$Failure
instanceKlass  @bci org/junit/jupiter/engine/extension/TempDirectory lambda$getScope$6 (Lorg/junit/jupiter/api/extension/ExtensionContext;Ljava/lang/Class;)Lorg/junit/jupiter/engine/extension/TempDirectory$Scope; 21 <appendix> member <vmtarget> ; # org/junit/jupiter/engine/extension/TempDirectory$$Lambda+0x0000020701108220
instanceKlass  @bci org/junit/platform/engine/support/store/NamespacedHierarchicalStore lambda$getOrComputeIfAbsent$6 (Ljava/util/function/Function;Ljava/lang/Object;Lorg/junit/platform/engine/support/store/NamespacedHierarchicalStore$CompositeKey;)Lorg/junit/platform/engine/support/store/NamespacedHierarchicalStore$StoredValue; 7 <appendix> member <vmtarget> ; # org/junit/platform/engine/support/store/NamespacedHierarchicalStore$$Lambda+0x0000020701108000
instanceKlass org/junit/platform/engine/support/store/NamespacedHierarchicalStore$MemoizingSupplier
instanceKlass  @bci org/junit/platform/engine/support/store/NamespacedHierarchicalStore getOrComputeIfAbsent (Ljava/lang/Object;Ljava/lang/Object;Ljava/util/function/Function;)Ljava/lang/Object; 41 <appendix> member <vmtarget> ; # org/junit/platform/engine/support/store/NamespacedHierarchicalStore$$Lambda+0x0000020701107998
instanceKlass  @bci org/junit/jupiter/engine/execution/NamespaceAwareStore getOrComputeIfAbsent (Ljava/lang/Object;Ljava/util/function/Function;Ljava/lang/Class;)Ljava/lang/Object; 26 <appendix> member <vmtarget> ; # org/junit/jupiter/engine/execution/NamespaceAwareStore$$Lambda+0x0000020701107778
instanceKlass  @bci org/junit/jupiter/engine/extension/TempDirectory getScope (Lorg/junit/jupiter/api/extension/ExtensionContext;)Lorg/junit/jupiter/engine/extension/TempDirectory$Scope; 17 <appendix> member <vmtarget> ; # org/junit/jupiter/engine/extension/TempDirectory$$Lambda+0x0000020701107538
instanceKlass  @bci org/junit/jupiter/engine/extension/TempDirectory injectStaticFields (Lorg/junit/jupiter/api/extension/ExtensionContext;Ljava/lang/Class;)V 4 <appendix> argL0 ; # org/junit/jupiter/engine/extension/TempDirectory$$Lambda+0x00000207011072f0
instanceKlass org/junit/platform/engine/support/store/NamespacedHierarchicalStore$StoredValue
instanceKlass  @bci org/junit/platform/engine/support/store/NamespacedHierarchicalStore put (Ljava/lang/Object;Ljava/lang/Object;Ljava/lang/Object;)Ljava/lang/Object; 16 <appendix> member <vmtarget> ; # org/junit/platform/engine/support/store/NamespacedHierarchicalStore$$Lambda+0x0000020701106ec8
instanceKlass org/junit/platform/engine/support/store/NamespacedHierarchicalStore$CompositeKey
instanceKlass  @bci org/junit/jupiter/engine/execution/NamespaceAwareStore put (Ljava/lang/Object;Ljava/lang/Object;)V 11 <appendix> member <vmtarget> ; # org/junit/jupiter/engine/execution/NamespaceAwareStore$$Lambda+0x0000020701106aa0
instanceKlass  @bci org/junit/jupiter/engine/extension/TempDirectory installFailureTracker (Lorg/junit/jupiter/api/extension/ExtensionContext;)V 12 <appendix> member <vmtarget> ; # org/junit/jupiter/engine/extension/TempDirectory$$Lambda+0x0000020701106880
instanceKlass org/junit/jupiter/api/extension/ExtensionContext$Store$CloseableResource
instanceKlass org/junit/jupiter/engine/execution/NamespaceAwareStore
instanceKlass  @bci org/junit/jupiter/engine/extension/TimeoutExtension readAndStoreTimeoutSoChildrenInheritIt (Lorg/junit/jupiter/api/extension/ExtensionContext;)V 30 <appendix> member <vmtarget> ; # org/junit/jupiter/engine/extension/TimeoutExtension$$Lambda+0x0000020701105f58
instanceKlass  @bci org/junit/jupiter/engine/extension/TimeoutExtension readTimeoutThreadModeFromAnnotation (Ljava/util/Optional;)Ljava/util/Optional; 6 <appendix> argL0 ; # org/junit/jupiter/engine/extension/TimeoutExtension$$Lambda+0x0000020701105d20
instanceKlass  @bci org/junit/jupiter/engine/extension/TimeoutExtension readAndStoreTimeoutSoChildrenInheritIt (Lorg/junit/jupiter/api/extension/ExtensionContext;)V 11 <appendix> member <vmtarget> ; # org/junit/jupiter/engine/extension/TimeoutExtension$$Lambda+0x00000207011058b0
instanceKlass  @bci org/junit/jupiter/engine/extension/TimeoutExtension readTimeoutFromAnnotation (Ljava/util/Optional;)Ljava/util/Optional; 6 <appendix> argL0 ; # org/junit/jupiter/engine/extension/TimeoutExtension$$Lambda+0x0000020701105678
instanceKlass org/junit/jupiter/engine/extension/TimeoutDuration
instanceKlass  @bci org/junit/jupiter/engine/descriptor/ClassBasedTestDescriptor invokeBeforeAllCallbacks (Lorg/junit/jupiter/engine/execution/JupiterEngineExecutionContext;)V 59 <appendix> member <vmtarget> ; # org/junit/jupiter/engine/descriptor/ClassBasedTestDescriptor$$Lambda+0x0000020701105238
instanceKlass  @bci org/junit/jupiter/engine/execution/ConditionEvaluator logResult (Ljava/lang/Class;Lorg/junit/jupiter/api/extension/ConditionEvaluationResult;Lorg/junit/jupiter/api/extension/ExtensionContext;)V 6 <appendix> member <vmtarget> ; # org/junit/jupiter/engine/execution/ConditionEvaluator$$Lambda+0x0000020701105018
instanceKlass  @bci org/junit/jupiter/engine/extension/DisabledCondition evaluateExecutionCondition (Lorg/junit/jupiter/api/extension/ExtensionContext;)Lorg/junit/jupiter/api/extension/ConditionEvaluationResult; 22 <appendix> member <vmtarget> ; # org/junit/jupiter/engine/extension/DisabledCondition$$Lambda+0x0000020701104dd8
instanceKlass org/junit/jupiter/api/Disabled
instanceKlass  @bci java/util/stream/StreamSpliterators$WrappingSpliterator initPartialTraversalState ()V 37 <appendix> member <vmtarget> ; # java/util/stream/StreamSpliterators$WrappingSpliterator$$Lambda+0x00000207010c5c90
instanceKlass java/util/function/BooleanSupplier
instanceKlass  @bci java/util/stream/StreamSpliterators$WrappingSpliterator initPartialTraversalState ()V 24 <appendix> member <vmtarget> ; # java/util/stream/StreamSpliterators$WrappingSpliterator$$Lambda+0x00000207010c57f0
instanceKlass java/util/stream/AbstractSpinedBuffer
instanceKlass  @bci org/junit/jupiter/engine/execution/ConditionEvaluator evaluate (Lorg/junit/jupiter/engine/extension/ExtensionRegistry;Lorg/junit/jupiter/engine/config/JupiterConfiguration;Lorg/junit/jupiter/api/extension/ExtensionContext;)Lorg/junit/jupiter/api/extension/ConditionEvaluationResult; 31 <appendix> argL0 ; # org/junit/jupiter/engine/execution/ConditionEvaluator$$Lambda+0x0000020701104998
instanceKlass  @bci org/junit/jupiter/engine/execution/ConditionEvaluator evaluate (Lorg/junit/jupiter/engine/extension/ExtensionRegistry;Lorg/junit/jupiter/engine/config/JupiterConfiguration;Lorg/junit/jupiter/api/extension/ExtensionContext;)Lorg/junit/jupiter/api/extension/ConditionEvaluationResult; 21 <appendix> member <vmtarget> ; # org/junit/jupiter/engine/execution/ConditionEvaluator$$Lambda+0x0000020701104758
instanceKlass  @bci org/junit/jupiter/engine/config/CachingJupiterConfiguration getExecutionConditionFilter ()Ljava/util/function/Predicate; 7 <appendix> member <vmtarget> ; # org/junit/jupiter/engine/config/CachingJupiterConfiguration$$Lambda+0x0000020701104518
instanceKlass  @bci org/junit/jupiter/engine/descriptor/ClassBasedTestDescriptor testInstancesProvider (Lorg/junit/jupiter/engine/execution/JupiterEngineExecutionContext;Lorg/junit/jupiter/engine/descriptor/ClassExtensionContext;)Lorg/junit/jupiter/engine/execution/TestInstancesProvider; 3 <appendix> member <vmtarget> ; # org/junit/jupiter/engine/descriptor/ClassBasedTestDescriptor$$Lambda+0x00000207011042e8
instanceKlass org/junit/jupiter/api/extension/TestInstances
instanceKlass org/junit/jupiter/engine/execution/TestInstancesProvider
instanceKlass  @bci org/junit/jupiter/engine/descriptor/ClassBasedTestDescriptor prepare (Lorg/junit/jupiter/engine/execution/JupiterEngineExecutionContext;)Lorg/junit/jupiter/engine/execution/JupiterEngineExecutionContext; 127 <appendix> member <vmtarget> ; # org/junit/jupiter/engine/descriptor/ClassBasedTestDescriptor$$Lambda+0x0000020701103900
instanceKlass  @bci org/junit/jupiter/engine/descriptor/ClassBasedTestDescriptor registerAfterEachMethodAdapters (Lorg/junit/jupiter/engine/extension/ExtensionRegistrar;)V 23 <appendix> member <vmtarget> ; # org/junit/jupiter/engine/descriptor/ClassBasedTestDescriptor$$Lambda+0x00000207011036c0
instanceKlass org/junit/jupiter/engine/execution/AfterEachMethodAdapter
instanceKlass  @bci org/junit/jupiter/engine/descriptor/ClassBasedTestDescriptor registerMethodsAsExtensions (Ljava/util/List;Lorg/junit/jupiter/engine/extension/ExtensionRegistrar;Ljava/util/function/Function;)V 3 <appendix> member <vmtarget> ; # org/junit/jupiter/engine/descriptor/ClassBasedTestDescriptor$$Lambda+0x0000020701103298
instanceKlass  @bci org/junit/jupiter/engine/descriptor/ClassBasedTestDescriptor registerBeforeEachMethodAdapters (Lorg/junit/jupiter/engine/extension/ExtensionRegistrar;)V 12 <appendix> member <vmtarget> ; # org/junit/jupiter/engine/descriptor/ClassBasedTestDescriptor$$Lambda+0x0000020701103058
instanceKlass org/junit/jupiter/engine/execution/BeforeEachMethodAdapter
instanceKlass  @bci org/junit/jupiter/engine/descriptor/LifecycleMethodUtils findMethodsAndAssertNonStaticAndNonPrivate (Ljava/lang/Class;Ljava/lang/Class;Lorg/junit/platform/commons/util/ReflectionUtils$HierarchyTraversalMode;)Ljava/util/List; 9 <appendix> member <vmtarget> ; # org/junit/jupiter/engine/descriptor/LifecycleMethodUtils$$Lambda+0x0000020701102c30
instanceKlass  @bci org/junit/jupiter/engine/descriptor/ClassBasedTestDescriptor prepare (Lorg/junit/jupiter/engine/execution/JupiterEngineExecutionContext;)Lorg/junit/jupiter/engine/execution/JupiterEngineExecutionContext; 102 <appendix> member <vmtarget> ; # org/junit/jupiter/engine/descriptor/ClassBasedTestDescriptor$$Lambda+0x0000020701102a00
instanceKlass  @bci org/junit/jupiter/engine/descriptor/LifecycleMethodUtils findMethodsAndAssertStaticAndNonPrivate (Ljava/lang/Class;ZLjava/lang/Class;Lorg/junit/platform/commons/util/ReflectionUtils$HierarchyTraversalMode;)Ljava/util/List; 15 <appendix> member <vmtarget> ; # org/junit/jupiter/engine/descriptor/LifecycleMethodUtils$$Lambda+0x00000207011027d0
instanceKlass  @bci org/junit/jupiter/engine/descriptor/LifecycleMethodUtils findMethodsAndCheckVoidReturnType (Ljava/lang/Class;Ljava/lang/Class;Lorg/junit/platform/commons/util/ReflectionUtils$HierarchyTraversalMode;)Ljava/util/List; 9 <appendix> member <vmtarget> ; # org/junit/jupiter/engine/descriptor/LifecycleMethodUtils$$Lambda+0x00000207011025a0
instanceKlass  @bci org/junit/platform/commons/util/CollectionUtils toUnmodifiableList ()Ljava/util/stream/Collector; 3 <appendix> argL0 ; # org/junit/platform/commons/util/CollectionUtils$$Lambda+0x0000020701102368
instanceKlass java/util/stream/DistinctOps
instanceKlass  @bci org/junit/platform/commons/util/ReflectionUtils findAllMethodsInHierarchy (Ljava/lang/Class;Lorg/junit/platform/commons/util/ReflectionUtils$HierarchyTraversalMode;)Ljava/util/List; 91 <appendix> member <vmtarget> ; # org/junit/platform/commons/util/ReflectionUtils$$Lambda+0x0000020701102118
instanceKlass  @bci org/junit/platform/commons/util/ReflectionUtils findAllMethodsInHierarchy (Ljava/lang/Class;Lorg/junit/platform/commons/util/ReflectionUtils$HierarchyTraversalMode;)Ljava/util/List; 58 <appendix> member <vmtarget> ; # org/junit/platform/commons/util/ReflectionUtils$$Lambda+0x0000020701101ec8
instanceKlass  @bci org/junit/platform/commons/util/ReflectionUtils findAllMethodsInHierarchy (Ljava/lang/Class;Lorg/junit/platform/commons/util/ReflectionUtils$HierarchyTraversalMode;)Ljava/util/List; 25 <appendix> argL0 ; # org/junit/platform/commons/util/ReflectionUtils$$Lambda+0x0000020701101c80
instanceKlass  @bci org/junit/platform/commons/util/AnnotationUtils findAnnotatedMethods (Ljava/lang/Class;Ljava/lang/Class;Lorg/junit/platform/commons/util/ReflectionUtils$HierarchyTraversalMode;)Ljava/util/List; 16 <appendix> member <vmtarget> ; # org/junit/platform/commons/util/AnnotationUtils$$Lambda+0x0000020701101a30
instanceKlass org/junit/jupiter/engine/descriptor/LifecycleMethodUtils
instanceKlass  @bci org/junit/jupiter/engine/descriptor/ExtensionUtils registerExtensionsFromExecutableParameters (Lorg/junit/jupiter/engine/extension/ExtensionRegistrar;Ljava/lang/reflect/Executable;)V 56 <appendix> member <vmtarget> ; # org/junit/jupiter/engine/descriptor/ExtensionUtils$$Lambda+0x0000020701101600
instanceKlass  @bci org/junit/jupiter/engine/descriptor/ExtensionUtils registerExtensionsFromExecutableParameters (Lorg/junit/jupiter/engine/extension/ExtensionRegistrar;Ljava/lang/reflect/Executable;)V 40 <appendix> argL0 ; # org/junit/jupiter/engine/descriptor/ExtensionUtils$$Lambda+0x00000207011013c8
instanceKlass  @bci org/junit/jupiter/engine/descriptor/ExtensionUtils registerExtensionsFromExecutableParameters (Lorg/junit/jupiter/engine/extension/ExtensionRegistrar;Ljava/lang/reflect/Executable;)V 30 <appendix> member <vmtarget> ; # org/junit/jupiter/engine/descriptor/ExtensionUtils$$Lambda+0x0000020701101188
instanceKlass  @bci org/junit/platform/commons/util/ReflectionUtils getDeclaredConstructor (Ljava/lang/Class;)Ljava/lang/reflect/Constructor; 52 <appendix> member <vmtarget> ; # org/junit/platform/commons/util/ReflectionUtils$$Lambda+0x0000020701100f68
instanceKlass  @bci org/junit/platform/commons/util/ReflectionUtils getDeclaredConstructor (Ljava/lang/Class;)Ljava/lang/reflect/Constructor; 14 <appendix> argL0 ; # org/junit/platform/commons/util/ReflectionUtils$$Lambda+0x0000020701100d20
instanceKlass  @bci java/util/stream/StreamSpliterators$WrappingSpliterator forEachRemaining (Ljava/util/function/Consumer;)V 33 <appendix> member <vmtarget> ; # java/util/stream/StreamSpliterators$WrappingSpliterator$$Lambda+0x00000207010c42a8
instanceKlass java/util/stream/StreamSpliterators
instanceKlass  @bci org/junit/jupiter/engine/extension/ExtensionRegistry getExtensions (Ljava/lang/Class;)Ljava/util/List; 7 <appendix> argL0 ; # org/junit/jupiter/engine/extension/ExtensionRegistry$$Lambda+0x0000020701100b08
instanceKlass java/util/stream/Streams$2
instanceKlass java/util/stream/StreamSpliterators$AbstractWrappingSpliterator
instanceKlass  @bci java/util/stream/AbstractPipeline spliterator ()Ljava/util/Spliterator; 103 <appendix> member <vmtarget> ; # java/util/stream/AbstractPipeline$$Lambda+0x00000207010c3740
instanceKlass java/util/stream/Streams$ConcatSpliterator
instanceKlass  @bci org/junit/jupiter/engine/extension/MutableExtensionRegistry streamLocal (Ljava/lang/Class;)Ljava/util/stream/Stream; 31 <appendix> member <vmtarget> ; # org/junit/jupiter/engine/extension/MutableExtensionRegistry$$Lambda+0x00000207011008c8
instanceKlass  @bci org/junit/jupiter/engine/extension/MutableExtensionRegistry streamLocal (Ljava/lang/Class;)Ljava/util/stream/Stream; 15 <appendix> member <vmtarget> ; # org/junit/jupiter/engine/extension/MutableExtensionRegistry$$Lambda+0x0000020701100678
instanceKlass org/junit/jupiter/api/extension/TestInstanceFactory
instanceKlass org/junit/jupiter/api/extension/RegisterExtension
instanceKlass  @bci java/util/stream/SortedOps$RefSortingSink end ()V 48 <appendix> member <vmtarget> ; # java/util/stream/SortedOps$RefSortingSink$$Lambda+0x00000207010c2fe0
instanceKlass  @bci org/junit/jupiter/engine/descriptor/ExtensionUtils registerExtensionsFromFields (Lorg/junit/jupiter/engine/extension/ExtensionRegistrar;Ljava/lang/Class;Ljava/lang/Object;)V 50 <appendix> member <vmtarget> ; # org/junit/jupiter/engine/descriptor/ExtensionUtils$$Lambda+0x0000020701100250
instanceKlass  @bci org/junit/platform/commons/util/ReflectionUtils findAllFieldsInHierarchy (Ljava/lang/Class;Lorg/junit/platform/commons/util/ReflectionUtils$HierarchyTraversalMode;)Ljava/util/List; 90 <appendix> member <vmtarget> ; # org/junit/platform/commons/util/ReflectionUtils$$Lambda+0x0000020701100000
instanceKlass  @bci org/junit/platform/commons/util/ReflectionUtils findAllFieldsInHierarchy (Ljava/lang/Class;Lorg/junit/platform/commons/util/ReflectionUtils$HierarchyTraversalMode;)Ljava/util/List; 57 <appendix> member <vmtarget> ; # org/junit/platform/commons/util/ReflectionUtils$$Lambda+0x00000207010b8400
instanceKlass  @bci org/junit/platform/commons/util/ReflectionUtils findAllFieldsInHierarchy (Ljava/lang/Class;Lorg/junit/platform/commons/util/ReflectionUtils$HierarchyTraversalMode;)Ljava/util/List; 24 <appendix> argL0 ; # org/junit/platform/commons/util/ReflectionUtils$$Lambda+0x00000207010b8ca8
instanceKlass  @bci org/junit/platform/commons/util/ReflectionUtils toSortedMutableList ([Ljava/lang/reflect/Field;)Ljava/util/List; 14 <appendix> argL0 ; # org/junit/platform/commons/util/ReflectionUtils$$Lambda+0x00000207010b8a90
instanceKlass  @bci org/junit/platform/commons/util/ReflectionUtils toSortedMutableList ([Ljava/lang/reflect/Field;)Ljava/util/List; 4 <appendix> argL0 ; # org/junit/platform/commons/util/ReflectionUtils$$Lambda+0x00000207010b8800
instanceKlass africa/semicolon/wallet/application/service/AuthService
instanceKlass org/springframework/http/client/support/HttpAccessor
instanceKlass org/springframework/web/client/RestOperations
instanceKlass org/keycloak/admin/client/Keycloak
instanceKlass africa/semicolon/wallet/application/port/output/UserOutputPort
instanceKlass africa/semicolon/wallet/application/service/UserService
instanceKlass africa/semicolon/wallet/application/port/input/userUseCases/LoginUserUseCase
instanceKlass africa/semicolon/wallet/application/port/input/userUseCases/GetUserUseCase
instanceKlass africa/semicolon/wallet/application/port/input/userUseCases/FindUserByEmailUsesCase
instanceKlass africa/semicolon/wallet/application/port/input/userUseCases/EditProfileByPhoneNumber
instanceKlass africa/semicolon/wallet/application/port/input/userUseCases/EditProfileByPassword
instanceKlass africa/semicolon/wallet/application/port/input/userUseCases/EditProfileByEmailUseCase
instanceKlass africa/semicolon/wallet/application/port/input/userUseCases/EditProfileByNameUseCase
instanceKlass africa/semicolon/wallet/application/port/input/userUseCases/RegisterUserUseCase
instanceKlass  @bci org/junit/jupiter/engine/descriptor/ExtensionUtils registerExtensionsFromFields (Lorg/junit/jupiter/engine/extension/ExtensionRegistrar;Ljava/lang/Class;Ljava/lang/Object;)V 18 <appendix> argL0 ; # org/junit/jupiter/engine/descriptor/ExtensionUtils$$Lambda+0x00000207010ba680
instanceKlass  @bci org/springframework/test/context/junit/jupiter/SpringExtension <clinit> ()V 95 <appendix> argL0 ; # org/springframework/test/context/junit/jupiter/SpringExtension$$Lambda+0x00000207010ba458
instanceKlass  @bci org/springframework/util/ReflectionUtils$MethodFilter and (Lorg/springframework/util/ReflectionUtils$MethodFilter;)Lorg/springframework/util/ReflectionUtils$MethodFilter; 8 <appendix> member <vmtarget> ; # org/springframework/util/ReflectionUtils$MethodFilter$$Lambda+0x00000207010ba228
instanceKlass  @bci org/springframework/test/context/junit/jupiter/SpringExtension <clinit> ()V 85 <appendix> argL0 ; # org/springframework/test/context/junit/jupiter/SpringExtension$$Lambda+0x00000207010ba000
instanceKlass org/springframework/util/ConcurrentReferenceHashMap$Reference
instanceKlass org/springframework/util/ConcurrentReferenceHashMap$ReferenceManager
instanceKlass org/springframework/util/Assert
instanceKlass org/springframework/util/ConcurrentReferenceHashMap$Task
instanceKlass  @bci org/springframework/util/ReflectionUtils <clinit> ()V 8 <appendix> argL0 ; # org/springframework/util/ReflectionUtils$$Lambda+0x00000207010bdb08
instanceKlass org/springframework/util/ReflectionUtils$FieldFilter
instanceKlass  @bci org/springframework/util/ReflectionUtils <clinit> ()V 0 <appendix> argL0 ; # org/springframework/util/ReflectionUtils$$Lambda+0x00000207010bd6e8
instanceKlass org/springframework/util/ReflectionUtils$MethodFilter
instanceKlass org/springframework/util/ReflectionUtils
instanceKlass org/junit/jupiter/api/AfterEach
instanceKlass org/junit/jupiter/api/BeforeEach
instanceKlass org/junit/jupiter/api/AfterAll
instanceKlass org/junit/jupiter/api/BeforeAll
instanceKlass java/util/stream/Node$Builder
instanceKlass java/util/stream/Nodes$ArrayNode
instanceKlass java/util/stream/Node$OfDouble
instanceKlass java/util/stream/Node$OfLong
instanceKlass java/util/stream/Node$OfInt
instanceKlass java/util/stream/Node$OfPrimitive
instanceKlass java/util/stream/Nodes$EmptyNode
instanceKlass java/util/stream/Node
instanceKlass java/util/stream/Nodes
instanceKlass  @bci org/junit/platform/commons/util/ReflectionUtils newInstance (Ljava/lang/Class;[Ljava/lang/Object;)Ljava/lang/Object; 35 <appendix> argL0 ; # org/junit/platform/commons/util/ReflectionUtils$$Lambda+0x00000207010bcaf0
instanceKlass java/util/function/IntFunction
instanceKlass  @bci org/junit/platform/commons/util/ReflectionUtils newInstance (Ljava/lang/Class;[Ljava/lang/Object;)Ljava/lang/Object; 25 <appendix> argL0 ; # org/junit/platform/commons/util/ReflectionUtils$$Lambda+0x00000207010bc8b8
instanceKlass  @bci org/junit/jupiter/engine/extension/MutableExtensionRegistry createRegistryFrom (Lorg/junit/jupiter/engine/extension/MutableExtensionRegistry;Ljava/util/stream/Stream;)Lorg/junit/jupiter/engine/extension/MutableExtensionRegistry; 23 <appendix> member <vmtarget> ; # org/junit/jupiter/engine/extension/MutableExtensionRegistry$$Lambda+0x00000207010bc688
instanceKlass  @bci org/junit/jupiter/engine/descriptor/ExtensionUtils streamExtensionTypes (Ljava/util/List;)Ljava/util/stream/Stream; 16 <appendix> argL0 ; # org/junit/jupiter/engine/descriptor/ExtensionUtils$$Lambda+0x00000207010bc450
instanceKlass  @bci org/junit/jupiter/engine/descriptor/ExtensionUtils streamExtensionTypes (Ljava/util/List;)Ljava/util/stream/Stream; 6 <appendix> argL0 ; # org/junit/jupiter/engine/descriptor/ExtensionUtils$$Lambda+0x00000207010bc218
instanceKlass  @bci java/util/Comparator comparingInt (Ljava/util/function/ToIntFunction;)Ljava/util/Comparator; 6 <appendix> member <vmtarget> ; # java/util/Comparator$$Lambda+0x00000207010c2a90
instanceKlass  @bci org/junit/jupiter/engine/descriptor/ExtensionUtils <clinit> ()V 0 <appendix> argL0 ; # org/junit/jupiter/engine/descriptor/ExtensionUtils$$Lambda+0x00000207010bc000
instanceKlass  @cpi org/springframework/context/annotation/ConfigurationClassParser 885 form vmentry <vmtarget> ; # java/lang/invoke/LambdaForm$DMH+0x00000207010b8000
instanceKlass java/util/function/ToIntFunction
instanceKlass org/junit/jupiter/engine/descriptor/ExtensionUtils
instanceKlass  @bci org/junit/platform/engine/support/hierarchical/SameThreadHierarchicalTestExecutorService invokeAll (Ljava/util/List;)V 1 <appendix> argL0 ; # org/junit/platform/engine/support/hierarchical/SameThreadHierarchicalTestExecutorService$$Lambda+0x00000207010b4c78
instanceKlass  @bci org/junit/platform/engine/support/hierarchical/NodeTestTask lambda$executeRecursively$6 ()V 98 <appendix> member <vmtarget> ; # org/junit/platform/engine/support/hierarchical/NodeTestTask$$Lambda+0x00000207010b4a48
instanceKlass org/junit/platform/engine/support/hierarchical/NodeTestTask$DefaultDynamicTestExecutor
instanceKlass  @bci org/junit/platform/engine/support/hierarchical/NodeTestTask lambda$executeRecursively$6 ()V 25 <appendix> argL0 ; # org/junit/platform/engine/support/hierarchical/NodeTestTask$$Lambda+0x00000207010b5cb8
instanceKlass  @bci org/junit/platform/engine/support/hierarchical/NodeTestTask lambda$executeRecursively$6 ()V 15 <appendix> member <vmtarget> ; # org/junit/platform/engine/support/hierarchical/NodeTestTask$$Lambda+0x00000207010b5a78
instanceKlass  @bci org/junit/platform/engine/support/hierarchical/NodeTestTask lambda$executeRecursively$8 (Lorg/junit/platform/engine/support/hierarchical/EngineExecutionContext;)V 10 <appendix> member <vmtarget> ; # org/junit/platform/engine/support/hierarchical/NodeTestTask$$Lambda+0x00000207010b5858
instanceKlass  @bci org/junit/platform/engine/support/hierarchical/NodeTestTask lambda$executeRecursively$9 ()V 9 <appendix> member <vmtarget> ; # org/junit/platform/engine/support/hierarchical/NodeTestTask$$Lambda+0x00000207010b5638
instanceKlass org/junit/platform/engine/support/hierarchical/Node$Invocation
instanceKlass  @bci org/junit/platform/engine/support/hierarchical/NodeTestTask executeRecursively ()V 26 <appendix> member <vmtarget> ; # org/junit/platform/engine/support/hierarchical/NodeTestTask$$Lambda+0x00000207010b5220
instanceKlass  @bci org/junit/platform/launcher/core/CompositeTestExecutionListener executionStarted (Lorg/junit/platform/launcher/TestIdentifier;)V 36 <appendix> member <vmtarget> ; # org/junit/platform/launcher/core/CompositeTestExecutionListener$$Lambda+0x00000207010b5000
instanceKlass  @bci org/junit/platform/launcher/core/CompositeTestExecutionListener executionStarted (Lorg/junit/platform/launcher/TestIdentifier;)V 30 <appendix> member <vmtarget> ; # org/junit/platform/launcher/core/CompositeTestExecutionListener$$Lambda+0x00000207010b7c38
instanceKlass  @bci org/junit/platform/launcher/core/CompositeTestExecutionListener executionStarted (Lorg/junit/platform/launcher/TestIdentifier;)V 14 <appendix> member <vmtarget> ; # org/junit/platform/launcher/core/CompositeTestExecutionListener$$Lambda+0x00000207010b7a18
instanceKlass  @bci org/junit/platform/launcher/core/CompositeTestExecutionListener executionStarted (Lorg/junit/platform/launcher/TestIdentifier;)V 8 <appendix> member <vmtarget> ; # org/junit/platform/launcher/core/CompositeTestExecutionListener$$Lambda+0x00000207010b77e8
instanceKlass  @bci org/junit/platform/launcher/core/CompositeEngineExecutionListener notifyEach (Ljava/util/List;Lorg/junit/platform/launcher/core/IterationOrder;Ljava/util/function/Consumer;Ljava/util/function/Supplier;)V 4 <appendix> member <vmtarget> ; # org/junit/platform/launcher/core/CompositeEngineExecutionListener$$Lambda+0x00000207010b75b8
instanceKlass  @bci org/junit/platform/launcher/core/CompositeEngineExecutionListener executionStarted (Lorg/junit/platform/engine/TestDescriptor;)V 14 <appendix> member <vmtarget> ; # org/junit/platform/launcher/core/CompositeEngineExecutionListener$$Lambda+0x00000207010b7398
instanceKlass  @bci org/junit/platform/launcher/core/CompositeEngineExecutionListener executionStarted (Lorg/junit/platform/engine/TestDescriptor;)V 8 <appendix> member <vmtarget> ; # org/junit/platform/launcher/core/CompositeEngineExecutionListener$$Lambda+0x00000207010b7168
instanceKlass org/junit/platform/engine/support/hierarchical/Node$SkipResult
instanceKlass  @bci org/junit/platform/engine/support/hierarchical/NodeTestTask checkWhetherSkipped ()V 5 <appendix> member <vmtarget> ; # org/junit/platform/engine/support/hierarchical/NodeTestTask$$Lambda+0x00000207010b6d30
instanceKlass org/junit/jupiter/engine/execution/JupiterEngineExecutionContext$Builder
instanceKlass  @bci org/junit/jupiter/engine/descriptor/AbstractExtensionContext <init> (Lorg/junit/jupiter/api/extension/ExtensionContext;Lorg/junit/platform/engine/EngineExecutionListener;Lorg/junit/platform/engine/TestDescriptor;Lorg/junit/jupiter/engine/config/JupiterConfiguration;Lorg/junit/jupiter/api/extension/ExecutableInvoker;)V 85 <appendix> argL0 ; # org/junit/jupiter/engine/descriptor/AbstractExtensionContext$$Lambda+0x00000207010b68c8
instanceKlass  @bci org/junit/jupiter/engine/descriptor/AbstractExtensionContext <init> (Lorg/junit/jupiter/api/extension/ExtensionContext;Lorg/junit/platform/engine/EngineExecutionListener;Lorg/junit/platform/engine/TestDescriptor;Lorg/junit/jupiter/engine/config/JupiterConfiguration;Lorg/junit/jupiter/api/extension/ExecutableInvoker;)V 77 <appendix> argL0 ; # org/junit/jupiter/engine/descriptor/AbstractExtensionContext$$Lambda+0x00000207010b66b0
instanceKlass  @bci org/junit/jupiter/engine/descriptor/AbstractExtensionContext <init> (Lorg/junit/jupiter/api/extension/ExtensionContext;Lorg/junit/platform/engine/EngineExecutionListener;Lorg/junit/platform/engine/TestDescriptor;Lorg/junit/jupiter/engine/config/JupiterConfiguration;Lorg/junit/jupiter/api/extension/ExecutableInvoker;)V 67 <appendix> argL0 ; # org/junit/jupiter/engine/descriptor/AbstractExtensionContext$$Lambda+0x00000207010b6478
instanceKlass org/junit/platform/engine/support/store/NamespacedHierarchicalStore
instanceKlass  @bci org/junit/jupiter/engine/descriptor/AbstractExtensionContext <clinit> ()V 0 <appendix> argL0 ; # org/junit/jupiter/engine/descriptor/AbstractExtensionContext$$Lambda+0x00000207010b3d88
instanceKlass  @cpi org/junit/jupiter/engine/descriptor/AbstractExtensionContext 315 form vmentry <vmtarget> ; # java/lang/invoke/LambdaForm$DMH+0x00000207010b4000
instanceKlass org/junit/platform/engine/support/store/NamespacedHierarchicalStore$CloseAction
instanceKlass org/junit/jupiter/api/extension/ExtensionContext$Store
instanceKlass org/junit/jupiter/engine/descriptor/AbstractExtensionContext
instanceKlass org/junit/jupiter/engine/execution/DefaultExecutableInvoker
instanceKlass  @bci org/junit/jupiter/engine/config/CachingJupiterConfiguration isExtensionAutoDetectionEnabled ()Z 7 <appendix> member <vmtarget> ; # org/junit/jupiter/engine/config/CachingJupiterConfiguration$$Lambda+0x00000207010b2d70
instanceKlass org/junit/jupiter/api/extension/AnnotatedElementContext
instanceKlass org/junit/jupiter/engine/extension/TempDirectory
instanceKlass  @bci org/junit/jupiter/engine/extension/MutableExtensionRegistry registerExtension (Ljava/lang/String;Lorg/junit/jupiter/api/extension/Extension;Ljava/lang/Object;)V 21 <appendix> member <vmtarget> ; # org/junit/jupiter/engine/extension/MutableExtensionRegistry$$Lambda+0x00000207010b2248
instanceKlass  @bci org/junit/jupiter/engine/extension/MutableExtensionRegistry createRegistryWithDefaultExtensions (Lorg/junit/jupiter/engine/config/JupiterConfiguration;)Lorg/junit/jupiter/engine/extension/MutableExtensionRegistry; 18 <appendix> member <vmtarget> ; # org/junit/jupiter/engine/extension/MutableExtensionRegistry$$Lambda+0x00000207010b2018
instanceKlass org/junit/jupiter/engine/extension/TestReporterParameterResolver
instanceKlass org/junit/jupiter/api/TestInfo
instanceKlass org/junit/jupiter/engine/extension/TestInfoParameterResolver
instanceKlass org/junit/jupiter/api/extension/TestTemplateInvocationContext
instanceKlass org/junit/jupiter/engine/extension/RepeatedTestExtension
instanceKlass org/junit/jupiter/api/extension/TestTemplateInvocationContextProvider
instanceKlass org/junit/jupiter/api/extension/ExtensionContext$Namespace
instanceKlass org/junit/jupiter/api/Timeout
instanceKlass org/junit/jupiter/engine/extension/TimeoutExtension
instanceKlass org/junit/jupiter/engine/extension/DisabledCondition
instanceKlass org/junit/jupiter/api/extension/ExecutionCondition
instanceKlass org/junit/jupiter/engine/extension/MutableExtensionRegistry
instanceKlass  @bci org/junit/platform/engine/support/hierarchical/NodeTestTask prepare ()V 5 <appendix> member <vmtarget> ; # org/junit/platform/engine/support/hierarchical/NodeTestTask$$Lambda+0x00000207010b01f8
instanceKlass org/junit/platform/engine/support/hierarchical/ThrowableCollector$Executable
instanceKlass  @bci org/junit/jupiter/engine/support/OpenTest4JAndJUnit4AwareThrowableCollector createAbortedExecutionPredicate ()Ljava/util/function/Predicate; 70 <appendix> argL0 ; # org/junit/jupiter/engine/support/OpenTest4JAndJUnit4AwareThrowableCollector$$Lambda+0x00000207010acc00
instanceKlass org/junit/platform/commons/util/UnrecoverableExceptions
instanceKlass  @bci org/junit/jupiter/engine/support/OpenTest4JAndJUnit4AwareThrowableCollector createAbortedExecutionPredicate ()Ljava/util/function/Predicate; 7 <appendix> member <vmtarget> ; # org/junit/jupiter/engine/support/OpenTest4JAndJUnit4AwareThrowableCollector$$Lambda+0x00000207010adb10
instanceKlass  @bci org/junit/platform/engine/support/hierarchical/NodeTestTask <clinit> ()V 8 <appendix> argL0 ; # org/junit/platform/engine/support/hierarchical/NodeTestTask$$Lambda+0x00000207010ad448
instanceKlass  @cpi org/junit/platform/engine/support/hierarchical/NodeTestTask 456 form vmentry <vmtarget> ; # java/lang/invoke/LambdaForm$DMH+0x00000207010ac800
instanceKlass org/junit/platform/engine/support/hierarchical/Node$DynamicTestExecutor
instanceKlass org/junit/platform/engine/support/hierarchical/NodeTestTask
instanceKlass org/junit/platform/engine/support/hierarchical/NodeTestTaskContext
instanceKlass  @bci org/junit/platform/engine/support/hierarchical/NodeTreeWalker walk (Lorg/junit/platform/engine/TestDescriptor;Lorg/junit/platform/engine/TestDescriptor;Lorg/junit/platform/engine/support/hierarchical/NodeExecutionAdvisor;)V 35 <appendix> member <vmtarget> ; # org/junit/platform/engine/support/hierarchical/NodeTreeWalker$$Lambda+0x00000207010afa48
instanceKlass  @bci org/junit/jupiter/engine/descriptor/JupiterTestDescriptor getExclusiveResourcesFromAnnotation (Ljava/lang/reflect/AnnotatedElement;)Ljava/util/Set; 11 <appendix> argL0 ; # org/junit/jupiter/engine/descriptor/JupiterTestDescriptor$$Lambda+0x00000207010af810
instanceKlass org/junit/jupiter/api/parallel/ResourceLocks
instanceKlass org/junit/jupiter/api/parallel/ResourceLock
instanceKlass  @bci org/junit/platform/engine/support/hierarchical/NodeTreeWalker walk (Lorg/junit/platform/engine/TestDescriptor;)Lorg/junit/platform/engine/support/hierarchical/NodeExecutionAdvisor; 31 <appendix> member <vmtarget> ; # org/junit/platform/engine/support/hierarchical/NodeTreeWalker$$Lambda+0x00000207010af1f0
instanceKlass org/junit/platform/engine/support/hierarchical/NodeExecutionAdvisor
instanceKlass org/junit/platform/engine/support/hierarchical/NodeUtils$1
instanceKlass org/junit/platform/engine/support/hierarchical/NodeUtils
instanceKlass java/util/concurrent/locks/ReentrantReadWriteLock$WriteLock
instanceKlass java/util/concurrent/locks/ReentrantReadWriteLock$ReadLock
instanceKlass java/util/concurrent/locks/ReentrantReadWriteLock
instanceKlass  @bci org/junit/platform/engine/support/hierarchical/LockManager toLock (Lorg/junit/platform/engine/support/hierarchical/ExclusiveResource;)Ljava/util/concurrent/locks/Lock; 8 <appendix> argL0 ; # org/junit/platform/engine/support/hierarchical/LockManager$$Lambda+0x00000207010ae8d0
instanceKlass org/junit/platform/engine/support/hierarchical/SingleLock
instanceKlass  @bci org/junit/platform/engine/support/hierarchical/LockManager <clinit> ()V 19 <appendix> argL0 ; # org/junit/platform/engine/support/hierarchical/LockManager$$Lambda+0x00000207010ae240
instanceKlass  @bci java/util/Comparator comparing (Ljava/util/function/Function;Ljava/util/Comparator;)Ljava/util/Comparator; 12 <appendix> member <vmtarget> ; # java/util/Comparator$$Lambda+0x00000207010c14a8
instanceKlass  @cpi java/util/Comparator 256 form vmentry <vmtarget> ; # java/lang/invoke/LambdaForm$DMH+0x00000207010ac400
instanceKlass  @bci java/util/Comparator thenComparing (Ljava/util/Comparator;)Ljava/util/Comparator; 7 <appendix> member <vmtarget> ; # java/util/Comparator$$Lambda+0x00000207010c1210
instanceKlass  @cpi java/util/function/BiPredicate 60 form vmentry <vmtarget> ; # java/lang/invoke/LambdaForm$DMH+0x00000207010ac000
instanceKlass  @bci java/util/Comparator comparing (Ljava/util/function/Function;)Ljava/util/Comparator; 6 <appendix> member <vmtarget> ; # java/util/Comparator$$Lambda+0x00000207010c08d0
instanceKlass  @bci org/junit/platform/engine/support/hierarchical/LockManager globalKeyFirst ()Ljava/util/Comparator; 0 <appendix> argL0 ; # org/junit/platform/engine/support/hierarchical/LockManager$$Lambda+0x00000207010abcc0
instanceKlass  @bci org/junit/platform/engine/support/hierarchical/LockManager <clinit> ()V 0 <appendix> argL0 ; # org/junit/platform/engine/support/hierarchical/LockManager$$Lambda+0x00000207010aba88
instanceKlass org/junit/platform/engine/support/hierarchical/ExclusiveResource
instanceKlass org/junit/platform/engine/support/hierarchical/ResourceLock
instanceKlass java/util/concurrent/locks/ReadWriteLock
instanceKlass org/junit/platform/engine/support/hierarchical/LockManager
instanceKlass org/junit/platform/engine/support/hierarchical/NodeTreeWalker
instanceKlass org/junit/platform/engine/support/hierarchical/HierarchicalTestExecutorService$TestTask
instanceKlass org/junit/platform/engine/support/hierarchical/HierarchicalTestExecutor
instanceKlass  @bci org/junit/jupiter/engine/JupiterTestEngine createThrowableCollectorFactory (Lorg/junit/platform/engine/ExecutionRequest;)Lorg/junit/platform/engine/support/hierarchical/ThrowableCollector$Factory; 0 <appendix> argL0 ; # org/junit/jupiter/engine/JupiterTestEngine$$Lambda+0x00000207010aac30
instanceKlass org/junit/jupiter/engine/support/JupiterThrowableCollectorFactory
instanceKlass org/junit/platform/engine/support/hierarchical/ThrowableCollector
instanceKlass org/junit/platform/engine/support/hierarchical/ThrowableCollector$Factory
instanceKlass org/junit/jupiter/engine/execution/JupiterEngineExecutionContext$State
instanceKlass org/junit/jupiter/engine/execution/JupiterEngineExecutionContext
instanceKlass java/util/concurrent/Future
instanceKlass org/junit/platform/engine/support/hierarchical/SameThreadHierarchicalTestExecutorService
instanceKlass  @bci org/junit/jupiter/engine/config/CachingJupiterConfiguration isParallelExecutionEnabled ()Z 7 <appendix> member <vmtarget> ; # org/junit/jupiter/engine/config/CachingJupiterConfiguration$$Lambda+0x00000207010a9cc8
instanceKlass org/junit/platform/engine/ExecutionRequest
instanceKlass org/junit/platform/launcher/core/DelegatingEngineExecutionListener
instanceKlass org/junit/platform/launcher/core/ExecutionListenerAdapter
instanceKlass  @bci org/junit/platform/launcher/core/ListenerRegistry forEngineExecutionListeners ()Lorg/junit/platform/launcher/core/ListenerRegistry; 0 <appendix> argL0 ; # org/junit/platform/launcher/core/ListenerRegistry$$Lambda+0x00000207010a8b70
instanceKlass org/junit/platform/launcher/core/CompositeEngineExecutionListener
instanceKlass  @bci com/intellij/junit5/JUnit5TestExecutionListener getMetaInfo (Lorg/junit/platform/launcher/TestIdentifier;)Ljava/lang/String; 4 <appendix> argL0 ; # com/intellij/junit5/JUnit5TestExecutionListener$$Lambda+0x00000207010a86d0
instanceKlass  @bci com/intellij/junit5/JUnit5TestExecutionListener getLocationHint (Lorg/junit/platform/launcher/TestIdentifier;Lorg/junit/platform/launcher/TestIdentifier;)Ljava/lang/String; 22 <appendix> member <vmtarget> ; # com/intellij/junit5/JUnit5TestExecutionListener$$Lambda+0x00000207010a8490
instanceKlass  @bci com/intellij/junit5/JUnit5TestExecutionListener getLocationHint (Lorg/junit/platform/launcher/TestIdentifier;Lorg/junit/platform/launcher/TestIdentifier;)Ljava/lang/String; 13 <appendix> argL0 ; # com/intellij/junit5/JUnit5TestExecutionListener$$Lambda+0x00000207010a8248
instanceKlass org/junit/platform/engine/support/descriptor/FileSource
instanceKlass org/junit/platform/engine/support/descriptor/FileSystemSource
instanceKlass org/junit/platform/engine/support/descriptor/UriSource
instanceKlass org/junit/platform/engine/support/descriptor/CompositeTestSource
instanceKlass  @bci com/intellij/junit5/JUnit5TestExecutionListener getLocationHint (Lorg/junit/platform/launcher/TestIdentifier;Lorg/junit/platform/launcher/TestIdentifier;)Ljava/lang/String; 5 <appendix> member <vmtarget> ; # com/intellij/junit5/JUnit5TestExecutionListener$$Lambda+0x00000207010a58c0
instanceKlass java/net/URLDecoder
instanceKlass  @bci org/junit/platform/engine/UniqueIdFormat checkDoesNotContain (Ljava/lang/String;C)V 15 <appendix> form vmentry <vmtarget> ; # java/lang/invoke/LambdaForm$DMH+0x00000207010a4800
instanceKlass  @bci org/junit/platform/engine/UniqueIdFormat checkDoesNotContain (Ljava/lang/String;C)V 15 <appendix> member <vmtarget> ; # org/junit/platform/engine/UniqueIdFormat$$Lambda+0x00000207010a56a0
instanceKlass  @bci org/junit/platform/engine/UniqueIdFormat parse (Ljava/lang/String;)Lorg/junit/platform/engine/UniqueId; 17 <appendix> member <vmtarget> ; # org/junit/platform/engine/UniqueIdFormat$$Lambda+0x00000207010a5460
instanceKlass java/util/Collections$2
instanceKlass  @bci com/intellij/junit5/JUnit5TestExecutionListener getParentId (Lorg/junit/platform/launcher/TestIdentifier;)Ljava/lang/String; 11 <appendix> member <vmtarget> ; # com/intellij/junit5/JUnit5TestExecutionListener$$Lambda+0x00000207010a5220
instanceKlass  @bci org/junit/platform/launcher/TestPlan getTestIdentifier (Lorg/junit/platform/engine/UniqueId;)Lorg/junit/platform/launcher/TestIdentifier; 24 <appendix> member <vmtarget> ; # org/junit/platform/launcher/TestPlan$$Lambda+0x00000207010a5000
instanceKlass  @bci org/junit/platform/launcher/TestPlan getTestIdentifier (Lorg/junit/platform/engine/UniqueId;)Lorg/junit/platform/launcher/TestIdentifier; 1 <appendix> argL0 ; # org/junit/platform/launcher/TestPlan$$Lambda+0x00000207010a7c50
instanceKlass  @bci org/junit/platform/launcher/TestPlan getParent (Lorg/junit/platform/launcher/TestIdentifier;)Ljava/util/Optional; 12 <appendix> member <vmtarget> ; # org/junit/platform/launcher/TestPlan$$Lambda+0x00000207010a7a10
instanceKlass com/intellij/rt/execution/junit/MapSerializerUtil$1
instanceKlass com/intellij/rt/execution/junit/MapSerializerUtil$EscapeInfoProvider
instanceKlass com/intellij/rt/execution/junit/MapSerializerUtil
instanceKlass  @bci org/junit/platform/engine/UniqueIdFormat format (Lorg/junit/platform/engine/UniqueId;)Ljava/lang/String; 10 <appendix> member <vmtarget> ; # org/junit/platform/engine/UniqueIdFormat$$Lambda+0x00000207010a71a8
instanceKlass  @bci org/junit/platform/launcher/core/CompositeTestExecutionListener notifyEach (Ljava/util/List;Lorg/junit/platform/launcher/core/IterationOrder;Ljava/util/function/Consumer;Ljava/util/function/Supplier;)V 4 <appendix> member <vmtarget> ; # org/junit/platform/launcher/core/CompositeTestExecutionListener$$Lambda+0x00000207010a6f78
instanceKlass  @cpi org/springframework/boot/SpringApplicationRunListeners 257 form vmentry <vmtarget> ; # java/lang/invoke/LambdaForm$DMH+0x00000207010a4400
instanceKlass  @bci org/junit/platform/launcher/core/CompositeTestExecutionListener testPlanExecutionStarted (Lorg/junit/platform/launcher/TestPlan;)V 14 <appendix> member <vmtarget> ; # org/junit/platform/launcher/core/CompositeTestExecutionListener$$Lambda+0x00000207010a6d58
instanceKlass  @bci org/junit/platform/launcher/core/CompositeTestExecutionListener testPlanExecutionStarted (Lorg/junit/platform/launcher/TestPlan;)V 8 <appendix> member <vmtarget> ; # org/junit/platform/launcher/core/CompositeTestExecutionListener$$Lambda+0x00000207010a6b28
instanceKlass org/junit/platform/engine/EngineExecutionListener$1
instanceKlass  @bci org/junit/platform/launcher/core/EngineExecutionOrchestrator withInterceptedStreams (Lorg/junit/platform/engine/ConfigurationParameters;Lorg/junit/platform/launcher/core/ListenerRegistry;Ljava/util/function/Consumer;)V 35 <appendix> member <vmtarget> ; # org/junit/platform/launcher/core/EngineExecutionOrchestrator$$Lambda+0x00000207010a3d48
instanceKlass org/junit/platform/launcher/core/StreamInterceptingTestExecutionListener
instanceKlass  @bci org/junit/platform/launcher/core/EngineExecutionOrchestrator withInterceptedStreams (Lorg/junit/platform/engine/ConfigurationParameters;Lorg/junit/platform/launcher/core/ListenerRegistry;Ljava/util/function/Consumer;)V 17 <appendix> member <vmtarget> ; # org/junit/platform/launcher/core/EngineExecutionOrchestrator$$Lambda+0x00000207010a3858
instanceKlass  @cpi org/junit/platform/launcher/core/EngineExecutionOrchestrator 375 form vmentry <vmtarget> ; # java/lang/invoke/LambdaForm$DMH+0x00000207010a4000
instanceKlass org/junit/platform/engine/reporting/ReportEntry
instanceKlass  @bci org/junit/platform/launcher/core/CompositeTestExecutionListener <init> (Ljava/util/List;)V 50 <appendix> member <vmtarget> ; # org/junit/platform/launcher/core/CompositeTestExecutionListener$$Lambda+0x00000207010a3410
instanceKlass  @bci org/junit/platform/launcher/core/CompositeTestExecutionListener <init> (Ljava/util/List;)V 33 <appendix> member <vmtarget> ; # org/junit/platform/launcher/core/CompositeTestExecutionListener$$Lambda+0x00000207010a31c0
instanceKlass org/junit/platform/launcher/core/CompositeTestExecutionListener$EagerTestExecutionListener
instanceKlass  @bci org/junit/platform/launcher/core/EngineExecutionOrchestrator execute (Lorg/junit/platform/launcher/core/InternalTestPlan;[Lorg/junit/platform/launcher/TestExecutionListener;)V 18 <appendix> member <vmtarget> ; # org/junit/platform/launcher/core/EngineExecutionOrchestrator$$Lambda+0x00000207010a2d98
instanceKlass  @bci org/junit/jupiter/engine/descriptor/MethodBasedTestDescriptor getLegacyReportingName ()Ljava/lang/String; 18 <appendix> argL0 ; # org/junit/jupiter/engine/descriptor/MethodBasedTestDescriptor$$Lambda+0x00000207010a2b60
instanceKlass  @bci org/junit/jupiter/engine/descriptor/MethodBasedTestDescriptor getTags ()Ljava/util/Set; 17 <appendix> member <vmtarget> ; # org/junit/jupiter/engine/descriptor/MethodBasedTestDescriptor$$Lambda+0x00000207010a2930
instanceKlass  @bci org/junit/platform/launcher/TestPlan addInternal (Lorg/junit/platform/launcher/TestIdentifier;)V 85 <appendix> argL0 ; # org/junit/platform/launcher/TestPlan$$Lambda+0x00000207010a26f8
instanceKlass  @bci org/junit/platform/launcher/TestPlan from (Ljava/util/Collection;Lorg/junit/platform/engine/ConfigurationParameters;)Lorg/junit/platform/launcher/TestPlan; 48 <appendix> member <vmtarget> ; # org/junit/platform/launcher/TestPlan$$Lambda+0x00000207010a24c8
instanceKlass  @bci org/junit/platform/launcher/TestPlan from (Ljava/util/Collection;Lorg/junit/platform/engine/ConfigurationParameters;)Lorg/junit/platform/launcher/TestPlan; 40 <appendix> member <vmtarget> ; # org/junit/platform/launcher/TestPlan$$Lambda+0x00000207010a22a8
instanceKlass  @bci org/junit/platform/launcher/TestPlan from (Ljava/util/Collection;Lorg/junit/platform/engine/ConfigurationParameters;)Lorg/junit/platform/launcher/TestPlan; 24 <appendix> argL0 ; # org/junit/platform/launcher/TestPlan$$Lambda+0x00000207010a2060
instanceKlass org/junit/platform/launcher/core/LauncherDiscoveryResult
instanceKlass  @bci org/junit/platform/launcher/core/EngineDiscoveryOrchestrator prune (Ljava/util/Map;)V 2 <appendix> argL0 ; # org/junit/platform/launcher/core/EngineDiscoveryOrchestrator$$Lambda+0x00000207010a1c18
instanceKlass  @bci org/junit/platform/launcher/core/EngineDiscoveryOrchestrator logTestDescriptorExclusionReasons (Ljava/util/Map;)V 1 <appendix> argL0 ; # org/junit/platform/launcher/core/EngineDiscoveryOrchestrator$$Lambda+0x00000207010a19f0
instanceKlass  @bci org/junit/platform/launcher/core/EngineDiscoveryOrchestrator acceptInAllTestEngines (Ljava/util/Map;Lorg/junit/platform/engine/TestDescriptor$Visitor;)V 7 <appendix> member <vmtarget> ; # org/junit/platform/launcher/core/EngineDiscoveryOrchestrator$$Lambda+0x00000207010a17c0
instanceKlass  @bci org/junit/platform/launcher/core/EngineDiscoveryOrchestrator applyPostDiscoveryFilters (Ljava/util/Map;Ljava/util/List;)V 18 <appendix> member <vmtarget> ; # org/junit/platform/launcher/core/EngineDiscoveryOrchestrator$$Lambda+0x00000207010a15a0
instanceKlass  @bci org/junit/platform/launcher/core/EngineFilterer warnIfAllEnginesExcluded ()V 26 <appendix> argL0 ; # org/junit/platform/launcher/core/EngineFilterer$$Lambda+0x00000207010a1358
instanceKlass  @bci org/junit/platform/launcher/core/EngineFilterer getUnmatchedEngineIdsOfIncludeFilters ()Ljava/util/SortedSet; 40 <appendix> argL0 ; # org/junit/platform/launcher/core/EngineFilterer$$Lambda+0x00000207010a1140
instanceKlass  @bci org/junit/platform/launcher/core/EngineFilterer getUnmatchedEngineIdsOfIncludeFilters ()Ljava/util/SortedSet; 30 <appendix> argL0 ; # org/junit/platform/launcher/core/EngineFilterer$$Lambda+0x00000207010a0f08
instanceKlass  @bci org/junit/platform/launcher/core/EngineFilterer getUnmatchedEngineIdsOfIncludeFilters ()Ljava/util/SortedSet; 20 <appendix> member <vmtarget> ; # org/junit/platform/launcher/core/EngineFilterer$$Lambda+0x00000207010a0cb8
instanceKlass  @bci org/junit/platform/launcher/core/EngineFilterer getUnmatchedEngineIdsOfIncludeFilters ()Ljava/util/SortedSet; 9 <appendix> argL0 ; # org/junit/platform/launcher/core/EngineFilterer$$Lambda+0x00000207010a0a70
instanceKlass  @bci org/junit/platform/launcher/listeners/discovery/AbortOnFailureLauncherDiscoveryListener engineDiscoveryFinished (Lorg/junit/platform/engine/UniqueId;Lorg/junit/platform/launcher/EngineDiscoveryResult;)V 4 <appendix> argL0 ; # org/junit/platform/launcher/listeners/discovery/AbortOnFailureLauncherDiscoveryListener$$Lambda+0x00000207010a0848
instanceKlass org/junit/platform/commons/util/ExceptionUtils
instanceKlass org/junit/platform/launcher/EngineDiscoveryResult
instanceKlass  @bci org/junit/platform/launcher/core/EngineDiscoveryResultValidator validate (Lorg/junit/platform/engine/TestEngine;Lorg/junit/platform/engine/TestDescriptor;)V 31 <appendix> member <vmtarget> ; # org/junit/platform/launcher/core/EngineDiscoveryResultValidator$$Lambda+0x0000020701099400
instanceKlass  @bci org/junit/platform/launcher/core/EngineDiscoveryResultValidator validate (Lorg/junit/platform/engine/TestEngine;Lorg/junit/platform/engine/TestDescriptor;)V 2 <appendix> member <vmtarget> ; # org/junit/platform/launcher/core/EngineDiscoveryResultValidator$$Lambda+0x0000020701099c78
instanceKlass  @bci org/junit/platform/engine/TestDescriptor containsTests (Lorg/junit/platform/engine/TestDescriptor;)Z 36 <appendix> argL0 ; # org/junit/platform/engine/TestDescriptor$$Lambda+0x0000020701099a30
instanceKlass  @bci org/junit/jupiter/engine/discovery/MethodOrderingVisitor orderContainedMethods (Lorg/junit/jupiter/engine/descriptor/ClassBasedTestDescriptor;Ljava/lang/Class;)V 53 <appendix> member <vmtarget> ; # org/junit/jupiter/engine/discovery/MethodOrderingVisitor$$Lambda+0x0000020701099800
instanceKlass  @cpi org/springframework/util/MimeType 489 form vmentry <vmtarget> ; # java/lang/invoke/LambdaForm$DMH+0x0000020701099000
instanceKlass  @bci org/junit/jupiter/engine/config/CachingJupiterConfiguration getDefaultTestMethodOrderer ()Ljava/util/Optional; 7 <appendix> member <vmtarget> ; # org/junit/jupiter/engine/config/CachingJupiterConfiguration$$Lambda+0x000002070109bc38
instanceKlass  @bci org/junit/jupiter/engine/discovery/MethodOrderingVisitor orderContainedMethods (Lorg/junit/jupiter/engine/descriptor/ClassBasedTestDescriptor;Ljava/lang/Class;)V 39 <appendix> member <vmtarget> ; # org/junit/jupiter/engine/discovery/MethodOrderingVisitor$$Lambda+0x000002070109ba18
instanceKlass  @bci org/junit/jupiter/engine/discovery/MethodOrderingVisitor orderContainedMethods (Lorg/junit/jupiter/engine/descriptor/ClassBasedTestDescriptor;Ljava/lang/Class;)V 22 <appendix> argL0 ; # org/junit/jupiter/engine/discovery/MethodOrderingVisitor$$Lambda+0x000002070109b7e0
instanceKlass  @bci org/junit/jupiter/engine/discovery/MethodOrderingVisitor orderContainedMethods (Lorg/junit/jupiter/engine/descriptor/ClassBasedTestDescriptor;Ljava/lang/Class;)V 14 <appendix> argL0 ; # org/junit/jupiter/engine/discovery/MethodOrderingVisitor$$Lambda+0x000002070109b5a8
instanceKlass  @bci org/junit/jupiter/engine/discovery/MethodOrderingVisitor orderContainedMethods (Lorg/junit/jupiter/engine/descriptor/ClassBasedTestDescriptor;Ljava/lang/Class;)V 6 <appendix> argL0 ; # org/junit/jupiter/engine/discovery/MethodOrderingVisitor$$Lambda+0x000002070109b370
instanceKlass org/junit/platform/commons/support/AnnotationSupport
instanceKlass org/junit/jupiter/api/TestMethodOrder
instanceKlass  @bci org/junit/jupiter/engine/discovery/MethodOrderingVisitor visit (Lorg/junit/platform/engine/TestDescriptor;)V 10 <appendix> argL0 ; # org/junit/jupiter/engine/discovery/MethodOrderingVisitor$$Lambda+0x000002070109ad40
instanceKlass  @bci org/junit/jupiter/engine/discovery/MethodOrderingVisitor visit (Lorg/junit/platform/engine/TestDescriptor;)V 5 <appendix> member <vmtarget> ; # org/junit/jupiter/engine/discovery/MethodOrderingVisitor$$Lambda+0x000002070109ab10
instanceKlass  @bci org/junit/platform/engine/TestDescriptor accept (Lorg/junit/platform/engine/TestDescriptor$Visitor;)V 28 <appendix> member <vmtarget> ; # org/junit/platform/engine/TestDescriptor$$Lambda+0x000002070109a8e0
instanceKlass  @bci org/junit/jupiter/engine/discovery/ClassOrderingVisitor getDescriptorWrapperOrderer (Lorg/junit/jupiter/engine/discovery/AbstractOrderingVisitor$DescriptorWrapperOrderer;Lorg/junit/jupiter/engine/discovery/AbstractAnnotatedDescriptorWrapper;)Lorg/junit/jupiter/engine/discovery/AbstractOrderingVisitor$DescriptorWrapperOrderer; 28 <appendix> member <vmtarget> ; # org/junit/jupiter/engine/discovery/ClassOrderingVisitor$$Lambda+0x000002070109a6a0
instanceKlass  @bci org/junit/jupiter/engine/discovery/ClassOrderingVisitor getDescriptorWrapperOrderer (Lorg/junit/jupiter/engine/discovery/AbstractOrderingVisitor$DescriptorWrapperOrderer;Lorg/junit/jupiter/engine/discovery/AbstractAnnotatedDescriptorWrapper;)Lorg/junit/jupiter/engine/discovery/AbstractOrderingVisitor$DescriptorWrapperOrderer; 19 <appendix> argL0 ; # org/junit/jupiter/engine/discovery/ClassOrderingVisitor$$Lambda+0x000002070109a468
instanceKlass  @bci org/junit/jupiter/engine/discovery/ClassOrderingVisitor getDescriptorWrapperOrderer (Lorg/junit/jupiter/engine/discovery/AbstractOrderingVisitor$DescriptorWrapperOrderer;Lorg/junit/jupiter/engine/discovery/AbstractAnnotatedDescriptorWrapper;)Lorg/junit/jupiter/engine/discovery/AbstractOrderingVisitor$DescriptorWrapperOrderer; 11 <appendix> argL0 ; # org/junit/jupiter/engine/discovery/ClassOrderingVisitor$$Lambda+0x000002070109a230
instanceKlass org/junit/jupiter/api/TestClassOrder
instanceKlass  @bci org/junit/jupiter/engine/discovery/AbstractOrderingVisitor orderChildrenTestDescriptors (Lorg/junit/platform/engine/TestDescriptor;Ljava/lang/Class;Ljava/util/function/Function;Lorg/junit/jupiter/engine/discovery/AbstractOrderingVisitor$DescriptorWrapperOrderer;)V 350 <appendix> member <vmtarget> ; # org/junit/jupiter/engine/discovery/AbstractOrderingVisitor$$Lambda+0x000002070109a000
instanceKlass  @cpi org/springframework/beans/factory/config/YamlProcessor 482 form vmentry <vmtarget> ; # java/lang/invoke/LambdaForm$DMH+0x0000020701098c00
instanceKlass  @bci org/junit/jupiter/engine/discovery/AbstractOrderingVisitor orderChildrenTestDescriptors (Lorg/junit/platform/engine/TestDescriptor;Ljava/lang/Class;Ljava/util/function/Function;Lorg/junit/jupiter/engine/discovery/AbstractOrderingVisitor$DescriptorWrapperOrderer;)V 53 <appendix> argL0 ; # org/junit/jupiter/engine/discovery/AbstractOrderingVisitor$$Lambda+0x000002070109fbd8
instanceKlass  @bci org/junit/jupiter/engine/discovery/AbstractOrderingVisitor orderChildrenTestDescriptors (Lorg/junit/platform/engine/TestDescriptor;Ljava/lang/Class;Ljava/util/function/Function;Lorg/junit/jupiter/engine/discovery/AbstractOrderingVisitor$DescriptorWrapperOrderer;)V 37 <appendix> member <vmtarget> ; # org/junit/jupiter/engine/discovery/AbstractOrderingVisitor$$Lambda+0x000002070109f998
instanceKlass  @bci org/junit/jupiter/engine/discovery/AbstractOrderingVisitor orderChildrenTestDescriptors (Lorg/junit/platform/engine/TestDescriptor;Ljava/lang/Class;Ljava/util/function/Function;Lorg/junit/jupiter/engine/discovery/AbstractOrderingVisitor$DescriptorWrapperOrderer;)V 21 <appendix> member <vmtarget> ; # org/junit/jupiter/engine/discovery/AbstractOrderingVisitor$$Lambda+0x000002070109f748
instanceKlass org/junit/jupiter/engine/discovery/AbstractOrderingVisitor$DescriptorWrapperOrderer
instanceKlass  @bci org/junit/jupiter/engine/discovery/ClassOrderingVisitor createDescriptorWrapperOrderer (Lorg/junit/jupiter/api/ClassOrderer;)Lorg/junit/jupiter/engine/discovery/AbstractOrderingVisitor$DescriptorWrapperOrderer; 24 <appendix> member <vmtarget> ; # org/junit/jupiter/engine/discovery/ClassOrderingVisitor$$Lambda+0x000002070109f320
instanceKlass  @bci org/junit/jupiter/engine/discovery/ClassOrderingVisitor createDescriptorWrapperOrderer (Lorg/junit/jupiter/api/ClassOrderer;)Lorg/junit/jupiter/engine/discovery/AbstractOrderingVisitor$DescriptorWrapperOrderer; 17 <appendix> member <vmtarget> ; # org/junit/jupiter/engine/discovery/ClassOrderingVisitor$$Lambda+0x000002070109f100
instanceKlass  @cpi org/junit/jupiter/engine/discovery/ClassOrderingVisitor 247 form vmentry <vmtarget> ; # java/lang/invoke/LambdaForm$DMH+0x0000020701098800
instanceKlass org/junit/jupiter/engine/discovery/AbstractOrderingVisitor$MessageGenerator
instanceKlass  @bci org/junit/jupiter/engine/discovery/ClassOrderingVisitor orderContainedClasses (Lorg/junit/jupiter/engine/descriptor/JupiterEngineDescriptor;Lorg/junit/jupiter/api/ClassOrderer;)V 4 <appendix> argL0 ; # org/junit/jupiter/engine/discovery/ClassOrderingVisitor$$Lambda+0x000002070109ecd0
instanceKlass org/junit/jupiter/engine/discovery/AbstractAnnotatedDescriptorWrapper
instanceKlass org/junit/jupiter/api/ClassDescriptor
instanceKlass  @bci org/junit/jupiter/engine/discovery/ClassOrderingVisitor visit (Lorg/junit/platform/engine/TestDescriptor;)V 28 <appendix> argL0 ; # org/junit/jupiter/engine/discovery/ClassOrderingVisitor$$Lambda+0x000002070109e438
instanceKlass  @bci org/junit/jupiter/engine/discovery/ClassOrderingVisitor visit (Lorg/junit/platform/engine/TestDescriptor;)V 23 <appendix> member <vmtarget> ; # org/junit/jupiter/engine/discovery/ClassOrderingVisitor$$Lambda+0x000002070109e208
instanceKlass  @bci org/junit/jupiter/engine/config/CachingJupiterConfiguration getDefaultTestClassOrderer ()Ljava/util/Optional; 7 <appendix> member <vmtarget> ; # org/junit/jupiter/engine/config/CachingJupiterConfiguration$$Lambda+0x000002070109dfc8
instanceKlass  @bci org/junit/platform/engine/support/discovery/EngineDiscoveryRequestResolution run ()V 65 <appendix> member <vmtarget> ; # org/junit/platform/engine/support/discovery/EngineDiscoveryRequestResolution$$Lambda+0x000002070109dd98
instanceKlass  @cpi org/springframework/boot/context/config/Profiles 380 form vmentry <vmtarget> ; # java/lang/invoke/LambdaForm$DMH+0x0000020701098400
instanceKlass org/junit/jupiter/engine/descriptor/Filterable
instanceKlass  @bci org/junit/platform/engine/support/discovery/EngineDiscoveryRequestResolution enqueueAdditionalSelectors (Lorg/junit/platform/engine/support/discovery/SelectorResolver$Resolution;)V 34 <appendix> member <vmtarget> ; # org/junit/platform/engine/support/discovery/EngineDiscoveryRequestResolution$$Lambda+0x000002070109d970
instanceKlass  @bci org/junit/platform/engine/support/discovery/EngineDiscoveryRequestResolution enqueueAdditionalSelectors (Lorg/junit/platform/engine/support/discovery/SelectorResolver$Resolution;)V 23 <appendix> argL0 ; # org/junit/platform/engine/support/discovery/EngineDiscoveryRequestResolution$$Lambda+0x000002070109d728
instanceKlass java/util/HashMap$HashMapSpliterator
instanceKlass org/junit/platform/engine/SelectorResolutionResult
instanceKlass  @bci org/junit/jupiter/engine/discovery/MethodSelectorResolver expansionCallback (Lorg/junit/platform/engine/TestDescriptor;)Ljava/util/function/Supplier; 1 <appendix> member <vmtarget> ; # org/junit/jupiter/engine/discovery/MethodSelectorResolver$$Lambda+0x000002070109cec0
instanceKlass org/junit/platform/engine/support/descriptor/MethodSource
instanceKlass  @bci org/junit/jupiter/api/DisplayNameGenerator parameterTypesAsString (Ljava/lang/reflect/Method;)Ljava/lang/String; 19 <appendix> argL0 ; # org/junit/jupiter/api/DisplayNameGenerator$$Lambda+0x000002070109ca68
instanceKlass org/springframework/test/context/jdbc/SqlGroup
instanceKlass  @bci org/junit/jupiter/engine/descriptor/DisplayNameUtils createDisplayNameSupplierForMethod (Ljava/lang/Class;Ljava/lang/reflect/Method;Lorg/junit/jupiter/engine/config/JupiterConfiguration;)Ljava/util/function/Supplier; 4 <appendix> member <vmtarget> ; # org/junit/jupiter/engine/descriptor/DisplayNameUtils$$Lambda+0x000002070109c630
instanceKlass  @bci org/junit/jupiter/engine/execution/InterceptingExecutableInvoker$ReflectiveInterceptorCall ofVoidMethod (Lorg/junit/jupiter/engine/execution/InterceptingExecutableInvoker$ReflectiveInterceptorCall$VoidMethodInterceptorCall;)Lorg/junit/jupiter/engine/execution/InterceptingExecutableInvoker$ReflectiveInterceptorCall; 1 <appendix> member <vmtarget> ; # org/junit/jupiter/engine/execution/InterceptingExecutableInvoker$ReflectiveInterceptorCall$$Lambda+0x000002070109c410
instanceKlass org/junit/jupiter/engine/execution/InterceptingExecutableInvoker$ReflectiveInterceptorCall
instanceKlass  @bci org/junit/jupiter/engine/descriptor/TestMethodTestDescriptor <clinit> ()V 10 <appendix> argL0 ; # org/junit/jupiter/engine/descriptor/TestMethodTestDescriptor$$Lambda+0x000002070109c000
instanceKlass  @cpi org/junit/jupiter/engine/descriptor/TestMethodTestDescriptor 622 form vmentry <vmtarget> ; # java/lang/invoke/LambdaForm$DMH+0x0000020701098000
instanceKlass org/junit/jupiter/api/extension/InvocationInterceptor
instanceKlass org/junit/jupiter/engine/execution/InterceptingExecutableInvoker$ReflectiveInterceptorCall$VoidMethodInterceptorCall
instanceKlass  @bci org/junit/platform/commons/util/ClassUtils nullSafeToString ([Ljava/lang/Class;)Ljava/lang/String; 0 <appendix> argL0 ; # org/junit/platform/commons/util/ClassUtils$$Lambda+0x0000020701091000
instanceKlass org/junit/platform/commons/util/ClassUtils
instanceKlass  @bci org/junit/platform/engine/support/discovery/EngineDiscoveryRequestResolution$DefaultContext addToParent (Ljava/util/function/Supplier;Ljava/util/function/Function;)Ljava/util/Optional; 32 <appendix> member <vmtarget> ; # org/junit/platform/engine/support/discovery/EngineDiscoveryRequestResolution$DefaultContext$$Lambda+0x00000207010939f8
instanceKlass  @bci org/junit/platform/commons/util/CollectionUtils getOnlyElement (Ljava/util/Collection;)Ljava/lang/Object; 23 <appendix> member <vmtarget> ; # org/junit/platform/commons/util/CollectionUtils$$Lambda+0x00000207010937d8
instanceKlass org/junit/platform/commons/util/CollectionUtils
instanceKlass  @bci org/junit/platform/engine/support/discovery/EngineDiscoveryRequestResolution$DefaultContext resolve (Lorg/junit/platform/engine/DiscoverySelector;)Ljava/util/Optional; 17 <appendix> member <vmtarget> ; # org/junit/platform/engine/support/discovery/EngineDiscoveryRequestResolution$DefaultContext$$Lambda+0x0000020701093398
instanceKlass  @bci org/junit/platform/engine/support/discovery/EngineDiscoveryRequestResolution$DefaultContext resolve (Lorg/junit/platform/engine/DiscoverySelector;)Ljava/util/Optional; 8 <appendix> argL0 ; # org/junit/platform/engine/support/discovery/EngineDiscoveryRequestResolution$DefaultContext$$Lambda+0x0000020701093160
instanceKlass  @bci org/junit/platform/engine/support/discovery/EngineDiscoveryRequestResolution lambda$resolve$5 (Lorg/junit/platform/engine/DiscoverySelector;Lorg/junit/platform/engine/support/discovery/SelectorResolver$Resolution;)Lorg/junit/platform/engine/support/discovery/SelectorResolver$Resolution; 28 <appendix> member <vmtarget> ; # org/junit/platform/engine/support/discovery/EngineDiscoveryRequestResolution$$Lambda+0x0000020701092f30
instanceKlass  @cpi org/springframework/boot/autoconfigure/condition/OnClassCondition$ThreadedOutcomesResolver 86 form vmentry <vmtarget> ; # java/lang/invoke/LambdaForm$DMH+0x0000020701090c00
instanceKlass  @bci org/junit/platform/engine/support/discovery/EngineDiscoveryRequestResolution resolve (Lorg/junit/platform/engine/DiscoverySelector;Ljava/util/function/Function;)Ljava/util/Optional; 32 <appendix> member <vmtarget> ; # org/junit/platform/engine/support/discovery/EngineDiscoveryRequestResolution$$Lambda+0x0000020701092cf0
instanceKlass  @bci org/junit/jupiter/engine/discovery/ClassSelectorResolver lambda$toResolution$13 (Lorg/junit/jupiter/engine/descriptor/ClassBasedTestDescriptor;)Lorg/junit/platform/engine/support/discovery/SelectorResolver$Resolution; 29 <appendix> member <vmtarget> ; # org/junit/jupiter/engine/discovery/ClassSelectorResolver$$Lambda+0x0000020701092ad0
instanceKlass  @bci org/junit/jupiter/engine/discovery/ClassSelectorResolver toResolution (Ljava/util/Optional;)Lorg/junit/platform/engine/support/discovery/SelectorResolver$Resolution; 2 <appendix> member <vmtarget> ; # org/junit/jupiter/engine/discovery/ClassSelectorResolver$$Lambda+0x0000020701092890
instanceKlass  @bci org/junit/jupiter/engine/config/EnumConfigurationParameterConverter get (Lorg/junit/platform/engine/ConfigurationParameters;Ljava/lang/String;Ljava/lang/Enum;)Ljava/lang/Enum; 15 <appendix> member <vmtarget> ; # org/junit/jupiter/engine/config/EnumConfigurationParameterConverter$$Lambda+0x0000020701092650
instanceKlass  @cpi org/springframework/boot/DefaultApplicationContextFactory 135 form vmentry <vmtarget> ; # java/lang/invoke/LambdaForm$DMH+0x0000020701090800
instanceKlass  @bci org/junit/jupiter/engine/config/CachingJupiterConfiguration getDefaultTestInstanceLifecycle ()Lorg/junit/jupiter/api/TestInstance$Lifecycle; 7 <appendix> member <vmtarget> ; # org/junit/jupiter/engine/config/CachingJupiterConfiguration$$Lambda+0x0000020701092220
instanceKlass  @bci org/junit/jupiter/engine/descriptor/TestInstanceLifecycleUtils getTestInstanceLifecycle (Ljava/lang/Class;Lorg/junit/jupiter/engine/config/JupiterConfiguration;)Lorg/junit/jupiter/api/TestInstance$Lifecycle; 34 <appendix> member <vmtarget> ; # org/junit/jupiter/engine/descriptor/TestInstanceLifecycleUtils$$Lambda+0x0000020701092000
instanceKlass  @bci org/junit/jupiter/engine/descriptor/TestInstanceLifecycleUtils getTestInstanceLifecycle (Ljava/lang/Class;Lorg/junit/jupiter/engine/config/JupiterConfiguration;)Lorg/junit/jupiter/api/TestInstance$Lifecycle; 20 <appendix> argL0 ; # org/junit/jupiter/engine/descriptor/TestInstanceLifecycleUtils$$Lambda+0x0000020701097c88
instanceKlass org/junit/jupiter/api/TestInstance
instanceKlass org/junit/jupiter/engine/descriptor/TestInstanceLifecycleUtils
instanceKlass  @bci java/util/function/Function andThen (Ljava/util/function/Function;)Ljava/util/function/Function; 7 <appendix> member <vmtarget> ; # java/util/function/Function$$Lambda+0x00000207010c0000
instanceKlass  @cpi org/springframework/core/io/support/SpringFactoriesLoader$ArgumentResolver 109 form vmentry <vmtarget> ; # java/lang/invoke/LambdaForm$DMH+0x0000020701090400
instanceKlass  @bci org/junit/jupiter/engine/descriptor/JupiterTestDescriptor getTags (Ljava/lang/reflect/AnnotatedElement;)Ljava/util/Set; 50 <appendix> argL0 ; # org/junit/jupiter/engine/descriptor/JupiterTestDescriptor$$Lambda+0x0000020701097658
instanceKlass  @bci org/junit/jupiter/engine/descriptor/JupiterTestDescriptor getTags (Ljava/lang/reflect/AnnotatedElement;)Ljava/util/Set; 42 <appendix> argL0 ; # org/junit/jupiter/engine/descriptor/JupiterTestDescriptor$$Lambda+0x0000020701097440
instanceKlass  @bci org/junit/jupiter/engine/descriptor/JupiterTestDescriptor getTags (Ljava/lang/reflect/AnnotatedElement;)Ljava/util/Set; 32 <appendix> argL0 ; # org/junit/jupiter/engine/descriptor/JupiterTestDescriptor$$Lambda+0x0000020701097208
instanceKlass org/junit/platform/engine/TestTag
instanceKlass  @bci org/junit/jupiter/engine/descriptor/JupiterTestDescriptor getTags (Ljava/lang/reflect/AnnotatedElement;)Ljava/util/Set; 22 <appendix> member <vmtarget> ; # org/junit/jupiter/engine/descriptor/JupiterTestDescriptor$$Lambda+0x0000020701096db0
instanceKlass  @bci org/junit/jupiter/engine/descriptor/JupiterTestDescriptor getTags (Ljava/lang/reflect/AnnotatedElement;)Ljava/util/Set; 11 <appendix> argL0 ; # org/junit/jupiter/engine/descriptor/JupiterTestDescriptor$$Lambda+0x0000020701096b78
instanceKlass  @bci org/junit/platform/commons/util/AnnotationUtils lambda$isRepeatableAnnotationContainer$4 (Ljava/lang/Class;)Ljava/lang/Boolean; 22 <appendix> argL0 ; # org/junit/platform/commons/util/AnnotationUtils$$Lambda+0x0000020701096940
instanceKlass  @bci org/junit/platform/commons/util/AnnotationUtils lambda$isRepeatableAnnotationContainer$4 (Ljava/lang/Class;)Ljava/lang/Boolean; 7 <appendix> argL0 ; # org/junit/platform/commons/util/AnnotationUtils$$Lambda+0x00000207010966f8
instanceKlass  @bci org/junit/platform/commons/util/AnnotationUtils isRepeatableAnnotationContainer (Ljava/lang/Class;)Z 4 <appendix> argL0 ; # org/junit/platform/commons/util/AnnotationUtils$$Lambda+0x00000207010964c0
instanceKlass  @bci org/junit/platform/commons/util/AnnotationUtils findRepeatableAnnotations (Ljava/lang/reflect/AnnotatedElement;Ljava/lang/Class;)Ljava/util/List; 19 <appendix> member <vmtarget> ; # org/junit/platform/commons/util/AnnotationUtils$$Lambda+0x00000207010962a0
instanceKlass org/junit/jupiter/api/Tags
instanceKlass org/junit/jupiter/api/Tag
instanceKlass  @bci org/junit/jupiter/engine/config/DefaultJupiterConfiguration getDefaultDisplayNameGenerator ()Lorg/junit/jupiter/api/DisplayNameGenerator; 12 <appendix> argL0 ; # org/junit/jupiter/engine/config/DefaultJupiterConfiguration$$Lambda+0x0000020701095c98
instanceKlass  @bci org/junit/jupiter/engine/config/InstantiatingConfigurationParameterConverter supply (Lorg/junit/platform/engine/ConfigurationParameters;Ljava/lang/String;)Ljava/util/function/Supplier; 33 <appendix> argL0 ; # org/junit/jupiter/engine/config/InstantiatingConfigurationParameterConverter$$Lambda+0x0000020701095a80
instanceKlass  @bci org/junit/jupiter/engine/config/InstantiatingConfigurationParameterConverter supply (Lorg/junit/platform/engine/ConfigurationParameters;Ljava/lang/String;)Ljava/util/function/Supplier; 25 <appendix> member <vmtarget> ; # org/junit/jupiter/engine/config/InstantiatingConfigurationParameterConverter$$Lambda+0x0000020701095840
instanceKlass  @bci org/junit/jupiter/engine/config/InstantiatingConfigurationParameterConverter supply (Lorg/junit/platform/engine/ConfigurationParameters;Ljava/lang/String;)Ljava/util/function/Supplier; 15 <appendix> argL0 ; # org/junit/jupiter/engine/config/InstantiatingConfigurationParameterConverter$$Lambda+0x00000207010955f8
instanceKlass  @bci org/junit/jupiter/engine/config/InstantiatingConfigurationParameterConverter supply (Lorg/junit/platform/engine/ConfigurationParameters;Ljava/lang/String;)Ljava/util/function/Supplier; 7 <appendix> argL0 ; # org/junit/jupiter/engine/config/InstantiatingConfigurationParameterConverter$$Lambda+0x00000207010953c0
instanceKlass  @bci org/junit/jupiter/engine/config/CachingJupiterConfiguration getDefaultDisplayNameGenerator ()Lorg/junit/jupiter/api/DisplayNameGenerator; 7 <appendix> member <vmtarget> ; # org/junit/jupiter/engine/config/CachingJupiterConfiguration$$Lambda+0x0000020701095180
instanceKlass  @bci org/junit/jupiter/engine/descriptor/DisplayNameUtils lambda$createDisplayNameSupplier$5 (Ljava/lang/Class;Ljava/util/function/Function;Lorg/junit/jupiter/engine/config/JupiterConfiguration;)Ljava/lang/String; 10 <appendix> member <vmtarget> ; # org/junit/jupiter/engine/descriptor/DisplayNameUtils$$Lambda+0x0000020701094f60
instanceKlass  @bci org/junit/jupiter/engine/descriptor/DisplayNameUtils findDisplayNameGenerator (Ljava/lang/Class;)Ljava/util/Optional; 22 <appendix> argL0 ; # org/junit/jupiter/engine/descriptor/DisplayNameUtils$$Lambda+0x0000020701094d28
instanceKlass  @bci org/junit/jupiter/engine/descriptor/DisplayNameUtils findDisplayNameGenerator (Ljava/lang/Class;)Ljava/util/Optional; 14 <appendix> argL0 ; # org/junit/jupiter/engine/descriptor/DisplayNameUtils$$Lambda+0x0000020701094af0
instanceKlass org/junit/jupiter/api/DisplayNameGeneration
instanceKlass org/junit/jupiter/api/extension/Extensions
instanceKlass org/springframework/test/context/junit/jupiter/SpringExtension
instanceKlass org/junit/jupiter/api/extension/AfterTestExecutionCallback
instanceKlass org/junit/jupiter/api/extension/BeforeTestExecutionCallback
instanceKlass org/junit/jupiter/api/extension/AfterEachCallback
instanceKlass org/junit/jupiter/api/extension/BeforeEachCallback
instanceKlass org/junit/jupiter/api/extension/TestInstancePostProcessor
instanceKlass org/junit/jupiter/api/extension/AfterAllCallback
instanceKlass org/junit/jupiter/api/extension/BeforeAllCallback
instanceKlass org/springframework/test/context/support/AbstractTestContextBootstrapper
instanceKlass org/springframework/test/context/TestContextBootstrapper
instanceKlass africa/semicolon/wallet/UserServiceParameterResolver
instanceKlass org/junit/jupiter/api/extension/ParameterResolver
instanceKlass org/junit/jupiter/api/extension/Extension
instanceKlass org/junit/jupiter/api/extension/ExtendWith
instanceKlass org/springframework/test/context/BootstrapWith
instanceKlass  @bci sun/reflect/annotation/AnnotationParser parseClassArray (ILjava/nio/ByteBuffer;Ljdk/internal/reflect/ConstantPool;Ljava/lang/Class;)Ljava/lang/Object; 10 <appendix> member <vmtarget> ; # sun/reflect/annotation/AnnotationParser$$Lambda+0x000002070107fa90
instanceKlass org/springframework/boot/test/context/SpringBootTest
instanceKlass org/junit/jupiter/api/DisplayName
instanceKlass org/junit/platform/engine/support/descriptor/ClassSource
instanceKlass  @bci org/junit/jupiter/engine/descriptor/DisplayNameUtils createDisplayNameSupplier (Ljava/lang/Class;Lorg/junit/jupiter/engine/config/JupiterConfiguration;Ljava/util/function/Function;)Ljava/util/function/Supplier; 3 <appendix> member <vmtarget> ; # org/junit/jupiter/engine/descriptor/DisplayNameUtils$$Lambda+0x000002070108c970
instanceKlass  @bci org/springframework/boot/autoconfigure/condition/OnClassCondition$ThreadedOutcomesResolver <init> (Lorg/springframework/boot/autoconfigure/condition/OnClassCondition$OutcomesResolver;)V 11 <bsm> form vmentry <vmtarget> ; # java/lang/invoke/LambdaForm$DMH+0x0000020701090000
instanceKlass java/lang/invoke/MethodHandle$1
instanceKlass  @bci org/junit/jupiter/engine/descriptor/DisplayNameUtils createDisplayNameSupplierForClass (Ljava/lang/Class;Lorg/junit/jupiter/engine/config/JupiterConfiguration;)Ljava/util/function/Supplier; 3 <appendix> member <vmtarget> ; # org/junit/jupiter/engine/descriptor/DisplayNameUtils$$Lambda+0x000002070108c730
instanceKlass org/junit/jupiter/api/DisplayNameGenerator$IndicativeSentences
instanceKlass org/junit/jupiter/api/DisplayNameGenerator$Standard
instanceKlass org/junit/jupiter/engine/descriptor/DisplayNameUtils
instanceKlass org/junit/jupiter/engine/execution/InvocationInterceptorChain
instanceKlass org/junit/jupiter/api/extension/InvocationInterceptor$Invocation
instanceKlass org/junit/jupiter/api/extension/ReflectiveInvocationContext
instanceKlass org/junit/jupiter/engine/execution/InterceptingExecutableInvoker
instanceKlass org/junit/jupiter/api/extension/ConditionEvaluationResult
instanceKlass org/junit/jupiter/engine/execution/ConditionEvaluator
instanceKlass org/junit/jupiter/api/extension/TestInstanceFactoryContext
instanceKlass org/junit/jupiter/engine/extension/ExtensionRegistrar
instanceKlass org/junit/jupiter/engine/extension/ExtensionRegistry
instanceKlass  @bci org/junit/jupiter/engine/discovery/ClassSelectorResolver resolve (Lorg/junit/platform/engine/discovery/ClassSelector;Lorg/junit/platform/engine/support/discovery/SelectorResolver$Context;)Lorg/junit/platform/engine/support/discovery/SelectorResolver$Resolution; 35 <appendix> member <vmtarget> ; # org/junit/jupiter/engine/discovery/ClassSelectorResolver$$Lambda+0x00000207010893b8
instanceKlass  @bci org/junit/jupiter/engine/discovery/MethodSelectorResolver$MethodType resolve (Ljava/util/List;Ljava/lang/Class;Ljava/lang/reflect/Method;Lorg/junit/platform/engine/support/discovery/SelectorResolver$Context;Lorg/junit/jupiter/engine/config/JupiterConfiguration;)Ljava/util/Optional; 32 <appendix> member <vmtarget> ; # org/junit/jupiter/engine/discovery/MethodSelectorResolver$MethodType$$Lambda+0x0000020701089178
instanceKlass  @bci org/junit/jupiter/engine/discovery/MethodSelectorResolver$MethodType resolve (Ljava/util/List;Ljava/lang/Class;Ljava/lang/reflect/Method;Lorg/junit/platform/engine/support/discovery/SelectorResolver$Context;Lorg/junit/jupiter/engine/config/JupiterConfiguration;)Ljava/util/Optional; 22 <appendix> member <vmtarget> ; # org/junit/jupiter/engine/discovery/MethodSelectorResolver$MethodType$$Lambda+0x0000020701088f58
instanceKlass java/lang/annotation/Repeatable
instanceKlass org/springframework/test/context/jdbc/SqlConfig
instanceKlass org/springframework/test/context/jdbc/Sql
instanceKlass  @bci org/junit/jupiter/engine/discovery/MethodSelectorResolver resolve (Lorg/junit/platform/engine/support/discovery/SelectorResolver$Context;Ljava/util/List;Ljava/lang/Class;Ljava/util/function/Supplier;Ljava/util/function/BiFunction;)Lorg/junit/platform/engine/support/discovery/SelectorResolver$Resolution; 73 <appendix> member <vmtarget> ; # org/junit/jupiter/engine/discovery/MethodSelectorResolver$$Lambda+0x00000207010856c0
instanceKlass  @bci org/junit/jupiter/engine/discovery/MethodSelectorResolver resolve (Lorg/junit/platform/engine/support/discovery/SelectorResolver$Context;Ljava/util/List;Ljava/lang/Class;Ljava/util/function/Supplier;Ljava/util/function/BiFunction;)Lorg/junit/platform/engine/support/discovery/SelectorResolver$Resolution; 60 <appendix> argL0 ; # org/junit/jupiter/engine/discovery/MethodSelectorResolver$$Lambda+0x0000020701085488
instanceKlass  @bci org/junit/jupiter/engine/discovery/MethodSelectorResolver resolve (Lorg/junit/platform/engine/support/discovery/SelectorResolver$Context;Ljava/util/List;Ljava/lang/Class;Ljava/util/function/Supplier;Ljava/util/function/BiFunction;)Lorg/junit/platform/engine/support/discovery/SelectorResolver$Resolution; 50 <appendix> argL0 ; # org/junit/jupiter/engine/discovery/MethodSelectorResolver$$Lambda+0x0000020701085240
instanceKlass  @bci org/junit/jupiter/engine/discovery/MethodSelectorResolver resolve (Lorg/junit/platform/engine/support/discovery/SelectorResolver$Context;Ljava/util/List;Ljava/lang/Class;Ljava/util/function/Supplier;Ljava/util/function/BiFunction;)Lorg/junit/platform/engine/support/discovery/SelectorResolver$Resolution; 40 <appendix> form vmentry <vmtarget> ; # java/lang/invoke/LambdaForm$DMH+0x0000020701084c00
instanceKlass  @bci org/junit/jupiter/engine/discovery/MethodSelectorResolver resolve (Lorg/junit/platform/engine/support/discovery/SelectorResolver$Context;Ljava/util/List;Ljava/lang/Class;Ljava/util/function/Supplier;Ljava/util/function/BiFunction;)Lorg/junit/platform/engine/support/discovery/SelectorResolver$Resolution; 40 <appendix> member <vmtarget> ; # org/junit/jupiter/engine/discovery/MethodSelectorResolver$$Lambda+0x0000020701085000
instanceKlass  @bci org/junit/platform/engine/discovery/MethodSelector lazyLoadJavaMethod ()V 74 <appendix> member <vmtarget> ; # org/junit/platform/engine/discovery/MethodSelector$$Lambda+0x0000020701087110
instanceKlass java/lang/Class$AnnotationData
instanceKlass org/junit/platform/commons/annotation/Testable
instanceKlass org/apiguardian/api/API
instanceKlass  @bci org/hibernate/validator/internal/engine/ValidatorFactoryImpl createValidator (Ljakarta/validation/ConstraintValidatorFactory;Lorg/hibernate/validator/internal/engine/ConstraintCreationContext;Lorg/hibernate/validator/internal/engine/ValidatorFactoryScopedContext;Lorg/hibernate/validator/internal/engine/MethodValidationConfiguration;)Ljakarta/validation/Validator; 26 <appendix> form vmentry <vmtarget> ; # java/lang/invoke/LambdaForm$DMH+0x0000020701084800
instanceKlass  @bci sun/reflect/annotation/AnnotationParser parseEnumArray (ILjava/lang/Class;Ljava/nio/ByteBuffer;Ljdk/internal/reflect/ConstantPool;Ljava/lang/Class;)Ljava/lang/Object; 16 <appendix> member <vmtarget> ; # sun/reflect/annotation/AnnotationParser$$Lambda+0x000002070107e500
# instanceKlass java/lang/invoke/LambdaForm$MH+0x0000020701084400
instanceKlass java/lang/reflect/Proxy$ProxyBuilder$1
instanceKlass jdk/internal/org/objectweb/asm/Edge
instanceKlass  @bci java/lang/reflect/ProxyGenerator addProxyMethod (Ljava/lang/reflect/Method;Ljava/lang/Class;)V 23 <appendix> argL0 ; # java/lang/reflect/ProxyGenerator$$Lambda+0x000002070107d808
instanceKlass  @bci java/lang/reflect/ProxyGenerator addProxyMethod (Ljava/lang/reflect/ProxyGenerator$ProxyMethod;)V 10 <appendix> argL0 ; # java/lang/reflect/ProxyGenerator$$Lambda+0x000002070107d5d0
instanceKlass java/lang/reflect/ProxyGenerator$ProxyMethod
instanceKlass  @bci java/lang/reflect/Proxy getLoader (Ljava/lang/Module;)Ljava/lang/ClassLoader; 6 <appendix> member <vmtarget> ; # java/lang/reflect/Proxy$$Lambda+0x000002070107ce90
instanceKlass  @bci java/lang/WeakPairMap computeIfAbsent (Ljava/lang/Object;Ljava/lang/Object;Ljava/util/function/BiFunction;)Ljava/lang/Object; 18 <appendix> member <vmtarget> ; # java/lang/WeakPairMap$$Lambda+0x000002070107ca48
instanceKlass  @bci java/lang/Module implAddExportsOrOpens (Ljava/lang/String;Ljava/lang/Module;ZZ)V 145 <appendix> argL0 ; # java/lang/Module$$Lambda+0x000002070107c820
instanceKlass  @bci java/lang/module/ModuleDescriptor$Builder packages (Ljava/util/Set;)Ljava/lang/module/ModuleDescriptor$Builder; 17 <appendix> argL0 ; # java/lang/module/ModuleDescriptor$Builder$$Lambda+0x800000002
instanceKlass jdk/internal/module/Checks
instanceKlass java/lang/module/ModuleDescriptor$Builder
instanceKlass  @bci java/lang/reflect/Proxy$ProxyBuilder getDynamicModule (Ljava/lang/ClassLoader;)Ljava/lang/Module; 4 <appendix> argL0 ; # java/lang/reflect/Proxy$ProxyBuilder$$Lambda+0x000002070107bee8
instanceKlass java/lang/reflect/Proxy$ProxyBuilder
instanceKlass  @bci java/lang/reflect/Proxy getProxyConstructor (Ljava/lang/Class;Ljava/lang/ClassLoader;[Ljava/lang/Class;)Ljava/lang/reflect/Constructor; 35 <appendix> argL0 ; # java/lang/reflect/Proxy$$Lambda+0x000002070107bab8
instanceKlass sun/reflect/annotation/AnnotationInvocationHandler
instanceKlass sun/reflect/annotation/AnnotationParser$1
instanceKlass sun/reflect/annotation/ExceptionProxy
instanceKlass java/lang/annotation/Documented
instanceKlass java/lang/annotation/Retention
instanceKlass sun/reflect/annotation/AnnotationType$1
instanceKlass sun/reflect/annotation/AnnotationType
instanceKlass java/lang/reflect/GenericArrayType
instanceKlass java/lang/annotation/Target
instanceKlass sun/reflect/generics/visitor/Reifier
instanceKlass sun/reflect/generics/visitor/TypeTreeVisitor
instanceKlass sun/reflect/generics/factory/CoreReflectionFactory
instanceKlass sun/reflect/generics/factory/GenericsFactory
instanceKlass sun/reflect/generics/scope/AbstractScope
instanceKlass sun/reflect/generics/scope/Scope
instanceKlass sun/reflect/generics/tree/ClassTypeSignature
instanceKlass sun/reflect/generics/tree/SimpleClassTypeSignature
instanceKlass sun/reflect/generics/tree/FieldTypeSignature
instanceKlass sun/reflect/generics/tree/BaseType
instanceKlass sun/reflect/generics/tree/TypeSignature
instanceKlass sun/reflect/generics/tree/ReturnType
instanceKlass sun/reflect/generics/tree/TypeArgument
instanceKlass sun/reflect/generics/tree/TypeTree
instanceKlass sun/reflect/generics/tree/Tree
instanceKlass sun/reflect/generics/parser/SignatureParser
instanceKlass java/lang/annotation/Inherited
instanceKlass org/junit/platform/commons/util/AnnotationUtils
instanceKlass  @bci org/junit/jupiter/engine/discovery/MethodSelectorResolver resolve (Lorg/junit/platform/engine/discovery/MethodSelector;Lorg/junit/platform/engine/support/discovery/SelectorResolver$Context;)Lorg/junit/platform/engine/support/discovery/SelectorResolver$Resolution; 20 <appendix> argL0 ; # org/junit/jupiter/engine/discovery/MethodSelectorResolver$$Lambda+0x0000020701083c28
instanceKlass  @bci org/junit/jupiter/engine/discovery/MethodSelectorResolver resolve (Lorg/junit/platform/engine/discovery/MethodSelector;Lorg/junit/platform/engine/support/discovery/SelectorResolver$Context;)Lorg/junit/platform/engine/support/discovery/SelectorResolver$Resolution; 15 <appendix> member <vmtarget> ; # org/junit/jupiter/engine/discovery/MethodSelectorResolver$$Lambda+0x0000020701083a08
instanceKlass  @bci org/junit/platform/engine/discovery/MethodSelector lazyLoadJavaClass ()V 39 <appendix> member <vmtarget> ; # org/junit/platform/engine/discovery/MethodSelector$$Lambda+0x00000207010837c8
instanceKlass  @bci org/junit/platform/commons/function/Try call (Ljava/util/concurrent/Callable;)Lorg/junit/platform/commons/function/Try; 8 <appendix> member <vmtarget> ; # org/junit/platform/commons/function/Try$$Lambda+0x00000207010835a8
instanceKlass  @bci org/junit/platform/commons/util/ReflectionUtils tryToLoadClass (Ljava/lang/String;Ljava/lang/ClassLoader;)Lorg/junit/platform/commons/function/Try; 51 <appendix> member <vmtarget> ; # org/junit/platform/commons/util/ReflectionUtils$$Lambda+0x0000020701082ee8
instanceKlass java/util/concurrent/Callable
instanceKlass org/junit/platform/engine/discovery/FileSelector
instanceKlass org/junit/platform/engine/discovery/DirectorySelector
instanceKlass org/junit/platform/engine/discovery/NestedClassSelector
instanceKlass org/junit/platform/engine/discovery/IterationSelector
instanceKlass org/junit/platform/engine/discovery/ClassSelector
instanceKlass org/junit/platform/engine/discovery/ClasspathRootSelector
instanceKlass org/junit/platform/engine/discovery/ClasspathResourceSelector
instanceKlass  @bci org/junit/platform/engine/support/discovery/EngineDiscoveryRequestResolution resolve (Lorg/junit/platform/engine/DiscoverySelector;Ljava/util/function/Function;)Ljava/util/Optional; 15 <appendix> argL0 ; # org/junit/platform/engine/support/discovery/EngineDiscoveryRequestResolution$$Lambda+0x0000020701081dc8
instanceKlass  @bci org/junit/platform/engine/support/discovery/EngineDiscoveryRequestResolution resolve (Lorg/junit/platform/engine/DiscoverySelector;)Ljava/util/Optional; 50 <appendix> member <vmtarget> ; # org/junit/platform/engine/support/discovery/EngineDiscoveryRequestResolution$$Lambda+0x0000020701081b88
instanceKlass org/junit/platform/engine/support/discovery/SelectorResolver$Resolution
instanceKlass org/junit/platform/engine/discovery/UniqueIdSelector
instanceKlass  @bci java/util/ArrayDeque copyElements (Ljava/util/Collection;)V 2 <appendix> member <vmtarget> ; # java/util/ArrayDeque$$Lambda+0x0000020701076630
instanceKlass  @bci org/junit/platform/launcher/core/DefaultDiscoveryRequest getSelectorsByType (Ljava/lang/Class;)Ljava/util/List; 38 <appendix> member <vmtarget> ; # org/junit/platform/launcher/core/DefaultDiscoveryRequest$$Lambda+0x0000020701081518
instanceKlass  @bci org/junit/platform/launcher/core/DefaultDiscoveryRequest getSelectorsByType (Ljava/lang/Class;)Ljava/util/List; 22 <appendix> member <vmtarget> ; # org/junit/platform/launcher/core/DefaultDiscoveryRequest$$Lambda+0x00000207010812c8
instanceKlass  @bci org/junit/platform/engine/support/discovery/SelectorResolver$Match exact (Lorg/junit/platform/engine/TestDescriptor;)Lorg/junit/platform/engine/support/discovery/SelectorResolver$Match; 1 <appendix> argL0 ; # org/junit/platform/engine/support/discovery/SelectorResolver$Match$$Lambda+0x0000020701080c80
instanceKlass org/junit/platform/engine/support/discovery/SelectorResolver$Match
instanceKlass org/junit/platform/engine/support/discovery/EngineDiscoveryRequestResolution$DefaultContext
instanceKlass org/junit/platform/engine/support/discovery/SelectorResolver$Context
instanceKlass org/junit/platform/engine/support/discovery/EngineDiscoveryRequestResolution
instanceKlass  @bci org/junit/jupiter/engine/discovery/DiscoverySelectorResolver lambda$static$4 (Lorg/junit/platform/engine/support/discovery/EngineDiscoveryRequestResolver$InitializationContext;)Lorg/junit/platform/engine/TestDescriptor$Visitor; 0 <appendix> argL0 ; # org/junit/jupiter/engine/discovery/DiscoverySelectorResolver$$Lambda+0x00000207010801f8
instanceKlass  @cpi org/junit/platform/engine/support/hierarchical/SameThreadHierarchicalTestExecutorService 70 form vmentry <vmtarget> ; # java/lang/invoke/LambdaForm$DMH+0x0000020701084000
instanceKlass org/junit/jupiter/api/MethodOrdererContext
instanceKlass org/junit/jupiter/api/ClassOrdererContext
instanceKlass org/junit/jupiter/engine/discovery/AbstractOrderingVisitor
instanceKlass org/junit/jupiter/engine/discovery/MethodFinder
instanceKlass org/junit/jupiter/engine/discovery/MethodSelectorResolver
instanceKlass org/junit/jupiter/engine/discovery/ClassSelectorResolver
instanceKlass org/junit/platform/engine/support/discovery/ClassContainerSelectorResolver
instanceKlass  @bci org/junit/platform/engine/support/discovery/EngineDiscoveryRequestResolver instantiate (Ljava/util/List;Lorg/junit/platform/engine/support/discovery/EngineDiscoveryRequestResolver$InitializationContext;)Ljava/util/List; 17 <appendix> argL0 ; # org/junit/platform/engine/support/discovery/EngineDiscoveryRequestResolver$$Lambda+0x000002070103d000
instanceKlass  @bci org/junit/platform/engine/support/discovery/EngineDiscoveryRequestResolver instantiate (Ljava/util/List;Lorg/junit/platform/engine/support/discovery/EngineDiscoveryRequestResolver$InitializationContext;)Ljava/util/List; 7 <appendix> member <vmtarget> ; # org/junit/platform/engine/support/discovery/EngineDiscoveryRequestResolver$$Lambda+0x000002070103fc50
instanceKlass  @bci org/junit/platform/engine/CompositeFilter$1 toPredicate ()Ljava/util/function/Predicate; 0 <appendix> argL0 ; # org/junit/platform/engine/CompositeFilter$1$$Lambda+0x000002070103fa08
instanceKlass org/junit/platform/engine/CompositeFilter$1
instanceKlass org/junit/platform/engine/CompositeFilter
instanceKlass org/junit/platform/engine/discovery/PackageNameFilter
instanceKlass  @bci java/util/stream/Collectors toList ()Ljava/util/stream/Collector; 14 <appendix> argL0 ; # java/util/stream/Collectors$$Lambda+0x00000207010763f0
instanceKlass  @bci java/util/stream/Collectors toList ()Ljava/util/stream/Collector; 9 <appendix> argL0 ; # java/util/stream/Collectors$$Lambda+0x00000207010761c8
instanceKlass  @bci java/util/stream/Collectors toList ()Ljava/util/stream/Collector; 4 <appendix> argL0 ; # java/util/stream/Collectors$$Lambda+0x0000020701075fb0
instanceKlass  @bci org/junit/platform/launcher/core/DefaultDiscoveryRequest getFiltersByType (Ljava/lang/Class;)Ljava/util/List; 38 <appendix> member <vmtarget> ; # org/junit/platform/launcher/core/DefaultDiscoveryRequest$$Lambda+0x000002070103f168
instanceKlass  @bci org/junit/platform/launcher/core/DefaultDiscoveryRequest getFiltersByType (Ljava/lang/Class;)Ljava/util/List; 22 <appendix> member <vmtarget> ; # org/junit/platform/launcher/core/DefaultDiscoveryRequest$$Lambda+0x000002070103ef18
instanceKlass  @cpi org/springframework/beans/factory/config/ConstructorArgumentValues 332 form vmentry <vmtarget> ; # java/lang/invoke/LambdaForm$DMH+0x000002070103c400
instanceKlass org/junit/platform/engine/discovery/ClassNameFilter
instanceKlass org/junit/platform/engine/DiscoveryFilter
instanceKlass org/junit/platform/engine/support/discovery/EngineDiscoveryRequestResolver$DefaultInitializationContext
instanceKlass  @bci org/junit/jupiter/engine/discovery/DiscoverySelectorResolver <clinit> ()V 45 <appendix> argL0 ; # org/junit/jupiter/engine/discovery/DiscoverySelectorResolver$$Lambda+0x000002070103e6a8
instanceKlass  @bci org/junit/jupiter/engine/discovery/DiscoverySelectorResolver <clinit> ()V 37 <appendix> argL0 ; # org/junit/jupiter/engine/discovery/DiscoverySelectorResolver$$Lambda+0x000002070103e470
instanceKlass  @bci org/junit/jupiter/engine/discovery/DiscoverySelectorResolver <clinit> ()V 29 <appendix> argL0 ; # org/junit/jupiter/engine/discovery/DiscoverySelectorResolver$$Lambda+0x000002070103e238
instanceKlass  @bci org/junit/jupiter/engine/discovery/DiscoverySelectorResolver <clinit> ()V 21 <appendix> argL0 ; # org/junit/jupiter/engine/discovery/DiscoverySelectorResolver$$Lambda+0x000002070103e000
instanceKlass  @bci org/junit/jupiter/engine/discovery/DiscoverySelectorResolver <clinit> ()V 13 <appendix> argL0 ; # org/junit/jupiter/engine/discovery/DiscoverySelectorResolver$$Lambda+0x000002070103bd90
instanceKlass  @bci org/junit/platform/engine/support/discovery/EngineDiscoveryRequestResolver$Builder addClassContainerSelectorResolver (Ljava/util/function/Predicate;)Lorg/junit/platform/engine/support/discovery/EngineDiscoveryRequestResolver$Builder; 9 <appendix> member <vmtarget> ; # org/junit/platform/engine/support/discovery/EngineDiscoveryRequestResolver$Builder$$Lambda+0x000002070103bb50
instanceKlass org/junit/jupiter/engine/discovery/predicates/IsInnerClass
instanceKlass org/junit/jupiter/engine/discovery/predicates/IsNestedTestClass
instanceKlass org/junit/jupiter/engine/discovery/predicates/IsPotentialTestContainer
instanceKlass  @bci java/util/function/Predicate or (Ljava/util/function/Predicate;)Ljava/util/function/Predicate; 7 <appendix> member <vmtarget> ; # java/util/function/Predicate$$Lambda+0x0000020701075d60
instanceKlass  @cpi org/springframework/util/ReflectionUtils$MethodFilter 50 form vmentry <vmtarget> ; # java/lang/invoke/LambdaForm$DMH+0x000002070103c000
instanceKlass org/junit/jupiter/api/TestTemplate
instanceKlass org/junit/jupiter/api/TestFactory
instanceKlass org/junit/jupiter/api/Test
instanceKlass org/junit/jupiter/engine/discovery/predicates/IsTestableMethod
instanceKlass org/junit/jupiter/engine/discovery/predicates/IsTestClassWithTests
instanceKlass org/junit/platform/engine/support/discovery/EngineDiscoveryRequestResolver$Builder
instanceKlass org/junit/platform/engine/support/discovery/EngineDiscoveryRequestResolver$InitializationContext
instanceKlass org/junit/platform/engine/support/discovery/EngineDiscoveryRequestResolver
instanceKlass org/junit/platform/engine/TestDescriptor$Visitor
instanceKlass org/junit/platform/engine/support/discovery/SelectorResolver
instanceKlass org/junit/jupiter/engine/discovery/DiscoverySelectorResolver
instanceKlass org/junit/jupiter/api/extension/ExtensionContext
instanceKlass org/junit/jupiter/api/extension/ExecutableInvoker
instanceKlass org/junit/platform/engine/support/hierarchical/Node
instanceKlass org/junit/jupiter/api/io/TempDirFactory
instanceKlass org/junit/jupiter/api/ClassOrderer
instanceKlass org/junit/jupiter/api/MethodOrderer
instanceKlass org/junit/jupiter/api/DisplayNameGenerator
instanceKlass org/junit/jupiter/engine/config/InstantiatingConfigurationParameterConverter
instanceKlass org/junit/jupiter/engine/config/EnumConfigurationParameterConverter
instanceKlass org/junit/jupiter/engine/config/DefaultJupiterConfiguration
instanceKlass org/junit/jupiter/engine/config/CachingJupiterConfiguration
instanceKlass  @bci org/junit/platform/launcher/core/EngineDiscoveryOrchestrator discoverSafely (Lorg/junit/platform/launcher/LauncherDiscoveryRequest;Lorg/junit/platform/launcher/core/EngineDiscoveryOrchestrator$Phase;Lorg/junit/platform/launcher/LauncherDiscoveryListener;Ljava/util/function/Function;)Ljava/util/Map; 96 <appendix> member <vmtarget> ; # org/junit/platform/launcher/core/EngineDiscoveryOrchestrator$$Lambda+0x00000207010358f8
instanceKlass  @bci java/util/stream/MatchOps makeRef (Ljava/util/function/Predicate;Ljava/util/stream/MatchOps$MatchKind;)Ljava/util/stream/TerminalOp; 20 <appendix> member <vmtarget> ; # java/util/stream/MatchOps$$Lambda+0x0000020701075888
instanceKlass java/util/stream/MatchOps$BooleanTerminalSink
instanceKlass java/util/stream/MatchOps$MatchOp
instanceKlass java/util/stream/MatchOps
instanceKlass  @bci org/junit/platform/launcher/core/EngineFilterer isExcluded (Lorg/junit/platform/engine/TestEngine;)Z 20 <appendix> argL0 ; # org/junit/platform/launcher/core/EngineFilterer$$Lambda+0x00000207010356b0
instanceKlass  @cpi org/springframework/boot/env/OriginTrackedPropertiesLoader 259 form vmentry <vmtarget> ; # java/lang/invoke/LambdaForm$DMH+0x0000020701034400
instanceKlass  @bci org/junit/platform/launcher/core/EngineFilterer isExcluded (Lorg/junit/platform/engine/TestEngine;)Z 10 <appendix> member <vmtarget> ; # org/junit/platform/launcher/core/EngineFilterer$$Lambda+0x0000020701035470
instanceKlass org/junit/platform/engine/FilterResult
instanceKlass org/junit/platform/launcher/EngineFilter
instanceKlass org/junit/platform/launcher/core/EngineFilterer
instanceKlass  @bci org/junit/platform/launcher/core/EngineDiscoveryOrchestrator discover (Lorg/junit/platform/launcher/LauncherDiscoveryRequest;Lorg/junit/platform/launcher/core/EngineDiscoveryOrchestrator$Phase;)Lorg/junit/platform/launcher/core/LauncherDiscoveryResult; 3 <appendix> argL0 ; # org/junit/platform/launcher/core/EngineDiscoveryOrchestrator$$Lambda+0x0000020701037ae8
instanceKlass  @bci org/junit/platform/launcher/core/SessionPerRequestLauncher createSession ()Lorg/junit/platform/launcher/LauncherSession; 77 <appendix> member <vmtarget> ; # org/junit/platform/launcher/core/SessionPerRequestLauncher$$Lambda+0x0000020701037488
instanceKlass  @bci org/junit/platform/launcher/core/SessionPerRequestLauncher createSession ()Lorg/junit/platform/launcher/LauncherSession; 51 <appendix> member <vmtarget> ; # org/junit/platform/launcher/core/SessionPerRequestLauncher$$Lambda+0x0000020701037258
instanceKlass org/junit/platform/launcher/core/DelegatingLauncher
instanceKlass  @bci org/junit/platform/launcher/core/LauncherFactory registerTestExecutionListeners (Lorg/junit/platform/launcher/core/LauncherConfig;Lorg/junit/platform/launcher/Launcher;Lorg/junit/platform/launcher/core/LauncherConfigurationParameters;)V 41 <appendix> member <vmtarget> ; # org/junit/platform/launcher/core/LauncherFactory$$Lambda+0x0000020701036dc0
instanceKlass org/junit/platform/launcher/listeners/UniqueIdTrackingListener
instanceKlass java/util/stream/ForEachOps$ForEachOp
instanceKlass java/util/stream/ForEachOps
instanceKlass  @bci org/junit/platform/launcher/core/LauncherFactory registerTestExecutionListeners (Lorg/junit/platform/launcher/core/LauncherConfig;Lorg/junit/platform/launcher/Launcher;Lorg/junit/platform/launcher/core/LauncherConfigurationParameters;)V 19 <appendix> member <vmtarget> ; # org/junit/platform/launcher/core/LauncherFactory$$Lambda+0x0000020701036908
instanceKlass  @bci org/junit/platform/commons/util/ClassNamePatternFilterUtils excludeMatchingClasses (Ljava/lang/String;Ljava/util/function/Function;)Ljava/util/function/Predicate; 29 <appendix> argL0 ; # org/junit/platform/commons/util/ClassNamePatternFilterUtils$$Lambda+0x00000207010366c0
instanceKlass  @bci org/junit/platform/commons/util/ClassNamePatternFilterUtils excludeMatchingClasses (Ljava/lang/String;Ljava/util/function/Function;)Ljava/util/function/Predicate; 21 <appendix> member <vmtarget> ; # org/junit/platform/commons/util/ClassNamePatternFilterUtils$$Lambda+0x0000020701036480
instanceKlass  @bci org/junit/platform/commons/util/ClassNamePatternFilterUtils excludeMatchingClasses (Ljava/lang/String;Ljava/util/function/Function;)Ljava/util/function/Predicate; 12 <appendix> argL0 ; # org/junit/platform/commons/util/ClassNamePatternFilterUtils$$Lambda+0x0000020701036248
instanceKlass  @bci org/junit/platform/commons/util/ClassNamePatternFilterUtils excludeMatchingClasses (Ljava/lang/String;Ljava/util/function/Function;)Ljava/util/function/Predicate; 4 <appendix> argL0 ; # org/junit/platform/commons/util/ClassNamePatternFilterUtils$$Lambda+0x0000020701036000
instanceKlass  @bci org/junit/platform/commons/util/ClassNamePatternFilterUtils excludeMatchingClasses (Ljava/lang/String;)Ljava/util/function/Predicate; 1 <appendix> argL0 ; # org/junit/platform/commons/util/ClassNamePatternFilterUtils$$Lambda+0x0000020701033c30
instanceKlass org/junit/platform/commons/util/ClassNamePatternFilterUtils
instanceKlass  @bci org/junit/platform/launcher/core/LauncherFactory registerLauncherDiscoveryListeners (Lorg/junit/platform/launcher/core/LauncherConfig;Lorg/junit/platform/launcher/Launcher;)V 42 <appendix> member <vmtarget> ; # org/junit/platform/launcher/core/LauncherFactory$$Lambda+0x0000020701033800
instanceKlass  @bci org/junit/platform/launcher/core/LauncherFactory registerLauncherDiscoveryListeners (Lorg/junit/platform/launcher/core/LauncherConfig;Lorg/junit/platform/launcher/Launcher;)V 20 <appendix> member <vmtarget> ; # org/junit/platform/launcher/core/LauncherFactory$$Lambda+0x00000207010335d0
instanceKlass org/junit/platform/launcher/core/EngineIdValidator
instanceKlass org/junit/platform/launcher/core/EngineDiscoveryResultValidator
instanceKlass org/junit/platform/launcher/core/EngineDiscoveryOrchestrator
instanceKlass  @bci org/junit/platform/launcher/core/DefaultLauncher <init> (Ljava/lang/Iterable;Ljava/util/Collection;)V 56 <appendix> argL0 ; # org/junit/platform/launcher/core/DefaultLauncher$$Lambda+0x0000020701032d90
instanceKlass org/junit/platform/launcher/TestPlan$Visitor
instanceKlass org/junit/platform/engine/EngineExecutionListener
instanceKlass org/junit/platform/launcher/core/EngineExecutionOrchestrator
instanceKlass org/junit/platform/launcher/TestPlan
instanceKlass org/junit/platform/launcher/core/DefaultLauncher
instanceKlass  @bci org/junit/platform/launcher/core/LauncherFactory collectPostDiscoveryFilters (Lorg/junit/platform/launcher/core/LauncherConfig;)Ljava/util/List; 28 <appendix> member <vmtarget> ; # org/junit/platform/launcher/core/LauncherFactory$$Lambda+0x0000020701031de0
instanceKlass org/junit/platform/engine/support/hierarchical/EngineExecutionContext
instanceKlass org/junit/jupiter/engine/config/JupiterConfiguration
instanceKlass org/junit/platform/engine/support/hierarchical/HierarchicalTestExecutorService
instanceKlass org/junit/platform/engine/support/hierarchical/HierarchicalTestEngine
instanceKlass  @bci org/junit/platform/launcher/core/LauncherFactory collectTestEngines (Lorg/junit/platform/launcher/core/LauncherConfig;)Ljava/util/Set; 33 <appendix> member <vmtarget> ; # org/junit/platform/launcher/core/LauncherFactory$$Lambda+0x00000207010310c8
instanceKlass  @bci org/junit/platform/launcher/core/ServiceLoaderTestEngineRegistry loadTestEngines ()Ljava/lang/Iterable; 13 <appendix> member <vmtarget> ; # org/junit/platform/launcher/core/ServiceLoaderTestEngineRegistry$$Lambda+0x0000020701030ea8
instanceKlass org/junit/platform/engine/TestEngine
instanceKlass org/junit/platform/launcher/core/ServiceLoaderTestEngineRegistry
instanceKlass org/junit/platform/launcher/LauncherSessionListener$1
instanceKlass  @bci org/junit/platform/launcher/core/LauncherFactory createLauncherSessionListener (Lorg/junit/platform/launcher/core/LauncherConfig;)Lorg/junit/platform/launcher/LauncherSessionListener; 46 <appendix> member <vmtarget> ; # org/junit/platform/launcher/core/LauncherFactory$$Lambda+0x0000020701030650
instanceKlass jdk/internal/foreign/MemorySessionImpl
instanceKlass java/lang/foreign/MemorySegment$Scope
instanceKlass  @bci org/junit/platform/launcher/core/LauncherFactory createLauncherSessionListener (Lorg/junit/platform/launcher/core/LauncherConfig;)Lorg/junit/platform/launcher/LauncherSessionListener; 24 <appendix> member <vmtarget> ; # org/junit/platform/launcher/core/LauncherFactory$$Lambda+0x0000020701030420
instanceKlass  @cpi org/springframework/core/env/AbstractPropertyResolver 256 form vmentry <vmtarget> ; # java/lang/invoke/LambdaForm$DMH+0x0000020701034000
instanceKlass  @bci org/junit/platform/launcher/core/ServiceLoaderRegistry load (Ljava/lang/Class;)Ljava/lang/Iterable; 13 <appendix> member <vmtarget> ; # org/junit/platform/launcher/core/ServiceLoaderRegistry$$Lambda+0x0000020701030200
instanceKlass org/junit/platform/launcher/core/ServiceLoaderRegistry
instanceKlass  @bci org/junit/platform/launcher/core/ListenerRegistry forLauncherSessionListeners ()Lorg/junit/platform/launcher/core/ListenerRegistry; 0 <appendix> argL0 ; # org/junit/platform/launcher/core/ListenerRegistry$$Lambda+0x000002070102c400
instanceKlass org/junit/platform/launcher/listeners/session/LauncherSessionListeners
instanceKlass  @bci org/junit/platform/launcher/core/LauncherConfigurationParameters getBoolean (Ljava/lang/String;)Ljava/util/Optional; 5 <appendix> argL0 ; # org/junit/platform/launcher/core/LauncherConfigurationParameters$$Lambda+0x000002070102ca30
instanceKlass org/junit/platform/launcher/core/DefaultLauncherSession$1
instanceKlass org/junit/platform/launcher/LauncherInterceptor
instanceKlass org/junit/platform/launcher/core/DefaultLauncherSession
instanceKlass org/junit/platform/launcher/core/DefaultDiscoveryRequest
instanceKlass  @bci org/junit/platform/launcher/listeners/discovery/LauncherDiscoveryListeners fromConfigurationParameter (Ljava/lang/String;Ljava/lang/String;)Lorg/junit/platform/launcher/LauncherDiscoveryListener; 32 <appendix> member <vmtarget> ; # org/junit/platform/launcher/listeners/discovery/LauncherDiscoveryListeners$$Lambda+0x000002070102d490
instanceKlass org/junit/platform/launcher/LauncherDiscoveryListener$1
instanceKlass org/junit/platform/engine/EngineDiscoveryListener$1
instanceKlass org/junit/platform/launcher/listeners/discovery/AbortOnFailureLauncherDiscoveryListener
instanceKlass  @bci org/junit/platform/launcher/listeners/discovery/LauncherDiscoveryListeners fromConfigurationParameter (Ljava/lang/String;Ljava/lang/String;)Lorg/junit/platform/launcher/LauncherDiscoveryListener; 22 <appendix> argL0 ; # org/junit/platform/launcher/listeners/discovery/LauncherDiscoveryListeners$$Lambda+0x000002070102fa98
instanceKlass  @bci org/junit/platform/launcher/listeners/discovery/LauncherDiscoveryListeners fromConfigurationParameter (Ljava/lang/String;Ljava/lang/String;)Lorg/junit/platform/launcher/LauncherDiscoveryListener; 7 <appendix> member <vmtarget> ; # org/junit/platform/launcher/listeners/discovery/LauncherDiscoveryListeners$$Lambda+0x000002070102f848
instanceKlass  @bci org/junit/platform/launcher/listeners/discovery/LauncherDiscoveryListeners$LauncherDiscoveryListenerType <clinit> ()V 29 <appendix> argL0 ; # org/junit/platform/launcher/listeners/discovery/LauncherDiscoveryListeners$LauncherDiscoveryListenerType$$Lambda+0x000002070102f440
instanceKlass  @bci org/junit/platform/launcher/listeners/discovery/LauncherDiscoveryListeners$LauncherDiscoveryListenerType <clinit> ()V 9 <appendix> argL0 ; # org/junit/platform/launcher/listeners/discovery/LauncherDiscoveryListeners$LauncherDiscoveryListenerType$$Lambda+0x000002070102f228
instanceKlass  @bci org/junit/platform/launcher/core/LauncherConfigurationParameters getProperty (Ljava/lang/String;)Ljava/lang/String; 27 <appendix> argL0 ; # org/junit/platform/launcher/core/LauncherConfigurationParameters$$Lambda+0x000002070102eda0
instanceKlass  @bci org/junit/platform/launcher/core/LauncherConfigurationParameters getProperty (Ljava/lang/String;)Ljava/lang/String; 17 <appendix> member <vmtarget> ; # org/junit/platform/launcher/core/LauncherConfigurationParameters$$Lambda+0x000002070102eb60
instanceKlass  @bci org/junit/platform/commons/util/Preconditions containsNoNullElements (Ljava/util/Collection;Ljava/lang/String;)Ljava/util/Collection; 6 <appendix> member <vmtarget> ; # org/junit/platform/commons/util/Preconditions$$Lambda+0x000002070102e930
instanceKlass  @bci org/junit/platform/commons/util/ReflectionUtils toSortedMutableList ([Ljava/lang/reflect/Method;)Ljava/util/List; 14 <appendix> argL0 ; # org/junit/platform/commons/util/ReflectionUtils$$Lambda+0x000002070102e528
instanceKlass java/util/stream/SortedOps
instanceKlass  @bci org/junit/platform/commons/util/ReflectionUtils toSortedMutableList ([Ljava/lang/reflect/Method;)Ljava/util/List; 4 <appendix> argL0 ; # org/junit/platform/commons/util/ReflectionUtils$$Lambda+0x000002070102e298
instanceKlass africa/semicolon/wallet/domain/models/User
instanceKlass  @bci java/util/stream/Collectors toCollection (Ljava/util/function/Supplier;)Ljava/util/stream/Collector; 10 <appendix> argL0 ; # java/util/stream/Collectors$$Lambda+0x0000020701073540
instanceKlass  @bci java/util/stream/Collectors toCollection (Ljava/util/function/Supplier;)Ljava/util/stream/Collector; 5 <appendix> argL0 ; # java/util/stream/Collectors$$Lambda+0x0000020701073318
instanceKlass  @bci org/junit/platform/commons/util/ReflectionUtils getDefaultMethods (Ljava/lang/Class;)Ljava/util/List; 17 <appendix> argL0 ; # org/junit/platform/commons/util/ReflectionUtils$$Lambda+0x000002070102bc58
instanceKlass  @bci org/junit/platform/commons/util/ReflectionUtils getDefaultMethods (Ljava/lang/Class;)Ljava/util/List; 7 <appendix> argL0 ; # org/junit/platform/commons/util/ReflectionUtils$$Lambda+0x000002070102ba10
instanceKlass java/lang/PublicMethods
instanceKlass  @bci org/junit/platform/commons/util/ReflectionUtils findMethod (Ljava/lang/Class;Ljava/lang/String;[Ljava/lang/Class;)Ljava/util/Optional; 34 <appendix> member <vmtarget> ; # org/junit/platform/commons/util/ReflectionUtils$$Lambda+0x000002070102aa30
instanceKlass  @cpi org/junit/platform/commons/util/ReflectionUtils 1555 form vmentry <vmtarget> ; # java/lang/invoke/LambdaForm$DMH+0x000002070102c000
instanceKlass  @bci org/junit/platform/commons/util/Preconditions containsNoNullElements ([Ljava/lang/Object;Ljava/lang/String;)[Ljava/lang/Object; 9 <appendix> member <vmtarget> ; # org/junit/platform/commons/util/Preconditions$$Lambda+0x000002070102a800
instanceKlass org/junit/platform/commons/support/ReflectionSupport
instanceKlass ch/qos/logback/classic/util/LoggerNameUtil
instanceKlass org/slf4j/helpers/Reporter
instanceKlass ch/qos/logback/classic/util/LogbackMDCAdapter
instanceKlass ch/qos/logback/core/util/StatusPrinter2
instanceKlass ch/qos/logback/core/util/StatusPrinter
instanceKlass ch/qos/logback/core/status/StatusUtil
instanceKlass ch/qos/logback/core/spi/AppenderAttachableImpl
instanceKlass ch/qos/logback/core/pattern/Converter
instanceKlass java/util/concurrent/atomic/AtomicReference
instanceKlass ch/qos/logback/core/util/CachingDateFormatter$CacheTuple
instanceKlass  @bci java/time/format/DateTimeFormatter <clinit> ()V 1075 <appendix> argL0 ; # java/time/format/DateTimeFormatter$$Lambda+0x800000010
instanceKlass  @bci java/time/format/DateTimeFormatter <clinit> ()V 1067 <appendix> argL0 ; # java/time/format/DateTimeFormatter$$Lambda+0x80000000f
instanceKlass java/time/Period
instanceKlass java/time/chrono/ChronoPeriod
instanceKlass java/time/format/DateTimeFormatterBuilder$TextPrinterParser
instanceKlass java/time/format/DateTimeTextProvider$1
instanceKlass java/time/format/DateTimeTextProvider
instanceKlass java/util/Collections$1
instanceKlass java/util/AbstractMap$SimpleImmutableEntry
instanceKlass java/time/format/DateTimeTextProvider$LocaleStore
instanceKlass java/time/format/DateTimeFormatterBuilder$InstantPrinterParser
instanceKlass java/time/format/DateTimeFormatterBuilder$StringLiteralPrinterParser
instanceKlass java/time/format/DateTimeFormatterBuilder$ZoneIdPrinterParser
instanceKlass java/time/format/DateTimeFormatterBuilder$OffsetIdPrinterParser
instanceKlass java/time/format/DecimalStyle
instanceKlass java/time/format/DateTimeFormatterBuilder$CompositePrinterParser
instanceKlass java/time/format/DateTimeFormatterBuilder$CharLiteralPrinterParser
instanceKlass java/time/format/DateTimeFormatterBuilder$NumberPrinterParser
instanceKlass java/time/format/DateTimeFormatterBuilder$DateTimePrinterParser
instanceKlass java/time/temporal/JulianFields
instanceKlass java/time/temporal/IsoFields
instanceKlass  @bci java/time/format/DateTimeFormatterBuilder <clinit> ()V 0 <appendix> argL0 ; # java/time/format/DateTimeFormatterBuilder$$Lambda+0x800000011
instanceKlass java/time/temporal/TemporalQuery
instanceKlass java/time/format/DateTimeFormatterBuilder
instanceKlass java/time/format/DateTimeFormatter
instanceKlass ch/qos/logback/core/util/CachingDateFormatter
instanceKlass java/util/concurrent/atomic/AtomicBoolean
instanceKlass ch/qos/logback/core/util/COWArrayList
instanceKlass ch/qos/logback/core/spi/FilterAttachableImpl
instanceKlass ch/qos/logback/core/Appender
instanceKlass ch/qos/logback/core/spi/FilterAttachable
instanceKlass ch/qos/logback/core/encoder/Encoder
instanceKlass ch/qos/logback/core/Layout
instanceKlass  @bci org/hibernate/validator/internal/xml/config/ResourceLoaderHelper getResettableInputStreamForPath (Ljava/lang/String;Ljava/lang/ClassLoader;)Ljava/io/InputStream; 67 <appendix> form vmentry <vmtarget> ; # java/lang/invoke/LambdaForm$MH+0x0000020701023c00
# instanceKlass java/lang/invoke/LambdaForm$MH+0x0000020701023800
instanceKlass  @bci org/hibernate/validator/internal/xml/config/ResourceLoaderHelper getResettableInputStreamForPath (Ljava/lang/String;Ljava/lang/ClassLoader;)Ljava/io/InputStream; 67 <appendix> argL3 form vmentry <vmtarget> ; # java/lang/invoke/LambdaForm$MH+0x0000020701023400
# instanceKlass java/lang/invoke/LambdaForm$MH+0x0000020701023000
instanceKlass  @bci jakarta/el/ExpressionFactory <clinit> ()V 68 <appendix> argL2 form vmentry <vmtarget> ; # java/lang/invoke/LambdaForm$MH+0x0000020701022c00
# instanceKlass java/lang/invoke/LambdaForm$MH+0x0000020701022800
# instanceKlass java/lang/invoke/LambdaForm$MH+0x0000020701022400
instanceKlass  @bci ch/qos/logback/classic/util/ContextInitializer printDuration (JLch/qos/logback/classic/spi/Configurator;Lch/qos/logback/classic/spi/Configurator$ExecutionStatus;)V 31 <adapter> ; # java/lang/invoke/LambdaForm$MH+0x0000020701022000
# instanceKlass java/lang/invoke/LambdaForm$DMH+0x0000020701021c00
instanceKlass  @bci ch/qos/logback/classic/util/ContextInitializer printDuration (JLch/qos/logback/classic/spi/Configurator;Lch/qos/logback/classic/spi/Configurator$ExecutionStatus;)V 31 <appendix> form vmentry <vmtarget> ; # java/lang/invoke/LambdaForm$MH+0x0000020701021800
# instanceKlass java/lang/invoke/LambdaForm$MH+0x0000020701021400
instanceKlass  @bci ch/qos/logback/classic/util/ContextInitializer printDuration (JLch/qos/logback/classic/spi/Configurator;Lch/qos/logback/classic/spi/Configurator$ExecutionStatus;)V 31 <appendix> form names 8 function resolvedHandle form vmentry <vmtarget> ; # java/lang/invoke/LambdaForm$DMH+0x0000020701021000
instanceKlass  @bci ch/qos/logback/classic/util/ContextInitializer printDuration (JLch/qos/logback/classic/spi/Configurator;Lch/qos/logback/classic/spi/Configurator$ExecutionStatus;)V 31 <appendix> argL3 form vmentry <vmtarget> ; # java/lang/invoke/LambdaForm$MH+0x0000020701020c00
instanceKlass java/lang/invoke/MethodHandles$1
# instanceKlass java/lang/invoke/LambdaForm$MH+0x0000020701020800
# instanceKlass java/lang/invoke/LambdaForm$MH+0x0000020701020400
# instanceKlass java/lang/invoke/LambdaForm$MH+0x0000020701020000
# instanceKlass java/lang/invoke/LambdaForm$MH+0x000002070101fc00
# instanceKlass java/lang/invoke/LambdaForm$MH+0x000002070101f800
# instanceKlass java/lang/invoke/LambdaForm$MH+0x000002070101f400
instanceKlass  @bci ch/qos/logback/classic/util/ContextInitializer printDuration (JLch/qos/logback/classic/spi/Configurator;Lch/qos/logback/classic/spi/Configurator$ExecutionStatus;)V 31 <appendix> form names 12 function resolvedHandle form vmentry <vmtarget> ; # java/lang/invoke/LambdaForm$DMH+0x000002070101f000
instanceKlass  @bci ch/qos/logback/classic/util/ContextInitializer printDuration (JLch/qos/logback/classic/spi/Configurator;Lch/qos/logback/classic/spi/Configurator$ExecutionStatus;)V 31 <appendix> argL1 form vmentry <vmtarget> ; # java/lang/invoke/LambdaForm$MH+0x000002070101ec00
# instanceKlass java/lang/invoke/LambdaForm$MH+0x000002070101e800
instanceKlass  @bci ch/qos/logback/classic/util/ContextInitializer printDuration (JLch/qos/logback/classic/spi/Configurator;Lch/qos/logback/classic/spi/Configurator$ExecutionStatus;)V 31 <appendix> argL1 form names 9 function resolvedHandle form vmentry <vmtarget> ; # java/lang/invoke/LambdaForm$DMH+0x000002070101e400
instanceKlass  @bci ch/qos/logback/classic/util/ContextInitializer printDuration (JLch/qos/logback/classic/spi/Configurator;Lch/qos/logback/classic/spi/Configurator$ExecutionStatus;)V 31 <appendix> argL1 argL0 form vmentry <vmtarget> ; # java/lang/invoke/LambdaForm$MH+0x000002070101e000
instanceKlass  @bci ch/qos/logback/classic/util/ContextInitializer printDuration (JLch/qos/logback/classic/spi/Configurator;Lch/qos/logback/classic/spi/Configurator$ExecutionStatus;)V 31 <appendix> argL1 argL0 argL1 form vmentry <vmtarget> ; # java/lang/invoke/LambdaForm$MH+0x000002070101dc00
# instanceKlass java/lang/invoke/LambdaForm$MH+0x000002070101d800
instanceKlass  @bci org/springframework/boot/autoconfigure/condition/ConditionMessage$Builder because (Ljava/lang/String;)Lorg/springframework/boot/autoconfigure/condition/ConditionMessage; 30 <appendix> argL1 argL0 form vmentry <vmtarget> ; # java/lang/invoke/LambdaForm$MH+0x000002070101d400
# instanceKlass java/lang/invoke/LambdaForm$MH+0x000002070101d000
# instanceKlass java/lang/invoke/LambdaForm$MH+0x000002070101cc00
# instanceKlass java/lang/invoke/LambdaForm$MH+0x000002070101c800
# instanceKlass java/lang/invoke/LambdaForm$MH+0x000002070101c400
instanceKlass ch/qos/logback/core/spi/ContextAwareBase
instanceKlass ch/qos/logback/classic/util/ClassicEnvUtil
instanceKlass ch/qos/logback/core/status/StatusListener
instanceKlass ch/qos/logback/core/util/StatusListenerConfigHelper
instanceKlass ch/qos/logback/core/status/StatusBase
instanceKlass ch/qos/logback/core/util/EnvUtil
instanceKlass java/security/PermissionsEnumerator
instanceKlass  @bci java/io/FilePermissionCollection add (Ljava/security/Permission;)V 68 <appendix> argL0 ; # java/io/FilePermissionCollection$$Lambda+0x0000020701070df8
instanceKlass  @bci java/util/PropertyPermissionCollection add (Ljava/security/Permission;)V 71 <appendix> member <vmtarget> ; # java/util/PropertyPermissionCollection$$Lambda+0x0000020701070990
instanceKlass  @bci java/net/SocketPermissionCollection add (Ljava/security/Permission;)V 69 <appendix> member <vmtarget> ; # java/net/SocketPermissionCollection$$Lambda+0x0000020701070528
instanceKlass sun/security/provider/PolicyFile$8
instanceKlass sun/security/provider/PolicyFile$6
instanceKlass sun/security/util/PolicyUtil
instanceKlass sun/security/provider/PolicyFile$4
instanceKlass java/io/FilePermission$1
instanceKlass jdk/internal/access/JavaIOFilePermissionAccess
instanceKlass java/net/HostPortrange
instanceKlass java/net/URLPermission$Authority
# instanceKlass java/lang/invoke/LambdaForm$MH+0x000002070101c000
instanceKlass java/lang/invoke/LambdaFormEditor$1
instanceKlass sun/security/util/SecurityConstants
instanceKlass sun/security/provider/PolicyFile$PolicyEntry
instanceKlass java/util/Vector$1
instanceKlass sun/security/util/PropertyExpander
instanceKlass sun/security/provider/PolicyParser$PermissionEntry
instanceKlass sun/security/provider/PolicyParser$GrantEntry
instanceKlass sun/nio/ch/IOStatus
instanceKlass java/io/StreamTokenizer
instanceKlass sun/security/provider/PolicyParser
instanceKlass java/nio/channels/NetworkChannel
instanceKlass sun/nio/ch/SelChImpl
instanceKlass sun/nio/ch/Streams
instanceKlass java/nio/channels/Channels
instanceKlass sun/nio/ch/FileChannelImpl$Closer
instanceKlass sun/nio/ch/NativeThreadSet
instanceKlass java/nio/channels/spi/AbstractInterruptibleChannel
instanceKlass java/nio/channels/InterruptibleChannel
instanceKlass java/nio/channels/ScatteringByteChannel
instanceKlass java/nio/channels/GatheringByteChannel
instanceKlass java/nio/channels/SeekableByteChannel
instanceKlass java/nio/channels/ByteChannel
instanceKlass java/nio/channels/WritableByteChannel
instanceKlass java/nio/channels/ReadableByteChannel
instanceKlass java/nio/channels/Channel
instanceKlass sun/nio/fs/WindowsChannelFactory$Flags
instanceKlass sun/nio/fs/WindowsChannelFactory$1
instanceKlass sun/nio/fs/WindowsChannelFactory
instanceKlass sun/nio/fs/WindowsSecurityDescriptor
instanceKlass java/nio/file/attribute/FileAttribute
instanceKlass sun/security/provider/PolicyFile$2
instanceKlass java/security/ProtectionDomain$JavaSecurityAccessImpl$1
instanceKlass jdk/internal/access/JavaSecurityAccess$ProtectionDomainCache
instanceKlass sun/security/provider/PolicyFile$PolicyInfo
instanceKlass sun/security/provider/PolicyFile$1
instanceKlass java/security/Policy$1
instanceKlass java/security/Policy$PolicyInfo
instanceKlass java/security/Policy
instanceKlass ch/qos/logback/core/util/Loader$1
instanceKlass ch/qos/logback/core/util/OptionHelper
instanceKlass ch/qos/logback/core/util/Loader
instanceKlass ch/qos/logback/classic/spi/Configurator
instanceKlass ch/qos/logback/core/spi/ContextAwareImpl
instanceKlass ch/qos/logback/classic/util/ContextInitializer$1
instanceKlass ch/qos/logback/core/spi/ContextAware
instanceKlass ch/qos/logback/classic/util/ContextInitializer
instanceKlass ch/qos/logback/classic/Level
instanceKlass ch/qos/logback/classic/spi/ILoggingEvent
instanceKlass ch/qos/logback/core/spi/DeferredProcessingAware
instanceKlass org/slf4j/spi/LoggingEventBuilder
instanceKlass ch/qos/logback/classic/Logger
instanceKlass ch/qos/logback/core/spi/AppenderAttachable
instanceKlass org/slf4j/spi/LoggingEventAware
instanceKlass org/slf4j/spi/LocationAwareLogger
instanceKlass ch/qos/logback/classic/spi/LoggerContextVO
instanceKlass ch/qos/logback/core/spi/LogbackLock
instanceKlass ch/qos/logback/core/helpers/CyclicBuffer
instanceKlass ch/qos/logback/core/BasicStatusManager
instanceKlass java/util/concurrent/ExecutorService
instanceKlass java/util/concurrent/Executor
instanceKlass ch/qos/logback/core/status/Status
instanceKlass ch/qos/logback/core/status/StatusManager
instanceKlass ch/qos/logback/core/ContextBase
instanceKlass ch/qos/logback/core/spi/LifeCycle
instanceKlass ch/qos/logback/core/Context
instanceKlass ch/qos/logback/core/spi/PropertyContainer
instanceKlass ch/qos/logback/classic/spi/LogbackServiceProvider
instanceKlass java/util/LinkedHashMap$LinkedHashIterator
instanceKlass sun/net/www/MessageHeader
instanceKlass sun/net/www/protocol/jar/JarFileFactory
instanceKlass sun/net/www/protocol/jar/URLJarFile$URLJarFileCloseController
instanceKlass java/net/URLConnection
instanceKlass org/slf4j/helpers/Util
instanceKlass org/slf4j/helpers/NOPMDCAdapter
instanceKlass org/slf4j/helpers/NOPLoggerFactory
instanceKlass org/slf4j/helpers/NOP_FallbackServiceProvider
instanceKlass org/slf4j/helpers/ThreadLocalMapOfStacks
instanceKlass org/slf4j/helpers/BasicMDCAdapter
instanceKlass org/slf4j/Marker
instanceKlass org/slf4j/helpers/BasicMarkerFactory
instanceKlass java/util/concurrent/LinkedBlockingQueue$Node
instanceKlass java/util/concurrent/BlockingQueue
instanceKlass org/slf4j/Logger
instanceKlass org/slf4j/helpers/SubstituteLoggerFactory
instanceKlass org/slf4j/ILoggerFactory
instanceKlass org/slf4j/spi/MDCAdapter
instanceKlass org/slf4j/IMarkerFactory
instanceKlass org/slf4j/helpers/SubstituteServiceProvider
instanceKlass org/slf4j/event/LoggingEvent
instanceKlass org/slf4j/spi/SLF4JServiceProvider
instanceKlass org/slf4j/LoggerFactory
instanceKlass africa/semicolon/wallet/userService/UserServiceTest
instanceKlass org/junit/platform/engine/discovery/MethodSelector
instanceKlass  @bci org/junit/platform/commons/util/ReflectionUtils parseFullyQualifiedMethodName (Ljava/lang/String;)[Ljava/lang/String; 37 <appendix> member <vmtarget> ; # org/junit/platform/commons/util/ReflectionUtils$$Lambda+0x0000020701014458
instanceKlass  @bci org/junit/platform/commons/util/ReflectionUtils <clinit> ()V 433 <appendix> member <vmtarget> ; # org/junit/platform/commons/util/ReflectionUtils$$Lambda+0x0000020701014228
instanceKlass  @cpi org/springframework/boot/logging/LoggingSystemProperties 350 form vmentry <vmtarget> ; # java/lang/invoke/LambdaForm$DMH+0x0000020701010400
instanceKlass  @bci org/junit/platform/commons/util/ReflectionUtils <clinit> ()V 51 <appendix> argL0 ; # org/junit/platform/commons/util/ReflectionUtils$$Lambda+0x0000020701014000
instanceKlass  @cpi org/springframework/http/converter/xml/Jaxb2RootElementHttpMessageConverter 327 form vmentry <vmtarget> ; # java/lang/invoke/LambdaForm$DMH+0x0000020701010000
instanceKlass org/junit/platform/commons/function/Try
instanceKlass  @bci org/junit/platform/commons/util/ReflectionUtils <clinit> ()V 46 <appendix> argL0 ; # org/junit/platform/commons/util/ReflectionUtils$$Lambda+0x0000020701009c18
instanceKlass java/nio/file/FileVisitor
instanceKlass org/junit/platform/commons/util/ClasspathScanner
instanceKlass  @bci java/util/regex/Pattern negate (Ljava/util/regex/Pattern$CharPredicate;)Ljava/util/regex/Pattern$CharPredicate; 1 <appendix> member <vmtarget> ; # java/util/regex/Pattern$$Lambda+0x800000032
instanceKlass  @bci java/util/regex/Pattern DOT ()Ljava/util/regex/Pattern$CharPredicate; 0 <appendix> argL0 ; # java/util/regex/Pattern$$Lambda+0x000002070105e368
instanceKlass org/junit/platform/commons/util/ReflectionUtils
instanceKlass org/junit/platform/engine/discovery/DiscoverySelectors
instanceKlass org/junit/platform/launcher/LauncherDiscoveryRequest
instanceKlass org/junit/platform/engine/EngineDiscoveryRequest
instanceKlass org/junit/platform/launcher/core/LauncherDiscoveryRequestBuilder
instanceKlass org/junit/platform/launcher/PostDiscoveryFilter
instanceKlass org/junit/platform/engine/Filter
instanceKlass org/junit/platform/engine/DiscoverySelector
instanceKlass com/intellij/junit5/JUnit5TestRunnerUtil
instanceKlass com/intellij/rt/execution/junit/TestsRepeater
instanceKlass com/intellij/rt/junit/IdeaTestRunner$Repeater$1
instanceKlass  @bci org/junit/platform/launcher/core/ListenerRegistry forTestExecutionListeners ()Lorg/junit/platform/launcher/core/ListenerRegistry; 0 <appendix> argL0 ; # org/junit/platform/launcher/core/ListenerRegistry$$Lambda+0x000002070100a8b0
instanceKlass org/junit/platform/launcher/core/CompositeTestExecutionListener
instanceKlass  @bci org/junit/platform/launcher/core/ListenerRegistry forLauncherDiscoveryListeners ()Lorg/junit/platform/launcher/core/ListenerRegistry; 0 <appendix> argL0 ; # org/junit/platform/launcher/core/ListenerRegistry$$Lambda+0x000002070100a3f0
instanceKlass org/junit/platform/launcher/LauncherDiscoveryListener
instanceKlass org/junit/platform/engine/EngineDiscoveryListener
instanceKlass org/junit/platform/launcher/listeners/discovery/LauncherDiscoveryListeners
instanceKlass org/junit/platform/launcher/core/ListenerRegistry
instanceKlass org/junit/platform/launcher/core/LauncherListenerRegistry
instanceKlass  @bci org/junit/platform/launcher/core/LauncherFactory create (Lorg/junit/platform/launcher/core/LauncherConfig;)Lorg/junit/platform/launcher/Launcher; 32 <appendix> member <vmtarget> ; # org/junit/platform/launcher/core/LauncherFactory$$Lambda+0x000002070100f5e8
instanceKlass  @bci org/junit/platform/launcher/core/LauncherFactory create (Lorg/junit/platform/launcher/core/LauncherConfig;)Lorg/junit/platform/launcher/Launcher; 26 <appendix> member <vmtarget> ; # org/junit/platform/launcher/core/LauncherFactory$$Lambda+0x000002070100f3c8
instanceKlass org/junit/platform/launcher/LauncherSessionListener
instanceKlass  @bci org/junit/platform/launcher/core/LauncherFactory create (Lorg/junit/platform/launcher/core/LauncherConfig;)Lorg/junit/platform/launcher/Launcher; 20 <appendix> member <vmtarget> ; # org/junit/platform/launcher/core/LauncherFactory$$Lambda+0x000002070100efb0
instanceKlass org/junit/platform/launcher/core/SessionPerRequestLauncher
instanceKlass org/junit/platform/launcher/core/LauncherConfigurationParameters$ParameterProvider$3
instanceKlass org/junit/platform/commons/util/ClassLoaderUtils
instanceKlass org/junit/platform/launcher/core/LauncherConfigurationParameters$ParameterProvider$2
instanceKlass org/junit/platform/launcher/core/LauncherConfigurationParameters$ParameterProvider
instanceKlass org/junit/platform/launcher/core/LauncherConfigurationParameters$Builder
instanceKlass jdk/internal/logger/DefaultLoggerFinder$1
instanceKlass java/util/logging/Logger$SystemLoggerHelper$1
instanceKlass java/util/logging/Logger$SystemLoggerHelper
instanceKlass java/util/logging/LogManager$4
instanceKlass jdk/internal/logger/BootstrapLogger$BootstrapExecutors
instanceKlass jdk/internal/logger/BootstrapLogger$RedirectedLoggers
instanceKlass jdk/internal/logger/BootstrapLogger$DetectBackend$1
instanceKlass jdk/internal/logger/BootstrapLogger$DetectBackend
instanceKlass jdk/internal/logger/BootstrapLogger
instanceKlass sun/util/logging/PlatformLogger$ConfigurableBridge
instanceKlass sun/util/logging/PlatformLogger$Bridge
instanceKlass java/lang/System$Logger
instanceKlass java/util/stream/Streams
instanceKlass java/util/stream/Stream$Builder
instanceKlass java/util/stream/Streams$AbstractStreamBuilderImpl
instanceKlass  @bci java/util/logging/Level$KnownLevel findByName (Ljava/lang/String;Ljava/util/function/Function;)Ljava/util/Optional; 29 <appendix> argL0 ; # java/util/logging/Level$KnownLevel$$Lambda+0x800000025
instanceKlass java/util/ArrayList$ArrayListSpliterator
instanceKlass  @bci java/util/logging/Level findLevel (Ljava/lang/String;)Ljava/util/logging/Level; 13 <appendix> argL0 ; # java/util/logging/Level$$Lambda+0x800000013
instanceKlass java/util/Hashtable$Enumerator
instanceKlass java/util/Collections$3
instanceKlass java/util/logging/LogManager$LoggerContext$1
instanceKlass java/util/logging/LogManager$VisitedLoggers
instanceKlass  @bci org/springframework/context/annotation/ConfigurationClassPostProcessor <clinit> ()V 11 <appendix> form vmentry <vmtarget> ; # java/lang/invoke/LambdaForm$MH+0x0000020701009000
instanceKlass java/util/logging/LogManager$2
instanceKlass java/lang/System$LoggerFinder
instanceKlass java/security/Security$1
instanceKlass jdk/internal/access/JavaSecurityPropertiesAccess
instanceKlass  @bci java/security/Security <clinit> ()V 9 <appendix> argL0 ; # java/security/Security$$Lambda+0x80000000b
instanceKlass java/security/Security
instanceKlass sun/security/util/SecurityProperties
instanceKlass sun/security/util/FilePermCompat
instanceKlass java/util/logging/LogManager$LoggingProviderAccess
instanceKlass sun/util/logging/internal/LoggingProviderImpl$LogManagerAccess
instanceKlass java/lang/Shutdown$Lock
instanceKlass java/lang/Shutdown
instanceKlass java/lang/ApplicationShutdownHooks$1
instanceKlass java/lang/ApplicationShutdownHooks
instanceKlass java/util/Collections$SynchronizedMap
instanceKlass java/util/logging/LogManager$LogNode
instanceKlass java/util/logging/LogManager$LoggerContext
instanceKlass java/util/logging/LogManager$1
instanceKlass java/util/logging/LogManager
instanceKlass java/util/logging/Logger$ConfigurationData
instanceKlass java/util/logging/Logger$LoggerBundle
instanceKlass  @bci java/util/logging/Level$KnownLevel add (Ljava/util/logging/Level;)V 49 <appendix> argL0 ; # java/util/logging/Level$KnownLevel$$Lambda+0x800000024
instanceKlass  @bci java/util/logging/Level$KnownLevel add (Ljava/util/logging/Level;)V 19 <appendix> argL0 ; # java/util/logging/Level$KnownLevel$$Lambda+0x800000023
instanceKlass java/util/logging/Level
instanceKlass java/util/logging/Handler
instanceKlass java/util/logging/Logger
instanceKlass org/junit/platform/commons/logging/LoggerFactory$DelegatingLogger
instanceKlass org/junit/platform/commons/logging/Logger
instanceKlass org/junit/platform/commons/logging/LoggerFactory
instanceKlass org/junit/platform/launcher/core/LauncherConfigurationParameters
instanceKlass org/junit/platform/launcher/core/DefaultLauncherConfig
instanceKlass org/junit/platform/launcher/core/LauncherConfig$Builder
instanceKlass org/junit/platform/launcher/core/LauncherConfig
instanceKlass org/junit/platform/engine/ConfigurationParameters
instanceKlass org/junit/platform/launcher/LauncherSession
instanceKlass org/junit/platform/launcher/Launcher
instanceKlass org/junit/platform/launcher/core/LauncherFactory
instanceKlass com/intellij/junit5/JUnit5TestExecutionListener
instanceKlass org/junit/platform/launcher/TestExecutionListener
instanceKlass com/intellij/rt/execution/junit/TestsRepeater$TestRun
instanceKlass com/intellij/rt/junit/IdeaTestRunner$Repeater
instanceKlass  @bci org/junit/platform/launcher/TestIdentifier from (Lorg/junit/platform/engine/TestDescriptor;)Lorg/junit/platform/launcher/TestIdentifier; 57 <appendix> argL0 ; # org/junit/platform/launcher/TestIdentifier$$Lambda+0x000002070100c000
instanceKlass  @cpi java/io/Console 246 form vmentry <vmtarget> ; # java/lang/invoke/LambdaForm$DMH+0x0000020701008c00
instanceKlass java/io/ObjectStreamClass$FieldReflector
instanceKlass java/io/ObjectStreamClass$FieldReflectorKey
instanceKlass  @bci java/util/stream/Collectors joining (Ljava/lang/CharSequence;Ljava/lang/CharSequence;Ljava/lang/CharSequence;)Ljava/util/stream/Collector; 22 <appendix> argL0 ; # java/util/stream/Collectors$$Lambda+0x800000044
instanceKlass  @bci java/util/stream/Collectors joining (Ljava/lang/CharSequence;Ljava/lang/CharSequence;Ljava/lang/CharSequence;)Ljava/util/stream/Collector; 17 <appendix> argL0 ; # java/util/stream/Collectors$$Lambda+0x800000042
instanceKlass  @bci java/util/stream/Collectors joining (Ljava/lang/CharSequence;Ljava/lang/CharSequence;Ljava/lang/CharSequence;)Ljava/util/stream/Collector; 12 <appendix> argL0 ; # java/util/stream/Collectors$$Lambda+0x80000003f
instanceKlass  @bci java/util/stream/Collectors joining (Ljava/lang/CharSequence;Ljava/lang/CharSequence;Ljava/lang/CharSequence;)Ljava/util/stream/Collector; 7 <appendix> member <vmtarget> ; # java/util/stream/Collectors$$Lambda+0x800000047
instanceKlass java/util/StringJoiner
instanceKlass  @bci java/lang/Class methodToString (Ljava/lang/String;[Ljava/lang/Class;)Ljava/lang/String; 42 <appendix> argL0 ; # java/lang/Class$$Lambda+0x000002070105c0a0
instanceKlass java/io/ObjectInput
instanceKlass java/io/ObjectStreamConstants
instanceKlass java/io/ObjectOutput
instanceKlass jdk/internal/reflect/ClassDefiner$1
instanceKlass jdk/internal/reflect/ClassDefiner
instanceKlass jdk/internal/reflect/MethodAccessorGenerator$1
instanceKlass jdk/internal/reflect/Label$PatchInfo
instanceKlass jdk/internal/reflect/Label
instanceKlass jdk/internal/reflect/UTF8
instanceKlass jdk/internal/reflect/ClassFileAssembler
instanceKlass jdk/internal/reflect/ByteVectorImpl
instanceKlass jdk/internal/reflect/ByteVector
instanceKlass jdk/internal/reflect/ByteVectorFactory
instanceKlass jdk/internal/reflect/AccessorGenerator
instanceKlass jdk/internal/reflect/ClassFileConstants
instanceKlass java/util/ComparableTimSort
instanceKlass java/lang/Long$LongCache
instanceKlass  @bci jdk/internal/reflect/MethodHandleLongFieldAccessorImpl getLong (Ljava/lang/Object;)J 11 <adapter> ; # java/lang/invoke/LambdaForm$MH+0x0000020701008400
# instanceKlass java/lang/invoke/LambdaForm$DMH+0x0000020701008000
instanceKlass org/junit/platform/engine/TestSource
instanceKlass java/io/ObjectStreamClass$2
instanceKlass java/lang/reflect/InvocationHandler
instanceKlass java/lang/reflect/Proxy
instanceKlass java/io/ClassCache
instanceKlass java/io/ObjectStreamClass$Caches
instanceKlass java/io/ObjectStreamClass
instanceKlass org/junit/platform/launcher/TestIdentifier$SerializedForm
instanceKlass org/junit/platform/launcher/TestIdentifier
instanceKlass org/junit/platform/engine/UniqueId$Segment
instanceKlass  @bci org/junit/platform/engine/UniqueIdFormat <init> (CCCC)V 171 <appendix> argL0 ; # org/junit/platform/engine/UniqueIdFormat$$Lambda+0x0000020701007b78
instanceKlass  @bci org/junit/platform/engine/UniqueIdFormat <init> (CCCC)V 153 <appendix> argL0 ; # org/junit/platform/engine/UniqueIdFormat$$Lambda+0x0000020701007940
instanceKlass  @bci org/junit/platform/engine/UniqueIdFormat <init> (CCCC)V 136 <appendix> argL0 ; # org/junit/platform/engine/UniqueIdFormat$$Lambda+0x0000020701007708
instanceKlass  @bci org/junit/platform/engine/UniqueIdFormat <init> (CCCC)V 119 <appendix> argL0 ; # org/junit/platform/engine/UniqueIdFormat$$Lambda+0x00000207010074d0
instanceKlass  @bci org/junit/platform/engine/UniqueIdFormat <init> (CCCC)V 102 <appendix> argL0 ; # org/junit/platform/engine/UniqueIdFormat$$Lambda+0x0000020701007298
instanceKlass java/util/BitSet
instanceKlass java/net/URLEncoder
instanceKlass  @bci org/junit/platform/engine/UniqueIdFormat <init> (CCCC)V 84 <appendix> argL0 ; # org/junit/platform/engine/UniqueIdFormat$$Lambda+0x0000020701007060
instanceKlass  @cpi java/io/Console 240 form vmentry <vmtarget> ; # java/lang/invoke/LambdaForm$DMH+0x0000020701005000
instanceKlass  @bci java/util/regex/Pattern ALL ()Ljava/util/regex/Pattern$CharPredicate; 0 <appendix> argL0 ; # java/util/regex/Pattern$$Lambda+0x0000020701056030
instanceKlass java/util/Formatter$Flags
instanceKlass java/util/Formattable
instanceKlass java/util/Formatter$FixedString
instanceKlass java/util/Formatter$FormatSpecifier
instanceKlass java/util/Formatter$FormatString
instanceKlass java/util/Formatter$Conversion
instanceKlass  @bci java/util/regex/Pattern union (Ljava/util/regex/Pattern$CharPredicate;Ljava/util/regex/Pattern$CharPredicate;Z)Ljava/util/regex/Pattern$CharPredicate; 6 <appendix> member <vmtarget> ; # java/util/regex/Pattern$$Lambda+0x800000033
instanceKlass  @bci java/util/regex/Pattern Range (II)Ljava/util/regex/Pattern$CharPredicate; 23 <appendix> member <vmtarget> ; # java/util/regex/Pattern$$Lambda+0x80000002b
instanceKlass  @bci java/util/regex/CharPredicates ASCII_DIGIT ()Ljava/util/regex/Pattern$BmpCharPredicate; 0 <appendix> argL0 ; # java/util/regex/CharPredicates$$Lambda+0x800000026
instanceKlass java/util/Formatter
instanceKlass org/junit/platform/engine/UniqueIdFormat
instanceKlass  @bci java/util/regex/CharPredicates ASCII_SPACE ()Ljava/util/regex/Pattern$BmpCharPredicate; 0 <appendix> argL0 ; # java/util/regex/CharPredicates$$Lambda+0x800000027
instanceKlass  @bci java/util/regex/CharPredicates CONTROL ()Ljava/util/regex/Pattern$CharPredicate; 0 <appendix> argL0 ; # java/util/regex/CharPredicates$$Lambda+0x00000207010554f8
instanceKlass java/util/regex/CharPredicates
instanceKlass org/junit/platform/commons/util/StringUtils
instanceKlass java/util/TimSort
instanceKlass java/util/Arrays$LegacyMergeSort
instanceKlass  @bci java/util/Map$Entry comparingByKey ()Ljava/util/Comparator; 0 <appendix> argL0 ; # java/util/Map$Entry$$Lambda+0x0000020701055268
instanceKlass  @bci java/lang/invoke/BootstrapMethodInvoker invoke (Ljava/lang/Class;Ljava/lang/invoke/MethodHandle;Ljava/lang/String;Ljava/lang/Object;Ljava/lang/Object;Ljava/lang/Class;)Ljava/lang/Object; 462 <adapter> ; # java/lang/invoke/LambdaForm$MH+0x0000020701004400
instanceKlass org/junit/platform/commons/util/Preconditions
instanceKlass org/junit/platform/engine/UniqueId
instanceKlass sun/util/cldr/CLDRBaseLocaleDataMetaInfo$TZCanonicalIDMapHolder
instanceKlass java/time/chrono/AbstractChronology
instanceKlass java/time/chrono/Chronology
instanceKlass org/junit/platform/engine/support/descriptor/AbstractTestDescriptor
instanceKlass java/time/LocalTime
instanceKlass java/time/temporal/ValueRange
instanceKlass java/time/Duration
instanceKlass java/time/temporal/TemporalAmount
instanceKlass java/time/temporal/TemporalUnit
instanceKlass java/time/temporal/TemporalField
instanceKlass java/time/LocalDate
instanceKlass java/time/chrono/ChronoLocalDate
instanceKlass java/time/zone/ZoneOffsetTransition
instanceKlass  @bci java/time/ZoneOffset ofTotalSeconds (I)Ljava/time/ZoneOffset; 37 <appendix> argL0 ; # java/time/ZoneOffset$$Lambda+0x80000000e
instanceKlass org/junit/platform/engine/TestDescriptor
instanceKlass java/time/LocalDateTime
instanceKlass java/time/chrono/ChronoLocalDateTime
instanceKlass java/time/temporal/TemporalAdjuster
instanceKlass java/time/temporal/Temporal
instanceKlass java/time/temporal/TemporalAccessor
instanceKlass java/time/zone/ZoneOffsetTransitionRule
instanceKlass java/time/zone/ZoneRules
instanceKlass java/time/zone/Ser
instanceKlass java/io/Externalizable
instanceKlass jdk/internal/loader/URLClassPath$1
instanceKlass java/lang/CompoundEnumeration
instanceKlass jdk/internal/loader/BuiltinClassLoader$1
instanceKlass jdk/internal/loader/BuiltinClassLoader$2
instanceKlass jdk/internal/module/Resources
instanceKlass java/util/Spliterators$1Adapter
instanceKlass java/util/Spliterators$ArraySpliterator
instanceKlass java/util/Arrays$ArrayItr
instanceKlass java/time/zone/ZoneRulesProvider$1
instanceKlass java/time/zone/ZoneRulesProvider
instanceKlass java/time/ZoneId
instanceKlass sun/util/resources/Bundles$CacheKeyReference
instanceKlass  @bci java/util/ResourceBundle$ResourceBundleProviderHelper newResourceBundle (Ljava/lang/Class;)Ljava/util/ResourceBundle; 22 <appendix> member <vmtarget> ; # java/util/ResourceBundle$ResourceBundleProviderHelper$$Lambda+0x800000012
instanceKlass java/util/ResourceBundle$ResourceBundleProviderHelper
instanceKlass  @bci sun/util/cldr/CLDRLocaleProviderAdapter applyAliases (Ljava/util/Locale;)Ljava/util/Locale; 4 <appendix> argL0 ; # sun/util/cldr/CLDRLocaleProviderAdapter$$Lambda+0x800000064
instanceKlass sun/util/resources/Bundles$CacheKey
instanceKlass java/util/ResourceBundle$1
instanceKlass jdk/internal/access/JavaUtilResourceBundleAccess
instanceKlass sun/util/resources/Bundles
instanceKlass sun/util/resources/LocaleData$LocaleDataStrategy
instanceKlass sun/util/resources/Bundles$Strategy
instanceKlass sun/util/resources/LocaleData$1
instanceKlass sun/util/resources/LocaleData
instanceKlass java/util/regex/Pattern$BitClass
instanceKlass java/util/regex/ASCII
instanceKlass sun/util/locale/provider/LocaleResources
instanceKlass java/util/Collections$EmptyEnumeration
instanceKlass sun/util/resources/provider/NonBaseLocaleDataMetaInfo
instanceKlass  @bci sun/util/locale/provider/JRELocaleProviderAdapter createSupportedLocaleString (Ljava/lang/String;)Ljava/lang/String; 6 <appendix> member <vmtarget> ; # sun/util/locale/provider/JRELocaleProviderAdapter$$Lambda+0x0000020701050a98
instanceKlass sun/util/locale/provider/BaseLocaleDataMetaInfo
instanceKlass  @bci sun/util/locale/provider/JRELocaleProviderAdapter getTimeZoneNameProvider ()Ljava/util/spi/TimeZoneNameProvider; 8 <appendix> member <vmtarget> ; # sun/util/locale/provider/JRELocaleProviderAdapter$$Lambda+0x0000020701050628
instanceKlass java/util/Collections$EmptyIterator
instanceKlass java/util/regex/IntHashSet
instanceKlass java/util/regex/Matcher
instanceKlass java/util/regex/MatchResult
instanceKlass java/util/regex/Pattern$TreeInfo
instanceKlass  @bci java/util/regex/Pattern Single (I)Ljava/util/regex/Pattern$BmpCharPredicate; 1 <appendix> member <vmtarget> ; # java/util/regex/Pattern$$Lambda+0x80000002a
instanceKlass java/util/regex/Pattern$BmpCharPredicate
instanceKlass java/util/regex/Pattern$CharPredicate
instanceKlass java/util/regex/Pattern$Node
instanceKlass java/util/regex/Pattern
instanceKlass  @bci sun/util/cldr/CLDRLocaleProviderAdapter getTimeZoneNameProvider ()Ljava/util/spi/TimeZoneNameProvider; 8 <appendix> member <vmtarget> ; # sun/util/cldr/CLDRLocaleProviderAdapter$$Lambda+0x000002070104f7d8
instanceKlass java/util/ServiceLoader$ProviderImpl
instanceKlass java/util/ServiceLoader$Provider
instanceKlass java/util/ServiceLoader$1
instanceKlass sun/util/resources/cldr/provider/CLDRLocaleDataMetaInfo
instanceKlass jdk/internal/jimage/ImageLocation
instanceKlass jdk/internal/jimage/decompressor/Decompressor
instanceKlass jdk/internal/jimage/ImageStringsReader
instanceKlass jdk/internal/jimage/ImageStrings
instanceKlass jdk/internal/jimage/ImageHeader
instanceKlass jdk/internal/jimage/NativeImageBuffer$1
instanceKlass jdk/internal/jimage/NativeImageBuffer
instanceKlass jdk/internal/jimage/BasicImageReader$1
instanceKlass jdk/internal/jimage/BasicImageReader
instanceKlass jdk/internal/jimage/ImageReader
instanceKlass jdk/internal/jimage/ImageReaderFactory$1
instanceKlass java/nio/file/FileSystems$DefaultFileSystemHolder$1
instanceKlass java/nio/file/FileSystems$DefaultFileSystemHolder
instanceKlass java/nio/file/FileSystems
instanceKlass java/nio/file/Paths
instanceKlass jdk/internal/jimage/ImageReaderFactory
instanceKlass jdk/internal/module/SystemModuleFinders$SystemImage
instanceKlass jdk/internal/module/ModulePatcher$PatchedModuleReader
instanceKlass jdk/internal/module/SystemModuleFinders$SystemModuleReader
instanceKlass java/lang/module/ModuleReader
instanceKlass jdk/internal/loader/BuiltinClassLoader$5
instanceKlass java/util/ServiceLoader$3
instanceKlass java/util/ServiceLoader$2
instanceKlass java/util/ServiceLoader$LazyClassPathLookupIterator
instanceKlass java/util/concurrent/CopyOnWriteArrayList$COWIterator
instanceKlass java/util/ServiceLoader$ModuleServicesLookupIterator
instanceKlass java/util/ServiceLoader
instanceKlass  @bci sun/util/cldr/CLDRLocaleProviderAdapter <init> ()V 4 <appendix> argL0 ; # sun/util/cldr/CLDRLocaleProviderAdapter$$Lambda+0x800000066
instanceKlass sun/util/locale/BaseLocale$Key
instanceKlass sun/util/locale/InternalLocaleBuilder$CaseInsensitiveChar
instanceKlass sun/util/locale/InternalLocaleBuilder
instanceKlass sun/util/locale/StringTokenIterator
instanceKlass sun/util/locale/ParseStatus
instanceKlass sun/util/locale/LanguageTag
instanceKlass sun/util/cldr/CLDRBaseLocaleDataMetaInfo
instanceKlass sun/util/locale/provider/LocaleDataMetaInfo
instanceKlass sun/util/locale/provider/ResourceBundleBasedAdapter
instanceKlass sun/util/locale/provider/LocaleProviderAdapter
instanceKlass sun/util/locale/LocaleObjectCache
instanceKlass java/util/ResourceBundle
instanceKlass java/util/ResourceBundle$Control
instanceKlass sun/util/locale/provider/TimeZoneNameUtility$TimeZoneNameGetter
instanceKlass sun/util/locale/provider/LocaleServiceProviderPool$LocalizedObjectGetter
instanceKlass sun/util/locale/provider/LocaleServiceProviderPool
instanceKlass java/util/spi/LocaleServiceProvider
instanceKlass sun/util/locale/provider/TimeZoneNameUtility
instanceKlass sun/util/calendar/CalendarUtils
instanceKlass sun/util/calendar/CalendarDate
instanceKlass sun/util/calendar/ZoneInfoFile$ZoneOffsetTransitionRule
instanceKlass jdk/internal/util/ByteArray
instanceKlass sun/util/calendar/ZoneInfoFile$1
instanceKlass sun/util/calendar/ZoneInfoFile
instanceKlass java/util/TimeZone
instanceKlass sun/util/calendar/CalendarSystem$GregorianHolder
instanceKlass sun/util/calendar/CalendarSystem
instanceKlass java/util/Date
instanceKlass sun/nio/cs/Surrogate
instanceKlass sun/nio/cs/Surrogate$Parser
instanceKlass java/util/concurrent/ConcurrentHashMap$MapEntry
instanceKlass java/util/Collections$SynchronizedCollection
instanceKlass java/util/Properties$EntrySet
instanceKlass jdk/internal/vm/VMSupport
instanceKlass java/nio/DirectByteBuffer$Deallocator
instanceKlass sun/nio/ch/Util$BufferCache
instanceKlass sun/nio/ch/Util
instanceKlass java/lang/invoke/VarHandle$AccessDescriptor
instanceKlass sun/nio/ch/NativeThread
instanceKlass sun/net/NetHooks
instanceKlass sun/net/spi/DefaultProxySelector$3
instanceKlass sun/net/spi/DefaultProxySelector$NonProxyInfo
instanceKlass java/net/URI$Parser
instanceKlass java/io/FileInputStream$1
instanceKlass java/util/Properties$LineReader
instanceKlass sun/net/NetProperties$1
instanceKlass sun/net/NetProperties
instanceKlass sun/net/spi/DefaultProxySelector$1
instanceKlass java/net/Proxy
instanceKlass java/net/ProxySelector
instanceKlass java/net/SocksSocketImpl$3
instanceKlass  @bci sun/nio/ch/NioSocketImpl closerFor (Ljava/io/FileDescriptor;Z)Ljava/lang/Runnable; 5 <appendix> member <vmtarget> ; # sun/nio/ch/NioSocketImpl$$Lambda+0x0000020701049cd8
instanceKlass  @cpi org/junit/jupiter/engine/extension/TempDirectory 531 form vmentry <vmtarget> ; # java/lang/invoke/LambdaForm$DMH+0x0000020701004000
instanceKlass java/util/TreeMap$PrivateEntryIterator
instanceKlass java/util/TreeMap$Entry
instanceKlass jdk/net/ExtendedSocketOptions$2
instanceKlass jdk/net/ExtendedSocketOptions$PlatformSocketOptions
instanceKlass jdk/net/ExtendedSocketOptions$ExtSocketOption
instanceKlass java/net/SocketOption
instanceKlass jdk/net/ExtendedSocketOptions
instanceKlass sun/net/ext/ExtendedSocketOptions
instanceKlass java/net/Inet6Address$Inet6AddressHolder
instanceKlass sun/nio/ch/Net$1
instanceKlass java/net/ProtocolFamily
instanceKlass sun/nio/ch/Net
instanceKlass java/net/SocksConsts
instanceKlass sun/nio/ch/IOUtil
instanceKlass sun/nio/ch/NativeDispatcher
instanceKlass sun/net/PlatformSocketImpl
instanceKlass java/net/SocketImpl
instanceKlass java/net/SocketOptions
instanceKlass java/net/InetSocketAddress$InetSocketAddressHolder
instanceKlass java/net/InetAddress$PlatformResolver
instanceKlass java/net/spi/InetAddressResolver
instanceKlass java/net/spi/InetAddressResolver$LookupPolicy
instanceKlass java/net/Inet4AddressImpl
instanceKlass java/net/Inet6AddressImpl
instanceKlass java/net/InetAddressImpl
instanceKlass java/util/concurrent/ConcurrentSkipListMap$Node
instanceKlass java/util/concurrent/ConcurrentSkipListMap$Index
instanceKlass java/util/concurrent/ConcurrentNavigableMap
instanceKlass java/util/NavigableMap
instanceKlass java/util/SortedMap
instanceKlass java/util/NavigableSet
instanceKlass java/util/SortedSet
instanceKlass java/net/InetAddress$InetAddressHolder
instanceKlass java/net/InetAddress$1
instanceKlass jdk/internal/access/JavaNetInetAddressAccess
instanceKlass java/net/InetAddress
instanceKlass java/net/SocketAddress
instanceKlass com/intellij/junit5/JUnit5IdeaTestRunner
instanceKlass java/lang/invoke/VarForm
instanceKlass com/intellij/rt/junit/IdeaTestRunner
instanceKlass java/lang/invoke/VarHandleGuards
instanceKlass java/lang/ClassValue$Version
instanceKlass java/lang/ClassValue$Identity
instanceKlass java/lang/ClassValue
instanceKlass java/lang/invoke/VarHandles
instanceKlass com/intellij/rt/execution/junit/RepeatCount
instanceKlass java/net/Socket
instanceKlass jdk/internal/misc/PreviewFeatures
instanceKlass jdk/internal/misc/MainMethodFinder
instanceKlass com/intellij/rt/junit/JUnitStarter
instanceKlass sun/nio/cs/SingleByte
instanceKlass sun/nio/cs/MS1252$Holder
instanceKlass sun/nio/cs/ArrayDecoder
instanceKlass sun/launcher/LauncherHelper
instanceKlass jdk/internal/vm/PostVMInitHook$1
instanceKlass jdk/internal/util/EnvUtils
instanceKlass jdk/internal/vm/PostVMInitHook$2
instanceKlass jdk/internal/vm/PostVMInitHook
instanceKlass java/io/Reader
instanceKlass com/intellij/rt/execution/application/AppMainV2
instanceKlass  @bci jdk/internal/reflect/DirectConstructorHandleAccessor invokeImpl ([Ljava/lang/Object;)Ljava/lang/Object; 88 <adapter> ; # java/lang/invoke/LambdaForm$MH+0x0000020701002800
# instanceKlass java/lang/invoke/LambdaForm$MH+0x0000020701002400
# instanceKlass java/lang/invoke/LambdaForm$MH+0x0000020701002000
# instanceKlass java/lang/invoke/LambdaForm$MH+0x0000020701001c00
instanceKlass  @bci org/springframework/boot/autoconfigure/condition/ConditionMessage andCondition (Ljava/lang/Class;[Ljava/lang/Object;)Lorg/springframework/boot/autoconfigure/condition/ConditionMessage$Builder; 11 <appendix> form vmentry <vmtarget> ; # java/lang/invoke/LambdaForm$MH+0x0000020701001800
# instanceKlass java/lang/invoke/LambdaForm$MH+0x0000020701001400
instanceKlass  @cpi org/springframework/boot/test/util/TestPropertyValues 352 form vmentry <vmtarget> ; # java/lang/invoke/LambdaForm$DMH+0x0000020701001000
instanceKlass com/intellij/rt/execution/application/AppMainV2$Agent
instanceKlass java/security/SecureClassLoader$DebugHolder
instanceKlass java/security/Permission
instanceKlass java/security/Guard
instanceKlass java/security/PermissionCollection
instanceKlass java/security/SecureClassLoader$1
instanceKlass java/util/zip/Checksum$1
instanceKlass java/util/zip/CRC32
instanceKlass java/util/zip/Checksum
instanceKlass sun/nio/ByteBuffered
instanceKlass java/lang/Package$VersionInfo
instanceKlass java/lang/NamedPackage
instanceKlass java/util/jar/Attributes$Name
instanceKlass java/util/jar/Attributes
instanceKlass jdk/internal/loader/Resource
instanceKlass java/nio/charset/CoderResult
instanceKlass java/nio/charset/CharsetDecoder
instanceKlass java/lang/Readable
instanceKlass sun/security/action/GetIntegerAction
instanceKlass sun/security/util/Debug
instanceKlass sun/security/util/SignatureFileVerifier
instanceKlass java/util/zip/ZipFile$InflaterCleanupAction
instanceKlass java/util/zip/Inflater$InflaterZStreamRef
instanceKlass java/util/zip/Inflater
instanceKlass java/util/zip/ZipEntry
instanceKlass java/util/zip/ZipFile$2
instanceKlass java/nio/Bits$1
instanceKlass jdk/internal/misc/VM$BufferPool
instanceKlass java/nio/Bits
instanceKlass sun/nio/ch/DirectBuffer
instanceKlass jdk/internal/perf/PerfCounter$CoreCounters
instanceKlass jdk/internal/perf/Perf
instanceKlass jdk/internal/perf/Perf$GetPerfAction
instanceKlass jdk/internal/perf/PerfCounter
instanceKlass sun/util/locale/LocaleUtils
instanceKlass sun/util/locale/BaseLocale
instanceKlass java/util/Locale
instanceKlass java/nio/file/attribute/FileTime
instanceKlass java/lang/StringCoding
instanceKlass java/util/zip/ZipUtils
instanceKlass java/util/zip/ZipFile$Source$End
instanceKlass java/io/RandomAccessFile$2
instanceKlass jdk/internal/access/JavaIORandomAccessFileAccess
instanceKlass java/io/RandomAccessFile
instanceKlass java/io/DataInput
instanceKlass java/io/DataOutput
instanceKlass sun/nio/fs/WindowsNativeDispatcher$CompletionStatus
instanceKlass sun/nio/fs/WindowsNativeDispatcher$AclInformation
instanceKlass sun/nio/fs/WindowsNativeDispatcher$Account
instanceKlass sun/nio/fs/WindowsNativeDispatcher$DiskFreeSpace
instanceKlass sun/nio/fs/WindowsNativeDispatcher$VolumeInformation
instanceKlass sun/nio/fs/WindowsNativeDispatcher$FirstStream
instanceKlass sun/nio/fs/WindowsNativeDispatcher$FirstFile
instanceKlass java/util/Enumeration
instanceKlass java/util/concurrent/ConcurrentHashMap$Traverser
instanceKlass sun/nio/fs/WindowsNativeDispatcher
instanceKlass sun/nio/fs/NativeBuffer$Deallocator
instanceKlass sun/nio/fs/NativeBuffer
instanceKlass java/lang/ThreadLocal$ThreadLocalMap
instanceKlass java/lang/ThreadLocal
instanceKlass sun/nio/fs/NativeBuffers
instanceKlass sun/nio/fs/WindowsFileAttributes
instanceKlass java/nio/file/attribute/DosFileAttributes
instanceKlass sun/nio/fs/AbstractBasicFileAttributeView
instanceKlass sun/nio/fs/DynamicFileAttributeView
instanceKlass sun/nio/fs/WindowsFileAttributeViews
instanceKlass sun/nio/fs/Util
instanceKlass java/nio/file/attribute/BasicFileAttributeView
instanceKlass java/nio/file/attribute/FileAttributeView
instanceKlass java/nio/file/attribute/AttributeView
instanceKlass java/nio/file/Files
instanceKlass java/nio/file/CopyOption
instanceKlass java/nio/file/attribute/BasicFileAttributes
instanceKlass sun/nio/fs/WindowsPath
instanceKlass java/util/zip/ZipFile$Source$Key
instanceKlass sun/nio/fs/WindowsPathParser$Result
instanceKlass sun/nio/fs/WindowsPathParser
instanceKlass java/nio/file/FileSystem
instanceKlass java/nio/file/OpenOption
instanceKlass java/nio/file/spi/FileSystemProvider
instanceKlass sun/nio/fs/DefaultFileSystemProvider
instanceKlass java/util/zip/ZipFile$Source
instanceKlass java/util/zip/ZipCoder
instanceKlass java/util/zip/ZipFile$CleanableResource
instanceKlass java/lang/Runtime$Version
instanceKlass java/util/jar/JavaUtilJarAccessImpl
instanceKlass jdk/internal/access/JavaUtilJarAccess
instanceKlass jdk/internal/loader/FileURLMapper
instanceKlass jdk/internal/loader/URLClassPath$JarLoader$1
instanceKlass java/util/zip/ZipFile$1
instanceKlass jdk/internal/access/JavaUtilZipFileAccess
instanceKlass java/util/zip/ZipFile
instanceKlass java/util/zip/ZipConstants
instanceKlass jdk/internal/loader/URLClassPath$Loader
instanceKlass jdk/internal/loader/URLClassPath$3
instanceKlass java/security/PrivilegedExceptionAction
instanceKlass sun/net/util/URLUtil
instanceKlass sun/instrument/TransformerManager$TransformerInfo
instanceKlass sun/instrument/TransformerManager
instanceKlass jdk/internal/loader/NativeLibraries$3
instanceKlass jdk/internal/loader/NativeLibrary
instanceKlass java/util/ArrayDeque$DeqIterator
instanceKlass jdk/internal/loader/NativeLibraries$NativeLibraryContext$1
instanceKlass jdk/internal/loader/NativeLibraries$NativeLibraryContext
instanceKlass jdk/internal/loader/NativeLibraries$2
instanceKlass jdk/internal/loader/NativeLibraries$1
instanceKlass jdk/internal/loader/NativeLibraries$LibraryPaths
instanceKlass  @bci sun/instrument/InstrumentationImpl <clinit> ()V 16 <appendix> argL0 ; # sun/instrument/InstrumentationImpl$$Lambda+0x0000020701041908
instanceKlass sun/instrument/InstrumentationImpl
instanceKlass java/lang/instrument/Instrumentation
instanceKlass java/lang/invoke/StringConcatFactory
instanceKlass jdk/internal/module/ModuleBootstrap$SafeModuleFinder
instanceKlass java/lang/ModuleLayer$Controller
instanceKlass java/util/concurrent/CopyOnWriteArrayList
instanceKlass jdk/internal/module/ServicesCatalog$ServiceProvider
instanceKlass jdk/internal/loader/AbstractClassLoaderValue$Memoizer
instanceKlass jdk/internal/module/ModuleLoaderMap$Modules
instanceKlass jdk/internal/module/ModuleLoaderMap$Mapper
instanceKlass jdk/internal/module/ModuleLoaderMap
instanceKlass java/lang/module/ResolvedModule
instanceKlass java/util/Collections$UnmodifiableCollection$1
instanceKlass java/util/SequencedMap
instanceKlass java/util/SequencedSet
instanceKlass java/lang/ModuleLayer
instanceKlass java/util/ImmutableCollections$ListItr
instanceKlass java/util/ListIterator
instanceKlass java/lang/module/ModuleFinder$1
instanceKlass java/nio/file/Path
instanceKlass java/nio/file/Watchable
instanceKlass java/lang/module/Resolver
instanceKlass java/lang/module/Configuration
instanceKlass  @bci java/util/stream/FindOps$FindSink$OfRef <clinit> ()V 43 <appendix> argL0 ; # java/util/stream/FindOps$FindSink$OfRef$$Lambda+0x80000004d
instanceKlass  @bci java/util/stream/FindOps$FindSink$OfRef <clinit> ()V 38 <appendix> argL0 ; # java/util/stream/FindOps$FindSink$OfRef$$Lambda+0x80000004f
instanceKlass  @bci java/util/stream/FindOps$FindSink$OfRef <clinit> ()V 16 <appendix> argL0 ; # java/util/stream/FindOps$FindSink$OfRef$$Lambda+0x80000004e
instanceKlass  @bci java/util/stream/FindOps$FindSink$OfRef <clinit> ()V 11 <appendix> argL0 ; # java/util/stream/FindOps$FindSink$OfRef$$Lambda+0x800000050
instanceKlass java/util/stream/FindOps$FindOp
instanceKlass java/util/stream/FindOps$FindSink
instanceKlass java/util/stream/FindOps
instanceKlass  @bci jdk/internal/module/DefaultRoots exportsAPI (Ljava/lang/module/ModuleDescriptor;)Z 9 <appendix> argL0 ; # jdk/internal/module/DefaultRoots$$Lambda+0x800000056
instanceKlass java/util/concurrent/ForkJoinPool$ManagedBlocker
instanceKlass java/util/concurrent/locks/AbstractQueuedSynchronizer$Node
instanceKlass java/util/stream/Sink$ChainedReference
instanceKlass java/util/stream/ReduceOps$AccumulatingSink
instanceKlass java/util/stream/TerminalSink
instanceKlass java/util/stream/Sink
instanceKlass java/util/function/Consumer
instanceKlass java/util/stream/ReduceOps$Box
instanceKlass java/util/stream/ReduceOps$ReduceOp
instanceKlass java/util/stream/TerminalOp
instanceKlass java/util/stream/ReduceOps
instanceKlass  @bci java/util/stream/Collectors castingIdentity ()Ljava/util/function/Function; 0 <appendix> argL0 ; # java/util/stream/Collectors$$Lambda+0x800000043
instanceKlass  @bci java/util/stream/Collectors toSet ()Ljava/util/stream/Collector; 14 <appendix> argL0 ; # java/util/stream/Collectors$$Lambda+0x800000041
instanceKlass java/util/function/BinaryOperator
instanceKlass  @bci java/util/stream/Collectors toSet ()Ljava/util/stream/Collector; 9 <appendix> argL0 ; # java/util/stream/Collectors$$Lambda+0x80000003a
instanceKlass java/util/function/BiConsumer
instanceKlass  @bci java/util/stream/Collectors toSet ()Ljava/util/stream/Collector; 4 <appendix> argL0 ; # java/util/stream/Collectors$$Lambda+0x800000046
instanceKlass java/util/stream/Collector
instanceKlass java/util/Collections$UnmodifiableCollection
instanceKlass java/util/stream/Collectors
instanceKlass  @bci jdk/internal/module/DefaultRoots compute (Ljava/lang/module/ModuleFinder;Ljava/lang/module/ModuleFinder;)Ljava/util/Set; 42 <appendix> argL0 ; # jdk/internal/module/DefaultRoots$$Lambda+0x800000053
instanceKlass  @bci jdk/internal/module/DefaultRoots compute (Ljava/lang/module/ModuleFinder;Ljava/lang/module/ModuleFinder;)Ljava/util/Set; 32 <appendix> member <vmtarget> ; # jdk/internal/module/DefaultRoots$$Lambda+0x800000057
instanceKlass  @bci jdk/internal/module/DefaultRoots compute (Ljava/lang/module/ModuleFinder;Ljava/lang/module/ModuleFinder;)Ljava/util/Set; 21 <appendix> argL0 ; # jdk/internal/module/DefaultRoots$$Lambda+0x800000054
instanceKlass java/lang/ref/Cleaner$Cleanable
instanceKlass jdk/internal/ref/CleanerImpl
instanceKlass java/lang/ref/Cleaner$1
instanceKlass java/lang/ref/Cleaner
instanceKlass jdk/internal/ref/CleanerFactory$1
instanceKlass java/util/concurrent/ThreadFactory
instanceKlass jdk/internal/ref/CleanerFactory
instanceKlass  @bci jdk/xml/internal/SecuritySupport getContextClassLoader ()Ljava/lang/ClassLoader; 0 <appendix> form vmentry <vmtarget> ; # java/lang/invoke/LambdaForm$MH+0x0000020701000800
instanceKlass  @bci jdk/internal/module/DefaultRoots compute (Ljava/lang/module/ModuleFinder;Ljava/lang/module/ModuleFinder;)Ljava/util/Set; 11 <appendix> argL0 ; # jdk/internal/module/DefaultRoots$$Lambda+0x800000055
instanceKlass java/lang/invoke/LambdaProxyClassArchive
instanceKlass java/lang/invoke/InfoFromMemberName
instanceKlass java/lang/invoke/MethodHandleInfo
instanceKlass jdk/internal/org/objectweb/asm/ConstantDynamic
instanceKlass jdk/internal/org/objectweb/asm/Handle
instanceKlass sun/security/action/GetBooleanAction
instanceKlass java/lang/invoke/AbstractValidatingLambdaMetafactory
instanceKlass java/lang/invoke/BootstrapMethodInvoker
instanceKlass java/util/function/Predicate
instanceKlass java/lang/WeakPairMap$Pair$Lookup
instanceKlass java/lang/WeakPairMap$Pair
instanceKlass java/lang/WeakPairMap
instanceKlass java/lang/Module$ReflectionData
instanceKlass java/lang/invoke/LambdaMetafactory
# instanceKlass java/lang/invoke/LambdaForm$MH+0x0000020701000400
instanceKlass java/lang/invoke/MethodHandles$Lookup$ClassDefiner
instanceKlass java/lang/invoke/MethodHandles$Lookup$ClassFile
instanceKlass jdk/internal/org/objectweb/asm/Handler
instanceKlass jdk/internal/org/objectweb/asm/Attribute
instanceKlass jdk/internal/org/objectweb/asm/FieldVisitor
instanceKlass java/util/ArrayList$Itr
instanceKlass sun/invoke/empty/Empty
instanceKlass sun/invoke/util/VerifyType
instanceKlass java/lang/invoke/InvokerBytecodeGenerator$ClassData
instanceKlass jdk/internal/org/objectweb/asm/AnnotationVisitor
instanceKlass jdk/internal/org/objectweb/asm/Frame
instanceKlass jdk/internal/org/objectweb/asm/Label
instanceKlass jdk/internal/org/objectweb/asm/Type
instanceKlass jdk/internal/org/objectweb/asm/MethodVisitor
instanceKlass sun/invoke/util/BytecodeDescriptor
instanceKlass jdk/internal/org/objectweb/asm/ByteVector
instanceKlass jdk/internal/org/objectweb/asm/Symbol
instanceKlass jdk/internal/org/objectweb/asm/SymbolTable
instanceKlass jdk/internal/org/objectweb/asm/ClassVisitor
instanceKlass java/lang/invoke/LambdaFormBuffer
instanceKlass java/lang/invoke/LambdaFormEditor$TransformKey
instanceKlass java/lang/invoke/LambdaFormEditor
instanceKlass java/lang/invoke/Invokers$Holder
instanceKlass java/lang/invoke/DelegatingMethodHandle$Holder
instanceKlass java/lang/invoke/DirectMethodHandle$2
instanceKlass java/lang/invoke/ClassSpecializer$Factory
instanceKlass java/lang/invoke/ClassSpecializer$SpeciesData
instanceKlass java/lang/invoke/ClassSpecializer$1
instanceKlass java/lang/invoke/ClassSpecializer
instanceKlass java/lang/invoke/InvokerBytecodeGenerator$1
instanceKlass java/lang/invoke/InvokerBytecodeGenerator
instanceKlass java/lang/invoke/LambdaForm$Holder
instanceKlass java/lang/invoke/LambdaForm$Name
instanceKlass java/lang/reflect/Array
instanceKlass java/lang/invoke/Invokers
instanceKlass sun/invoke/util/ValueConversions
instanceKlass java/lang/invoke/DirectMethodHandle$Holder
instanceKlass java/lang/Void
instanceKlass sun/invoke/util/Wrapper$Format
instanceKlass java/lang/invoke/MethodHandleImpl$1
instanceKlass jdk/internal/access/JavaLangInvokeAccess
instanceKlass java/lang/invoke/LambdaForm$NamedFunction
instanceKlass java/lang/invoke/MethodHandleImpl
instanceKlass jdk/internal/reflect/MethodHandleAccessorFactory$LazyStaticHolder
instanceKlass java/lang/invoke/MethodTypeForm
instanceKlass java/lang/invoke/MethodType$ConcurrentWeakInternSet
instanceKlass sun/reflect/annotation/AnnotationParser
instanceKlass java/lang/Class$3
instanceKlass java/lang/PublicMethods$Key
instanceKlass java/lang/PublicMethods$MethodList
instanceKlass java/util/EnumMap$1
instanceKlass java/util/stream/StreamOpFlag$MaskBuilder
instanceKlass java/util/stream/Stream
instanceKlass java/util/stream/BaseStream
instanceKlass java/util/stream/PipelineHelper
instanceKlass java/util/stream/StreamSupport
instanceKlass java/util/Spliterators$IteratorSpliterator
instanceKlass java/util/Spliterator$OfDouble
instanceKlass java/util/Spliterator$OfLong
instanceKlass java/util/Spliterator$OfInt
instanceKlass java/util/Spliterator$OfPrimitive
instanceKlass java/util/Spliterator
instanceKlass java/util/Spliterators$EmptySpliterator
instanceKlass java/util/Spliterators
instanceKlass jdk/internal/module/DefaultRoots
instanceKlass jdk/internal/loader/BuiltinClassLoader$LoadedModule
instanceKlass jdk/internal/loader/AbstractClassLoaderValue
instanceKlass jdk/internal/module/ServicesCatalog
instanceKlass java/util/Deque
instanceKlass java/util/Queue
instanceKlass sun/net/util/IPAddressUtil$MASKS
instanceKlass sun/net/util/IPAddressUtil
instanceKlass java/net/URLStreamHandler
instanceKlass java/lang/StringUTF16
instanceKlass sun/net/www/ParseUtil
instanceKlass java/net/URL$3
instanceKlass jdk/internal/access/JavaNetURLAccess
instanceKlass java/net/URL$DefaultFactory
instanceKlass java/net/URLStreamHandlerFactory
instanceKlass jdk/internal/loader/URLClassPath
instanceKlass java/security/Principal
instanceKlass java/security/ProtectionDomain$Key
instanceKlass java/security/ProtectionDomain$JavaSecurityAccessImpl
instanceKlass jdk/internal/access/JavaSecurityAccess
instanceKlass java/lang/ClassLoader$ParallelLoaders
instanceKlass java/security/cert/Certificate
instanceKlass jdk/internal/loader/ArchivedClassLoaders
instanceKlass java/util/concurrent/ConcurrentHashMap$CollectionView
instanceKlass jdk/internal/loader/ClassLoaderHelper
instanceKlass jdk/internal/loader/NativeLibraries
instanceKlass java/lang/Module$EnableNativeAccess
instanceKlass jdk/internal/loader/BootLoader
instanceKlass java/util/Optional
instanceKlass jdk/internal/module/SystemModuleFinders$SystemModuleFinder
instanceKlass java/lang/module/ModuleFinder
instanceKlass jdk/internal/module/SystemModuleFinders$3
instanceKlass jdk/internal/module/ModuleHashes$HashSupplier
instanceKlass jdk/internal/module/SystemModuleFinders$2
instanceKlass java/util/function/Supplier
instanceKlass java/lang/module/ModuleReference
instanceKlass jdk/internal/module/ModuleResolution
instanceKlass java/util/Collections$UnmodifiableMap
instanceKlass jdk/internal/module/ModuleHashes$Builder
instanceKlass jdk/internal/module/ModuleHashes
instanceKlass jdk/internal/module/ModuleTarget
instanceKlass java/util/ImmutableCollections$Set12$1
instanceKlass java/lang/reflect/AccessFlag$18
instanceKlass java/lang/reflect/AccessFlag$17
instanceKlass java/lang/reflect/AccessFlag$16
instanceKlass java/lang/reflect/AccessFlag$15
instanceKlass java/lang/reflect/AccessFlag$14
instanceKlass java/lang/reflect/AccessFlag$13
instanceKlass java/lang/reflect/AccessFlag$12
instanceKlass java/lang/reflect/AccessFlag$11
instanceKlass java/lang/reflect/AccessFlag$10
instanceKlass java/lang/reflect/AccessFlag$9
instanceKlass java/lang/reflect/AccessFlag$8
instanceKlass java/lang/reflect/AccessFlag$7
instanceKlass java/lang/reflect/AccessFlag$6
instanceKlass java/lang/reflect/AccessFlag$5
instanceKlass java/lang/reflect/AccessFlag$4
instanceKlass java/lang/reflect/AccessFlag$3
instanceKlass java/lang/reflect/AccessFlag$2
instanceKlass java/lang/reflect/AccessFlag$1
instanceKlass java/lang/module/ModuleDescriptor$Version
instanceKlass java/lang/module/ModuleDescriptor$Provides
instanceKlass java/lang/module/ModuleDescriptor$Opens
instanceKlass java/util/ImmutableCollections$SetN$SetNIterator
instanceKlass java/lang/module/ModuleDescriptor$Exports
instanceKlass java/lang/module/ModuleDescriptor$Requires
instanceKlass jdk/internal/module/Builder
instanceKlass jdk/internal/module/SystemModules$all
instanceKlass jdk/internal/module/SystemModules
instanceKlass jdk/internal/module/SystemModulesMap
instanceKlass java/net/URI$1
instanceKlass jdk/internal/access/JavaNetUriAccess
instanceKlass java/net/URI
instanceKlass jdk/internal/module/SystemModuleFinders
instanceKlass jdk/internal/module/ArchivedModuleGraph
instanceKlass jdk/internal/module/ArchivedBootLayer
instanceKlass jdk/internal/module/ModuleBootstrap$Counters
instanceKlass jdk/internal/module/ModulePatcher
instanceKlass java/io/FileSystem
instanceKlass java/io/DefaultFileSystem
instanceKlass java/io/File
instanceKlass java/lang/module/ModuleDescriptor$1
instanceKlass jdk/internal/access/JavaLangModuleAccess
instanceKlass sun/invoke/util/VerifyAccess
instanceKlass java/util/KeyValueHolder
instanceKlass java/util/ImmutableCollections$MapN$MapNIterator
instanceKlass java/lang/StrictMath
instanceKlass java/lang/invoke/MethodHandles$Lookup
instanceKlass java/lang/invoke/MemberName$Factory
instanceKlass java/lang/invoke/MethodHandles
instanceKlass java/lang/module/ModuleDescriptor
instanceKlass jdk/internal/module/ModuleBootstrap
instanceKlass java/lang/Character$CharacterCache
instanceKlass java/util/HexFormat
instanceKlass jdk/internal/util/ClassFileDumper
instanceKlass sun/security/action/GetPropertyAction
instanceKlass java/lang/invoke/MethodHandleStatics
instanceKlass jdk/internal/misc/Blocker
instanceKlass java/util/concurrent/locks/AbstractQueuedSynchronizer$ConditionObject
instanceKlass java/util/concurrent/locks/Condition
instanceKlass java/util/Collections
instanceKlass java/lang/Thread$ThreadIdentifiers
instanceKlass sun/io/Win32ErrorMode
instanceKlass jdk/internal/misc/OSEnvironment
instanceKlass java/lang/Integer$IntegerCache
instanceKlass jdk/internal/misc/Signal$NativeHandler
instanceKlass java/util/Hashtable$Entry
instanceKlass jdk/internal/misc/Signal
instanceKlass java/lang/Terminator$1
instanceKlass jdk/internal/misc/Signal$Handler
instanceKlass java/lang/Terminator
instanceKlass java/nio/ByteOrder
instanceKlass java/nio/Buffer$2
instanceKlass jdk/internal/access/JavaNioAccess
instanceKlass java/nio/Buffer$1
instanceKlass jdk/internal/misc/ScopedMemoryAccess
instanceKlass java/nio/charset/CodingErrorAction
instanceKlass java/nio/charset/CharsetEncoder
instanceKlass java/io/Writer
instanceKlass java/io/PrintStream$1
instanceKlass jdk/internal/access/JavaIOPrintStreamAccess
instanceKlass jdk/internal/misc/InternalLock
instanceKlass java/io/OutputStream
instanceKlass java/io/Flushable
instanceKlass java/io/FileDescriptor$1
instanceKlass jdk/internal/access/JavaIOFileDescriptorAccess
instanceKlass java/io/FileDescriptor
instanceKlass jdk/internal/util/StaticProperty
instanceKlass jdk/internal/reflect/MethodHandleAccessorFactory
instanceKlass java/lang/reflect/Modifier
instanceKlass java/lang/Class$1
instanceKlass java/lang/Class$Atomic
instanceKlass java/lang/Class$ReflectionData
instanceKlass java/nio/charset/StandardCharsets
instanceKlass sun/nio/cs/HistoricallyNamedCharset
instanceKlass java/nio/charset/spi/CharsetProvider
instanceKlass java/nio/charset/Charset
instanceKlass java/util/HashMap$HashIterator
instanceKlass java/util/concurrent/locks/LockSupport
instanceKlass java/util/concurrent/ConcurrentHashMap$Node
instanceKlass java/util/concurrent/ConcurrentHashMap$CounterCell
instanceKlass java/util/concurrent/locks/ReentrantLock
instanceKlass java/util/concurrent/locks/Lock
instanceKlass java/lang/CharacterData
instanceKlass java/util/Arrays
instanceKlass jdk/internal/util/Preconditions$3
instanceKlass jdk/internal/util/Preconditions$2
instanceKlass jdk/internal/util/Preconditions$4
instanceKlass java/util/function/BiFunction
instanceKlass jdk/internal/util/Preconditions$1
instanceKlass java/util/function/Function
instanceKlass jdk/internal/util/Preconditions
instanceKlass java/lang/Runtime
instanceKlass java/lang/VersionProps
instanceKlass java/lang/StringConcatHelper
instanceKlass java/util/HashMap$Node
instanceKlass java/util/Map$Entry
instanceKlass jdk/internal/util/ArraysSupport
instanceKlass jdk/internal/util/SystemProps$Raw
instanceKlass jdk/internal/util/SystemProps
instanceKlass java/lang/System$2
instanceKlass jdk/internal/access/JavaLangAccess
instanceKlass java/lang/ref/NativeReferenceQueue$Lock
instanceKlass java/lang/ref/ReferenceQueue
instanceKlass java/lang/ref/Reference$1
instanceKlass jdk/internal/access/JavaLangRefAccess
instanceKlass jdk/internal/reflect/ReflectionFactory
instanceKlass java/lang/Math
instanceKlass java/lang/StringLatin1
instanceKlass jdk/internal/reflect/Reflection
instanceKlass jdk/internal/reflect/ReflectionFactory$GetReflectionFactoryAction
instanceKlass java/security/PrivilegedAction
instanceKlass jdk/internal/access/SharedSecrets
instanceKlass java/lang/reflect/ReflectAccess
instanceKlass jdk/internal/access/JavaLangReflectAccess
instanceKlass java/util/ImmutableCollections
instanceKlass java/util/Objects
instanceKlass java/util/Set
instanceKlass jdk/internal/misc/CDS
instanceKlass java/lang/Module$ArchivedData
instanceKlass jdk/internal/misc/VM
instanceKlass java/lang/String$CaseInsensitiveComparator
instanceKlass java/util/Comparator
instanceKlass java/io/ObjectStreamField
instanceKlass jdk/internal/vm/FillerObject
instanceKlass jdk/internal/vm/vector/VectorSupport$VectorPayload
instanceKlass jdk/internal/vm/vector/VectorSupport
instanceKlass java/lang/reflect/RecordComponent
instanceKlass java/util/Iterator
instanceKlass java/lang/Number
instanceKlass java/lang/Character
instanceKlass java/lang/Boolean
instanceKlass java/util/concurrent/locks/AbstractOwnableSynchronizer
instanceKlass java/lang/LiveStackFrame
instanceKlass java/lang/StackFrameInfo
instanceKlass java/lang/StackWalker$StackFrame
instanceKlass java/lang/StackStreamFactory$AbstractStackWalker
instanceKlass java/lang/StackWalker
instanceKlass java/nio/Buffer
instanceKlass java/lang/StackTraceElement
instanceKlass java/util/RandomAccess
instanceKlass java/util/List
instanceKlass java/util/SequencedCollection
instanceKlass java/util/AbstractCollection
instanceKlass java/util/Collection
instanceKlass java/lang/Iterable
instanceKlass java/util/concurrent/ConcurrentMap
instanceKlass java/util/AbstractMap
instanceKlass java/security/CodeSource
instanceKlass jdk/internal/loader/ClassLoaders
instanceKlass java/util/jar/Manifest
instanceKlass java/lang/Enum
instanceKlass java/net/URL
instanceKlass java/io/InputStream
instanceKlass java/io/Closeable
instanceKlass java/lang/AutoCloseable
instanceKlass jdk/internal/module/Modules
instanceKlass jdk/internal/misc/Unsafe
instanceKlass jdk/internal/misc/UnsafeConstants
instanceKlass java/lang/AbstractStringBuilder
instanceKlass java/lang/Appendable
instanceKlass java/lang/AssertionStatusDirectives
instanceKlass java/lang/invoke/MethodHandleNatives$CallSiteContext
instanceKlass jdk/internal/foreign/abi/ABIDescriptor
instanceKlass jdk/internal/foreign/abi/NativeEntryPoint
instanceKlass java/lang/invoke/CallSite
instanceKlass java/lang/invoke/MethodType
instanceKlass java/lang/invoke/TypeDescriptor$OfMethod
instanceKlass java/lang/invoke/LambdaForm
instanceKlass java/lang/invoke/MethodHandleNatives
instanceKlass java/lang/invoke/ResolvedMethodName
instanceKlass java/lang/invoke/MemberName
instanceKlass java/lang/invoke/VarHandle
instanceKlass java/lang/invoke/MethodHandle
instanceKlass jdk/internal/reflect/CallerSensitive
instanceKlass java/lang/annotation/Annotation
instanceKlass jdk/internal/reflect/FieldAccessor
instanceKlass jdk/internal/reflect/ConstantPool
instanceKlass jdk/internal/reflect/ConstructorAccessor
instanceKlass jdk/internal/reflect/MethodAccessor
instanceKlass jdk/internal/reflect/MagicAccessorImpl
instanceKlass jdk/internal/vm/StackChunk
instanceKlass jdk/internal/vm/Continuation
instanceKlass jdk/internal/vm/ContinuationScope
instanceKlass java/lang/reflect/Parameter
instanceKlass java/lang/reflect/Member
instanceKlass java/lang/reflect/AccessibleObject
instanceKlass java/lang/Module
instanceKlass java/util/Map
instanceKlass java/util/Dictionary
instanceKlass java/lang/ThreadGroup
instanceKlass java/lang/Thread$UncaughtExceptionHandler
instanceKlass java/lang/Thread$Constants
instanceKlass java/lang/Thread$FieldHolder
instanceKlass java/lang/Thread
instanceKlass java/lang/Runnable
instanceKlass java/lang/ref/Reference
instanceKlass java/lang/Record
instanceKlass java/security/AccessController
instanceKlass java/security/AccessControlContext
instanceKlass java/security/ProtectionDomain
instanceKlass java/lang/SecurityManager
instanceKlass java/lang/Throwable
instanceKlass java/lang/System
instanceKlass java/lang/ClassLoader
instanceKlass java/lang/Cloneable
instanceKlass java/lang/Class
instanceKlass java/lang/invoke/TypeDescriptor$OfField
instanceKlass java/lang/invoke/TypeDescriptor
instanceKlass java/lang/reflect/Type
instanceKlass java/lang/reflect/GenericDeclaration
instanceKlass java/lang/reflect/AnnotatedElement
instanceKlass java/lang/String
instanceKlass java/lang/constant/ConstantDesc
instanceKlass java/lang/constant/Constable
instanceKlass java/lang/CharSequence
instanceKlass java/lang/Comparable
instanceKlass java/io/Serializable
ciInstanceKlass java/lang/Object 1 1 124 7 1 10 12 1 1 10 7 12 1 1 1 10 7 12 1 1 1 10 12 1 1 8 1 10 12 1 1 10 7 12 1 1 1 10 12 1 10 12 1 1 10 7 12 1 1 1 10 12 1 10 12 1 7 1 10 7 12 1 1 1 10 12 1 1 10 12 1 100 1 8 1 10 12 1 3 8 1 7 1 5 0 1 1 1 1 1 1 1 1 1 1 1 1 1 1 1 1 7 1 1 1 1 1 1 1 1 1 1 7 1 1 1 1 1 1 1 1 1 1 3 1 1
ciMethod java/lang/Object equals (Ljava/lang/Object;)Z 1024 0 8860 0 -1
ciMethod java/lang/Object toString ()Ljava/lang/String; 2 0 1 0 -1
ciMethod java/lang/Object hashCode ()I 512 0 256 0 -1
ciMethod java/lang/Object clone ()Ljava/lang/Object; 512 0 256 0 -1
ciInstanceKlass java/io/Serializable 1 0 7 100 1 100 1 1 1
ciInstanceKlass java/lang/System 1 1 834 10 7 12 1 1 1 9 7 12 1 1 1 10 12 1 10 12 1 1 10 12 1 1 10 12 1 9 12 1 1 10 7 12 1 1 1 11 7 12 1 1 1 10 100 12 1 1 1 10 12 1 1 10 12 1 1 100 1 8 1 10 12 1 10 7 12 1 1 1 10 7 12 1 1 1 18 12 1 1 10 7 12 1 1 1 7 1 10 12 1 1 10 7 12 1 1 1 10 12 1 10 7 12 1 1 1 9 100 12 1 1 1 10 7 12 1 1 1 11 7 12 1 1 1 10 12 1 1 10 7 12 1 1 1 7 1 10 10 12 1 1 8 1 10 12 1 8 1 10 12 1 9 12 1 1 8 1 10 7 12 1 1 1 10 12 1 1 100 1 8 1 10 9 12 1 1 8 1 10 12 1 1 10 100 12 1 1 1 8 1 10 12 1 7 1 10 12 1 8 1 10 12 1 10 12 1 1 100 1 10 12 10 12 1 9 12 1 1 9 12 1 1 10 7 12 1 1 1 10 7 12 1 1 1 10 12 1 1 10 12 1 10 12 1 10 7 12 1 1 1 10 12 1 100 1 100 1 8 1 10 12 1 10 12 1 1 7 1 10 12 1 100 1 8 1 10 10 12 1 100 1 8 1 10 8 1 10 7 12 1 1 8 1 10 12 100 1 8 1 10 10 12 1 1 10 7 12 1 1 1 100 1 18 12 1 100 1 9 100 12 1 1 1 10 12 1 100 1 10 12 1 1 10 12 1 1 10 7 12 1 1 1 10 12 1 1 10 12 1 10 12 1 10 12 1 1 10 12 1 7 1 10 12 1 9 7 12 1 1 1 10 7 12 1 1 1 10 12 1 10 12 1 10 7 12 1 1 1 7 1 8 1 10 9 12 1 9 12 1 10 12 1 10 7 12 1 1 10 12 1 10 12 1 1 8 1 10 12 1 1 8 1 11 12 1 10 12 11 12 1 1 11 7 12 1 1 1 11 7 12 1 1 11 12 1 1 7 1 11 12 1 10 12 1 8 1 10 12 1 1 8 1 8 1 8 1 8 1 11 12 1 10 12 1 10 12 1 10 12 1 8 1 10 12 1 1 8 1 9 12 1 8 1 10 7 12 1 1 8 1 7 1 9 7 12 1 1 1 10 12 1 7 1 9 12 10 9 12 7 1 10 12 9 12 1 1 8 1 10 12 1 1 8 1 10 7 12 1 1 10 12 1 10 12 1 1 11 7 12 1 1 10 12 10 7 12 1 1 1 9 12 1 1 7 1 8 1 10 12 1 1 10 7 12 1 1 1 7 1 10 12 1 1 10 12 1 8 1 8 1 10 8 1 8 1 8 1 8 1 10 10 7 12 1 1 10 12 1 10 12 1 1 10 12 1 1 10 12 1 10 100 12 1 1 1 10 7 1 8 1 10 10 10 12 1 1 10 12 1 1 8 1 10 12 1 8 1 8 1 10 12 1 10 7 12 1 1 1 10 12 1 1 7 1 10 10 12 1 10 12 1 9 12 1 1 3 1 3 1 1 1 1 1 1 1 1 1 1 1 1 100 1 1 100 1 1 1 1 1 1 1 1 1 1 1 100 1 7 1 1 1 1 1 1 1 1 1 1 1 1 1 1 1 1 1 1 1 1 1 1 1 1 1 1 1 1 1 1 1 1 1 1 1 1 1 1 1 1 1 1 1 1 1 1 1 1 1 1 1 1 1 1 1 1 1 1 100 1 1 1 1 1 1 1 1 1 1 1 1 1 1 1 1 1 1 1 1 1 1 1 1 1 1 1 1 1 1 1 1 1 100 1 1 16 15 10 12 1 1 16 15 10 12 16 1 15 10 100 12 1 1 1 1 1 1 1 1 1 100 1 100 1 1
staticfield java/lang/System in Ljava/io/InputStream; java/io/BufferedInputStream
staticfield java/lang/System out Ljava/io/PrintStream; java/io/PrintStream
staticfield java/lang/System err Ljava/io/PrintStream; java/io/PrintStream
ciInstanceKlass jdk/internal/access/SharedSecrets 1 1 468 10 7 12 1 1 1 9 7 12 1 1 1 8 1 10 7 12 1 1 1 7 1 9 12 1 1 8 1 9 12 1 1 100 1 10 12 1 1 9 12 1 1 100 1 9 12 1 1 9 12 1 1 8 1 9 12 1 1 7 1 9 12 1 1 9 12 1 1 9 12 1 1 7 1 9 12 1 1 7 1 9 12 1 1 100 1 9 12 1 1 100 1 9 12 1 1 7 1 9 12 1 1 7 1 9 12 1 1 100 1 9 12 1 1 100 1 9 12 1 1 9 12 1 1 100 1 100 1 9 12 1 1 7 1 9 12 1 1 100 1 9 12 1 1 7 1 9 12 1 1 9 12 1 1 9 12 1 1 9 12 1 1 100 1 9 12 1 1 100 1 9 12 1 1 9 12 1 1 100 1 9 12 1 1 100 1 9 12 1 1 100 1 9 12 1 1 100 1 9 12 1 1 100 1 9 12 1 1 100 1 9 12 1 1 8 1 10 7 12 1 1 1 10 7 12 1 1 1 100 1 1 1 1 1 1 1 1 1 1 1 1 1 100 1 1 1 1 1 100 1 1 1 1 1 100 1 1 100 1 1 1 1 1 1 1 1 1 1 1 1 1 100 1 1 1 1 1 1 100 1 1 1 1 1 1 1 1 1 1 1 1 1 1 1 100 1 1 1 1 1 100 1 1 1 1 1 1 100 1 1 1 1 1 1 100 1 1 1 1 1 100 1 1 1 1 1 1 100 1 1 1 1 1 100 1 1 1 1 1 100 1 1 1 1 1 1 100 1 1 1 1 1 1 100 1 1 1 1 1 1 100 1 1 1 1 1 1 100 1 1 1 100 1 1 1 1 1 1 1 1 1 1 1 1 1 1 1 1 1 1 1 100 1 1 1 1 1 100 1 1 1 1 1 100 1 1 1 1 1 100 1 1 1 1 1 1 1 1 100 1 1 1 1 1 1 100 1 1 1 1 1 100 1 1 1 1 1 1 100 1 1 1 1 1 1 100 1 1 1 1 1 1 100 1 1 1 1 1 1 1 1 1 1 100 1 1 1
ciInstanceKlass java/lang/SecurityManager 0 0 576 10 7 12 1 1 1 9 7 12 1 1 1 10 7 12 1 1 1 100 1 8 1 10 12 1 10 12 1 1 10 7 12 1 1 1 10 7 1 10 100 1 10 9 100 12 1 1 1 10 7 12 1 1 1 10 12 1 1 10 7 12 1 1 100 1 8 1 10 9 12 1 1 9 12 1 8 1 9 12 1 7 1 10 8 1 10 12 1 1 10 12 1 10 12 1 1 100 1 10 10 12 1 1 100 1 8 1 10 12 1 8 1 8 1 8 1 8 1 8 1 8 1 10 12 1 8 1 8 1 8 1 8 1 8 1 10 7 12 1 1 1 10 12 1 1 8 1 100 1 8 1 10 8 1 8 1 8 1 8 1 8 1 10 100 12 1 1 8 1 100 1 8 1 8 1 10 8 1 10 12 1 100 1 8 1 10 10 12 1 1 10 12 1 10 12 1 10 12 1 10 100 12 1 1 1 10 12 1 10 100 12 1 1 11 100 12 1 1 1 18 12 1 1 11 100 12 1 1 1 18 12 1 1 11 12 1 1 18 18 11 12 1 18 12 1 11 12 1 1 9 12 1 1 9 12 1 9 12 1 9 12 1 100 1 10 100 12 1 1 10 12 1 10 12 1 18 12 1 18 10 100 12 1 1 1 18 12 1 10 12 1 18 18 8 1 10 12 1 9 12 1 1 11 7 12 1 1 1 8 1 100 1 10 12 1 10 12 1 1 10 12 1 1 9 12 1 1 10 12 1 10 12 1 1 8 1 100 1 10 9 12 1 8 1 10 12 1 8 1 100 1 10 10 100 12 1 1 10 100 1 9 7 12 1 1 1 11 12 1 1 10 12 1 11 12 1 10 12 1 7 1 10 10 12 1 1 10 12 1 1 1 1 1 1 1 1 1 1 1 7 1 1 1 1 1 1 1 1 1 1 1 1 1 1 1 1 1 1 1 1 1 1 1 1 1 1 1 1 1 1 1 1 1 1 1 1 1 1 1 1 1 1 1 1 1 1 1 1 1 1 1 1 1 1 1 1 3 1 1 1 1 1 1 1 1 1 1 100 1 1 1 1 1 1 1 1 1 1 1 1 1 1 1 1 1 1 1 1 1 1 1 1 1 1 1 1 1 1 1 1 1 1 1 1 1 1 16 15 10 7 12 1 1 1 16 1 16 15 10 12 16 1 15 10 12 16 15 11 7 1 16 1 16 1 15 10 12 16 15 10 12 16 15 10 12 1 16 1 15 11 12 1 15 10 12 16 15 10 16 1 15 10 100 12 1 1 1 1 1 1 100 1 100 1 1
ciInstanceKlass java/security/AccessController 1 1 295 10 7 12 1 1 1 10 7 12 1 1 1 10 7 12 1 1 1 10 12 1 1 10 12 1 1 10 7 12 1 1 1 10 12 1 1 10 12 1 10 12 1 1 10 12 1 100 1 8 1 10 12 1 10 12 1 10 12 1 1 10 12 1 7 1 7 1 10 12 1 1 10 12 1 10 12 1 10 12 1 1 10 7 12 1 1 1 10 12 1 1 9 100 12 1 1 1 10 7 12 1 1 1 10 12 1 10 12 1 9 100 12 1 1 1 10 12 1 10 12 1 1 9 12 1 1 10 100 1 10 11 7 12 1 1 1 10 7 12 1 1 11 7 1 100 1 10 12 1 10 12 1 10 12 1 8 1 10 12 1 1 8 1 10 100 12 1 1 1 8 1 7 1 10 10 12 1 1 10 12 1 10 7 12 1 1 1 10 12 1 8 1 10 7 12 1 1 8 1 8 1 10 12 1 8 1 10 12 1 10 12 1 1 10 12 1 1 1 1 1 1 1 1 1 1 1 1 1 1 1 1 1 1 1 1 1 1 1 1 1 1 1 1 100 1 1 1 1 1 1 1 1 1 1 1 1 1 1 1 1 1 1 1 1 1 1 1 1 1 1 1 1 1 1 1 1 1 1 100 1 100 1 1 1 1 1 1 1 1 1 3 1 1 1
staticfield java/security/AccessController $assertionsDisabled Z 1
ciInstanceKlass java/security/ProtectionDomain 1 1 348 10 7 12 1 1 1 9 7 12 1 1 1 7 1 10 9 12 1 1 9 12 1 1 9 12 1 1 10 7 12 1 1 7 1 9 12 1 9 12 1 1 7 1 9 12 1 1 9 12 1 10 7 12 1 1 10 7 12 1 1 1 10 12 1 1 10 12 1 9 12 1 9 100 12 1 1 10 12 1 1 10 100 1 10 12 1 1 8 1 7 1 8 1 10 12 1 10 11 10 7 12 1 1 1 10 12 1 1 8 1 11 8 1 10 12 1 8 1 8 1 10 12 1 1 10 12 1 10 12 1 1 10 12 1 8 1 10 12 1 8 1 8 1 10 7 12 1 1 1 9 100 12 1 1 1 10 12 1 1 9 100 12 1 1 1 10 7 12 1 1 1 100 1 18 12 1 1 10 7 12 1 1 1 10 7 1 10 12 1 10 12 1 1 11 100 12 1 1 11 12 1 100 1 11 7 12 1 1 1 10 12 1 10 11 12 1 1 11 12 1 1 10 12 1 10 7 12 1 1 10 100 12 1 1 11 12 1 10 12 10 12 1 8 1 8 1 10 7 12 1 1 1 7 1 10 10 7 12 1 1 1 1 1 1 1 1 1 1 7 1 1 7 1 1 1 1 1 1 1 1 1 1 1 1 1 1 1 1 1 1 1 1 1 1 1 1 1 1 1 1 1 1 1 1 1 1 1 1 1 1 1 1 1 1 1 1 7 1 1 1 1 1 1 100 1 1 16 15 10 12 16 15 10 100 12 1 1 1 1 1 1 1 100 1 100 1 1
staticfield java/security/ProtectionDomain filePermCompatInPD Z 0
ciInstanceKlass java/security/CodeSource 1 1 398 10 7 12 1 1 1 9 7 12 1 1 1 9 12 1 1 9 12 1 1 9 12 1 1 10 7 12 1 1 1 9 12 1 1 10 100 12 1 1 10 100 10 7 12 1 1 1 10 100 12 1 1 1 10 12 1 1 7 1 10 10 100 12 1 1 1 10 100 12 1 1 1 10 12 1 1 100 1 10 12 1 1 10 12 1 1 10 12 1 1 10 12 1 10 10 10 12 1 1 10 7 12 1 1 1 10 12 1 10 12 1 10 12 1 8 1 10 12 1 10 12 1 10 12 1 1 10 12 1 8 1 10 12 1 1 10 7 1 10 10 12 1 1 8 1 10 12 1 10 12 1 10 12 1 8 1 8 1 9 12 1 1 100 1 8 1 10 12 1 10 12 1 1 8 1 10 12 1 8 1 8 1 8 1 10 100 12 1 1 10 12 1 1 10 12 1 10 12 1 1 10 12 1 1 10 12 1 1 100 1 100 1 10 12 1 10 12 10 12 1 1 10 100 12 1 1 10 12 1 7 1 10 12 10 100 12 1 1 1 10 8 1 10 12 1 10 12 1 10 12 1 1 100 1 10 12 1 1 100 1 7 1 8 1 8 1 10 10 12 1 1 10 100 12 1 1 1 7 1 10 12 10 12 1 1 11 7 12 1 1 10 10 12 1 11 10 12 1 8 1 100 1 10 12 1 10 12 1 1 10 12 1 11 12 1 1 7 1 1 1 1 5 0 1 1 1 1 1 1 1 1 1 1 1 1 1 1 1 1 1 1 1 1 1 1 1 1 1 1 1 1 1 1 1 1 1 1 1 1 1 1 1 1 1 1 1 1 1 1 1 1 1 1 1 1 1 1 1 1 1 1 1 1 1 1 1 1 1 1 100 1 1 1 1 1 1 1
ciInstanceKlass java/lang/Boolean 1 1 152 10 7 12 1 1 1 9 7 12 1 1 1 10 12 1 1 10 12 1 8 1 10 7 12 1 1 9 12 1 1 9 12 1 10 12 1 1 10 12 1 1 10 12 1 1 10 7 12 1 1 1 100 1 100 1 10 12 1 1 9 100 12 1 1 9 12 10 100 12 1 1 1 10 12 1 1 8 1 10 7 12 1 1 1 9 12 1 1 7 1 7 1 7 1 1 1 1 1 1 5 0 1 1 1 1 1 1 1 1 1 1 3 1 1 1 1 1 1 1 1 1 1 1 1 1 1 1 1 1 1 7 1 1 1 1 1 1 1 1 1 1 100 1 1 1 1 1 1 1 1 1
staticfield java/lang/Boolean TRUE Ljava/lang/Boolean; java/lang/Boolean
staticfield java/lang/Boolean FALSE Ljava/lang/Boolean; java/lang/Boolean
staticfield java/lang/Boolean TYPE Ljava/lang/Class; java/lang/Class
ciInstanceKlass java/lang/Comparable 1 0 12 100 1 100 1 1 1 1 1 1 1 1
ciInstanceKlass java/lang/constant/Constable 1 0 11 100 1 100 1 1 1 1 1 1 1
ciInstanceKlass java/util/Map 1 1 263 11 7 12 1 1 1 11 12 1 1 10 100 12 1 1 11 12 1 1 11 7 12 1 1 1 11 100 12 1 1 1 11 12 1 1 7 1 11 12 1 11 12 1 100 1 100 1 10 12 1 1 11 100 12 1 1 1 11 100 12 1 1 1 11 12 1 11 12 1 10 12 1 1 11 12 1 11 100 12 1 9 7 12 1 1 1 100 1 10 12 7 1 7 1 10 12 1 7 1 10 7 1 11 12 1 11 12 1 1 11 12 1 1 7 1 11 12 1 1 1 1 1 1 1 1 1 1 1 1 1 1 1 1 1 1 1 1 1 1 1 1 1 1 1 1 1 1 1 1 1 1 1 1 1 1 1 1 1 1 1 1 1 1 1 1 1 1 1 1 1 1 1 1 1 1 1 1 1 1 1 1 1 1 1 1 1 1 1 1 1 1 1 1 1 1 1 1 1 1 1 1 1 1 1 1 1 1 1 1 1 1 1 1 1 1 1 1 1 1 1 1 1 1 1 1 1 1 1 1 1 1 1 1 1 1 1 1 1 1 1 1 1 1 100 1 1 1 1 1 1 1 1 1 1 1 1 1 1 1 1 1 1
ciInstanceKlass java/lang/Class 1 1 1698 10 7 12 1 1 1 9 7 12 1 1 1 9 12 1 1 10 12 1 1 8 1 10 12 1 8 1 8 1 10 12 1 1 10 7 12 1 1 1 10 12 1 7 1 10 10 12 1 10 12 1 1 10 12 1 1 10 12 1 1 10 7 12 1 1 10 12 1 10 12 1 10 12 1 8 1 10 12 1 8 1 10 12 1 8 1 8 1 10 12 1 1 10 7 12 1 1 1 18 12 1 1 11 7 12 1 1 1 8 1 8 1 8 1 10 7 12 1 1 1 11 12 1 1 8 1 10 12 1 10 11 100 12 1 1 1 11 7 12 1 1 1 11 8 1 18 8 1 10 12 1 10 7 12 1 1 10 12 1 1 10 7 12 1 1 1 10 12 1 1 10 12 1 1 10 7 12 1 1 1 10 12 9 100 12 1 1 1 10 7 12 1 1 1 10 12 1 10 7 12 1 1 1 10 12 1 1 18 12 1 1 10 7 12 1 1 1 10 7 12 1 10 12 1 1 10 7 1 7 1 10 12 1 1 9 12 1 1 7 1 8 1 10 12 1 10 12 1 1 10 12 1 1 10 7 12 1 1 1 7 1 10 12 1 7 1 7 1 10 10 12 1 1 10 12 1 1 100 1 10 7 12 1 1 1 10 12 1 1 10 12 1 1 9 12 1 1 10 12 1 10 12 1 1 9 12 1 1 9 12 1 1 10 12 1 1 10 7 1 10 12 1 10 12 1 10 12 1 1 10 9 12 1 10 12 1 8 1 10 12 1 1 10 12 1 1 10 12 1 10 12 1 1 10 12 1 1 10 12 1 1 9 7 12 1 1 1 10 7 12 1 1 10 12 10 12 1 10 12 1 10 12 1 10 12 1 9 100 12 1 1 1 9 12 1 10 12 1 10 100 12 1 1 1 10 12 1 1 10 100 12 1 1 10 12 1 10 12 1 1 10 100 12 1 1 1 10 12 1 10 12 1 1 10 12 1 10 12 1 10 12 1 1 10 7 1 10 10 10 12 1 1 10 12 1 1 10 12 10 10 12 1 1 7 1 8 1 10 10 12 1 1 10 12 1 100 1 11 12 1 10 7 12 1 1 10 12 1 10 12 1 10 100 12 1 1 10 10 12 1 1 8 1 10 12 1 10 12 1 1 8 1 10 12 1 9 12 1 10 12 1 10 12 1 10 12 1 10 12 7 1 9 12 1 10 12 1 9 12 1 10 12 1 10 12 1 10 12 1 10 10 12 1 10 12 1 10 7 12 1 1 10 12 1 10 12 1 10 12 1 1 10 12 1 10 12 1 10 12 1 100 1 10 12 1 10 12 1 1 10 12 1 1 10 12 1 1 10 12 1 1 10 12 1 1 10 12 1 1 7 1 10 10 12 1 1 10 12 1 1 10 12 1 1 10 10 12 1 10 12 1 1 10 12 1 1 10 12 1 1 10 12 1 1 7 1 10 10 12 11 7 12 1 1 10 12 1 10 12 1 10 100 12 1 1 1 10 12 1 1 10 10 12 1 1 7 1 10 10 12 1 1 10 7 12 1 1 1 100 1 7 1 10 12 1 1 10 12 1 10 10 12 1 1 10 12 1 10 12 1 10 12 1 10 100 12 1 1 1 11 7 12 1 1 10 12 1 10 12 1 9 12 1 10 12 1 1 10 12 1 9 12 1 1 100 1 10 9 12 1 1 10 12 7 1 10 12 1 9 12 1 10 100 12 1 1 1 10 12 1 10 12 1 10 100 12 1 1 1 10 12 1 10 12 10 12 1 1 100 1 10 8 1 10 12 1 11 11 12 1 1 11 7 12 1 1 11 12 1 8 1 10 12 1 10 12 1 1 9 12 1 9 12 1 1 10 7 12 1 1 9 12 1 10 12 1 1 10 10 12 1 10 7 12 1 1 1 10 7 12 1 1 10 7 12 1 1 9 12 1 1 10 12 1 9 12 1 10 12 1 10 12 1 1 9 12 1 1 9 12 1 10 12 1 10 12 1 1 9 12 1 100 1 10 10 12 1 1 7 1 10 12 1 1 100 11 7 1 9 12 1 1 9 12 1 7 1 10 12 1 9 12 1 1 9 12 1 10 12 1 10 12 1 1 9 12 1 7 1 10 10 12 1 1 10 10 12 1 10 12 10 10 12 1 9 12 1 10 12 1 1 10 7 12 1 1 1 10 12 1 1 10 12 1 8 10 7 8 1 18 8 1 8 1 10 12 1 9 12 1 9 12 1 1 10 12 1 7 1 7 1 10 12 1 9 12 1 1 7 1 10 10 12 1 10 7 1 9 12 1 8 1 10 12 1 7 1 10 12 1 10 12 1 1 100 1 7 1 9 12 1 100 1 8 1 10 10 7 12 1 1 1 10 12 11 7 12 1 1 1 10 12 1 10 12 1 1 10 8 1 8 1 10 12 1 1 9 7 12 1 1 11 12 7 1 11 7 12 1 1 9 12 1 10 100 12 1 1 1 10 7 12 1 1 10 12 1 1 9 12 1 9 10 12 1 1 10 12 1 1 10 12 1 1 10 12 1 1 10 12 1 1 11 12 1 100 1 11 12 1 10 100 12 1 1 1 10 12 1 11 12 1 10 100 12 1 1 1 10 12 1 10 100 12 1 1 1 11 12 1 11 12 1 1 10 12 1 10 12 1 1 9 12 1 1 9 100 12 1 1 10 12 1 10 100 12 1 1 1 10 12 1 1 10 12 1 10 12 1 10 12 1 10 7 12 1 1 1 10 12 1 8 1 10 12 1 10 12 1 10 12 1 100 1 10 12 10 100 12 1 1 1 11 100 12 1 1 1 10 12 1 1 10 12 1 18 12 1 1 11 12 1 1 18 11 12 1 18 12 1 11 12 1 10 12 1 1 10 12 1 10 12 1 10 12 1 10 12 1 10 12 10 12 1 8 1 10 12 1 7 1 9 12 1 1 7 1 7 1 7 1 7 1 1 1 3 1 3 1 3 1 1 1 1 1 1 1 5 0 1 1 1 1 1 1 1 1 1 1 1 1 1 1 1 1 1 1 1 1 1 1 1 1 100 1 1 1 1 1 1 1 100 1 1 1 1 1 7 1 1 1 1 1 1 1 1 1 1 1 1 1 1 1 1 1 1 1 1 1 1 1 1 1 1 1 1 1 1 1 1 1 1 1 1 1 1 1 1 1 1 100 1 1 1 1 1 1 1 1 1 1 1 1 1 1 1 1 1 1 1 1 1 1 1 1 1 1 1 1 1 1 1 100 1 1 1 1 1 1 1 1 1 1 1 1 1 1 1 1 1 1 1 1 3 1 1 1 1 1 1 1 1 1 1 1 1 1 1 1 1 1 1 1 1 1 1 1 1 1 1 1 1 1 1 1 1 1 1 1 7 1 7 1 1 1 1 1 1 1 1 1 1 1 1 1 1 1 1 1 1 1 1 1 1 1 1 1 1 1 1 1 1 1 1 1 1 1 1 1 1 1 1 1 1 1 1 1 1 1 1 1 1 1 1 1 1 1 1 1 1 1 1 1 1 1 1 1 1 1 1 1 1 1 1 1 1 1 1 1 1 1 1 1 1 1 1 1 1 1 1 1 1 1 1 1 1 1 1 1 1 1 1 1 1 1 1 1 1 1 1 1 1 1 1 1 1 1 1 1 1 1 1 1 1 1 1 1 1 1 1 1 1 1 1 16 15 10 12 16 15 11 12 16 1 16 15 16 15 10 12 16 16 15 10 12 16 15 16 1 15 10 12 16 15 10 7 12 1 1 1 1 1 1 1 1 1 1 1 1 7 1 1 100 1 100 1 1 100 1 100 1 1 100 1 100 1 1
staticfield java/lang/Class EMPTY_CLASS_ARRAY [Ljava/lang/Class; 0 [Ljava/lang/Class;
staticfield java/lang/Class serialPersistentFields [Ljava/io/ObjectStreamField; 0 [Ljava/io/ObjectStreamField;
ciInstanceKlass java/lang/reflect/AnnotatedElement 1 1 164 11 7 12 1 1 1 11 12 1 1 7 1 10 100 12 1 1 1 10 12 1 1 10 12 1 1 10 12 1 10 100 12 1 1 1 11 12 1 1 11 7 12 1 1 10 7 12 1 1 1 10 12 1 10 100 12 1 1 1 18 12 1 1 11 100 12 1 1 18 12 1 18 12 1 1 10 100 12 1 1 1 11 100 12 1 1 1 7 1 10 100 12 1 1 1 1 1 1 1 1 1 1 1 1 1 1 1 1 1 1 1 1 1 1 1 1 1 100 1 1 1 1 1 1 1 1 1 1 1 16 15 16 1 16 1 15 11 12 16 16 1 15 10 100 12 1 1 1 16 1 15 10 100 12 1 1 1 1 100 1 100 1 1
ciInstanceKlass java/lang/invoke/TypeDescriptor 1 0 17 100 1 100 1 1 1 1 1 1 100 1 100 1 1 1 1
ciInstanceKlass java/lang/reflect/GenericDeclaration 1 0 30 7 1 7 1 7 1 1 1 1 1 1 1 1 100 1 8 1 1 12 10 1 1 1 8 1 1 1 8 1
ciInstanceKlass java/lang/reflect/Type 1 1 17 11 100 12 1 1 1 100 1 1 1 1 1 1 1 1 1
ciInstanceKlass java/lang/invoke/TypeDescriptor$OfField 1 0 21 100 1 100 1 100 1 1 1 1 1 1 1 1 1 1 1 1 1 1 1
ciMethod java/lang/Class isPrimitive ()Z 512 0 256 0 -1
ciInstanceKlass java/lang/StringBuilder 1 1 422 10 7 12 1 1 1 10 12 1 10 12 1 10 12 1 1 10 7 12 1 1 1 10 7 12 1 1 1 10 12 1 10 12 1 10 12 1 10 12 1 10 12 1 10 12 1 10 12 1 10 12 1 10 12 1 10 12 1 10 12 1 10 12 1 10 12 1 10 12 1 1 10 12 1 10 12 1 1 10 12 1 1 10 12 1 10 12 1 10 12 1 10 12 1 10 12 1 10 12 1 10 12 1 10 12 10 12 1 10 12 1 10 12 1 10 12 1 1 10 12 1 10 12 1 10 12 10 12 1 1 10 12 1 10 12 1 10 12 1 10 100 12 1 1 1 9 12 1 1 10 12 1 10 12 1 1 10 12 1 1 9 12 1 1 10 100 12 1 1 1 10 100 1 10 12 1 1 10 100 12 1 1 10 12 1 10 12 1 1 100 1 100 1 8 1 10 10 12 1 1 10 12 1 10 12 1 10 12 1 1 10 12 1 10 12 1 10 12 1 10 12 1 10 12 1 10 12 10 12 1 10 12 1 10 12 1 10 12 1 10 12 1 10 12 1 10 12 1 10 12 1 10 12 1 1 10 12 1 1 10 12 1 10 12 1 10 12 1 10 12 10 12 10 12 1 10 12 1 10 12 1 10 12 10 12 1 10 12 1 10 12 1 10 12 1 10 12 1 10 12 1 10 12 1 10 12 1 10 12 1 1 10 12 1 10 12 1 1 10 12 1 10 12 1 1 10 12 1 10 12 1 1 10 12 1 10 12 1 10 12 1 10 10 12 1 10 12 1 7 1 7 1 7 1 7 1 1 1 1 5 0 1 1 1 1 1 1 1 1 1 1 1 1 1 1 1 1 1 1 1 1 1 1 1 1 1 1 1 1 1 1 1 1 1 1 1 1 1 1 1 1 1 1 1 1 100 1 1 1 7 1 1 1 1 1 1 1 1 1 1 1
instanceKlass java/lang/StringBuilder
instanceKlass java/lang/StringBuffer
ciInstanceKlass java/lang/AbstractStringBuilder 1 1 605 7 1 10 7 12 1 1 1 9 7 12 1 1 1 9 12 1 9 12 1 1 9 12 1 1 10 7 12 1 1 1 10 12 1 1 7 1 3 3 10 12 1 10 12 1 1 11 7 1 100 1 7 1 10 8 1 10 12 1 10 12 1 10 12 1 1 10 12 1 10 12 1 9 12 1 10 12 1 9 12 1 1 10 12 1 1 10 7 12 1 1 1 10 10 12 1 10 12 1 10 12 1 1 10 12 1 1 10 7 12 1 1 1 10 7 12 1 1 1 7 1 8 1 10 10 12 1 1 100 1 10 12 10 12 1 1 10 10 12 1 1 10 12 1 1 10 12 1 1 10 12 1 1 10 10 7 12 1 1 1 10 12 1 100 1 10 10 7 12 1 1 1 9 12 1 1 9 12 1 10 12 1 1 10 10 12 1 1 10 12 10 12 1 10 12 1 1 10 12 1 1 10 12 1 1 10 12 1 10 12 1 1 10 12 1 1 10 12 1 10 12 1 1 8 1 10 12 1 1 10 12 1 10 12 1 10 12 1 10 12 1 10 12 1 10 12 1 10 7 12 1 1 10 12 1 10 12 1 10 100 12 1 1 1 100 1 100 1 10 12 1 10 100 12 1 1 10 12 1 10 12 1 10 12 1 10 12 1 1 10 12 1 10 12 1 1 10 12 1 1 10 10 7 12 1 1 1 10 12 1 10 12 1 10 12 1 1 10 12 1 10 12 1 10 12 1 10 12 1 10 12 1 10 12 1 10 12 1 10 12 1 10 12 1 1 10 12 1 10 12 1 10 12 10 12 1 1 18 12 1 1 100 1 10 100 12 1 1 1 18 10 12 1 1 10 12 1 10 12 1 1 11 12 1 1 10 12 1 10 12 10 12 1 10 10 10 12 1 10 5 0 10 10 12 1 1 100 1 8 1 10 10 12 1 1 10 100 12 1 1 1 10 12 1 10 12 1 1 100 1 10 12 100 1 10 100 1 10 7 1 1 1 1 1 1 1 1 1 1 1 100 1 1 1 1 1 1 1 1 1 1 1 1 1 1 1 1 1 1 1 1 1 1 1 1 1 1 1 1 1 1 1 1 1 1 1 1 1 1 1 1 1 1 1 1 1 1 1 1 1 1 1 1 1 1 1 1 1 1 1 1 1 1 1 1 1 1 1 1 1 1 1 1 1 1 1 1 1 1 1 1 1 1 1 1 1 1 1 1 1 1 1 1 1 1 1 1 1 1 1 1 100 1 1 1 1 1 1 1 1 1 1 1 1 1 1 1 1 1 100 1 1 1 1 1 1 7 1 1 16 1 15 10 12 16 15 10 12 15 10 100 12 1 1 1 1 1 1 1 100 1 100 1 1
staticfield java/lang/AbstractStringBuilder EMPTYVALUE [B 0
ciMethod java/lang/StringBuilder toString ()Ljava/lang/String; 12 0 28300 0 0
ciInstanceKlass java/lang/Appendable 1 0 14 100 1 100 1 1 1 1 100 1 1 1 1 1
ciInstanceKlass java/lang/CharSequence 1 1 131 11 7 12 1 1 1 18 12 1 1 100 1 10 100 12 1 1 1 18 10 100 12 1 1 1 11 12 1 1 11 7 1 11 12 1 1 10 100 12 1 1 1 11 12 1 1 100 1 10 12 1 1 10 100 12 1 1 1 100 1 10 10 12 1 1 7 1 1 1 1 1 1 1 1 1 1 1 1 1 1 1 1 1 1 1 1 1 1 1 1 1 1 1 1 1 1 1 1 1 16 1 15 11 12 16 15 11 12 15 10 100 12 1 1 1 1 1 100 1 100 1 1 100 1 1 100 1 100 1 1
ciInstanceKlass java/io/PrintStream 1 1 413 100 1 10 12 1 1 8 1 10 7 12 1 1 1 10 100 12 1 1 1 100 1 100 1 100 1 10 10 7 12 1 1 9 12 1 1 9 12 1 9 12 1 10 12 1 1 10 12 1 9 12 1 7 1 10 12 1 9 12 1 1 7 1 10 12 1 9 12 1 1 10 7 12 1 1 1 10 7 12 1 1 1 9 12 1 1 10 12 1 10 12 1 8 1 7 1 10 12 1 10 12 1 100 1 10 10 12 1 8 10 12 1 9 12 1 1 100 1 8 1 10 10 12 1 10 12 1 10 12 1 10 12 1 10 12 1 10 12 1 10 12 1 10 10 10 12 1 1 10 12 1 1 100 1 10 7 12 1 1 1 10 12 1 10 12 1 10 12 1 10 12 10 10 12 1 10 12 10 12 1 10 10 12 1 10 12 1 10 12 10 12 10 7 12 1 1 1 10 12 10 12 1 10 12 1 1 10 10 12 1 10 12 1 10 12 1 10 12 1 10 12 1 10 10 12 1 10 10 12 1 10 12 1 1 10 12 1 10 12 10 12 1 10 12 1 10 12 1 10 12 10 12 10 12 10 12 1 1 10 12 1 10 12 1 1 9 12 1 1 10 100 12 1 1 1 9 100 12 1 1 1 10 100 12 1 1 1 10 12 1 10 12 1 10 12 1 10 12 1 8 1 11 7 12 1 1 1 10 12 1 1 10 12 1 10 12 1 7 1 10 12 10 7 12 1 1 1 7 1 7 1 1 1 1 1 1 1 1 1 1 1 1 1 1 1 1 100 1 1 1 1 1 1 1 1 100 1 1 1 1 1 1 1 7 1 1 1 1 1 1 1 1 1 1 1 1 100 1 1 1 100 1 1 1 1 1 1 1 1 1 1 1 1 1 1 1 1 100 1 1 1 1 1 1 1 1 1 1 1 1 1 1
ciMethod java/io/PrintStream println (Ljava/lang/String;)V 8 0 6 0 -1
ciInstanceKlass java/lang/AutoCloseable 1 0 12 100 1 100 1 1 1 1 100 1 1 1
ciInstanceKlass java/io/Closeable 1 0 14 100 1 100 1 100 1 1 1 1 100 1 1 1
instanceKlass jakarta/xml/bind/JAXBException
instanceKlass org/springframework/expression/AccessException
instanceKlass javax/xml/parsers/ParserConfigurationException
instanceKlass org/xml/sax/SAXException
instanceKlass javax/xml/stream/XMLStreamException
instanceKlass ch/qos/logback/core/spi/ScanException
instanceKlass java/beans/IntrospectionException
instanceKlass sun/nio/fs/WindowsException
instanceKlass javax/naming/NamingException
instanceKlass org/springframework/test/context/ContextLoadException
instanceKlass java/util/concurrent/TimeoutException
instanceKlass java/text/ParseException
instanceKlass java/util/concurrent/ExecutionException
instanceKlass ch/qos/logback/core/boolex/EvaluationException
instanceKlass java/security/GeneralSecurityException
instanceKlass ch/qos/logback/core/util/DynamicClassLoadingException
instanceKlass ch/qos/logback/core/util/IncompatibleClassException
instanceKlass ch/qos/logback/core/joran/spi/JoranException
instanceKlass java/net/URISyntaxException
instanceKlass java/lang/CloneNotSupportedException
instanceKlass java/lang/InterruptedException
instanceKlass java/io/IOException
instanceKlass java/lang/ReflectiveOperationException
instanceKlass java/lang/RuntimeException
ciInstanceKlass java/lang/Exception 1 1 40 10 7 12 1 1 1 10 12 1 10 12 1 10 12 1 10 12 1 100 1 1 1 1 5 0 1 1 1 1 1 1 1 1 1 1 1 1 1 1
instanceKlass africa/semicolon/wallet/domain/exceptions/AuthenticationException
instanceKlass java/lang/Exception
instanceKlass java/lang/Error
ciInstanceKlass java/lang/Throwable 1 1 404 10 7 12 1 1 1 9 7 12 1 1 1 9 12 1 1 9 12 1 9 12 1 1 9 12 1 10 12 1 1 9 12 1 1 10 12 1 1 10 12 1 100 1 7 1 10 8 1 10 12 1 1 8 1 10 100 12 1 1 10 10 12 1 100 1 8 1 10 10 12 1 1 10 7 12 1 1 10 12 1 8 1 9 7 12 1 1 1 10 12 1 1 100 1 10 12 10 12 1 10 100 12 1 1 1 100 1 10 12 10 12 1 10 12 1 100 1 10 10 7 12 1 1 1 11 100 12 1 1 1 10 12 1 1 10 12 1 1 8 1 10 12 1 10 12 1 1 8 1 8 1 10 12 1 1 10 12 1 8 1 8 1 9 12 1 1 10 12 1 1 100 1 10 11 12 1 8 1 8 1 10 7 12 1 1 8 1 10 12 1 8 1 100 1 10 12 1 9 12 1 1 10 12 1 10 7 12 1 9 12 1 1 10 12 1 1 100 1 8 1 10 12 1 10 100 12 1 1 10 12 1 1 7 1 10 100 12 1 1 1 10 12 1 11 7 12 1 1 1 11 7 12 1 1 11 12 1 8 1 10 12 1 1 8 1 10 10 9 100 12 1 1 1 8 1 10 12 1 1 11 10 100 1 8 1 10 11 12 1 1 8 1 9 12 1 10 100 12 1 1 11 9 12 1 1 11 12 1 1 100 10 12 1 10 12 1 1 7 1 1 1 1 5 0 1 1 1 1 1 1 1 1 1 1 1 1 1 7 1 1 1 1 1 1 1 1 1 1 1 1 1 1 1 1 1 1 1 1 1 1 1 1 1 1 1 1 1 1 1 1 1 1 1 1 1 1 1 1 1 1 1 1 100 1 7 1 1 1 1 1 1 1 1 1 1 1 1 1 1 1 1 1 1
staticfield java/lang/Throwable UNASSIGNED_STACK [Ljava/lang/StackTraceElement; 0 [Ljava/lang/StackTraceElement;
staticfield java/lang/Throwable SUPPRESSED_SENTINEL Ljava/util/List; java/util/Collections$EmptyList
staticfield java/lang/Throwable EMPTY_THROWABLE_ARRAY [Ljava/lang/Throwable; 0 [Ljava/lang/Throwable;
staticfield java/lang/Throwable $assertionsDisabled Z 1
ciMethod java/lang/Throwable toString ()Ljava/lang/String; 0 0 1 0 -1
ciMethod java/lang/Throwable fillInStackTrace ()Ljava/lang/Throwable; 482 0 190 0 -1
instanceKlass org/springframework/core/SortedProperties
instanceKlass org/springframework/test/context/support/TestPropertySourceUtils$SequencedProperties
ciInstanceKlass java/util/Properties 1 1 690 10 7 12 1 1 1 100 1 10 7 12 1 1 7 1 10 12 1 9 12 1 1 9 12 1 1 9 12 1 1 10 7 12 1 1 1 10 12 1 1 8 1 10 7 12 1 1 1 7 1 10 12 1 10 12 1 1 8 1 10 12 1 7 1 10 12 10 12 1 1 9 12 1 1 10 12 1 1 7 1 10 12 1 10 12 1 10 12 1 1 100 1 8 1 10 12 1 10 12 1 10 12 1 1 10 12 1 7 1 3 10 10 7 12 1 1 1 10 12 1 10 12 1 1 8 1 10 12 1 10 12 1 1 8 1 10 7 12 1 1 10 12 1 1 10 12 1 10 12 1 1 100 1 10 12 1 10 12 1 1 7 1 9 7 12 1 1 1 10 12 1 10 12 1 1 10 12 1 1 10 12 1 1 7 1 9 12 1 1 7 1 7 1 10 12 1 7 1 11 7 12 1 1 1 11 12 1 1 11 7 12 1 1 1 11 7 12 1 1 1 11 12 1 1 11 12 1 11 12 1 10 12 1 1 8 1 10 12 1 10 7 12 1 1 10 12 1 7 1 10 10 12 1 10 12 1 100 1 10 10 12 1 1 10 7 12 1 1 9 100 12 1 1 10 12 1 1 10 100 12 1 1 1 100 1 100 1 100 1 10 8 1 8 1 10 12 1 10 12 1 10 12 1 1 10 10 12 1 1 10 12 1 1 7 1 10 10 12 1 11 7 12 1 1 10 7 12 1 1 1 8 1 10 100 12 1 1 11 11 7 1 8 1 10 100 1 11 10 12 1 10 10 12 1 10 12 1 1 10 12 1 1 10 12 1 1 10 12 1 10 12 1 10 10 12 1 10 12 1 10 12 1 10 10 12 1 1 10 12 1 1 10 10 12 1 10 12 1 10 12 1 10 12 1 10 12 1 1 10 12 1 1 10 12 1 10 12 1 10 12 1 1 10 12 10 12 1 1 10 12 1 1 10 12 1 10 12 1 1 10 12 1 1 10 12 10 11 12 1 4 11 10 12 1 1 10 100 12 1 1 11 12 1 10 12 1 1 10 100 12 1 1 10 12 1 100 1 8 1 10 12 1 10 10 100 12 1 1 1 100 1 6 0 10 12 1 1 11 100 12 1 1 1 10 12 1 10 12 1 1 1 1 1 5 0 1 1 1 1 1 1 1 1 1 1 1 1 1 1 1 1 1 1 1 1 1 1 1 1 1 1 1 1 1 1 1 1 1 1 1 1 1 1 1 100 1 1 1 1 1 1 1 1 1 1 1 1 1 1 1 1 1 1 1 1 100 1 1 1 1 1 1 1 1 1 1 1 1 7 1 7 1 1 1 1 1 100 1 1 1 1 1 1 1 1 1 1 1 1 1 1 1 1 1 1 1 1 1 1 1 1 1 1 1 1 1 1 1 1 1 1 1 1 1 1 1 1 1 1 1 1 1 1 1 1 1 1 1 1 1 1 1 1 1 1 1 1 1 1 1 1 1 1 1 1 1 1 1 1 1 1 1 1 1 7 1 1 1 1 1 1 1 1 1 1 1 100 1 1
staticfield java/util/Properties UNSAFE Ljdk/internal/misc/Unsafe; jdk/internal/misc/Unsafe
instanceKlass java/util/Hashtable
ciInstanceKlass java/util/Dictionary 1 1 36 10 7 12 1 1 1 100 1 1 1 1 1 1 1 1 1 1 1 1 1 1 1 1 1 1 1 1 1 1 1 1 1 1 1 1
instanceKlass java/util/Properties
ciInstanceKlass java/util/Hashtable 1 1 516 7 1 10 7 12 1 1 1 9 7 12 1 1 1 100 1 7 1 10 8 1 10 12 1 1 10 12 1 10 12 1 1 10 12 1 10 7 12 1 1 1 8 1 10 12 1 9 12 1 1 7 1 9 12 1 1 4 10 7 12 1 1 1 9 12 1 4 10 12 1 11 7 12 1 1 1 10 12 1 1 10 12 1 1 9 12 1 10 12 1 1 100 1 10 9 12 1 1 10 7 12 1 1 1 9 12 1 1 10 12 1 10 12 1 3 9 12 1 9 12 1 3 10 12 1 10 12 1 10 12 1 1 11 12 1 1 11 100 12 1 1 1 11 7 12 1 1 1 11 12 1 100 1 11 12 1 11 12 1 10 12 1 1 10 12 1 1 10 12 1 9 12 1 1 9 12 9 12 1 1 10 100 1 7 1 10 12 1 10 8 1 10 10 12 1 8 1 10 8 1 10 7 12 1 1 1 7 1 10 12 1 10 12 1 7 1 10 12 1 10 12 1 1 100 1 10 100 1 10 10 12 1 1 11 12 1 1 11 12 1 7 1 10 10 10 100 12 1 1 11 100 12 1 1 1 100 1 10 11 100 12 1 1 11 100 12 1 10 12 1 10 12 1 1 10 100 12 1 1 10 12 1 1 10 12 1 1 10 12 1 1 10 100 12 1 1 1 8 10 100 12 1 1 100 1 8 1 10 4 4 10 12 1 1 10 12 1 8 1 4 10 12 10 100 12 1 1 1 100 1 11 100 12 1 1 1 10 100 12 1 1 1 10 12 1 10 12 1 1 10 7 1 7 1 1 1 1 1 1 5 0 1 1 1 1 1 3 1 3 1 3 1 1 1 1 1 1 1 1 1 1 1 1 1 1 1 1 1 1 1 1 1 1 1 1 1 100 1 1 1 1 1 1 1 1 1 1 1 1 1 1 1 1 1 1 1 1 1 1 1 1 1 1 1 1 1 7 1 1 1 1 1 1 1 1 1 1 1 1 1 1 7 1 1 1 1 1 1 1 1 1 1 1 1 1 1 1 1 1 1 1 1 1 1 1 1 1 1 1 1 1 1 1 1 1 1 1 1 1 1 1 1 1 1 1 1 100 1 1 1 7 1 1 1 1 1 7 1 1 1 1 1 1 1 1 1 1 1 1 1 1 1 1 1 1
ciInstanceKlass java/lang/String 1 1 1443 10 7 12 1 1 1 8 1 9 7 12 1 1 1 9 12 1 1 9 12 1 1 9 12 1 1 10 12 1 10 12 1 1 10 12 1 1 9 12 1 10 7 12 1 1 1 10 7 1 10 7 12 1 1 1 10 12 1 1 10 12 1 1 10 12 1 10 12 1 1 10 12 1 10 7 12 1 1 1 7 1 9 7 12 1 1 1 10 7 12 1 1 1 10 7 12 1 1 1 10 12 1 1 10 12 1 1 10 12 1 1 10 12 1 1 9 7 12 1 1 10 12 9 7 12 1 1 10 12 1 1 3 10 12 1 1 7 1 11 12 1 1 11 12 1 11 12 1 1 10 100 12 1 1 1 10 12 1 1 9 100 12 1 1 1 10 12 1 1 10 12 1 11 12 1 1 10 12 1 1 10 12 10 12 1 1 10 7 12 1 1 1 10 12 1 1 10 12 1 1 7 1 7 1 10 12 1 10 12 1 10 12 1 1 100 1 10 12 1 1 100 1 10 12 1 1 10 12 1 1 10 12 1 10 10 12 1 100 1 100 1 7 1 10 12 1 10 12 1 1 10 12 1 1 10 12 1 10 12 1 1 10 12 1 1 10 100 12 1 1 100 1 11 10 7 12 1 1 11 12 1 11 12 1 10 12 1 1 10 12 1 10 12 10 12 1 1 10 10 100 12 1 1 1 10 100 12 1 1 10 12 1 1 10 100 12 1 1 10 12 1 10 12 1 1 10 12 1 1 10 12 1 10 12 1 10 12 1 1 100 1 10 12 1 1 10 12 10 12 1 10 12 1 1 10 12 1 1 10 7 12 1 1 1 10 12 1 10 12 1 1 10 12 1 10 12 1 3 3 10 12 1 1 10 12 1 10 12 1 1 10 12 1 1 10 12 1 1 10 12 1 10 12 1 1 10 12 1 1 10 12 1 10 12 1 10 12 1 10 12 1 1 10 12 1 10 12 1 10 12 1 10 12 1 10 12 1 10 12 1 10 7 1 10 8 1 10 12 1 1 10 12 1 8 1 10 12 1 1 10 12 10 12 1 8 1 10 10 12 1 1 10 12 1 1 10 12 1 1 10 7 1 10 10 12 1 10 12 1 10 12 1 10 10 12 1 10 12 1 10 12 1 10 12 1 10 12 1 10 12 1 10 12 1 1 10 12 1 1 10 12 1 1 10 10 12 1 1 10 10 12 1 100 1 10 10 12 1 1 10 12 1 1 10 7 1 10 12 1 10 12 1 10 7 12 1 1 1 10 12 1 10 12 1 1 10 12 1 11 7 1 11 12 10 12 1 10 12 1 1 10 12 1 1 10 10 12 1 10 12 1 9 12 1 1 11 7 12 1 1 1 10 12 10 10 12 1 10 12 1 1 10 10 12 1 10 12 1 10 12 1 1 10 12 1 1 10 10 12 1 1 10 12 1 10 10 12 1 10 12 10 10 12 10 10 12 1 10 12 1 10 10 12 10 7 12 1 1 1 10 12 10 10 12 10 12 1 10 12 10 12 10 10 12 1 10 12 1 1 10 12 1 1 10 10 12 1 10 7 12 1 1 1 10 12 1 1 10 10 7 12 1 1 1 11 10 12 1 10 12 1 1 10 12 1 1 10 7 12 1 1 1 10 12 1 10 12 1 10 12 1 10 12 1 10 12 1 10 12 1 100 1 7 1 8 1 10 10 10 12 1 10 12 1 1 8 1 10 12 1 3 3 10 12 1 10 12 1 1 10 12 7 1 10 10 12 1 1 10 12 1 10 12 1 10 12 1 1 10 12 1 1 11 7 12 1 1 1 7 1 10 12 1 10 12 1 1 8 1 10 12 1 1 10 12 1 11 7 12 1 1 1 11 7 12 1 1 11 12 1 10 12 1 10 12 1 1 10 10 7 12 1 1 1 10 12 1 10 12 1 10 10 12 10 12 1 1 10 10 12 1 10 10 12 1 10 10 12 1 10 10 12 1 10 12 1 1 10 10 12 1 8 1 10 12 1 1 18 12 1 1 11 100 12 1 1 1 7 1 3 18 12 1 18 12 1 8 1 10 100 12 1 1 1 11 12 1 1 10 12 10 10 12 1 10 11 12 1 1 10 12 1 1 11 12 1 18 3 11 10 12 1 11 11 10 12 1 10 12 1 1 8 1 10 12 1 10 12 1 10 12 1 1 10 10 12 1 11 100 12 1 7 1 100 1 10 12 100 1 10 10 7 12 1 1 1 100 1 10 7 1 10 10 12 1 10 10 12 1 8 1 10 10 12 1 8 1 8 1 10 12 1 10 12 1 10 10 12 10 7 12 1 1 10 7 12 1 1 10 7 12 1 1 8 1 10 12 1 10 12 1 10 9 12 1 10 12 9 7 12 1 1 1 10 12 1 10 12 1 10 12 1 10 12 1 10 12 1 8 1 10 100 12 1 1 1 10 12 10 12 1 1 10 12 10 10 12 10 12 7 1 9 12 1 1 7 1 10 7 1 7 1 7 1 7 1 1 1 1 1 1 5 0 1 1 1 1 1 3 1 3 1 1 1 1 1 1 1 1 1 1 1 1 1 1 1 100 1 1 1 1 1 1 1 1 1 1 1 1 1 1 1 1 1 1 1 1 1 1 1 1 1 1 1 1 1 1 1 100 1 1 1 1 1 1 1 1 1 1 7 1 1 1 1 1 1 1 1 1 1 1 1 1 1 1 1 1 1 1 1 1 1 1 1 1 1 1 1 1 1 1 1 1 1 1 1 1 1 1 1 1 1 1 1 1 1 1 1 1 1 1 1 1 1 1 1 1 1 1 1 1 1 1 1 1 1 1 1 1 1 1 1 1 1 1 1 1 1 1 1 1 1 1 1 1 1 1 1 1 1 1 1 1 1 1 1 1 1 1 1 1 1 1 1 1 1 1 1 1 1 1 1 1 1 1 1 1 1 1 1 1 1 1 1 1 1 1 1 1 1 1 1 1 1 1 1 1 1 1 1 1 1 1 1 1 1 1 1 1 1 1 1 1 1 1 1 1 1 1 1 1 1 1 1 1 1 1 1 1 1 1 1 1 1 1 100 1 1 1 1 1 1 1 1 1 1 1 1 1 1 1 1 1 1 1 1 1 1 1 100 1 1 1 1 1 1 1 1 1 1 1 1 1 1 1 7 1 1 1 1 1 1 1 1 1 1 1 1 1 1 1 16 15 10 12 16 15 10 12 15 10 12 15 10 12 15 10 100 12 1 1 1 1 1 1 1 100 1 100 1 1 1
staticfield java/lang/String COMPACT_STRINGS Z 1
staticfield java/lang/String serialPersistentFields [Ljava/io/ObjectStreamField; 0 [Ljava/io/ObjectStreamField;
staticfield java/lang/String CASE_INSENSITIVE_ORDER Ljava/util/Comparator; java/lang/String$CaseInsensitiveComparator
ciMethod java/lang/String equals (Ljava/lang/Object;)Z 1024 0 8215 0 416
ciMethod java/lang/String toString ()Ljava/lang/String; 1024 0 22347 0 80
ciMethod java/lang/String hashCode ()I 1024 0 6020 0 184
ciMethod java/lang/String length ()I 1024 0 279500 0 112
ciMethod java/lang/String charAt (I)C 1024 0 521910 0 192
ciMethod java/lang/String isEmpty ()Z 512 0 64336 0 112
ciInstanceKlass java/lang/constant/ConstantDesc 1 0 37 100 1 100 1 1 1 1 100 1 1 1 1 100 1 100 1 100 1 100 1 100 1 100 1 100 1 100 1 100 1 1 100 1 100 1 1
ciInstanceKlass jdk/internal/misc/VM 1 1 320 10 7 12 1 1 1 9 7 12 1 1 1 9 12 1 1 7 1 7 1 10 8 1 10 12 1 1 10 12 1 10 12 1 1 10 12 1 10 12 1 10 12 1 9 12 1 1 8 1 10 12 1 9 12 1 1 9 12 1 9 12 1 3 10 7 12 1 1 1 9 12 1 1 100 1 8 1 10 11 7 12 1 1 1 7 1 10 100 12 1 1 1 10 12 1 8 1 8 1 10 12 1 1 8 1 10 12 1 1 10 7 12 1 1 1 10 12 1 1 10 7 12 1 1 1 5 0 8 1 8 1 8 1 10 12 1 1 10 12 1 1 10 7 12 1 1 1 10 12 1 9 12 1 100 1 10 12 1 10 7 12 1 1 9 12 1 9 12 1 9 7 12 1 1 1 9 12 1 9 12 1 9 12 1 9 12 1 9 12 1 10 12 1 10 12 1 10 12 1 10 12 1 10 12 1 9 100 12 1 1 1 5 0 10 1 1 3 1 3 1 3 1 3 1 3 1 1 1 1 1 1 1 1 1 3 1 3 1 3 1 1 1 1 1 1 1 7 1 1 1 100 1 1 1 1 1 1 1 1 1 1 1 1 1 1 1 1 1 1 1 1 1 1 1 1 1 1 1 1 1 1 1 1 1 1 1 1 1 1 1 1 1 1 1 1 1 1 1 1 1 1 1 1 1 1 1 1 1 1 1 1 100 1 1 7 1 1 1 1
staticfield jdk/internal/misc/VM lock Ljava/lang/Object; java/lang/Object
ciInstanceKlass java/lang/InternalError 1 1 34 10 7 12 1 1 1 10 12 1 10 12 1 10 12 1 100 1 1 1 1 5 0 1 1 1 1 1 1 1 1 1 1 1
instanceKlass java/lang/ThreadDeath
instanceKlass java/util/ServiceConfigurationError
instanceKlass java/lang/AssertionError
instanceKlass java/lang/VirtualMachineError
instanceKlass java/lang/LinkageError
ciInstanceKlass java/lang/Error 1 1 40 10 7 12 1 1 1 10 12 1 10 12 1 10 12 1 10 12 1 100 1 1 1 1 5 0 1 1 1 1 1 1 1 1 1 1 1 1 1 1
instanceKlass java/lang/StackOverflowError
instanceKlass java/lang/OutOfMemoryError
instanceKlass java/lang/InternalError
ciInstanceKlass java/lang/VirtualMachineError 1 1 34 10 7 12 1 1 1 10 12 1 10 12 1 10 12 1 100 1 1 1 1 5 0 1 1 1 1 1 1 1 1 1 1 1
ciInstanceKlass java/util/Set 1 1 144 100 1 10 7 12 1 1 1 9 7 12 1 1 1 7 1 10 12 1 1 10 12 1 7 1 7 1 10 12 1 7 1 7 1 11 7 12 1 1 1 11 12 1 1 7 1 10 12 1 10 12 1 1 11 12 1 1 1 1 1 1 1 1 1 1 1 1 1 1 1 1 1 1 1 1 1 1 1 1 1 1 1 1 1 1 1 1 1 1 1 1 1 1 1 1 1 1 1 1 1 1 1 1 1 1 1 1 1 1 1 1 1 1 1 1 1 1 1 1 1 1 1 1 1 1 1 1 1 1 1 1 1 1 1 1 1 1 1 1 1 1 1 1
ciInstanceKlass java/util/Iterator 1 1 53 100 1 8 1 10 12 1 1 10 7 12 1 1 1 11 7 12 1 1 1 11 12 1 1 11 7 12 1 1 1 7 1 1 1 1 1 1 1 1 1 1 1 1 1 1 1 1 1 1 1 1 1
ciInstanceKlass java/util/Map$Entry 1 1 178 18 12 1 1 7 1 7 1 18 10 7 12 1 1 1 18 12 1 18 100 1 11 7 12 1 1 1 11 12 1 11 7 12 1 1 1 10 100 12 1 1 1 10 7 12 1 1 1 8 1 10 12 1 1 8 1 8 1 8 1 10 12 1 10 12 1 8 10 7 1 10 12 1 8 10 12 1 8 1 10 12 1 8 10 12 1 8 1 10 12 1 1 8 1 100 1 8 1 10 12 1 1 11 12 7 1 11 12 1 1 1 1 1 1 1 1 1 1 1 1 1 1 1 1 1 1 1 1 1 1 1 1 1 1 1 1 1 1 1 1 1 1 1 1 1 1 1 16 15 11 12 16 3 3 15 11 12 15 11 12 15 11 12 15 10 7 12 1 1 1 1 1 100 1 100 1 1
ciInstanceKlass java/io/FileInputStream 1 1 298 7 1 10 12 1 1 10 7 12 1 1 10 7 12 1 1 7 1 10 9 12 1 1 10 12 1 1 10 7 12 1 1 1 10 7 12 1 1 100 1 10 10 12 1 1 100 1 8 1 10 7 1 10 9 12 1 1 10 12 1 1 9 12 1 1 10 12 1 10 7 12 1 1 1 10 12 10 7 12 1 1 1 10 12 1 10 12 1 1 10 12 1 1 10 12 1 1 10 12 1 10 12 1 10 12 1 1 7 1 5 0 8 1 10 7 12 1 1 1 10 7 12 1 1 1 7 1 10 10 12 1 10 12 10 100 12 1 1 1 10 100 12 1 1 1 10 100 12 1 1 1 100 1 8 1 10 10 12 1 1 10 12 1 1 100 1 10 12 1 1 10 100 1 5 0 10 10 12 1 1 10 12 1 10 12 1 10 12 1 10 12 1 100 1 10 12 1 10 12 1 10 12 1 1 10 12 1 9 12 1 1 9 12 1 1 10 12 1 7 1 10 12 1 10 12 1 100 1 10 10 100 12 1 1 7 1 10 12 1 10 12 1 1 1 1 3 1 1 1 1 1 1 1 1 1 1 1 1 1 1 1 7 1 1 1 1 100 1 1 1 1 1 1 1 1 1 1 1 1 1 1 1 1 1 1 1 1 1 1 1 1 1 1 1 1 1 1
instanceKlass sun/nio/ch/ChannelInputStream
instanceKlass java/io/ObjectInputStream
instanceKlass sun/nio/ch/NioSocketImpl$1
instanceKlass java/net/Socket$SocketInputStream
instanceKlass java/util/zip/ZipFile$ZipFileInputStream
instanceKlass java/io/FilterInputStream
instanceKlass java/io/FileInputStream
instanceKlass java/io/ByteArrayInputStream
ciInstanceKlass java/io/InputStream 1 1 195 7 1 10 7 12 1 1 1 100 1 10 10 7 12 1 1 1 10 7 12 1 1 1 10 12 1 100 1 3 10 12 1 1 100 1 8 1 10 12 1 10 7 12 1 1 1 3 7 1 8 1 10 10 7 12 1 1 1 7 1 10 11 7 12 1 1 1 10 12 1 1 11 12 1 1 11 7 12 1 1 1 11 12 1 1 7 1 10 7 12 1 1 1 5 0 10 12 1 10 12 1 1 100 1 10 8 1 10 8 1 8 1 10 12 1 1 10 100 12 1 1 1 7 1 5 0 10 12 1 100 1 7 1 1 1 1 3 1 3 1 1 1 1 1 1 1 1 1 1 1 1 1 1 1 1 1 1 1 1 1 1 1 1 1 1 1 1 1 1 1 1 1 1 1 1 1 1 1 1 1 1 1 1 1 1 1 1 1 1 1 1 1 1 1
ciMethod java/io/InputStream readNBytes ([BII)I 384 384 189 0 -1
instanceKlass org/hibernate/validator/internal/xml/CloseIgnoringInputStream
instanceKlass java/io/PushbackInputStream
instanceKlass sun/net/www/protocol/jar/JarURLConnection$JarURLInputStream
instanceKlass java/io/DataInputStream
instanceKlass java/util/jar/Manifest$FastInputStream
instanceKlass java/util/zip/InflaterInputStream
instanceKlass java/io/BufferedInputStream
ciInstanceKlass java/io/FilterInputStream 1 1 62 10 7 12 1 1 1 9 7 12 1 1 1 10 12 1 1 10 12 1 10 10 12 1 1 10 12 1 10 12 1 10 12 1 1 10 12 1 10 12 1 1 1 1 1 1 1 1 1 100 1 1 1 1 1 1 1 1 1 1 1 1
ciMethod java/io/InputStream readAllBytes ()[B 2 0 1 0 -1
ciInstanceKlass jdk/internal/misc/Unsafe 1 1 1287 10 7 12 1 1 1 9 7 12 1 1 1 9 12 1 1 10 12 1 1 10 7 12 1 1 1 10 12 1 1 10 12 1 1 10 12 1 1 10 12 1 1 10 12 1 1 10 12 1 1 10 12 1 1 10 12 1 1 10 12 1 1 10 12 1 1 10 12 1 1 10 12 1 1 10 12 1 1 10 12 1 10 12 1 100 1 10 10 12 1 1 10 12 1 1 5 0 10 12 1 1 10 12 1 1 10 7 12 1 1 1 10 12 1 1 10 12 1 10 12 1 10 12 1 1 10 12 1 1 10 12 1 10 12 1 7 1 7 1 10 8 1 10 12 1 1 10 12 1 8 1 10 12 1 1 10 12 1 10 12 1 10 12 1 1 10 12 1 10 12 1 1 10 12 1 1 10 12 1 10 12 1 10 12 1 10 12 1 1 10 12 1 10 12 1 10 12 1 1 10 12 1 5 0 5 0 5 0 10 12 1 10 12 1 10 12 1 10 12 1 10 12 1 10 12 1 10 12 1 10 12 1 10 12 1 1 10 12 1 10 12 1 7 1 8 1 10 100 1 10 10 12 1 1 10 12 1 1 10 12 1 10 12 1 1 10 12 1 1 10 12 1 10 12 1 1 10 12 1 9 7 12 1 1 9 12 1 100 1 10 10 12 1 1 8 1 10 8 1 8 1 10 12 1 1 9 7 12 1 1 1 9 7 1 9 7 1 9 7 1 9 9 7 1 9 7 1 9 7 1 10 12 1 1 10 12 1 1 10 12 1 1 10 12 1 1 5 0 5 0 9 12 1 1 10 12 1 10 12 1 10 12 1 1 10 12 1 1 10 12 1 8 1 3 10 12 1 1 10 12 1 1 10 12 1 10 12 1 1 10 12 1 1 10 12 1 10 12 1 10 12 1 10 12 1 10 12 1 10 12 1 1 10 12 1 1 10 12 1 10 12 1 10 12 1 10 12 1 10 12 1 10 12 1 1 10 12 1 1 10 12 1 10 12 1 10 12 1 10 12 1 10 12 1 10 12 1 1 10 12 1 1 10 12 1 1 10 12 1 1 10 12 1 10 12 1 10 12 1 10 12 1 10 12 1 10 12 1 10 12 1 1 10 12 1 1 10 12 1 10 12 1 10 12 1 10 12 1 10 12 1 10 12 1 10 12 1 1 10 12 1 1 10 12 1 10 12 1 10 12 1 10 12 1 10 12 1 10 12 1 10 12 1 10 12 1 1 10 12 1 10 12 1 10 12 1 10 12 1 10 12 1 1 10 12 1 10 12 1 10 12 1 10 12 1 10 12 1 10 12 1 10 12 1 10 12 1 1 10 12 1 10 12 1 10 12 1 10 12 1 10 12 1 10 12 1 1 10 12 1 10 12 1 10 12 1 1 10 12 1 10 12 1 10 12 1 10 12 1 10 12 1 10 12 1 10 12 1 10 12 1 10 12 1 10 12 1 10 12 1 10 12 1 10 12 1 10 12 1 10 12 1 10 12 1 10 12 1 10 12 1 10 12 1 10 12 1 10 12 1 10 12 1 10 12 1 100 1 10 100 1 10 9 12 1 5 0 10 12 1 1 5 0 10 12 1 5 0 10 12 1 10 12 1 10 12 1 1 10 12 1 1 10 12 1 10 12 1 10 12 1 10 12 1 1 10 12 1 10 12 1 10 12 1 10 12 1 10 12 1 1 10 12 1 10 12 1 10 12 1 10 12 1 1 10 12 1 10 12 1 10 12 1 1 10 12 1 10 12 1 10 12 1 10 12 1 1 10 12 1 10 10 12 1 1 10 12 1 10 12 1 1 10 12 1 10 12 5 0 5 0 5 0 10 12 1 1 10 12 1 10 12 1 10 12 10 100 12 1 1 8 1 100 1 11 12 1 1 8 1 11 12 1 1 10 100 12 1 1 10 12 1 10 12 1 10 12 1 10 12 1 10 12 1 1 10 12 1 10 12 1 10 12 1 10 12 1 10 12 1 10 12 1 10 7 1 10 12 1 9 12 1 7 1 9 12 1 7 1 9 12 1 7 1 9 12 1 7 1 9 12 1 7 1 9 12 1 7 1 9 12 1 7 1 9 12 1 7 1 9 12 1 10 12 1 9 12 1 9 12 1 9 12 1 9 12 1 9 12 1 9 12 1 9 12 1 9 12 1 9 12 1 9 12 1 1 1 3 1 1 1 1 1 1 1 1 1 1 1 1 1 1 1 1 1 1 1 1 1 1 1 1 1 1 1 1 1 1 1 1 1 1 1 1 1 1 1 1 1 1 1 1 1 1 1 1 1 1 1 1 1 1 1 1 1 1 1 1 1 1 1 1 1 1 1 1 1 1 1 1 1 1 1 1 1 1 1 1 1 1 1 1 1 1 1 1 1 100 1 1 1 1 1 1 1 1 1 1 1 1 1 1 1 1 1 1 1 1 1 1 1 1 1 1 1 1 1 1 1 1 1 1 1 1 1 1 1 1 1 1 1 1 1 1 1 1 1 1 1 1 1 1 1 1 1 1 1 1 1 1 1 1 1 1 1 1 1 1 1 1 1 1 1 1 1 1 1 1 1 1 1 1 1 1 1 1 1 1 1 1 1 1 1 1 1 1 1 1 1 1 1 1 1 1 1 1 1 1 1 1 1 1 1 1 1 1 1 1 1 1 1 1 1 1 1 1 1 1 1 1 1 1 1 1 1 1 1 1 1 1 1 1 1 1 1 1 1 1 1 1 1 1 1 1 1 1 1 1 1 1 1 1 1 1 1 1 1 1 1 1 1 1 1 1 1 1 1 1 1 1 1 1 1 1 1 1 1 1 1 1 1 1 1 1 1 1 1 1 1 1 1 1 1 1 3 1 1 1 1 1 1 1 1 1 1 1 1 1 1 1 1 1 1 1 1 1
staticfield jdk/internal/misc/Unsafe theUnsafe Ljdk/internal/misc/Unsafe; jdk/internal/misc/Unsafe
staticfield jdk/internal/misc/Unsafe ARRAY_BOOLEAN_BASE_OFFSET I 16
staticfield jdk/internal/misc/Unsafe ARRAY_BYTE_BASE_OFFSET I 16
staticfield jdk/internal/misc/Unsafe ARRAY_SHORT_BASE_OFFSET I 16
staticfield jdk/internal/misc/Unsafe ARRAY_CHAR_BASE_OFFSET I 16
staticfield jdk/internal/misc/Unsafe ARRAY_INT_BASE_OFFSET I 16
staticfield jdk/internal/misc/Unsafe ARRAY_LONG_BASE_OFFSET I 16
staticfield jdk/internal/misc/Unsafe ARRAY_FLOAT_BASE_OFFSET I 16
staticfield jdk/internal/misc/Unsafe ARRAY_DOUBLE_BASE_OFFSET I 16
staticfield jdk/internal/misc/Unsafe ARRAY_OBJECT_BASE_OFFSET I 16
staticfield jdk/internal/misc/Unsafe ARRAY_BOOLEAN_INDEX_SCALE I 1
staticfield jdk/internal/misc/Unsafe ARRAY_BYTE_INDEX_SCALE I 1
staticfield jdk/internal/misc/Unsafe ARRAY_SHORT_INDEX_SCALE I 2
staticfield jdk/internal/misc/Unsafe ARRAY_CHAR_INDEX_SCALE I 2
staticfield jdk/internal/misc/Unsafe ARRAY_INT_INDEX_SCALE I 4
staticfield jdk/internal/misc/Unsafe ARRAY_LONG_INDEX_SCALE I 8
staticfield jdk/internal/misc/Unsafe ARRAY_FLOAT_INDEX_SCALE I 4
staticfield jdk/internal/misc/Unsafe ARRAY_DOUBLE_INDEX_SCALE I 8
staticfield jdk/internal/misc/Unsafe ARRAY_OBJECT_INDEX_SCALE I 4
staticfield jdk/internal/misc/Unsafe ADDRESS_SIZE I 8
instanceKlass org/springframework/core/DecoratingClassLoader
instanceKlass jdk/internal/reflect/DelegatingClassLoader
instanceKlass java/security/SecureClassLoader
ciInstanceKlass java/lang/ClassLoader 1 1 1108 9 7 12 1 1 1 10 7 12 1 1 1 9 12 1 1 10 7 12 1 1 1 7 1 10 12 1 1 10 12 1 1 9 12 1 1 10 12 1 1 100 1 10 12 1 10 12 1 1 10 7 12 1 1 1 100 1 8 1 10 12 1 10 7 12 1 1 1 10 7 12 1 10 7 1 10 7 1 7 1 7 1 10 12 1 10 12 1 9 12 1 1 10 10 7 12 1 1 1 9 12 1 1 9 12 1 9 12 1 1 9 12 1 9 12 1 1 9 12 1 1 7 1 10 12 1 9 12 1 1 10 12 1 1 10 7 12 1 1 1 9 12 1 9 12 1 1 9 12 1 10 12 1 1 9 12 10 12 1 1 7 1 10 8 1 10 12 1 1 10 12 1 10 7 1 7 1 10 12 1 1 10 7 12 1 1 1 8 1 10 12 1 10 12 1 10 12 1 1 10 12 1 1 10 12 1 1 10 12 1 1 10 12 1 1 10 12 1 7 1 10 12 1 10 100 12 1 1 1 10 12 1 1 10 12 1 10 12 1 10 12 1 10 12 1 10 12 1 1 10 10 12 1 10 12 1 10 100 12 1 1 10 12 1 1 10 12 1 1 10 12 1 100 1 10 12 1 7 1 10 12 1 10 7 12 1 1 1 10 10 12 1 1 10 12 1 1 7 1 8 1 10 8 1 10 12 1 10 12 1 100 1 8 1 10 12 1 1 10 12 1 1 10 10 12 1 1 10 12 1 1 10 12 1 1 10 7 1 10 12 1 1 10 12 1 1 10 12 1 1 10 12 1 1 10 12 1 1 10 12 1 1 10 12 1 10 7 12 1 1 1 10 12 1 10 12 1 10 12 1 1 10 12 1 10 12 1 10 12 1 10 12 1 1 10 12 1 10 12 1 1 8 1 9 12 1 10 12 1 1 8 1 8 1 10 7 12 1 1 100 1 10 10 12 10 12 1 10 12 1 10 12 1 10 12 1 1 10 7 12 1 1 10 12 1 10 7 1 7 1 10 12 1 1 10 12 1 10 7 1 10 12 1 100 1 18 12 1 10 100 12 1 1 1 10 100 12 1 1 1 10 7 12 1 1 10 12 1 10 12 1 100 1 10 12 1 8 1 10 10 12 1 1 10 12 1 10 12 1 1 100 1 10 12 1 10 12 1 1 10 7 12 1 1 10 12 1 8 1 100 1 10 10 12 1 9 12 1 10 7 12 1 1 10 12 1 7 1 8 1 10 12 1 10 8 1 8 1 10 12 1 1 10 12 1 1 10 12 1 1 10 7 12 1 1 7 1 100 1 10 12 1 1 7 1 7 1 10 7 12 1 1 10 12 1 10 12 1 1 10 12 1 10 12 1 1 10 12 1 1 9 100 12 1 1 1 10 12 1 1 10 12 1 10 12 1 10 12 1 1 10 12 1 8 1 7 1 18 12 1 1 10 12 1 1 10 12 1 10 12 1 10 12 1 8 1 10 12 1 10 12 1 18 12 1 11 100 12 1 1 1 100 1 10 12 1 1 10 12 1 10 11 12 1 1 10 18 10 12 1 1 11 7 12 1 18 12 1 11 12 1 1 10 12 10 12 1 1 10 12 1 1 100 1 8 1 10 10 12 1 8 1 8 1 10 100 12 1 1 10 12 1 100 1 10 10 12 1 8 1 8 1 8 1 10 12 1 10 12 1 1 10 12 1 10 7 12 1 1 1 11 7 12 1 1 100 1 10 11 10 12 1 10 12 1 10 12 1 1 9 7 12 1 1 9 12 1 1 9 12 9 12 1 9 12 1 9 12 1 8 10 12 1 1 10 7 12 1 1 1 10 12 1 1 10 12 1 1 10 12 1 10 10 12 1 11 12 1 1 10 100 12 1 1 1 100 1 10 12 1 10 12 1 10 12 1 1 1 1 1 1 1 1 1 1 1 1 1 1 1 1 1 1 1 1 1 1 1 1 1 1 1 1 100 1 1 1 1 1 1 1 1 1 1 1 1 1 1 1 1 1 1 1 1 1 100 1 1 1 1 1 1 1 1 1 1 100 1 1 1 1 1 1 1 1 1 1 1 1 1 1 1 1 1 1 1 1 1 1 1 1 1 1 1 1 1 1 1 1 1 1 1 1 1 1 1 1 1 100 1 1 1 1 1 1 1 1 1 1 1 1 1 1 1 1 1 1 1 7 1 1 1 1 1 1 1 1 1 1 1 1 1 1 1 1 1 1 1 1 1 1 1 1 1 1 1 1 1 1 1 1 1 1 1 1 1 1 1 1 1 1 1 1 1 1 1 1 1 1 100 1 1 1 1 1 1 1 1 1 1 1 1 1 1 1 1 1 1 1 1 1 1 1 1 1 1 1 1 1 1 1 1 1 1 1 1 1 1 1 1 1 1 1 1 1 1 16 1 15 10 12 16 1 16 15 10 12 16 1 16 1 15 10 12 16 15 10 12 16 15 10 12 16 15 10 7 12 1 1 1 1 1 100 1 100 1 1
staticfield java/lang/ClassLoader nocerts [Ljava/security/cert/Certificate; 0 [Ljava/security/cert/Certificate;
staticfield java/lang/ClassLoader $assertionsDisabled Z 1
ciMethod java/lang/ClassLoader definePackage (Ljava/lang/String;Ljava/lang/Module;)Ljava/lang/Package; 512 0 2130 0 0
ciMethod java/lang/ClassLoader definePackage (Ljava/lang/String;Ljava/lang/String;Ljava/lang/String;Ljava/lang/String;Ljava/lang/String;Ljava/lang/String;Ljava/lang/String;Ljava/net/URL;)Ljava/lang/Package; 128 0 306 0 0
ciMethod java/lang/ClassLoader getClassLoadingLock (Ljava/lang/String;)Ljava/lang/Object; 516 0 5382 0 256
ciInstanceKlass java/lang/reflect/Constructor 1 1 439 10 7 12 1 1 1 10 7 12 1 1 9 7 12 1 1 1 10 12 1 1 10 12 1 1 10 7 12 1 1 9 12 1 1 10 7 12 1 1 1 9 12 1 1 9 12 1 1 9 12 1 9 12 1 1 9 12 1 9 12 1 1 9 12 1 1 9 12 1 100 1 8 1 10 12 1 10 12 1 9 12 1 1 10 7 12 1 1 10 7 12 1 1 1 10 12 1 1 10 12 1 1 10 12 1 7 1 100 1 8 1 10 10 12 1 10 12 1 10 12 1 1 10 12 1 1 9 100 12 1 1 1 10 7 12 1 1 10 12 1 1 10 12 1 10 12 1 1 10 7 12 1 1 1 10 100 12 1 1 10 12 1 1 10 12 1 10 7 12 1 1 1 8 1 10 10 12 1 100 1 8 1 10 12 1 10 12 1 1 10 12 1 1 10 12 1 10 12 1 10 12 1 1 10 12 1 1 9 12 1 1 10 12 1 1 10 12 1 1 10 12 1 1 11 7 12 1 1 1 10 12 1 1 10 12 1 10 12 1 10 12 1 8 1 9 12 1 1 10 7 12 1 1 1 10 7 12 1 1 10 12 1 1 10 12 1 1 10 12 1 1 10 12 1 1 10 12 1 9 7 12 1 1 10 12 1 10 12 1 10 12 1 100 1 8 1 10 10 12 1 1 10 12 1 10 10 12 1 1 10 12 1 1 10 100 12 1 1 1 11 100 12 1 1 1 10 12 1 1 9 100 12 1 1 1 10 100 12 1 1 1 10 12 1 1 1 1 1 1 1 1 1 1 1 1 1 1 1 1 1 1 1 1 1 1 1 1 1 1 1 1 1 1 1 1 1 1 1 1 1 1 1 1 1 1 1 1 1 1 1 1 1 1 1 1 100 1 100 1 100 1 100 1 1 1 1 1 1 1 1 1 1 1 1 1 1 1 1 1 1 1 1 1 1 1 1 1 1 1 1 1 1 1 1 1 100 1 1
instanceKlass java/lang/reflect/Executable
instanceKlass java/lang/reflect/Field
ciInstanceKlass java/lang/reflect/AccessibleObject 1 1 400 10 7 12 1 1 1 9 100 12 1 1 1 10 7 12 1 1 1 10 7 12 1 1 10 7 12 1 1 1 10 100 12 1 1 1 10 12 1 1 10 12 1 1 9 12 1 1 7 1 10 7 12 1 1 1 11 12 1 7 1 10 12 1 7 1 100 1 10 12 1 10 12 1 1 10 12 1 1 10 12 1 1 10 12 1 1 7 1 10 7 12 1 1 1 10 12 1 1 11 10 7 12 1 1 1 10 12 1 1 10 12 1 10 12 1 10 12 1 1 10 12 1 8 1 7 1 7 1 10 10 12 1 1 8 1 10 12 1 10 12 1 8 1 8 1 8 1 8 1 8 1 8 1 8 1 8 1 8 1 100 1 10 12 1 10 12 1 9 12 1 1 10 12 1 1 10 12 1 10 7 1 100 1 8 1 10 8 1 10 12 1 8 1 10 12 1 10 12 1 1 10 100 1 8 1 10 11 7 12 1 1 1 10 12 1 1 10 12 1 1 10 12 1 1 9 12 1 1 100 1 10 12 1 7 1 10 12 1 10 12 1 1 10 100 1 10 12 1 10 12 10 12 1 10 12 1 10 12 1 1 10 12 1 9 12 1 10 100 12 1 1 8 1 10 100 12 1 1 1 8 1 10 7 12 1 1 1 9 12 1 7 1 10 7 1 10 10 7 12 1 1 1 7 1 10 10 7 12 1 1 1 7 1 9 12 1 1 1 1 1 1 1 1 1 1 1 1 1 1 1 1 1 1 1 1 1 1 1 1 1 1 1 1 1 1 1 1 1 1 1 1 1 1 1 1 1 1 1 1 1 1 1 1 1 1 1 1 1 1 1 1 1 1 1 1 1 1 1 1 1 1 1 1 1 1 1 1 1 1 1 1 1 1 1 1 1 1 1 1
staticfield java/lang/reflect/AccessibleObject reflectionFactory Ljdk/internal/reflect/ReflectionFactory; jdk/internal/reflect/ReflectionFactory
instanceKlass java/lang/reflect/Constructor
instanceKlass java/lang/reflect/Method
ciInstanceKlass java/lang/reflect/Executable 1 1 577 10 7 12 1 1 1 10 7 12 1 1 1 10 7 12 1 1 1 11 7 12 1 1 1 10 7 12 1 1 1 10 12 1 1 10 7 12 1 1 1 10 7 12 1 1 1 10 12 1 8 1 10 10 12 1 1 10 12 1 1 10 100 12 1 1 1 18 12 1 1 11 100 12 1 1 1 8 1 8 1 8 1 10 100 12 1 1 1 11 12 1 1 7 1 8 1 8 1 10 12 1 7 1 8 1 10 12 1 8 1 11 100 12 1 1 1 7 1 11 7 12 1 1 1 11 12 1 8 1 18 8 1 10 12 1 10 12 1 1 18 8 1 10 12 1 100 1 10 12 1 10 12 1 11 12 1 10 12 1 1 8 1 8 1 10 12 1 1 10 12 1 1 10 10 12 1 9 100 12 1 1 1 10 100 12 1 1 1 10 12 1 10 12 1 1 10 7 12 1 1 10 12 1 10 12 1 10 12 1 10 12 1 1 10 7 12 1 1 10 12 1 10 12 1 1 9 7 12 1 1 1 10 7 12 1 1 10 12 1 8 1 10 12 1 10 12 1 3 100 1 8 1 10 12 1 10 12 1 10 10 12 1 10 12 1 1 8 1 8 1 8 1 9 12 1 1 9 12 1 10 12 1 100 1 8 1 10 12 1 10 12 1 10 12 1 1 10 12 1 1 10 12 1 10 12 10 12 1 7 1 10 12 1 10 12 1 1 100 1 10 7 12 1 1 1 7 1 10 7 12 1 1 1 10 12 1 1 11 7 12 1 1 10 7 12 1 1 10 100 12 1 1 1 10 12 1 1 9 12 1 10 12 1 1 10 12 1 10 12 1 1 9 7 12 1 1 1 10 7 12 1 1 1 10 12 1 10 12 1 1 9 12 1 10 10 10 10 100 12 1 1 1 10 12 1 9 12 1 10 12 1 1 9 12 1 7 1 7 1 1 1 1 1 1 1 1 1 1 1 1 1 1 1 1 1 1 1 1 1 1 1 1 1 1 1 1 1 1 1 1 1 1 1 1 100 1 1 1 1 1 1 1 1 100 1 1 1 1 1 1 1 1 1 1 1 1 100 1 1 1 1 1 1 1 1 1 1 1 1 1 1 1 1 1 1 1 1 1 1 1 1 1 1 1 1 1 1 1 1 1 1 1 1 1 1 1 1 1 1 1 7 1 1 1 1 1 1 1 1 1 1 1 1 1 1 1 1 1 1 1 1 1 1 7 1 7 1 1 16 15 16 1 16 1 15 10 12 16 15 10 100 12 1 1 1 1 1 1 100 1 1 100 1 100 1 1
ciInstanceKlass java/lang/reflect/Member 1 1 37 100 1 10 12 1 1 100 1 100 1 1 1 1 3 1 3 1 1 1 1 1 1 1 1 1 1 1 1 1 1 1 1 1 1 1 1
instanceKlass org/springframework/context/support/AbstractApplicationContext$1
instanceKlass java/util/logging/LogManager$Cleaner
instanceKlass com/intellij/rt/execution/application/AppMainV2$1
instanceKlass java/util/concurrent/ForkJoinWorkerThread
instanceKlass jdk/internal/misc/InnocuousThread
instanceKlass java/lang/ref/Finalizer$FinalizerThread
instanceKlass java/lang/ref/Reference$ReferenceHandler
instanceKlass java/lang/BaseVirtualThread
ciInstanceKlass java/lang/Thread 1 1 870 10 7 12 1 1 1 9 12 1 1 10 100 12 1 1 10 12 1 10 100 12 1 1 100 1 8 1 10 12 1 1 9 12 1 9 12 1 1 9 12 1 1 7 1 10 12 1 1 10 12 1 10 100 12 1 1 1 10 12 9 12 1 1 10 12 1 7 1 10 12 1 100 1 8 1 10 9 100 12 1 1 1 10 12 1 1 10 12 1 1 10 12 1 1 10 12 1 10 12 1 1 3 8 1 7 1 5 0 10 7 12 1 1 1 9 12 1 10 12 1 1 10 7 12 1 1 1 10 7 12 1 1 1 10 12 1 1 10 12 1 1 9 12 1 1 10 7 1 8 1 10 7 1 10 12 1 9 12 1 1 10 7 12 1 1 1 10 10 12 1 1 9 100 12 1 1 1 10 12 1 1 10 12 1 1 10 7 12 1 1 10 12 1 10 12 1 10 7 12 1 1 9 12 1 10 7 12 1 1 1 10 12 1 1 9 12 1 1 9 12 1 1 10 7 12 1 1 1 9 12 1 1 10 100 12 1 1 10 100 12 1 1 1 10 12 1 10 12 1 10 7 12 1 1 9 12 1 8 1 9 7 12 1 1 9 12 1 1 5 0 100 1 10 7 1 10 100 1 10 7 1 10 8 1 10 12 1 1 10 7 12 1 10 12 1 10 12 1 100 1 8 1 10 10 12 1 10 12 1 1 10 100 12 1 1 1 10 100 12 1 1 1 10 12 1 7 1 9 12 1 1 100 1 10 10 12 1 9 12 1 1 10 12 1 1 10 12 1 1 10 12 1 10 12 1 9 12 1 1 10 10 12 1 1 10 12 1 1 11 7 12 1 1 10 7 12 1 1 9 12 1 9 12 1 1 9 12 1 1 10 100 12 1 1 10 12 1 1 9 100 12 1 1 1 10 100 12 1 1 10 12 1 10 12 1 100 1 10 10 12 9 12 1 1 10 12 1 11 100 12 1 1 10 12 1 10 12 1 10 12 1 9 12 1 10 10 12 1 10 12 1 1 9 12 1 9 12 10 12 1 8 1 10 12 1 10 12 1 10 12 1 10 12 1 10 12 1 1 10 12 1 10 12 1 1 10 12 1 10 12 1 10 12 1 10 12 1 10 12 1 1 9 7 12 1 1 1 8 1 10 9 12 1 10 12 1 7 1 8 1 10 10 12 1 8 1 10 12 1 1 9 12 10 12 8 1 10 10 12 1 10 12 1 8 1 10 12 1 10 8 1 10 100 12 1 1 10 12 1 1 100 1 8 1 10 9 12 1 9 12 1 1 10 12 1 1 10 10 12 1 10 12 1 100 10 7 12 1 1 1 9 12 1 10 12 1 1 10 12 1 1 10 100 12 1 1 1 11 7 12 1 1 1 9 100 12 1 1 1 10 100 12 1 1 1 7 1 10 12 1 100 1 10 12 1 10 12 1 1 10 12 1 1 8 1 9 12 1 10 12 1 10 12 1 1 11 7 12 1 1 1 10 12 1 1 1 1 3 1 3 1 3 1 3 1 1 1 1 1 1 1 1 1 1 1 1 1 1 1 1 1 1 1 1 1 7 1 1 1 1 1 1 1 1 1 1 1 1 1 1 1 1 1 1 1 1 1 1 100 1 1 1 1 1 1 1 1 1 1 1 1 1 1 1 1 7 1 7 1 1 1 1 1 1 1 1 1 1 1 1 1 1 1 1 1 1 1 1 1 1 1 1 1 1 1 1 1 1 1 1 1 1 1 1 1 1 1 1 1 1 1 1 1 1 1 1 1 1 1 1 1 1 1 1 1 1 1 1 1 1 1 1 1 1 1 1 1 1 1 1 1 1 1 1 100 100 1 1 1 1 1 1 1 1 1 1 1 1 1 1 1 1 1 1 1 1 1 1 1 1 1 1 100 1 100 1 100 1 100 1 100 1 1 100 1 1 1 1 1 1 1 1 1 1 1 1 1 1 1
staticfield java/lang/Thread NEW_THREAD_BINDINGS Ljava/lang/Object; java/lang/Class
staticfield java/lang/Thread EMPTY_STACK_TRACE [Ljava/lang/StackTraceElement; 0 [Ljava/lang/StackTraceElement;
ciMethod java/lang/Thread interrupt ()V 0 0 1 0 -1
ciInstanceKlass java/lang/Runnable 1 0 11 100 1 100 1 1 1 1 1 1 1
ciInstanceKlass java/lang/System$2 1 1 641 10 7 12 1 1 1 10 7 12 1 1 1 10 12 1 1 10 12 1 1 10 12 1 1 10 12 1 1 10 12 1 1 10 12 1 10 12 1 1 10 12 1 1 7 1 10 100 12 1 1 1 10 100 12 1 1 1 10 12 1 10 12 1 10 7 12 1 1 1 10 12 1 1 10 12 1 1 10 12 1 1 10 12 1 1 10 100 12 1 1 1 10 100 12 1 1 1 10 12 1 7 1 10 12 1 10 12 1 10 12 1 1 10 12 1 10 12 1 1 10 12 1 10 12 1 10 12 1 10 12 1 10 12 1 10 12 1 1 10 12 1 1 10 12 1 10 12 1 1 10 12 1 10 12 1 1 10 7 12 1 1 1 10 12 1 10 12 1 1 10 12 1 10 7 12 1 1 1 10 7 12 1 1 1 10 100 12 1 1 1 10 12 1 1 10 12 1 1 10 12 1 1 10 7 12 1 1 1 10 12 1 1 10 12 1 1 9 100 12 1 1 1 10 100 12 1 1 1 10 12 1 1 10 7 12 1 1 1 10 12 1 1 10 12 1 1 10 12 1 1 10 100 12 1 1 10 12 1 1 10 12 1 1 10 12 1 1 10 12 1 1 10 12 1 1 10 12 1 1 10 12 1 1 10 12 1 1 10 12 1 1 10 12 1 1 10 12 1 1 10 12 1 100 1 10 12 1 1 11 100 12 1 1 10 7 12 1 1 10 12 1 1 10 12 1 10 12 1 1 10 12 1 10 12 1 1 10 12 1 10 12 1 1 10 12 1 1 10 12 1 1 100 1 10 12 1 100 1 10 10 12 1 1 10 12 1 10 100 12 1 1 1 10 12 1 1 100 1 100 1 1 1 1 1 1 1 1 1 1 1 1 1 1 1 1 1 1 1 1 1 1 1 1 1 1 1 1 1 1 1 1 1 1 1 1 1 1 1 1 1 1 1 1 1 1 1 1 1 1 1 1 1 1 1 1 1 1 1 1 1 1 1 1 1 1 1 1 1 1 1 1 1 1 1 1 1 1 1 1 1 1 1 1 1 1 1 1 1 1 1 1 1 1 1 1 1 1 1 1 1 1 1 1 1 1 1 1 1 1 1 1 1 1 1 1 1 1 1 1 1 1 1 1 1 1 1 1 1 1 1 1 1 1 100 1 1 1 1 1 1 1 1 1 1 1 1 1 1 1 1 1 1 1 1 1 1 1 1 1 1 1 1 1 1 1 1 1 1 1 1 1 1 1 1 1 1 1 1 1 1 1 1 1 1 1 1 1 1 1 1 1 1 1 1 1 1 1 1 1 1 1 1 1 1 1 100 1 1 1 1 1 1 1 1 1 1 1 1 1 1 1 1 1 1 1 1 1 1 1 1 1 1 1 1 1 1 1 1 1 1 1 1 1 1 1 12 1 1 1 100 1 1 100 1 100 1 1 100 1 1
ciInstanceKlass jdk/internal/access/JavaLangAccess 1 0 213 100 1 100 1 1 1 1 1 1 1 1 1 1 1 1 1 1 1 1 1 1 1 1 1 1 1 1 1 1 1 1 1 1 1 1 1 1 1 100 1 1 1 1 1 1 1 1 1 1 1 1 1 1 1 1 1 1 1 1 1 1 1 1 1 1 1 1 1 1 1 1 1 1 1 1 1 1 1 1 1 1 1 1 1 1 1 1 1 1 1 1 1 1 1 1 1 1 1 1 1 100 1 1 1 1 1 1 1 1 1 1 1 1 1 1 1 1 1 1 1 1 1 1 1 1 1 1 1 1 1 1 1 1 1 1 1 1 1 1 1 1 1 1 1 1 1 1 1 1 1 1 1 1 1 1 1 1 1 1 1 1 1 1 100 1 1 1 1 1 1 1 1 1 1 1 1 1 1 1 1 1 1 1 1 1 1 1 1 1 1 1 1 1 1 1 1 1 1 1 1 1 1 100 1 100 1 1 100 1 100 1 1
ciMethod java/lang/System$2 findBootstrapClassOrNull (Ljava/lang/String;)Ljava/lang/Class; 512 0 2886 0 0
ciInstanceKlass java/net/URL 1 1 771 10 7 12 1 1 1 10 12 1 10 7 12 1 1 9 12 1 1 9 12 1 10 7 12 1 1 1 10 12 1 1 10 12 1 1 9 12 1 1 10 7 12 1 1 1 8 1 10 12 1 1 7 1 10 10 12 1 1 8 1 10 12 1 1 9 12 1 7 1 8 1 10 12 1 10 12 1 8 1 9 12 1 10 12 1 1 9 12 1 10 12 1 10 12 1 9 12 1 9 12 1 8 1 9 12 1 10 12 1 1 8 1 9 12 1 1 10 12 1 1 10 7 12 1 1 1 8 1 10 12 1 7 1 10 12 1 10 12 1 10 12 1 10 12 1 1 10 12 1 1 8 1 10 12 1 1 10 12 1 8 1 9 12 1 8 1 10 12 1 10 7 12 1 1 1 7 1 10 12 1 10 12 1 1 10 7 12 1 1 1 7 1 8 1 10 10 12 1 8 1 10 12 1 1 10 12 1 10 12 1 10 12 1 10 12 1 10 12 1 10 12 1 8 1 10 12 1 8 1 10 10 100 1 10 10 12 1 8 1 10 7 12 1 1 1 10 12 1 9 100 12 1 1 1 10 7 12 1 1 1 9 12 1 1 10 12 1 10 100 12 1 1 1 100 1 100 1 10 12 1 10 12 1 10 12 1 10 12 1 10 12 1 10 12 10 10 12 1 10 12 1 10 12 1 1 8 1 9 100 12 1 1 1 10 100 12 1 1 1 10 12 1 1 9 100 12 1 1 1 10 12 1 1 100 1 10 12 1 10 12 1 10 10 12 1 1 10 12 1 1 10 12 1 10 12 1 10 12 1 10 7 12 1 1 1 10 12 1 1 10 12 1 9 12 1 1 9 12 1 1 7 1 8 1 10 10 12 1 9 12 1 1 10 7 12 1 1 8 1 10 100 12 1 1 8 1 10 12 1 1 10 12 1 8 1 8 1 10 7 12 1 1 1 7 1 10 7 12 1 1 1 10 12 1 10 12 1 100 1 10 9 100 12 1 1 1 10 100 12 1 1 10 12 1 1 10 12 1 8 1 100 1 10 10 7 12 1 1 1 10 12 1 8 9 100 12 1 1 1 10 12 1 1 10 12 1 10 12 1 1 10 100 12 1 1 11 7 12 1 1 10 12 1 10 12 1 9 12 1 10 12 1 1 10 100 12 1 1 10 100 12 1 1 1 8 10 100 12 1 1 100 1 10 8 8 10 12 1 8 8 8 100 1 10 12 1 9 12 1 1 10 12 1 10 12 1 1 10 12 1 10 12 10 12 1 1 10 12 1 1 10 10 10 12 1 10 12 1 10 12 1 10 12 1 10 12 1 10 10 12 1 100 1 8 1 10 10 10 12 1 1 10 12 1 10 12 1 1 8 1 7 1 10 10 7 1 10 12 1 9 7 12 1 1 1 9 12 1 1 7 1 10 10 7 12 1 1 1 7 1 1 1 1 1 5 0 1 1 1 1 1 1 1 1 1 1 1 1 1 1 1 1 1 1 1 1 1 1 1 1 1 1 1 1 1 1 1 1 1 1 1 1 1 1 1 1 1 1 1 1 1 1 1 1 7 1 1 1 1 1 1 1 1 1 1 1 1 1 1 1 1 1 1 1 1 1 1 1 1 1 1 1 1 1 1 1 1 1 1 1 1 1 100 1 1 1 1 1 1 1 1 1 1 1 1 1 1 1 1 1 100 1 1 1 1 1 1 1 1 1 1 1 1 1 1 1 1 1 1 1
staticfield java/net/URL defaultFactory Ljava/net/URLStreamHandlerFactory; java/net/URL$DefaultFactory
staticfield java/net/URL streamHandlerLock Ljava/lang/Object; java/lang/Object
staticfield java/net/URL serialPersistentFields [Ljava/io/ObjectStreamField; 7 [Ljava/io/ObjectStreamField;
ciMethod java/net/URL equals (Ljava/lang/Object;)Z 58 0 29 0 -1
ciMethod java/lang/System arraycopy (Ljava/lang/Object;ILjava/lang/Object;II)V 512 0 256 0 -1
ciMethod java/lang/System getSecurityManager ()Ljava/lang/SecurityManager; 380 0 29003 0 80
ciMethod java/lang/System allowSecurityManager ()Z 380 0 29199 0 0
ciInstanceKlass java/lang/Package 1 1 356 10 7 12 1 1 1 9 12 1 1 9 7 12 1 1 1 9 12 1 9 12 1 9 12 1 9 12 1 9 12 1 10 12 1 1 10 7 12 1 1 1 9 12 1 1 10 7 12 1 1 1 9 12 1 10 12 1 1 10 100 12 1 1 1 100 1 10 7 12 1 1 1 10 7 12 1 1 1 100 1 8 1 10 12 1 1 8 1 10 12 1 1 10 7 12 1 1 1 7 1 10 12 1 8 1 10 12 1 1 10 12 1 10 12 1 10 12 1 1 10 100 12 1 1 1 10 100 12 1 1 1 10 7 12 1 1 1 10 12 1 1 10 100 12 1 1 10 12 1 1 10 12 1 1 18 12 1 1 11 100 12 1 1 1 100 1 10 12 1 10 12 1 8 1 8 1 8 1 9 12 1 1 8 1 18 12 1 1 10 7 12 1 1 1 10 12 1 1 10 100 1 10 12 1 10 7 12 1 1 1 11 7 12 1 1 1 10 12 1 1 10 12 1 1 10 12 1 10 12 1 10 12 1 10 12 1 10 10 7 12 1 1 10 12 1 1 1 1 1 1 1 1 1 1 1 1 1 1 1 1 1 1 1 1 1 1 1 1 1 1 1 1 1 1 1 1 1 1 1 1 100 100 1 1 1 1 1 1 1 1 1 1 1 1 1 1 1 1 1 1 1 1 1 100 1 1 1 1 1 1 1 1 1 1 1 1 1 1 1 1 1 1 1 1 1 1 1 16 1 15 10 12 16 16 1 15 10 12 1 16 15 10 100 12 1 1 1 1 1 1 100 1 100 1 1
instanceKlass java/lang/Package
ciInstanceKlass java/lang/NamedPackage 1 1 118 10 7 12 1 1 1 10 7 12 1 1 1 10 7 12 1 1 7 1 7 1 10 8 1 10 12 1 1 10 12 1 10 12 1 1 10 12 1 10 12 1 9 7 12 1 1 1 9 12 1 1 10 12 1 1 10 100 12 1 1 1 10 12 1 10 100 12 1 1 1 10 100 12 1 1 1 100 1 10 12 1 1 10 100 12 1 1 1 10 12 1 1 100 1 7 1 10 12 1 1 1 1 1 1 1 1 1 1 1 1 1 1 1 1 1 1 1
ciMethod java/lang/NamedPackage module ()Ljava/lang/Module; 256 0 128 0 0
ciMethod java/lang/NamedPackage location ()Ljava/net/URI; 0 0 1 0 -1
ciMethod java/lang/NamedPackage <init> (Ljava/lang/String;Ljava/lang/Module;)V 132 0 321 0 -1
ciMethod java/lang/Package isSealed (Ljava/net/URL;)Z 0 0 1 0 -1
ciMethod java/lang/Package isSealed ()Z 406 0 2125 0 0
ciMethod java/lang/Package <init> (Ljava/lang/String;Ljava/lang/String;Ljava/lang/String;Ljava/lang/String;Ljava/lang/String;Ljava/lang/String;Ljava/lang/String;Ljava/net/URL;Ljava/lang/ClassLoader;)V 512 0 310 0 -1
ciInstanceKlass java/lang/Module 1 1 1070 10 7 12 1 1 1 9 7 12 1 1 1 10 7 12 1 1 1 9 12 1 9 12 1 1 9 12 1 1 10 12 1 1 10 12 1 10 12 1 1 10 7 12 1 1 1 7 1 10 7 12 1 1 1 10 12 1 1 11 7 12 1 1 1 10 12 1 1 10 7 12 1 1 1 10 12 1 1 10 7 12 1 1 1 9 100 12 1 1 1 10 7 12 1 1 1 10 12 1 8 1 10 7 12 1 1 1 10 7 12 1 1 1 10 7 12 1 1 1 10 12 1 10 12 1 9 12 1 1 10 100 12 1 1 100 1 7 1 10 8 1 10 12 1 1 10 12 1 10 12 10 12 1 10 7 12 1 1 8 1 8 1 10 8 1 8 1 9 12 1 1 8 1 10 100 12 1 1 1 10 12 1 9 12 1 1 11 12 1 9 7 12 1 1 10 7 12 1 1 1 10 100 12 1 1 1 10 12 1 1 8 1 10 12 1 1 10 12 1 10 12 1 1 9 7 12 1 1 1 10 12 1 1 10 12 1 1 9 12 1 10 12 1 10 12 1 9 12 1 1 11 7 12 1 1 10 12 1 1 9 12 1 9 12 1 10 12 1 10 12 1 100 1 8 1 10 10 12 1 1 10 12 1 8 1 10 12 1 1 8 1 8 1 10 12 1 1 10 12 1 10 12 1 1 18 12 1 1 10 12 1 1 11 12 1 9 12 1 11 12 10 100 12 1 1 100 1 8 1 10 11 12 1 1 10 7 12 1 1 1 10 12 1 10 12 1 1 11 12 1 1 11 7 12 1 1 11 12 1 1 9 12 1 11 12 1 10 12 1 1 10 12 1 1 9 12 1 10 12 10 7 12 1 1 10 7 1 18 12 1 1 11 100 12 1 1 1 18 12 1 11 12 1 1 10 100 12 1 1 1 11 12 1 1 10 7 12 1 1 7 1 11 12 1 7 1 7 1 10 12 1 10 7 12 1 1 1 10 11 7 12 1 8 1 10 10 12 1 1 10 7 12 1 1 10 12 1 10 12 1 7 1 10 12 1 10 11 12 1 1 10 12 10 12 1 1 9 12 1 1 100 1 10 10 12 1 1 11 7 1 10 12 1 1 11 12 1 10 10 12 1 11 10 12 1 1 10 12 1 1 10 12 1 1 10 7 12 1 1 10 12 1 10 12 1 1 10 10 12 1 1 10 12 1 18 12 1 11 12 1 18 12 1 10 12 1 10 12 1 10 12 7 1 10 12 1 10 12 1 10 12 1 9 12 1 7 1 10 10 10 10 12 1 10 12 1 10 12 1 10 12 1 1 10 12 1 1 10 12 1 9 12 1 18 12 1 1 10 7 12 1 1 1 100 1 8 1 10 12 1 1 10 12 1 1 10 7 12 1 1 7 1 10 12 1 1 7 1 8 1 10 12 1 1 100 1 11 12 1 1 10 100 12 1 1 1 18 12 1 1 11 100 12 1 1 1 100 1 10 12 1 10 12 1 1 7 1 7 1 10 12 8 1 10 12 1 1 10 12 1 1 10 100 12 1 1 10 12 1 1 10 12 1 10 12 10 12 1 1 7 1 10 10 12 1 1 10 7 12 1 1 1 100 1 10 12 1 1 10 7 12 1 1 8 1 18 12 1 1 100 1 100 1 9 12 1 1 9 12 1 9 12 1 11 100 12 1 1 1 100 1 11 12 1 1 100 1 10 12 1 8 1 10 12 1 10 12 10 12 1 8 1 10 10 100 12 1 1 7 1 10 10 12 1 10 7 12 1 1 9 12 1 9 12 1 9 12 1 9 12 1 10 12 11 12 1 10 12 1 7 1 1 1 1 1 1 1 1 1 1 1 1 1 1 1 1 1 1 1 100 1 1 1 1 1 1 1 1 1 1 1 1 1 1 1 1 1 1 1 1 1 1 1 1 1 1 1 1 1 1 1 1 1 1 1 1 1 1 1 1 1 1 1 1 1 1 1 1 1 1 1 1 1 1 1 1 1 1 1 1 1 1 1 1 1 1 1 1 1 1 1 1 1 1 1 1 1 1 1 1 1 1 1 1 1 1 1 1 1 1 1 1 1 1 1 100 100 1 1 1 1 1 1 1 1 1 1 1 1 1 1 1 1 1 1 1 1 1 1 1 1 1 1 1 100 1 7 1 1 1 1 1 1 1 1 1 1 1 1 1 1 1 1 1 1 1 1 100 1 1 1 1 1 1 1 1 1 1 1 1 1 1 1 1 1 1 1 1 1 1 1 16 15 10 12 16 16 15 10 12 16 16 15 10 16 1 15 10 12 16 1 15 10 12 16 1 16 15 10 12 16 16 1 15 10 12 16 15 10 7 12 1 1 1 15 10 100 12 1 1 1 1 1 1 1 1 1 1 1 100 1 100 1 1 100 1 100 1 1
staticfield java/lang/Module ALL_UNNAMED_MODULE Ljava/lang/Module; java/lang/Module
staticfield java/lang/Module ALL_UNNAMED_MODULE_SET Ljava/util/Set; java/util/ImmutableCollections$Set12
staticfield java/lang/Module EVERYONE_MODULE Ljava/lang/Module; java/lang/Module
staticfield java/lang/Module EVERYONE_SET Ljava/util/Set; java/util/ImmutableCollections$Set12
staticfield java/lang/Module $assertionsDisabled Z 1
ciMethod java/lang/Module getName ()Ljava/lang/String; 124 0 56 0 -1
ciMethod java/lang/Module isNamed ()Z 512 0 3975 0 0
ciMethod java/lang/Module getLayer ()Ljava/lang/ModuleLayer; 222 0 111 0 -1
ciInstanceKlass java/lang/StringLatin1 1 1 392 7 1 10 7 12 1 1 1 10 12 1 1 10 7 12 1 1 1 10 7 12 1 1 1 10 12 1 10 7 12 1 1 1 10 12 1 1 10 7 12 1 1 1 10 7 12 1 1 1 10 12 1 1 10 12 1 1 10 10 12 1 10 12 1 10 9 7 12 1 1 1 10 12 1 1 10 7 12 1 1 1 10 12 10 12 1 1 10 12 1 1 10 12 1 10 12 1 1 10 12 1 1 10 7 12 1 1 1 10 12 1 10 12 1 1 9 12 1 1 100 1 10 10 12 1 1 10 7 12 1 1 1 10 12 1 10 12 1 100 1 7 1 8 1 10 12 1 8 1 10 12 1 1 100 1 10 10 12 10 7 12 1 1 1 8 1 8 1 8 1 10 12 1 1 10 100 12 1 1 10 12 1 10 12 1 1 10 12 1 1 10 12 1 1 10 12 1 10 12 10 12 10 12 1 10 12 10 10 12 1 10 12 1 10 12 1 10 100 12 1 1 1 10 100 12 1 1 1 10 12 1 1 10 12 1 1 10 10 7 12 1 1 1 1 1 1 1 1 1 1 1 1 1 1 1 1 1 1 1 1 1 1 1 1 1 1 1 1 1 1 1 1 1 1 1 1 1 1 1 1 1 1 1 1 1 1 1 1 1 1 1 1 100 1 1 1 1 1 1 1 1 1 1 1 1 1 1 1 1 1 1 1 1 1 1 1 1 1 1 1 1 1 1 1 1 1 1 1 1 1 1 1 1 1 1 100 1 1 1 1 1 1 1 1 1 1 1 1 1 1 1 1 1 1 1 1 1 1 1 100 1 1 1 1 1 1 1 1 1 1 1 1 1 1 1 1 1 1 1 1 1 1 1 1 1 1 100 1 1 1 1
staticfield java/lang/StringLatin1 $assertionsDisabled Z 1
ciInstanceKlass java/lang/Math 1 1 460 7 1 10 7 12 1 1 1 10 7 12 1 1 1 10 12 1 10 12 1 10 12 1 10 12 1 10 12 1 6 0 6 0 10 12 1 10 12 1 10 12 1 10 12 1 10 12 1 10 12 1 1 10 12 1 10 12 1 10 12 1 10 12 1 10 12 1 10 7 12 1 1 1 100 1 3 3 3 10 7 12 1 1 1 100 1 5 0 5 0 5 0 5 0 5 0 9 100 12 1 1 1 10 100 12 1 1 1 100 1 8 1 10 12 1 8 1 10 12 1 1 10 12 1 1 7 1 5 0 5 0 7 1 3 5 0 3 5 0 10 12 1 10 12 1 10 12 1 10 12 1 10 12 1 8 1 10 12 1 8 1 10 12 1 1 10 12 1 1 9 12 1 1 9 12 1 100 1 7 1 10 10 12 1 1 8 1 10 12 1 10 12 1 1 10 10 12 1 10 12 1 10 12 1 10 12 1 1 8 1 8 1 10 12 1 1 10 12 1 10 12 10 12 10 12 1 10 12 1 10 12 1 10 12 1 10 12 6 0 10 12 1 9 12 1 1 100 1 10 10 12 1 100 1 10 12 1 10 12 1 1 10 12 1 10 12 1 10 12 10 12 1 1 10 12 1 1 10 12 1 1 10 12 6 0 10 12 1 1 10 12 10 12 1 4 10 12 1 10 12 1 10 12 10 12 1 10 12 1 10 12 1 10 12 1 10 12 1 10 12 1 5 0 6 0 4 6 0 4 6 0 4 10 12 1 9 12 1 1 10 12 9 12 1 10 7 12 1 1 1 4 6 0 1 1 6 0 1 6 0 1 6 0 1 1 1 1 1 1 1 1 1 1 1 1 1 1 1 1 1 1 1 1 1 1 1 1 1 1 1 1 1 1 1 1 1 1 1 1 1 1 1 1 1 1 1 1 1 1 1 1 1 1 1 1 1 1 1 1 1 1 1 1 1 1 1 1 1 1 1 1 1 1 1 1 1 1 1 1 1 1 1 1 1 1 1 1 1 1 1 1 1 1 1 1 1 1 1 1
staticfield java/lang/Math negativeZeroFloatBits J -2147483648
staticfield java/lang/Math negativeZeroDoubleBits J -9223372036854775808
staticfield java/lang/Math $assertionsDisabled Z 1
ciInstanceKlass jdk/internal/util/ArraysSupport 1 1 378 7 1 7 1 8 1 10 12 1 1 10 12 1 1 10 7 12 1 1 9 7 12 1 1 1 9 12 1 1 10 7 12 1 1 1 9 12 1 1 10 7 12 1 1 1 9 12 1 10 12 9 12 1 10 12 1 1 10 12 7 1 10 12 1 1 10 12 1 100 1 10 12 1 1 10 12 100 1 10 12 1 100 1 10 12 1 100 1 7 1 10 8 1 10 12 1 1 10 12 1 10 12 1 1 10 9 12 1 1 11 100 12 1 1 1 9 12 1 9 12 1 10 12 1 1 9 12 1 9 12 1 9 12 1 9 12 1 9 12 1 9 12 1 9 12 1 10 12 1 1 10 7 12 1 1 1 9 12 1 9 12 1 10 12 1 1 10 12 1 9 12 1 10 12 1 10 7 12 1 1 1 9 12 1 9 12 1 10 12 1 10 12 1 10 7 12 1 1 1 3 10 12 1 7 1 8 1 8 1 8 1 10 10 100 12 1 1 1 11 7 12 1 1 1 10 12 1 10 7 12 1 1 1 10 12 1 1 10 12 1 1 9 12 1 10 12 1 9 12 1 9 12 1 9 12 1 9 12 1 9 12 1 9 12 1 9 12 1 7 1 10 7 12 1 1 1 1 1 3 1 3 1 3 1 3 1 3 1 3 1 3 1 3 1 1 1 1 1 1 1 1 1 1 1 1 1 1 1 1 1 1 1 1 1 1 1 1 1 1 1 1 1 1 1 1 1 1 1 1 1 1 1 1 1 1 1 1 1 1 1 1 1 1 1 1 1 1 1 1 1 1 1 1 1 1 1 1 1 1 1 1 1 1 1 1 1 1 1 1 1 1 1 100 1 1 1 1
staticfield jdk/internal/util/ArraysSupport U Ljdk/internal/misc/Unsafe; jdk/internal/misc/Unsafe
staticfield jdk/internal/util/ArraysSupport BIG_ENDIAN Z 0
staticfield jdk/internal/util/ArraysSupport LOG2_ARRAY_BOOLEAN_INDEX_SCALE I 0
staticfield jdk/internal/util/ArraysSupport LOG2_ARRAY_BYTE_INDEX_SCALE I 0
staticfield jdk/internal/util/ArraysSupport LOG2_ARRAY_CHAR_INDEX_SCALE I 1
staticfield jdk/internal/util/ArraysSupport LOG2_ARRAY_SHORT_INDEX_SCALE I 1
staticfield jdk/internal/util/ArraysSupport LOG2_ARRAY_INT_INDEX_SCALE I 2
staticfield jdk/internal/util/ArraysSupport LOG2_ARRAY_LONG_INDEX_SCALE I 3
staticfield jdk/internal/util/ArraysSupport LOG2_ARRAY_FLOAT_INDEX_SCALE I 2
staticfield jdk/internal/util/ArraysSupport LOG2_ARRAY_DOUBLE_INDEX_SCALE I 3
staticfield jdk/internal/util/ArraysSupport LOG2_BYTE_BIT_SIZE I 3
staticfield jdk/internal/util/ArraysSupport JLA Ljdk/internal/access/JavaLangAccess; java/lang/System$2
ciInstanceKlass java/lang/Character 1 1 604 7 1 7 1 100 1 9 12 1 1 8 1 9 12 1 1 7 1 9 12 1 1 10 7 12 1 1 1 10 100 12 1 1 1 10 100 12 1 1 1 10 7 12 1 1 1 9 7 12 1 1 1 10 12 1 10 12 1 1 10 12 1 1 10 7 12 1 1 10 12 1 1 3 3 3 3 3 10 12 1 1 10 12 1 3 11 7 12 1 1 1 11 12 1 1 10 12 1 1 10 12 1 1 100 1 10 10 12 1 3 10 12 1 1 10 12 1 10 12 1 1 100 1 8 1 10 12 1 1 10 12 1 10 12 1 10 12 1 10 100 12 1 1 1 10 12 1 10 12 1 10 12 1 1 10 12 1 10 7 12 1 1 10 10 12 1 10 10 12 1 10 12 1 1 10 12 1 10 10 12 1 10 12 1 10 12 1 10 12 1 10 12 1 10 12 1 10 12 1 10 12 10 10 12 10 10 12 1 10 10 12 1 10 10 12 1 10 10 12 1 10 12 1 10 12 1 10 12 1 10 12 1 10 12 1 10 12 1 10 10 12 1 10 10 12 1 10 10 12 1 1 10 10 12 1 10 5 0 10 12 1 10 12 1 10 10 12 1 10 10 12 1 1 10 10 12 1 10 10 12 1 9 12 1 1 100 1 10 10 12 1 10 12 1 1 3 10 100 12 1 1 1 10 12 1 10 100 12 1 1 7 1 10 10 12 1 1 10 12 1 1 10 12 1 1 8 1 10 12 1 9 100 12 1 1 1 10 12 1 10 10 12 1 10 12 1 1 10 12 1 10 10 12 1 1 10 10 12 1 1 7 1 8 1 10 12 1 1 10 7 12 1 1 1 8 1 10 12 1 1 9 12 1 1 7 1 7 1 7 1 1 1 1 3 1 3 1 3 1 3 1 1 1 1 1 3 1 1 3 1 3 1 3 1 3 1 3 1 3 1 3 1 3 1 3 1 3 1 3 1 3 1 3 1 3 1 3 1 3 1 3 1 3 1 3 1 3 1 3 1 3 1 3 1 3 1 3 1 3 1 3 1 3 1 1 1 1 1 1 1 1 1 1 1 1 1 1 1 1 1 1 1 3 1 1 1 1 1 1 1 3 1 1 3 1 1 1 1 1 3 1 1 5 0 1 1 1 1 1 1 1 1 1 1 1 1 1 1 1 1 1 1 1 1 1 1 1 1 1 1 1 1 1 1 1 1 1 1 1 1 1 1 1 1 1 1 1 1 1 1 1 1 1 1 1 1 1 1 1 1 1 1 1 1 1 1 1 1 1 1 1 1 1 1 1 1 1 1 1 1 1 1 1 1 1 1 1 1 1 1 1 1 1 1 100 1 100 1 1 1 1 1 1
staticfield java/lang/Character TYPE Ljava/lang/Class; java/lang/Class
staticfield java/lang/Character $assertionsDisabled Z 1
ciInstanceKlass java/lang/StringConcatHelper 1 1 313 7 1 10 7 12 1 1 1 10 100 12 1 1 1 7 1 5 0 7 1 8 1 10 12 1 10 12 1 1 10 12 1 1 10 7 12 1 1 1 10 7 12 1 1 10 12 1 1 10 12 1 11 100 12 1 1 10 100 12 1 1 1 10 12 1 1 10 12 1 10 12 1 10 12 1 1 10 10 12 1 10 12 1 10 10 12 1 10 12 1 1 11 12 1 7 1 7 1 100 1 8 1 10 12 1 10 12 1 10 12 1 7 1 7 1 10 8 1 10 12 1 1 10 12 1 8 1 10 12 1 1 10 10 12 1 1 10 12 1 1 10 10 12 1 1 10 12 1 10 12 1 1 10 12 1 1 10 8 1 9 12 1 1 9 7 12 1 1 1 10 7 12 1 1 1 7 1 9 12 1 1 10 12 1 1 9 100 12 1 1 1 9 12 1 9 12 1 9 12 1 10 7 12 1 1 1 10 7 12 1 1 1 100 1 100 1 10 12 1 10 12 1 1 1 1 1 5 0 1 1 1 1 1 1 1 1 1 1 1 1 1 1 1 1 1 1 1 1 1 1 1 1 1 1 1 1 1 1 1 1 1 1 1 1 1 1 1 1 1 1 1 1 1 1 1 1 1 1 1 1 1 1 1 1 1 1 1 1 7 1 1 1 1 1 1 1 1 1 7 1 1 1 1 1 1 1 1 100 1 100 1 1
staticfield java/lang/StringConcatHelper UNSAFE Ljdk/internal/misc/Unsafe; jdk/internal/misc/Unsafe
ciInstanceKlass java/util/Arrays 1 1 1029 10 7 12 1 1 1 10 100 12 1 1 1 10 7 12 1 1 1 10 12 1 10 12 1 10 12 1 10 12 1 10 12 1 10 12 1 10 100 12 1 1 1 100 1 7 1 10 8 1 10 12 1 1 10 12 1 8 1 8 1 10 12 1 1 10 12 1 100 1 10 12 1 9 100 12 1 1 1 10 7 12 1 1 100 1 10 12 1 1 10 7 12 1 1 10 7 12 1 1 1 100 1 10 12 1 10 12 1 1 7 1 9 7 12 1 1 1 10 12 1 1 10 7 12 1 1 10 12 1 10 12 1 1 10 12 1 10 12 1 1 7 1 11 12 1 1 10 12 1 10 7 12 1 1 1 10 12 10 12 1 10 12 1 10 12 10 12 1 11 100 12 1 1 1 10 7 12 1 1 1 100 1 10 12 1 10 100 1 10 12 1 10 100 1 10 12 1 10 100 1 10 12 1 10 10 12 1 1 10 12 1 10 12 1 10 12 1 10 12 1 10 12 1 10 7 12 1 1 1 10 12 1 10 7 12 1 1 1 10 12 1 10 12 1 10 7 12 1 1 1 10 12 1 10 12 1 10 12 1 10 12 1 10 12 1 10 12 1 10 12 1 10 12 1 10 12 1 10 12 1 10 12 1 10 12 1 10 12 1 10 12 1 10 12 1 10 12 1 1 10 12 1 1 10 7 12 1 1 1 10 7 1 10 100 1 10 7 1 10 100 1 10 100 1 10 100 1 10 100 1 10 100 1 10 12 1 8 1 10 12 1 1 10 12 1 1 10 12 1 1 10 12 1 1 10 12 1 1 10 12 1 1 10 12 1 1 10 12 1 1 10 12 1 1 7 1 10 12 10 12 1 1 10 12 1 10 12 1 1 10 12 1 1 9 7 12 1 1 1 10 12 1 9 7 1 10 12 1 9 7 1 10 12 1 9 7 1 10 12 1 9 7 1 10 12 1 9 7 1 10 12 1 9 10 12 1 10 12 1 10 12 1 9 12 1 100 1 10 10 12 1 1 10 12 1 10 12 1 10 12 1 10 12 1 10 12 1 10 12 1 10 12 1 10 12 1 10 12 1 8 1 8 1 10 12 1 10 12 1 8 1 10 12 1 10 12 1 10 12 1 10 7 12 1 1 1 3 10 100 1 10 10 12 1 1 11 100 12 1 1 10 12 1 1 10 12 1 10 12 1 10 12 1 10 12 1 10 12 1 10 12 1 10 12 1 10 12 1 11 12 1 8 1 10 11 12 1 11 100 12 1 1 1 11 100 12 1 1 1 11 12 1 1 18 12 1 1 11 12 1 1 11 100 12 1 1 1 18 12 1 11 100 12 1 1 1 18 12 1 11 100 12 1 1 1 18 12 1 100 1 10 7 12 1 1 1 10 12 1 10 12 1 10 12 1 10 12 1 10 12 1 10 12 1 10 12 1 10 12 1 1 10 12 1 10 7 12 1 1 10 12 1 10 12 1 10 12 1 1 10 12 1 10 12 1 10 12 1 1 10 12 1 10 12 1 10 12 1 1 10 12 1 10 12 1 10 12 1 10 12 1 10 12 10 12 1 10 12 10 12 10 12 1 10 12 10 12 1 10 12 1 10 12 1 1 1 1 3 1 3 1 1 1 1 1 1 1 1 1 1 1 1 1 1 1 1 1 1 1 1 1 1 1 1 1 1 1 1 1 1 1 1 1 1 1 1 1 1 1 1 1 1 1 1 1 1 1 1 1 1 1 1 1 1 1 1 1 1 1 1 1 1 1 1 1 1 1 1 1 1 1 1 1 1 1 1 1 1 1 1 1 1 1 1 1 1 1 1 1 1 1 1 1 1 1 1 1 1 1 1 1 1 1 1 1 1 1 1 1 1 1 1 1 1 1 1 1 1 1 1 1 1 1 1 1 1 1 1 1 1 1 1 1 1 1 1 1 1 1 1 1 1 1 1 1 1 1 1 1 1 1 1 1 1 1 1 1 1 1 1 1 1 1 1 1 1 1 1 1 1 1 1 1 1 1 1 1 1 1 1 1 1 1 1 1 1 1 1 1 1 1 1 1 1 1 1 1 1 1 1 1 1 1 1 1 1 1 1 1 1 1 1 1 1 1 1 1 1 1 1 1 1 1 1 1 1 1 1 1 1 1 1 1 1 1 1 1 1 1 1 1 1 1 1 1 1 1 1 1 1 1 1 1 1 100 1 1 16 15 10 12 15 10 12 15 10 12 15 10 12 15 10 100 12 1 1 1 1 1 100 1 100 1 1 1 1 100 1 1 1 1 1 1 100 1 1 100 1 1 100 1 1 1 100 1 100 1 1
staticfield java/util/Arrays $assertionsDisabled Z 1
ciInstanceKlass java/lang/OutOfMemoryError 1 1 26 10 100 12 1 1 1 10 12 1 100 1 1 1 1 5 0 1 1 1 1 1 1 1 1 1
ciMethod java/lang/StringLatin1 equals ([B[B)Z 1024 814 7015 0 -1
ciMethod java/lang/StringLatin1 hashCode ([B)I 1024 0 5646 0 632
ciMethod java/lang/StringLatin1 inflate ([BI[BII)V 0 0 4 0 -1
ciMethod java/lang/StringLatin1 indexOf ([BIII)I 514 0 5391 0 480
ciMethod java/lang/StringLatin1 indexOfChar ([BIII)I 216 8204 932 0 -1
ciMethod java/lang/StringLatin1 charAt ([BI)C 1022 0 523375 0 160
ciMethod java/lang/StringLatin1 lastIndexOf ([BII)I 208 20480 1070 0 416
ciMethod java/lang/StringLatin1 newString ([BII)Ljava/lang/String; 770 0 4439 0 0
ciMethod java/lang/StringLatin1 replace ([BCC)Ljava/lang/String; 222 10350 1231 0 1464
ciMethod java/lang/StringLatin1 canEncode (I)Z 512 0 57641 0 0
ciInstanceKlass java/lang/StringUTF16 1 1 604 7 1 7 1 10 7 12 1 1 1 100 1 10 7 1 3 7 1 7 1 10 8 1 10 12 1 1 10 12 1 8 1 10 12 1 1 10 12 1 9 12 1 1 10 12 1 1 100 1 8 1 10 12 1 9 12 1 1 9 12 1 10 10 12 1 1 10 12 1 1 10 7 12 1 1 1 10 12 1 10 12 1 1 10 12 1 1 10 12 1 1 10 12 1 1 10 12 1 10 12 1 1 10 12 1 1 10 12 1 1 10 12 1 1 10 12 1 10 12 1 10 12 1 1 10 12 1 100 1 10 12 1 10 10 12 1 1 10 12 1 10 12 1 1 10 12 1 10 100 12 1 1 1 10 100 12 1 1 1 10 12 10 12 1 1 10 12 1 10 12 1 1 10 12 1 1 10 12 1 10 12 1 10 12 1 100 1 10 12 1 1 10 12 1 3 10 12 1 1 10 12 1 10 12 1 10 12 1 10 12 1 10 12 1 10 12 1 1 9 12 1 10 12 1 10 12 1 10 12 1 10 12 1 10 12 1 10 10 12 10 12 10 10 12 1 1 10 100 12 1 1 1 10 12 1 10 12 1 100 1 8 1 8 1 10 12 1 1 100 1 10 10 7 12 1 1 1 10 100 12 1 1 8 1 8 1 8 1 10 12 1 1 10 12 1 1 10 12 10 12 1 10 100 12 1 1 10 12 1 1 10 12 1 1 10 12 1 10 12 10 12 10 12 1 10 12 10 12 1 10 12 1 10 12 1 10 12 1 10 12 1 10 100 12 1 1 1 10 100 12 1 1 1 10 12 1 1 10 12 1 1 11 7 12 1 1 10 12 1 10 12 1 10 12 1 1 9 12 1 1 9 12 1 5 0 5 0 10 12 1 10 12 10 12 10 7 12 1 1 1 10 12 1 1 1 1 1 1 1 1 1 1 1 1 1 1 1 1 1 1 1 1 1 1 1 1 1 1 1 1 1 1 1 100 1 1 1 1 1 1 1 1 1 1 1 1 1 1 1 1 1 1 1 1 1 1 1 1 1 1 1 1 1 1 1 1 1 1 1 1 1 1 1 1 1 1 1 1 1 1 1 1 1 1 1 1 1 1 1 1 1 1 1 1 1 1 1 1 1 1 1 1 1 1 1 1 1 1 1 1 1 1 1 1 1 100 1 1 1 1 1 1 1 1 1 1 1 1 1 1 1 1 1 100 1 1 1 1 1 1 1 1 1 1 1 1 1 1 1 1 1 1 1 1 1 1 1 1 1 1 1 1 1 1 1 1 1 1 1 1 1 1 1 1 1 1 1 1 1 1 1 1 1 1 1 1 1 1 1 1 1 1 1 1 1 100 1 100 1 1 1 1 1
staticfield java/lang/StringUTF16 HI_BYTE_SHIFT I 0
staticfield java/lang/StringUTF16 LO_BYTE_SHIFT I 8
staticfield java/lang/StringUTF16 $assertionsDisabled Z 1
ciInstanceKlass java/lang/Integer 1 1 453 7 1 7 1 7 1 7 1 10 12 1 1 9 12 1 1 9 12 1 1 10 7 12 1 1 1 10 12 1 1 10 100 12 1 1 1 10 10 12 1 1 10 7 12 1 1 1 10 12 1 10 12 1 1 10 7 12 1 1 1 10 12 1 1 10 12 1 1 10 12 1 10 12 1 10 12 1 1 10 10 12 1 9 12 1 1 9 12 1 100 1 8 1 10 12 1 7 1 10 12 1 8 1 10 12 1 1 10 12 1 8 1 10 12 1 8 1 10 12 1 1 3 10 12 1 1 3 10 12 1 1 10 12 1 1 10 7 12 1 1 1 11 7 1 10 12 1 1 11 10 12 1 1 8 1 10 12 1 1 8 1 7 1 10 12 1 1 10 12 1 1 5 0 8 1 10 12 1 10 12 1 10 12 1 10 12 1 1 7 1 9 12 1 1 9 12 1 1 10 12 1 10 7 1 9 12 1 10 12 1 10 12 1 10 12 1 1 10 7 12 1 1 1 100 1 100 1 10 12 1 1 10 12 1 1 8 1 8 1 10 12 1 1 8 1 8 1 8 1 8 1 8 1 8 1 10 12 1 10 12 1 5 0 3 3 3 3 10 12 1 10 12 1 3 10 12 1 10 100 12 1 1 1 10 12 1 1 10 12 1 1 8 1 10 7 12 1 1 1 9 12 1 1 7 1 7 1 7 1 1 1 1 3 1 1 1 3 1 3 1 1 5 0 1 1 1 1 1 1 1 1 1 100 1 1 1 1 1 1 1 1 1 1 1 1 1 1 1 1 1 1 1 1 1 1 1 1 1 1 1 1 1 1 1 1 1 1 1 1 1 1 1 1 3 1 1 1 1 1 1 1 1 1 1 1 1 1 1 1 1 7 1 1 1 1 1 1 1 1 1 1 1 1 1 1 1 1 1 1 1 1 1 1 1 1 1 1 1 1 1 1 1 1 1 1 1 1 1 1 1 1 1 1 1 1 1 1 7 1 1 1 1 1 1 1 1 1 100 1 100 1 1
staticfield java/lang/Integer TYPE Ljava/lang/Class; java/lang/Class
staticfield java/lang/Integer digits [C 36
staticfield java/lang/Integer DigitTens [B 100
staticfield java/lang/Integer DigitOnes [B 100
instanceKlass java/math/BigDecimal
instanceKlass java/math/BigInteger
instanceKlass java/util/concurrent/atomic/Striped64
instanceKlass java/util/concurrent/atomic/AtomicLong
instanceKlass java/util/concurrent/atomic/AtomicInteger
instanceKlass java/lang/Long
instanceKlass java/lang/Integer
instanceKlass java/lang/Short
instanceKlass java/lang/Byte
instanceKlass java/lang/Double
instanceKlass java/lang/Float
ciInstanceKlass java/lang/Number 1 1 37 10 7 12 1 1 1 10 100 12 1 1 1 100 1 1 1 1 5 0 1 1 1 1 1 1 1 1 1 1 1 1 1 1 1 1 1
ciMethod java/lang/StringUTF16 checkIndex (I[B)V 0 0 12 0 -1
ciMethod java/lang/StringUTF16 hashCode ([B)I 0 0 1 0 -1
ciMethod java/lang/StringUTF16 indexOf ([BIII)I 0 0 1 0 -1
ciMethod java/lang/StringUTF16 getChar ([BI)C 512 0 289 0 -1
ciMethod java/lang/StringUTF16 putChar ([BII)V 24 0 12 0 -1
ciMethod java/lang/StringUTF16 newBytesFor (I)[B 0 0 4 0 -1
ciMethod java/lang/StringUTF16 charAt ([BI)C 0 0 4 0 0
ciMethod java/lang/StringUTF16 lastIndexOf ([BII)I 0 0 1 0 -1
ciMethod java/lang/StringUTF16 newString ([BII)Ljava/lang/String; 0 0 1 0 -1
ciMethod java/lang/StringUTF16 replace ([BCC)Ljava/lang/String; 0 0 1 0 -1
ciInstanceKlass java/lang/Thread$FieldHolder 1 1 48 10 7 12 1 1 1 9 7 12 1 1 1 9 12 1 1 9 12 1 1 9 12 1 1 9 12 1 1 1 1 1 1 1 1 1 1 100 1 100 1 1 1 1 100 1 1 1
ciInstanceKlass java/lang/Thread$Constants 0 0 59 7 1 10 7 12 1 1 1 100 1 10 10 7 12 1 1 1 7 1 8 1 10 12 1 9 7 12 1 1 1 7 1 7 1 10 12 1 10 12 1 9 12 1 1 1 1 1 1 1 1 1 1 1 1 1 1 1 1
ciInstanceKlass java/lang/ThreadGroup 1 1 411 10 7 12 1 1 1 9 7 12 1 1 1 8 1 9 12 1 1 7 1 9 12 1 1 9 12 1 1 10 7 12 1 1 1 10 12 1 1 10 12 1 10 12 1 10 12 1 10 12 1 1 10 12 1 1 10 12 1 10 12 1 1 10 12 1 10 12 1 10 100 12 1 1 1 10 12 1 1 18 12 1 1 11 7 12 1 1 1 10 7 12 1 1 1 10 7 12 1 10 12 1 1 10 12 1 1 10 12 1 1 10 100 12 1 1 1 10 12 1 11 12 1 1 11 7 12 1 1 11 12 1 1 10 12 1 1 10 12 1 10 12 1 11 12 1 11 12 1 1 100 1 10 10 12 1 100 1 10 18 12 1 1 11 7 12 1 1 1 11 12 1 1 9 12 1 1 10 12 1 1 8 1 10 7 12 1 1 1 10 100 12 1 1 1 10 12 1 1 11 12 10 12 1 1 10 12 1 1 11 7 1 9 12 1 7 1 10 8 1 10 12 1 1 10 12 1 1 8 1 10 12 1 10 7 12 1 1 1 10 12 1 1 10 7 1 8 1 10 8 1 10 12 1 10 12 1 8 1 9 12 1 1 9 12 1 10 100 12 1 1 1 100 9 12 1 1 7 1 9 12 1 10 12 10 12 1 1 100 10 12 9 12 1 10 12 1 100 1 10 11 12 1 1 7 1 10 10 12 1 10 12 1 1 1 1 1 1 1 1 1 1 1 1 1 1 1 1 1 1 3 1 1 1 1 1 1 1 1 1 1 1 1 100 1 1 1 1 1 1 1 1 1 1 1 1 1 1 1 1 1 1 1 1 1 1 1 1 1 1 1 1 1 1 1 1 1 1 1 1 1 1 1 1 1 1 1 16 15 10 12 16 16 15 10 12 16 15 10 100 12 1 1 1 1 1 100 1 100 1 1
staticfield java/lang/ThreadGroup $assertionsDisabled Z 1
ciInstanceKlass java/lang/Thread$UncaughtExceptionHandler 1 0 16 100 1 100 1 1 1 1 1 1 1 1 100 1 1 1
ciInstanceKlass java/security/AccessControlContext 1 1 374 9 7 12 1 1 1 9 12 1 1 10 7 12 1 1 1 8 1 10 7 12 1 1 1 10 7 12 1 1 1 9 12 1 9 12 1 1 9 12 1 1 10 7 12 1 1 7 1 10 12 1 11 7 12 1 1 1 11 12 1 11 12 1 11 12 1 1 7 1 11 12 1 1 10 12 1 10 7 12 1 1 1 9 100 12 1 1 1 10 7 12 1 1 1 11 100 12 1 1 1 10 7 1 100 1 8 1 10 12 1 10 12 1 1 7 1 10 7 12 1 1 1 9 12 1 9 12 1 9 12 1 9 12 1 1 9 12 1 1 9 12 1 9 12 1 10 7 12 1 1 1 9 12 1 10 12 1 1 10 12 1 1 8 1 10 12 1 1 10 12 1 1 10 7 12 1 1 1 7 1 10 10 12 1 1 10 7 12 1 1 1 10 8 1 10 7 12 1 1 8 1 10 7 12 1 1 8 1 8 1 10 12 1 8 1 10 12 1 8 1 10 12 1 10 12 1 10 12 1 1 8 1 8 1 100 1 10 12 1 10 12 1 1 7 1 10 12 1 8 1 10 12 1 10 12 1 10 8 1 10 12 1 1 10 12 1 1 10 12 1 1 10 12 1 1 10 12 1 10 12 1 11 10 12 1 10 12 1 1 10 10 10 12 1 1 1 1 1 1 1 1 1 1 1 1 1 1 1 1 1 1 1 1 1 1 1 1 100 1 1 1 1 1 1 1 1 1 1 1 1 1 1 1 1 1 1 1 1 1 1 1 1 1 1 1 1 1 1 1 1 1 1 1 1 1 1 1 1 1 1 1 1 1 1 1 1 1 1 1 1 3 1 1
instanceKlass java/lang/ThreadBuilders$BoundVirtualThread
instanceKlass java/lang/VirtualThread
ciInstanceKlass java/lang/BaseVirtualThread 0 0 36 10 100 12 1 1 1 100 1 1 1 1 1 1 1 1 1 1 1 1 1 1 1 1 1 1 1 1 100 1 100 1 1 100 1 1
ciInstanceKlass java/lang/VirtualThread 0 0 895 7 1 9 12 1 1 10 7 12 1 1 1 10 100 12 1 1 1 10 7 12 1 1 1 9 12 1 1 9 12 1 1 100 1 10 12 1 9 12 1 1 18 12 1 1 9 12 1 1 10 12 1 1 100 1 10 12 1 10 12 1 1 10 12 1 1 10 12 1 1 10 12 1 10 7 12 1 10 12 1 10 12 1 10 12 1 11 100 12 1 1 1 100 1 10 12 1 1 10 100 12 1 1 1 10 100 12 1 1 1 10 12 1 100 1 10 10 12 1 10 12 1 1 9 12 1 1 10 12 1 1 9 12 1 1 10 12 1 9 12 1 1 9 12 1 100 1 10 10 12 1 10 12 1 10 100 12 1 1 10 9 10 10 12 1 1 10 12 1 1 10 100 12 1 1 10 100 1 10 9 10 10 12 1 10 12 1 10 12 1 1 7 1 10 12 1 1 10 12 1 10 12 1 1 9 12 1 10 12 1 10 12 1 9 12 1 1 10 12 1 10 12 1 9 12 1 1 10 12 1 10 12 1 11 100 12 1 1 10 12 1 1 10 12 1 10 12 1 1 9 12 1 10 100 1 10 12 1 1 10 12 1 1 10 12 1 10 12 1 10 12 1 10 12 1 9 12 1 1 10 100 12 1 1 10 12 1 10 12 1 1 10 100 12 1 1 10 12 1 100 1 8 1 10 12 1 10 12 1 1 10 12 1 10 12 1 10 100 12 1 1 10 12 1 10 12 1 1 10 12 1 10 12 1 1 10 7 12 1 1 18 10 12 1 1 10 12 1 1 7 1 5 0 100 1 10 10 12 1 7 1 9 12 1 1 10 7 12 1 1 10 9 12 1 1 9 100 12 1 1 1 11 100 12 1 1 1 11 100 1 11 12 10 12 1 10 12 1 1 10 12 1 100 1 10 10 12 1 10 12 1 1 10 12 1 1 10 12 1 10 12 1 10 12 1 9 12 1 1 11 100 12 1 1 10 12 9 100 12 1 1 1 9 12 1 10 12 1 1 9 12 1 9 12 1 7 1 10 10 12 1 1 10 12 1 10 12 10 12 1 7 1 7 1 8 1 10 10 12 1 1 10 12 1 10 7 12 1 1 8 1 10 12 1 8 1 10 12 1 9 100 12 1 1 1 10 12 1 1 10 12 1 10 10 10 10 12 9 12 1 10 12 1 1 9 12 1 10 12 1 1 9 12 1 10 12 1 1 18 12 1 1 18 12 1 10 7 12 1 1 1 8 1 10 100 12 1 1 1 10 7 12 1 1 1 18 12 1 10 100 12 1 1 1 100 1 10 12 1 8 1 10 12 1 8 1 10 12 1 1 8 1 8 1 10 100 12 1 1 8 1 10 12 1 8 1 8 1 10 100 12 1 1 1 10 12 1 10 12 1 1 10 12 1 18 12 1 1 18 12 1 1 5 0 9 12 1 10 12 1 18 12 1 100 1 10 12 10 7 12 1 1 10 12 1 1 7 1 8 1 10 10 12 1 10 12 1 1 10 12 1 9 12 1 8 10 12 1 1 8 8 9 12 1 8 10 12 1 1 3 1 3 3 1 3 1 3 1 3 1 3 1 3 3 1 3 1 3 1 3 1 1 1 1 1 1 1 1 1 1 1 1 1 1 7 1 1 1 1 1 1 1 1 1 1 1 1 7 1 1 1 1 1 1 1 1 1 1 1 1 1 7 1 1 1 1 1 1 1 1 1 1 1 1 1 1 1 1 1 1 1 1 1 1 1 1 1 1 1 1 1 1 1 1 1 1 1 1 1 1 1 100 1 1 1 1 1 1 1 1 1 1 1 1 1 1 1 1 1 1 1 1 1 1 1 1 1 1 1 1 1 1 1 1 1 100 1 1 1 1 1 1 1 1 1 1 1 1 1 1 100 1 1 16 15 10 12 15 16 15 10 12 16 15 10 12 16 16 15 10 12 16 15 10 12 16 15 10 12 16 15 10 12 16 1 15 10 100 12 1 1 1 1 1 1 1 7 1 1 100 1 100 1 1
ciInstanceKlass java/lang/ThreadBuilders$BoundVirtualThread 0 0 132 10 7 12 1 1 1 9 7 12 1 1 1 10 7 12 1 1 1 9 12 1 1 10 12 1 1 10 12 1 1 9 12 1 1 10 7 12 1 1 1 10 12 1 1 7 1 8 1 10 12 1 10 12 1 1 10 12 1 1 10 12 1 1 10 7 12 1 1 1 8 1 10 12 1 8 1 10 12 1 1 10 100 12 1 1 9 100 12 1 1 1 10 12 1 1 10 10 12 1 1 1 1 1 1 1 1 1 1 1 1 1 1 1 1 1 1 1 1 1 1 1 1 1 1 1 1 100 1 1 1 1
ciInstanceKlass jdk/internal/vm/ContinuationScope 0 0 50 10 100 12 1 1 1 10 100 12 1 1 1 100 1 9 100 12 1 1 1 10 12 1 1 10 100 12 1 1 1 10 12 1 1 10 12 1 1 1 1 1 1 1 1 1 1 1 1 1
ciInstanceKlass jdk/internal/vm/StackChunk 0 0 34 10 100 12 1 1 1 9 100 12 1 1 1 9 12 1 1 9 12 1 9 12 1 1 1 1 1 1 1 1 1 1 1 1
ciInstanceKlass java/lang/Float 1 1 279 7 1 7 1 10 100 12 1 1 1 10 100 12 1 1 1 4 7 1 10 12 1 1 10 12 1 1 8 1 8 1 10 7 12 1 1 1 10 12 1 1 10 12 1 1 10 100 1 4 10 7 12 1 1 9 12 1 1 10 12 1 1 10 12 1 10 10 12 1 1 10 12 1 10 12 1 3 3 100 1 4 4 4 3 10 12 1 1 9 12 1 1 100 1 10 3 3 4 4 10 12 1 3 3 3 10 12 1 1 10 12 1 1 10 12 1 10 100 12 1 1 1 10 12 1 1 10 12 1 1 10 7 12 1 1 1 8 1 10 12 1 1 9 12 1 1 7 1 7 1 7 1 1 1 1 4 1 4 1 1 1 4 1 1 3 1 3 1 3 1 3 1 3 1 1 1 1 5 0 1 1 1 1 1 1 1 1 1 1 100 1 1 1 1 1 1 1 1 1 1 1 1 1 3 1 1 1 1 1 1 1 1 1 1 1 1 1 1 1 1 1 1 1 1 1 1 1 1 1 1 1 1 1 1 1 1 1 1 1 1 1 1 1 1 1 1 1 1 1 1 1 1 1 1 1 1 1 1 1 1 1 1 1 1 1 7 1 1 1 1 1 1 1 100 1 100 1 1
staticfield java/lang/Float TYPE Ljava/lang/Class; java/lang/Class
staticfield java/lang/Float $assertionsDisabled Z 1
ciInstanceKlass java/lang/Double 1 1 290 7 1 7 1 10 100 12 1 1 1 10 12 1 1 10 7 1 10 12 1 1 10 100 12 1 1 1 6 0 8 1 10 12 1 1 8 1 10 12 1 1 8 1 6 0 10 12 1 1 100 1 5 0 5 0 8 1 8 1 10 7 12 1 1 1 10 7 12 1 1 1 8 1 10 12 1 1 8 1 8 1 8 1 10 12 1 1 10 12 1 10 12 1 1 10 12 1 10 12 1 10 12 1 1 10 12 1 10 100 1 6 0 10 7 12 1 1 9 12 1 1 10 12 1 10 12 1 10 12 1 10 12 1 10 12 1 5 0 10 12 1 1 10 12 1 10 12 1 10 100 12 1 1 1 10 12 1 1 10 12 1 1 8 1 10 7 12 1 1 1 9 12 1 1 7 1 7 1 7 1 1 1 6 0 1 6 0 1 6 0 1 1 1 6 0 1 1 3 1 3 1 3 1 3 1 3 1 1 1 1 5 0 1 1 1 1 1 1 1 1 1 1 1 1 1 1 1 1 100 1 1 1 1 1 1 1 1 1 1 1 1 3 1 1 1 1 1 1 1 1 1 1 1 1 1 1 1 1 1 1 1 1 1 1 1 1 1 1 1 1 1 1 1 1 1 1 7 1 1 1 1 1 1 1 100 1 100 1 1
staticfield java/lang/Double TYPE Ljava/lang/Class; java/lang/Class
ciInstanceKlass java/lang/Byte 1 1 213 7 1 100 1 10 7 12 1 1 1 9 12 1 1 8 1 9 12 1 1 7 1 10 12 1 1 10 12 1 1 10 100 12 1 1 1 10 100 12 1 1 1 9 7 12 1 1 1 10 12 1 1 100 1 7 1 10 12 1 1 8 1 10 12 1 1 8 1 10 12 1 10 12 1 10 12 1 10 12 1 1 10 12 1 10 12 1 10 12 1 1 10 8 1 8 1 10 7 1 9 12 1 1 10 12 1 1 10 12 1 1 10 12 1 1 10 12 1 5 0 10 12 1 1 8 1 10 7 12 1 1 1 9 12 1 1 7 1 7 1 1 1 3 1 3 1 1 1 1 3 1 3 1 1 5 0 1 1 1 1 1 1 1 1 1 1 1 1 1 1 1 1 1 1 1 1 1 1 1 1 1 1 1 1 1 1 1 1 1 1 1 1 1 1 1 1 1 1 1 1 1 1 1 1 1 1 1 1 1 1 1 1
staticfield java/lang/Byte TYPE Ljava/lang/Class; java/lang/Class
ciInstanceKlass java/lang/Short 1 1 222 7 1 7 1 100 1 10 7 12 1 1 1 10 12 1 1 100 1 7 1 10 12 1 1 8 1 10 12 1 1 8 1 10 12 1 10 12 1 10 12 1 10 12 1 1 10 12 1 1 10 12 1 9 12 1 1 8 1 9 12 1 1 7 1 10 12 1 1 10 12 1 10 100 12 1 1 1 10 100 12 1 1 1 9 7 12 1 1 1 10 12 1 10 12 1 1 10 8 1 8 1 10 7 1 9 12 1 1 10 12 1 1 10 12 1 1 10 12 1 1 10 12 1 3 3 5 0 10 12 1 1 8 1 10 7 12 1 1 1 9 12 1 1 7 1 7 1 1 1 3 1 3 1 1 1 1 3 1 3 1 1 5 0 1 1 1 1 1 1 1 1 1 1 1 1 1 1 1 1 1 1 1 1 1 1 1 1 1 1 1 3 1 1 1 1 1 1 1 1 1 1 1 1 1 1 1 1 1 1 1 1 1 1 1 1 1 1 1 1 1 1
staticfield java/lang/Short TYPE Ljava/lang/Class; java/lang/Class
ciInstanceKlass java/lang/Long 1 1 524 7 1 7 1 7 1 7 1 10 12 1 1 9 12 1 1 9 7 12 1 1 1 10 7 12 1 1 1 10 12 1 1 10 100 12 1 1 1 10 10 12 10 12 1 10 12 1 10 12 1 5 0 5 0 7 1 10 12 1 1 10 12 1 1 10 12 1 10 12 1 10 12 1 10 12 1 1 10 100 12 1 1 10 12 1 10 12 1 1 10 12 1 1 10 12 1 1 10 12 1 1 10 100 12 1 1 1 10 12 1 1 10 12 1 10 12 1 10 12 1 10 12 1 1 10 10 12 1 5 0 5 0 9 12 1 1 9 12 1 5 0 100 1 8 1 10 12 1 8 1 10 12 1 8 1 8 1 10 12 1 1 5 0 10 12 1 1 5 0 10 12 1 1 10 12 1 1 10 100 12 1 1 1 11 7 1 10 12 1 1 11 10 12 1 1 8 1 10 12 1 1 8 1 7 1 10 12 1 1 10 12 1 8 1 8 1 11 12 1 1 10 12 1 10 12 1 10 12 1 5 0 5 0 9 7 12 1 1 1 10 12 1 10 12 1 1 8 1 8 1 10 12 1 1 8 1 8 1 8 1 8 1 8 1 8 1 10 12 1 10 7 1 9 12 1 1 10 12 1 10 12 1 1 10 12 1 1 10 7 12 1 1 1 100 1 100 1 10 12 1 1 10 12 1 1 5 0 10 12 1 10 12 1 5 0 5 0 5 0 10 12 1 1 10 12 1 5 0 5 0 10 12 1 10 12 1 10 100 12 1 1 1 10 12 1 1 10 12 1 1 8 1 10 7 12 1 1 1 9 12 1 1 7 1 7 1 7 1 1 1 1 5 0 1 1 1 1 3 1 3 1 5 0 1 1 1 1 1 1 1 1 1 100 1 1 1 1 1 1 1 1 1 1 1 1 1 1 1 1 1 1 1 1 1 1 1 1 1 1 1 1 1 1 1 1 1 1 1 1 1 1 1 1 1 1 1 1 1 1 1 1 1 1 1 1 1 1 1 3 1 1 1 1 1 1 1 1 1 1 1 1 1 1 1 7 1 1 1 1 1 1 1 1 1 1 1 1 1 1 1 1 1 1 1 1 1 1 1 1 1 1 1 1 1 1 1 1 1 1 1 1 1 1 1 1 1 1 1 7 1 1 1 1 1 1 1 1 1 100 1 100 1 1
staticfield java/lang/Long TYPE Ljava/lang/Class; java/lang/Class
ciInstanceKlass jdk/internal/vm/vector/VectorSupport 0 0 573 100 1 10 100 12 1 1 1 9 12 1 1 10 12 1 1 100 1 10 12 1 11 100 12 1 1 1 11 100 12 1 1 1 11 100 12 1 1 11 100 12 1 1 11 100 12 1 1 1 11 100 12 1 1 11 100 12 1 1 11 100 12 1 1 11 100 12 1 1 11 100 12 1 1 11 100 12 1 1 11 100 12 1 1 1 11 100 12 1 1 11 100 12 1 1 1 11 100 12 1 1 1 11 100 12 1 1 11 100 12 1 1 1 11 100 12 1 1 100 1 10 12 1 1 11 100 12 1 1 11 100 12 1 1 11 100 12 1 1 11 100 12 1 1 11 100 12 1 1 11 100 12 1 1 9 12 1 1 10 100 12 1 1 11 100 12 1 1 10 12 1 1 10 100 12 1 1 1 10 12 1 10 12 1 1 10 12 1 1 1 1 1 3 1 3 1 3 1 3 1 3 1 3 1 3 1 3 1 3 1 3 1 3 1 3 1 3 1 3 1 3 1 3 1 3 1 3 1 3 1 3 1 3 1 3 1 3 1 3 1 3 1 3 1 3 1 3 1 3 1 3 1 3 1 3 1 3 1 3 1 3 1 3 1 3 1 3 1 3 1 3 1 3 1 3 1 3 1 3 1 3 1 3 1 3 1 3 1 3 1 3 1 3 1 3 1 3 1 1 1 1 1 1 1 1 1 1 1 1 1 1 1 1 1 1 1 1 1 1 1 1 1 1 1 1 1 1 1 1 1 1 1 1 1 1 1 1 1 1 1 1 1 1 1 1 1 1 1 1 1 1 1 1 1 1 1 1 1 1 1 1 1 1 1 1 1 1 1 1 1 1 1 1 1 1 1 1 1 1 1 1 1 1 1 1 1 1 1 1 1 1 1 1 1 1 1 1 1 1 1 1 1 1 1 1 1 1 1 1 1 1 1 1 1 1 1 1 1 1 1 1 1 1 1 1 1 1 1 1 1 1 1 1 1 1 1 1 1 1 1 1 1 1 1 1 1 1 1 1 1 1 1 1 1 1 1 1 1 1 1 1 1 1 1 1 1 1 1 1 1 1 1 1 1 1 1 1 1 1 1 1 1 1 1 1 1 1 1 1 1 1 1 1 1 1 1 1 1 1 1 1 1 1 1 1 1 1 1 1 1 1 1 1 1 1 1 1 1 1 1 1 1 1 1 1 1 1 1 1 1 1 1 100 1 100 1 100 1 100 1 100 1 1 1 1 1 1 1 1 1 1 1 1 1 1 1 1 1 1 1 1 1 1 1 1 1 1 1 1 1 1 1
instanceKlass jdk/internal/vm/vector/VectorSupport$VectorShuffle
instanceKlass jdk/internal/vm/vector/VectorSupport$VectorMask
instanceKlass jdk/internal/vm/vector/VectorSupport$Vector
ciInstanceKlass jdk/internal/vm/vector/VectorSupport$VectorPayload 0 0 32 10 100 12 1 1 1 9 100 12 1 1 1 10 100 12 1 1 1 1 1 1 1 1 1 1 1 1 1 1 1 1
ciInstanceKlass jdk/internal/vm/vector/VectorSupport$Vector 0 0 28 10 100 12 1 1 1 100 1 1 1 1 1 1 1 1 1 1 1 1 1 1 1 100 1 1 1 1
ciInstanceKlass jdk/internal/vm/vector/VectorSupport$VectorMask 0 0 28 10 100 12 1 1 1 100 1 1 1 1 1 1 1 1 1 1 1 1 1 1 1 100 1 1 1 1
ciInstanceKlass jdk/internal/vm/vector/VectorSupport$VectorShuffle 0 0 28 10 100 12 1 1 1 100 1 1 1 1 1 1 1 1 1 1 1 1 1 1 1 100 1 1 1 1
ciInstanceKlass jdk/internal/vm/FillerObject 0 0 16 10 100 12 1 1 1 100 1 1 1 1 1 1 1 1
instanceKlass java/lang/ref/PhantomReference
instanceKlass java/lang/ref/FinalReference
instanceKlass java/lang/ref/WeakReference
instanceKlass java/lang/ref/SoftReference
ciInstanceKlass java/lang/ref/Reference 1 1 190 9 7 12 1 1 1 9 7 12 1 1 10 12 1 1 10 12 1 1 9 12 1 1 10 12 1 1 9 12 1 1 9 12 1 1 7 1 10 12 1 10 7 12 1 1 10 12 1 10 12 1 1 10 12 1 7 1 8 1 10 12 1 1 7 1 10 12 1 1 10 12 1 1 10 12 1 9 12 1 10 12 1 1 10 12 1 10 12 1 9 12 1 7 1 100 1 10 12 9 12 1 9 12 1 100 1 10 10 12 1 10 10 7 12 1 1 7 1 10 10 7 12 1 1 1 1 1 1 1 1 1 1 1 1 1 1 1 1 1 1 1 7 1 1 1 100 1 1 1 1 1 1 1 1 1 1 1 1 1 1 1 1 1 1 1 1 1 1 1 1 1 1 1 1 1 1 1 1 1 1 1 7 1 7 1 7 1 1 1
staticfield java/lang/ref/Reference processPendingLock Ljava/lang/Object; java/lang/Object
staticfield java/lang/ref/Reference $assertionsDisabled Z 1
ciMethod java/lang/ref/Reference get ()Ljava/lang/Object; 0 0 1 0 -1
ciMethod java/lang/ref/Reference <init> (Ljava/lang/Object;)V 530 0 1567 0 0
ciMethod java/lang/ref/Reference <init> (Ljava/lang/Object;Ljava/lang/ref/ReferenceQueue;)V 770 0 11005 0 552
instanceKlass org/springframework/util/ConcurrentReferenceHashMap$SoftEntryReference
instanceKlass java/io/ClassCache$CacheRef
instanceKlass sun/util/locale/provider/LocaleResources$ResourceReference
instanceKlass sun/util/resources/Bundles$BundleReference
instanceKlass sun/util/locale/LocaleObjectCache$CacheEntry
instanceKlass java/lang/invoke/LambdaFormEditor$Transform
ciInstanceKlass java/lang/ref/SoftReference 1 1 47 10 7 12 1 1 1 9 7 12 1 1 1 9 12 1 10 12 1 10 12 1 1 1 1 1 1 1 1 1 1 1 1 1 1 1 1 1 1 1 1 100 1 1 1 1 1
ciMethod java/lang/ref/SoftReference get ()Ljava/lang/Object; 368 0 11484 0 192
ciMethod java/lang/ref/SoftReference <init> (Ljava/lang/Object;)V 512 0 1100 0 0
instanceKlass java/lang/WeakPairMap$WeakRefPeer
instanceKlass java/util/logging/LogManager$LoggerWeakRef
instanceKlass java/util/logging/Level$KnownLevel
instanceKlass java/lang/ClassValue$Entry
instanceKlass java/lang/ThreadLocal$ThreadLocalMap$Entry
instanceKlass java/lang/invoke/MethodType$ConcurrentWeakInternSet$WeakEntry
instanceKlass java/util/WeakHashMap$Entry
ciInstanceKlass java/lang/ref/WeakReference 1 1 31 10 7 12 1 1 1 10 12 1 100 1 1 1 1 1 1 1 1 1 1 1 1 1 1 1 1 1 1 1 1
instanceKlass java/lang/ref/Finalizer
ciInstanceKlass java/lang/ref/FinalReference 1 1 50 10 7 12 1 1 1 10 7 12 1 1 1 10 12 1 1 7 1 8 1 10 12 1 1 1 1 1 1 1 1 1 1 1 1 1 1 1 1 1 1 1 1 1 1 1 1 1 7 1
instanceKlass jdk/internal/ref/PhantomCleanable
instanceKlass jdk/internal/ref/Cleaner
ciInstanceKlass java/lang/ref/PhantomReference 1 1 39 10 100 12 1 1 1 10 7 12 1 1 1 1 1 1 1 1 1 1 1 1 1 1 1 1 1 1 1 1 1 1 1 1 1 1 1 1 1
ciInstanceKlass java/lang/ref/Finalizer 1 1 155 9 7 12 1 1 1 10 7 12 1 1 1 9 12 1 1 9 12 1 1 9 12 1 9 12 1 9 12 1 1 10 12 1 7 1 8 1 10 12 1 10 12 1 1 9 12 1 100 1 10 12 1 7 1 11 100 12 1 1 10 12 1 7 1 10 12 1 100 1 10 12 1 10 7 12 1 1 1 10 100 12 1 1 1 100 1 10 10 12 1 7 1 10 12 1 7 1 10 12 1 1 10 12 1 1 10 12 1 10 7 12 1 1 1 7 1 10 7 1 10 10 12 1 1 1 1 1 1 1 1 1 1 1 1 1 1 1 1 1 1 1 1 1 1 1 1 1 1 1 1 1 1 1 1
staticfield java/lang/ref/Finalizer lock Ljava/lang/Object; java/lang/Object
staticfield java/lang/ref/Finalizer ENABLED Z 1
staticfield java/lang/ref/Finalizer $assertionsDisabled Z 1
instanceKlass org/springframework/boot/autoconfigure/condition/ConditionMessage$Style
instanceKlass org/springframework/boot/autoconfigure/condition/FilteringSpringBootCondition$ClassNameFilter
instanceKlass com/fasterxml/jackson/core/JsonEncoding
instanceKlass jdk/xml/internal/XMLSecurityManager$NameMap
instanceKlass jdk/xml/internal/XMLSecurityManager$Processor
instanceKlass jdk/xml/internal/XMLSecurityManager$Limit
instanceKlass com/sun/org/apache/xalan/internal/utils/XMLSecurityPropertyManager$Property
instanceKlass com/sun/org/apache/xalan/internal/utils/FeaturePropertyBase$State
instanceKlass jdk/xml/internal/JdkProperty$State
instanceKlass jdk/xml/internal/JdkProperty$ImplPropMap
instanceKlass jdk/xml/internal/JdkXmlFeatures$XmlFeature
instanceKlass org/springframework/transaction/annotation/Propagation
instanceKlass org/springframework/transaction/annotation/Isolation
instanceKlass com/fasterxml/jackson/annotation/JsonInclude$Include
instanceKlass com/fasterxml/jackson/annotation/JsonProperty$Access
instanceKlass org/hibernate/validator/internal/metadata/raw/ConfigurationSource
instanceKlass sun/reflect/annotation/TypeAnnotation$TypeAnnotationTarget
instanceKlass org/hibernate/validator/internal/metadata/descriptor/ConstraintDescriptorImpl$ConstraintType
instanceKlass org/hibernate/validator/internal/metadata/location/ConstraintLocation$ConstraintLocationKind
instanceKlass org/hibernate/validator/internal/metadata/raw/ConstrainedElement$ConstrainedElementKind
instanceKlass org/springframework/web/bind/annotation/RequestMethod
instanceKlass org/springframework/context/annotation/ConfigurationCondition$ConfigurationPhase
instanceKlass org/springframework/expression/spel/SpelCompilerMode
instanceKlass jakarta/validation/constraintvalidation/ValidationTarget
instanceKlass org/hibernate/validator/internal/metadata/core/BuiltinConstraint
instanceKlass org/hibernate/validator/messageinterpolation/ExpressionLanguageFeatureLevel
instanceKlass org/hibernate/validator/internal/util/ConcurrentReferenceHashMap$Option
instanceKlass org/hibernate/validator/internal/util/ConcurrentReferenceHashMap$ReferenceType
instanceKlass org/springframework/core/annotation/MergedAnnotation$Adapt
instanceKlass org/springframework/boot/test/util/TestPropertyValues$Type
instanceKlass jakarta/validation/executable/ExecutableType
instanceKlass org/jboss/logging/Logger$Level
instanceKlass org/springframework/boot/ansi/AnsiStyle
instanceKlass ch/qos/logback/core/pattern/parser/TokenStream$TokenizerState
instanceKlass ch/qos/logback/core/subst/Node$Type
instanceKlass ch/qos/logback/core/subst/Token$Type
instanceKlass ch/qos/logback/core/subst/Tokenizer$TokenizerState
instanceKlass java/nio/file/attribute/PosixFilePermission
instanceKlass org/springframework/boot/logging/logback/RollingPolicySystemProperty
instanceKlass org/springframework/boot/logging/LoggingSystemProperty
instanceKlass org/springframework/boot/ansi/AnsiColor
instanceKlass org/springframework/boot/ansi/AnsiOutput$Enabled
instanceKlass org/springframework/boot/context/config/Profiles$Type
instanceKlass org/yaml/snakeyaml/tokens/Token$ID
instanceKlass org/yaml/snakeyaml/events/Event$ID
instanceKlass org/yaml/snakeyaml/comments/CommentType
instanceKlass org/yaml/snakeyaml/introspector/BeanAccess
instanceKlass org/yaml/snakeyaml/DumperOptions$NonPrintableStyle
instanceKlass org/yaml/snakeyaml/DumperOptions$LineBreak
instanceKlass org/yaml/snakeyaml/DumperOptions$FlowStyle
instanceKlass org/yaml/snakeyaml/DumperOptions$ScalarStyle
instanceKlass org/yaml/snakeyaml/nodes/NodeId
instanceKlass org/springframework/beans/factory/config/YamlProcessor$ResolutionMethod
instanceKlass org/springframework/boot/context/config/LocationResourceLoader$ResourceType
instanceKlass org/springframework/boot/BootstrapRegistry$Scope
instanceKlass org/springframework/boot/context/config/ConfigDataEnvironmentContributor$ImportPhase
instanceKlass org/springframework/boot/context/config/ConfigDataEnvironmentContributor$Kind
instanceKlass org/springframework/boot/context/config/ConfigData$Option
instanceKlass org/springframework/boot/context/config/ConfigDataNotFoundAction
instanceKlass org/springframework/boot/context/config/ConfigDataEnvironmentContributors$BinderOption
instanceKlass org/springframework/boot/context/properties/source/ConfigurationPropertyName$Form
instanceKlass org/springframework/boot/cloud/CloudPlatform
instanceKlass sun/util/logging/PlatformLogger$Level
instanceKlass java/lang/System$Logger$Level
instanceKlass jakarta/servlet/SessionTrackingMode
instanceKlass java/lang/StackStreamFactory$WalkerState
instanceKlass java/lang/StackWalker$ExtendedOption
instanceKlass java/lang/StackWalker$Option
instanceKlass org/springframework/boot/logging/LogLevel
instanceKlass org/springframework/boot/Banner$Mode
instanceKlass org/springframework/boot/test/context/SpringBootContextLoader$Mode
instanceKlass org/springframework/test/annotation/DirtiesContext$ClassMode
instanceKlass org/springframework/boot/context/properties/source/ConfigurationPropertyState
instanceKlass org/springframework/boot/context/properties/source/ConfigurationPropertyName$ElementType
instanceKlass org/springframework/boot/context/properties/bind/Bindable$BindRestriction
instanceKlass org/springframework/boot/WebApplicationType
instanceKlass org/springframework/boot/context/properties/bind/BindMethod
instanceKlass java/time/Month
instanceKlass java/time/format/FormatStyle
instanceKlass org/springframework/format/datetime/standard/DateTimeFormatterRegistrar$Type
instanceKlass org/springframework/context/annotation/FilterType
instanceKlass org/springframework/context/annotation/ScopedProxyMode
instanceKlass java/nio/file/FileTreeWalker$EventType
instanceKlass java/nio/file/FileVisitOption
instanceKlass java/nio/file/AccessMode
instanceKlass org/springframework/boot/test/autoconfigure/properties/SkipPropertyMapping
instanceKlass org/springframework/core/annotation/IntrospectionFailureLogger
instanceKlass org/springframework/core/annotation/MergedAnnotations$SearchStrategy
instanceKlass org/springframework/util/ConcurrentLruCache$DrainStatus
instanceKlass org/springframework/test/context/NestedTestConfiguration$EnclosingConfiguration
instanceKlass org/springframework/core/NativeDetector$Context
instanceKlass org/springframework/util/ConcurrentReferenceHashMap$TaskOption
instanceKlass org/springframework/util/ConcurrentReferenceHashMap$Restructure
instanceKlass ch/qos/logback/core/spi/FilterReply
instanceKlass org/mockito/Mock$Strictness
instanceKlass org/mockito/Answers
instanceKlass org/junit/jupiter/api/Timeout$ThreadMode
instanceKlass org/springframework/util/ConcurrentReferenceHashMap$ReferenceType
instanceKlass org/junit/jupiter/engine/extension/TempDirectory$Scope
instanceKlass org/junit/platform/engine/support/hierarchical/ExclusiveResource$LockMode
instanceKlass java/util/Comparators$NaturalOrderComparator
instanceKlass org/junit/platform/launcher/core/IterationOrder
instanceKlass org/junit/platform/launcher/EngineDiscoveryResult$Status
instanceKlass org/junit/platform/engine/SelectorResolutionResult$Status
instanceKlass org/springframework/boot/test/context/SpringBootTest$UseMainMethod
instanceKlass org/springframework/boot/test/context/SpringBootTest$WebEnvironment
instanceKlass org/springframework/test/context/jdbc/SqlConfig$ErrorMode
instanceKlass org/springframework/test/context/jdbc/SqlConfig$TransactionMode
instanceKlass org/springframework/test/context/jdbc/Sql$ExecutionPhase
instanceKlass org/junit/jupiter/engine/discovery/MethodSelectorResolver$MethodType
instanceKlass org/apiguardian/api/API$Status
instanceKlass java/lang/reflect/ProxyGenerator$PrimitiveTypeInfo
instanceKlass java/lang/annotation/RetentionPolicy
instanceKlass java/lang/annotation/ElementType
instanceKlass org/junit/platform/engine/support/discovery/SelectorResolver$Match$Type
instanceKlass org/junit/jupiter/api/io/CleanupMode
instanceKlass org/junit/jupiter/api/TestInstance$Lifecycle
instanceKlass org/junit/jupiter/api/parallel/ExecutionMode
instanceKlass java/util/stream/MatchOps$MatchKind
instanceKlass org/junit/platform/launcher/core/EngineDiscoveryOrchestrator$Phase
instanceKlass org/junit/platform/launcher/listeners/discovery/LauncherDiscoveryListeners$LauncherDiscoveryListenerType
instanceKlass org/junit/platform/commons/util/ReflectionUtils$HierarchyTraversalMode
instanceKlass org/slf4j/helpers/Reporter$Level
instanceKlass org/slf4j/helpers/Reporter$TargetChoice
instanceKlass java/time/format/TextStyle
instanceKlass java/time/format/DateTimeFormatterBuilder$SettingsParser
instanceKlass java/time/format/ResolverStyle
instanceKlass java/time/format/SignStyle
instanceKlass java/time/temporal/JulianFields$Field
instanceKlass java/time/temporal/IsoFields$Unit
instanceKlass java/time/temporal/IsoFields$Field
instanceKlass ch/qos/logback/core/joran/spi/ConsoleTarget
instanceKlass ch/qos/logback/classic/spi/Configurator$ExecutionStatus
instanceKlass jdk/internal/logger/BootstrapLogger$LoggingBackend
instanceKlass org/junit/platform/engine/TestDescriptor$Type
instanceKlass java/util/Locale$Category
instanceKlass java/time/temporal/ChronoUnit
instanceKlass java/time/temporal/ChronoField
instanceKlass java/util/regex/Pattern$Qtype
instanceKlass sun/util/locale/provider/LocaleProviderAdapter$Type
instanceKlass java/net/Proxy$Type
instanceKlass java/net/StandardProtocolFamily
instanceKlass jdk/internal/util/OperatingSystem
instanceKlass java/util/zip/ZipCoder$Comparison
instanceKlass java/nio/file/LinkOption
instanceKlass sun/nio/fs/WindowsPathType
instanceKlass java/nio/file/StandardOpenOption
instanceKlass java/util/concurrent/TimeUnit
instanceKlass java/util/stream/Collector$Characteristics
instanceKlass java/util/stream/StreamShape
instanceKlass java/lang/invoke/MethodHandles$Lookup$ClassOption
instanceKlass java/lang/invoke/VarHandle$AccessType
instanceKlass java/lang/invoke/VarHandle$AccessMode
instanceKlass java/lang/invoke/MethodHandleImpl$Intrinsic
instanceKlass java/lang/invoke/LambdaForm$BasicType
instanceKlass java/lang/invoke/LambdaForm$Kind
instanceKlass sun/invoke/util/Wrapper
instanceKlass java/util/stream/StreamOpFlag$Type
instanceKlass java/util/stream/StreamOpFlag
instanceKlass java/io/File$PathStatus
instanceKlass java/lang/module/ModuleDescriptor$Requires$Modifier
instanceKlass java/lang/reflect/AccessFlag$Location
instanceKlass java/lang/reflect/AccessFlag
instanceKlass java/lang/module/ModuleDescriptor$Modifier
instanceKlass java/lang/reflect/ClassFileFormatVersion
instanceKlass java/lang/Thread$State
ciInstanceKlass java/lang/Enum 1 1 204 9 7 12 1 1 1 9 12 1 1 10 7 12 1 1 1 9 12 1 10 7 12 1 1 1 100 1 10 10 12 1 1 10 12 1 7 1 10 10 7 12 1 1 10 12 1 1 18 12 1 1 10 100 12 1 1 1 10 12 1 1 11 7 12 1 1 1 100 1 8 1 10 12 1 100 1 7 1 10 8 1 10 12 1 1 10 12 1 1 8 1 10 12 1 10 100 1 8 1 10 10 12 1 1 10 100 12 1 1 1 7 1 7 1 7 1 1 1 1 1 1 1 1 1 1 1 1 1 1 1 1 1 1 1 1 1 1 1 1 1 1 1 1 1 1 1 1 1 1 1 1 1 1 1 1 1 1 1 1 1 1 1 3 1 1 1 1 100 1 7 1 1 100 1 1 1 1 1 1 1 1 1 1 1 16 15 10 12 16 15 10 100 12 1 1 1 1 1 100 1 100 1 1
instanceKlass java/lang/ref/ReferenceQueue$Null
instanceKlass java/lang/ref/NativeReferenceQueue
ciInstanceKlass java/lang/ref/ReferenceQueue 1 1 183 9 7 12 1 1 1 11 7 12 1 1 1 11 12 1 9 7 12 1 1 1 11 12 1 10 7 12 1 1 9 12 1 1 7 1 10 9 12 1 1 10 12 1 1 9 7 12 1 1 1 9 12 1 9 12 1 9 12 1 1 100 1 10 9 12 1 1 9 12 1 7 1 10 100 12 1 1 1 10 12 1 10 12 1 1 10 7 12 1 1 1 10 12 1 5 0 10 10 12 10 12 1 1 10 12 1 10 12 1 1 100 1 8 1 10 12 1 10 12 1 10 12 1 1 10 12 11 100 12 1 1 1 10 7 12 1 1 7 1 10 1 1 1 1 1 1 1 1 1 1 100 1 1 1 1 1 1 1 1 1 1 1 1 1 1 1 7 1 1 1 1 1 1 1 1 1 1 1 1 1 1 1
staticfield java/lang/ref/ReferenceQueue NULL Ljava/lang/ref/ReferenceQueue; java/lang/ref/ReferenceQueue$Null
staticfield java/lang/ref/ReferenceQueue ENQUEUED Ljava/lang/ref/ReferenceQueue; java/lang/ref/ReferenceQueue$Null
staticfield java/lang/ref/ReferenceQueue $assertionsDisabled Z 1
ciInstanceKlass java/lang/reflect/Method 1 1 472 9 7 12 1 1 1 10 7 12 1 1 1 10 7 12 1 1 9 12 1 1 10 12 1 1 10 12 1 1 10 7 12 1 1 10 7 12 1 1 1 9 12 1 1 9 12 1 9 12 1 1 9 12 1 9 12 1 9 12 1 1 9 12 1 9 12 1 1 9 12 1 9 12 1 9 12 1 1 100 1 8 1 10 12 1 10 12 1 9 12 1 1 8 1 10 7 12 1 1 10 7 12 1 1 1 10 12 1 1 10 12 1 1 10 12 1 10 12 1 1 10 12 1 1 9 100 12 1 1 1 10 12 1 1 10 12 10 7 12 1 1 10 12 1 1 10 12 1 10 12 1 10 12 1 10 7 12 1 1 1 10 12 1 1 10 7 1 10 7 12 1 1 1 10 7 12 1 1 10 12 1 1 10 12 1 1 10 12 1 10 7 12 1 1 1 10 12 1 10 8 1 10 12 1 10 12 1 7 1 8 1 8 1 8 1 10 12 1 10 12 1 1 10 12 1 1 10 10 12 1 1 10 12 1 11 7 1 10 12 1 9 12 1 1 10 12 1 1 10 12 1 10 12 1 1 10 12 1 1 11 7 12 1 1 1 11 12 1 9 12 1 1 10 12 1 10 12 1 10 12 1 10 12 1 10 12 1 10 12 1 9 12 1 1 10 7 12 1 1 1 10 7 12 1 1 10 12 1 1 10 7 12 1 1 1 10 7 12 1 1 1 10 7 12 1 1 1 11 7 12 1 1 1 10 7 12 1 1 1 7 1 100 1 100 1 10 12 1 10 12 1 1 10 12 1 100 1 8 1 10 12 1 10 10 12 1 1 10 12 1 1 10 12 1 1 10 12 1 1 8 1 10 12 1 1 1 1 1 1 1 1 1 1 1 1 1 1 1 1 1 1 1 1 1 1 1 1 1 1 1 1 1 1 1 1 1 1 1 1 1 1 1 1 1 1 1 1 1 1 1 1 1 1 1 1 1 100 1 100 1 100 1 1 1 1 1 1 1 1 1 1 1 1 1 1 1 1 1 1 1 1 1 1 1 1 1 1 1 1 1 1
ciInstanceKlass java/lang/reflect/Field 1 1 457 9 7 12 1 1 1 10 12 1 1 10 100 12 1 1 1 10 100 12 1 1 9 12 1 1 10 12 1 1 10 12 1 1 10 100 12 1 1 10 7 12 1 1 1 9 12 1 1 9 12 1 9 12 1 9 12 1 1 9 12 1 1 9 12 1 9 12 1 1 9 12 1 1 100 1 8 1 10 12 1 10 12 1 9 12 1 1 9 12 1 10 12 1 10 7 12 1 1 10 12 1 1 10 12 1 1 10 12 1 10 12 1 1 9 100 12 1 1 1 10 100 12 1 1 1 7 1 10 12 1 1 10 12 1 1 10 12 1 1 10 12 1 10 12 1 10 7 1 10 7 12 1 1 7 1 10 8 1 10 12 1 1 10 12 1 1 8 1 10 12 10 12 1 8 1 8 1 10 11 7 1 9 12 1 10 12 1 1 10 12 1 1 11 7 12 1 1 1 10 12 1 11 12 1 1 11 12 1 1 11 12 1 1 11 12 1 1 11 12 1 1 11 12 1 1 11 12 1 1 11 12 1 1 11 12 1 1 11 12 1 1 11 12 1 1 11 12 1 1 11 12 1 1 11 12 1 1 11 12 1 1 11 12 1 1 11 12 1 1 10 12 1 10 7 12 1 1 10 12 1 10 12 1 10 12 1 9 12 1 1 10 7 12 1 1 1 10 12 1 1 10 12 1 10 7 12 1 1 10 12 1 1 11 7 1 10 12 1 7 1 10 100 12 1 1 1 10 7 12 1 1 1 9 12 1 10 7 12 1 1 1 11 7 12 1 1 1 10 12 1 1 10 12 1 1 9 100 12 1 1 10 100 12 1 1 1 10 12 1 1 7 1 1 1 1 1 1 1 1 1 1 1 1 1 1 1 1 1 1 1 1 1 1 1 1 1 1 1 1 1 1 1 1 1 1 1 1 1 1 1 100 1 1 1 1 1 1 1 1 1 1 1 1 1 1 1 1 1 1 1 1 1 1 1 1 1 1 1 1 1 1 1 1 7 1 1 1 1 1 1 1 1 1 100 1 1
ciInstanceKlass java/lang/reflect/Parameter 1 1 243 10 7 12 1 1 1 9 7 12 1 1 1 9 12 1 1 9 12 1 1 9 12 1 10 12 1 1 10 12 1 1 10 7 12 1 1 1 7 1 10 10 12 1 1 11 7 12 1 1 1 10 12 1 10 100 12 1 1 1 10 12 1 1 10 12 1 10 12 1 8 1 8 1 10 7 12 1 1 1 10 12 1 10 12 9 100 12 1 1 1 10 100 12 1 1 1 10 12 1 8 1 10 12 1 9 12 1 1 10 12 1 1 9 12 1 1 10 12 1 1 10 12 1 1 10 12 1 1 10 12 1 10 10 12 1 10 7 12 1 1 1 10 12 1 1 11 7 12 1 1 10 7 12 1 1 7 1 10 100 12 1 1 1 10 12 1 1 10 12 1 1 10 12 1 1 10 12 1 1 9 12 1 7 1 10 11 12 1 1 11 12 1 1 7 1 1 1 1 1 1 1 1 1 1 1 1 1 1 1 1 1 1 1 1 1 1 1 1 1 1 1 1 1 1 1 1 1 1 1 1 1 1 1 1 1 100 1 1 1 1 1 1
ciInstanceKlass java/lang/reflect/RecordComponent 0 0 196 10 7 12 1 1 1 9 7 12 1 1 1 9 12 1 1 9 12 1 10 12 1 1 10 12 1 1 10 100 12 1 1 1 10 12 1 1 9 12 1 1 10 12 1 1 10 12 1 1 10 12 1 10 100 12 1 1 10 100 12 1 1 9 12 1 1 10 100 12 1 1 1 11 100 12 1 1 1 10 9 100 12 1 1 1 10 100 12 1 1 1 9 12 1 1 10 100 12 1 1 1 10 12 1 1 11 7 12 1 1 10 7 12 1 1 7 1 9 12 1 9 12 1 1 9 12 1 10 100 12 1 1 1 10 12 1 1 10 12 1 1 7 1 10 10 12 1 10 12 1 1 8 1 10 12 1 10 12 1 9 12 1 7 1 1 1 1 1 1 1 1 1 1 1 1 1 1 1 1 1 1 1 1 1 1 7 1 1 1 1 1 1 100 1 1
ciInstanceKlass java/lang/StringBuffer 1 1 483 10 7 12 1 1 1 10 12 1 10 12 1 10 12 1 1 9 7 12 1 1 1 10 12 1 1 10 12 1 10 12 1 1 9 12 1 1 10 12 1 10 12 1 1 10 12 1 1 10 12 1 10 12 1 1 10 12 1 10 12 1 1 10 12 1 1 10 7 12 1 1 1 10 12 1 1 10 12 1 10 12 1 10 12 1 10 12 1 10 12 1 10 12 1 10 12 1 10 12 1 10 12 1 10 12 1 10 12 1 10 12 1 10 12 1 10 12 1 1 10 12 1 10 12 1 1 10 12 1 1 10 10 12 1 1 10 12 1 10 12 1 10 12 1 10 12 1 10 12 1 10 12 1 10 12 10 12 1 10 12 1 10 12 1 10 12 1 1 10 12 1 10 12 1 10 10 12 1 1 10 12 1 10 12 1 10 12 1 10 10 100 12 1 1 1 10 10 12 1 1 9 12 1 1 10 100 12 1 1 10 100 1 8 10 100 12 1 1 1 8 10 12 1 8 1 10 12 1 10 12 1 10 100 12 1 1 1 10 100 12 1 1 1 7 1 10 12 100 1 8 1 10 10 12 1 1 10 12 1 1 10 12 1 10 12 1 10 12 1 1 10 12 1 10 12 1 10 12 1 10 12 1 10 12 1 10 12 10 12 1 10 12 1 10 12 1 10 12 1 10 12 1 10 12 1 10 12 1 10 12 1 10 12 1 10 12 1 10 12 10 12 10 12 1 10 12 1 10 12 1 10 12 10 12 1 10 12 1 10 12 1 10 12 1 10 12 1 10 12 1 10 12 1 10 12 1 10 12 1 10 12 1 10 12 1 7 1 10 12 1 9 7 12 1 1 1 9 7 1 9 12 1 1 7 1 7 1 7 1 7 1 1 1 1 5 0 1 1 1 1 1 1 1 1 1 1 1 1 1 1 1 1 1 1 1 1 1 1 1 1 1 1 1 1 1 1 1 1 1 1 1 1 1 1 1 1 1 1 1 1 1 1 1 1 1 1 1 1 1 1 1 1 1 1 1 1 1 100 1 1 1 1 1 7 1 1 1 1 1 1 1 1 1 1 1 1 1 1 1 1 1 1
staticfield java/lang/StringBuffer serialPersistentFields [Ljava/io/ObjectStreamField; 3 [Ljava/io/ObjectStreamField;
instanceKlass jdk/internal/loader/BuiltinClassLoader
instanceKlass java/net/URLClassLoader
ciInstanceKlass java/security/SecureClassLoader 1 1 102 10 7 12 1 1 1 7 1 10 12 1 9 7 12 1 1 1 10 12 1 10 12 1 10 12 1 1 10 12 1 1 10 12 1 7 1 10 7 1 10 12 1 7 1 10 12 1 11 7 12 1 1 1 7 1 11 12 1 10 12 1 1 1 1 1 1 1 1 1 1 1 1 1 1 1 1 1 1 1 1 1 1 1 1 1 1 1 1 1 1 1 1 1 1 1 1 100 1 1 1 1
ciMethod java/security/SecureClassLoader getProtectionDomain (Ljava/security/CodeSource;)Ljava/security/ProtectionDomain; 512 0 2447 0 -1
ciMethod java/security/SecureClassLoader defineClass (Ljava/lang/String;Ljava/nio/ByteBuffer;Ljava/security/CodeSource;)Ljava/lang/Class; 4 0 6 0 -1
ciMethod java/security/SecureClassLoader defineClass (Ljava/lang/String;[BIILjava/security/CodeSource;)Ljava/lang/Class; 512 0 2419 0 0
ciInstanceKlass java/net/URLClassLoader 0 0 600 10 7 12 1 1 1 100 1 10 12 1 9 7 12 1 1 1 10 7 12 1 1 1 9 12 1 1 100 1 10 12 1 9 12 1 1 10 12 1 10 10 12 1 10 100 12 1 1 1 10 12 1 1 10 7 12 1 1 1 10 100 12 1 1 1 100 1 10 12 1 1 10 12 1 1 10 12 1 1 100 1 100 1 10 7 12 1 1 1 100 1 8 1 10 12 1 10 7 12 1 1 1 10 12 1 1 10 12 1 1 11 100 12 1 1 1 11 7 12 1 1 1 11 12 1 1 7 1 11 12 1 11 7 12 1 1 10 12 1 11 12 1 11 12 1 1 11 10 12 1 1 10 12 1 1 10 12 1 1 100 1 10 12 1 10 12 1 1 7 1 100 1 10 12 1 1 7 1 10 10 12 1 1 10 100 12 1 1 10 12 1 100 1 7 1 10 8 1 10 12 1 1 8 1 10 12 1 1 10 10 12 1 8 1 8 1 10 12 1 1 10 7 12 1 1 1 10 100 12 1 1 1 10 12 1 1 10 12 1 1 10 12 1 1 10 12 1 10 12 1 100 1 100 1 8 1 10 12 1 10 12 1 1 10 12 1 1 7 1 10 12 1 10 100 12 1 1 1 10 12 1 1 10 12 1 1 10 12 1 1 10 12 1 10 100 12 1 1 1 10 12 1 1 8 1 10 12 1 1 11 100 12 1 1 1 9 100 12 1 1 1 10 100 12 1 1 1 9 12 1 9 12 1 9 12 1 9 12 1 9 12 1 9 12 1 10 7 12 1 1 1 8 1 10 12 1 1 100 1 10 10 12 1 10 12 1 1 10 12 1 1 100 1 10 12 1 10 12 1 1 10 12 1 10 12 1 1 100 1 10 100 12 1 1 9 100 12 1 1 1 10 12 1 8 1 100 1 8 1 10 12 1 10 12 1 8 1 10 12 1 10 12 1 9 12 1 1 10 100 12 1 1 10 12 1 10 12 1 10 100 1 8 1 10 100 1 10 12 1 10 100 12 1 100 1 10 12 1 10 12 1 100 1 10 10 7 12 1 1 1 1 1 1 1 1 1 1 1 1 1 1 1 1 1 1 1 1 1 1 1 1 1 1 1 1 1 1 1 1 1 1 1 1 1 7 1 100 1 7 1 7 1 1 1 1 1 1 1 1 1 1 1 1 1 1 1 1 1 1 1 1 1 1 1 1 1 1 1 1 1 1 1 1 1 1 1 1 1 1 1 1 1 1 1 1 1 1 100 1 1 1 1 1 1 1 1 1 1 1 1 1 1 1 1 1 1 1 1 1 1 1 1 1 1 1 1 1 1 1 1 1 1 1 1 1 100 1 1 1
ciInstanceKlass java/util/jar/Manifest 1 1 339 10 7 12 1 1 1 7 1 10 9 7 12 1 1 1 7 1 10 9 12 1 1 9 12 1 1 10 12 1 10 12 1 1 10 12 1 1 10 12 1 1 10 12 1 1 11 7 1 11 12 1 1 10 12 1 1 10 100 12 1 1 1 100 1 7 1 10 8 1 10 12 1 1 10 12 1 1 10 12 1 10 12 1 11 100 1 10 12 1 10 12 1 1 11 12 1 1 10 12 1 11 12 1 1 11 100 12 1 1 1 11 7 12 1 1 11 12 1 1 100 1 10 12 1 8 1 11 12 1 7 1 10 12 1 1 11 12 1 10 12 1 10 12 1 10 7 12 1 1 1 8 1 10 12 1 1 10 9 7 12 1 1 1 10 12 1 1 10 100 12 1 10 12 1 10 12 1 9 100 12 1 1 1 8 1 10 12 1 8 1 8 1 7 1 10 12 1 10 12 1 10 12 1 1 100 1 8 1 10 12 1 1 8 1 10 10 12 1 1 8 1 10 12 1 1 10 7 12 1 1 1 10 12 1 10 11 12 1 1 10 12 1 10 7 12 1 1 1 10 12 1 1 10 12 1 10 12 1 1 11 10 12 1 11 10 12 1 7 1 1 1 1 1 1 1 1 1 1 1 1 1 1 1 1 1 1 1 1 1 1 1 1 1 1 1 1 1 1 1 1 1 1 1 1 1 1 1 1 1 1 1 100 1 1 1 1 1 1 1 1 1 1 1 1 1 1 7 1 1 1 1 1 1 1 1 1 1 1
ciMethod java/util/jar/Manifest getTrustedAttributes (Ljava/lang/String;)Ljava/util/jar/Attributes; 512 0 2416 0 0
ciMethod java/util/jar/Manifest getMainAttributes ()Ljava/util/jar/Attributes; 268 0 134 0 0
ciMethod java/util/jar/Manifest getEntries ()Ljava/util/Map; 268 0 134 0 0
ciMethod java/util/jar/Manifest getAttributes (Ljava/lang/String;)Ljava/util/jar/Attributes; 512 0 2428 0 0
ciMethod java/util/jar/Manifest <init> (Ljava/util/jar/JarVerifier;Ljava/io/InputStream;Ljava/lang/String;)V 44 0 45 0 -1
ciMethod java/util/jar/Manifest <init> (Ljava/io/InputStream;Ljava/lang/String;)V 44 0 45 0 0
ciMethod java/util/jar/Manifest read (Ljava/io/InputStream;Ljava/lang/String;)V 114 24 45 0 -1
ciInstanceKlass java/io/ByteArrayInputStream 1 1 96 10 7 12 1 1 1 9 7 12 1 1 1 9 12 1 1 9 12 1 9 12 1 10 100 12 1 1 1 10 7 12 1 1 1 10 7 12 1 1 1 10 100 12 1 1 1 10 12 1 1 10 100 12 1 1 1 1 1 1 1 1 1 1 1 1 1 1 1 1 1 1 1 1 1 1 1 1 1 1 1 100 1 1 1 1 1 1 1 1 1 1 1 1 1 1
ciMethod java/io/ByteArrayInputStream <init> ([B)V 28 0 25 0 0
instanceKlass java/nio/IntBuffer
instanceKlass java/nio/CharBuffer
instanceKlass java/nio/LongBuffer
instanceKlass java/nio/ByteBuffer
ciInstanceKlass java/nio/Buffer 1 1 256 100 1 10 7 12 1 1 1 9 7 12 1 1 1 9 12 1 9 12 1 1 9 12 1 9 12 1 1 10 12 1 1 10 12 1 1 10 12 100 1 7 1 10 8 1 10 12 1 1 10 12 1 8 1 8 1 10 12 1 1 10 12 1 8 1 9 12 1 1 100 1 8 1 10 12 1 8 1 8 1 9 12 10 12 1 8 1 8 1 8 1 10 12 1 8 1 8 1 8 1 100 1 10 100 1 10 100 1 10 9 12 1 1 10 7 12 1 1 1 100 1 10 12 1 1 10 12 1 10 100 12 1 1 10 7 12 1 1 1 10 7 12 1 1 1 9 12 1 1 10 7 12 1 1 1 9 12 1 1 7 1 10 10 12 1 1 7 1 10 10 7 12 1 1 1 1 1 3 1 1 1 1 1 1 1 1 1 1 1 1 1 1 100 1 1 1 1 1 1 1 7 1 1 1 1 1 1 1 1 1 1 1 1 1 1 1 1 1 1 1 1 1 1 1 1 1 1 1 1 1 1 1 1 1 1 1 1 1 1 1 100 1 100 1 100 1 100 1 100 1 100 1 100 1 1
staticfield java/nio/Buffer UNSAFE Ljdk/internal/misc/Unsafe; jdk/internal/misc/Unsafe
staticfield java/nio/Buffer SCOPED_MEMORY_ACCESS Ljdk/internal/misc/ScopedMemoryAccess; jdk/internal/misc/ScopedMemoryAccess
staticfield java/nio/Buffer IOOBE_FORMATTER Ljava/util/function/BiFunction; jdk/internal/util/Preconditions$4
staticfield java/nio/Buffer $assertionsDisabled Z 1
ciInstanceKlass java/util/Objects 1 1 184 10 7 12 1 1 1 100 1 8 1 10 12 1 10 12 1 1 10 7 12 1 1 1 10 12 1 1 10 12 1 10 7 12 1 1 1 10 12 1 1 10 7 12 1 1 1 7 1 10 10 12 1 1 10 7 12 1 1 10 12 1 1 8 1 10 7 12 1 1 1 10 7 12 1 1 1 10 11 100 12 1 1 1 100 1 10 10 12 1 8 1 10 12 1 8 1 100 1 11 12 1 1 8 1 10 7 12 1 1 1 10 12 1 1 10 12 1 10 12 1 10 12 1 10 12 1 1 1 1 1 1 1 1 1 1 1 1 1 1 1 1 1 1 1 1 1 1 1 1 1 1 1 1 1 1 1 1 1 1 1 1 1 1 1 1 1 1 1 1 1 1 1 1 1 1 1 1 1 1 1 1 1 1
ciInstanceKlass jdk/internal/util/Preconditions 1 1 194 10 7 12 1 1 1 11 7 12 1 1 1 11 100 12 1 1 1 7 1 100 1 10 7 12 1 1 1 10 12 1 8 1 7 1 10 7 12 1 1 1 10 12 1 1 8 1 8 1 10 7 12 1 1 7 1 10 12 1 8 1 10 7 12 1 1 1 8 1 10 12 1 1 10 12 1 1 11 12 1 8 1 8 1 11 12 1 1 8 1 8 1 8 1 10 12 1 1 10 12 1 1 10 12 1 10 12 1 10 12 1 10 12 7 1 10 10 12 1 1 9 12 1 1 7 1 10 9 12 1 7 1 10 9 12 1 1 1 1 1 1 1 1 1 1 1 1 1 1 1 1 1 1 1 1 1 1 1 1 1 1 1 1 1 1 1 1 1 1 1 1 1 1 1 1 1 1 1 1 1 1 1 1 1 1 1 1 1 1 1 1 1 1
staticfield jdk/internal/util/Preconditions SIOOBE_FORMATTER Ljava/util/function/BiFunction; jdk/internal/util/Preconditions$4
staticfield jdk/internal/util/Preconditions AIOOBE_FORMATTER Ljava/util/function/BiFunction; jdk/internal/util/Preconditions$4
staticfield jdk/internal/util/Preconditions IOOBE_FORMATTER Ljava/util/function/BiFunction; jdk/internal/util/Preconditions$4
ciMethod java/util/Objects equals (Ljava/lang/Object;Ljava/lang/Object;)Z 1024 0 22348 0 -1
ciMethod java/util/Objects requireNonNull (Ljava/lang/Object;Ljava/lang/String;)Ljava/lang/Object; 514 0 31891 0 -1
ciMethod java/util/Objects requireNonNull (Ljava/lang/Object;)Ljava/lang/Object; 1024 0 45608 0 -1
instanceKlass java/util/AbstractSequentialList
instanceKlass java/util/Vector
instanceKlass java/util/Collections$SingletonList
instanceKlass java/util/ArrayList$SubList
instanceKlass java/util/Arrays$ArrayList
instanceKlass java/util/Collections$EmptyList
instanceKlass java/util/ArrayList
ciInstanceKlass java/util/AbstractList 1 1 218 10 7 12 1 1 1 9 7 12 1 1 1 10 12 1 1 10 12 1 1 100 1 10 10 12 1 1 11 7 12 1 1 1 11 12 1 1 11 12 1 10 7 12 1 1 1 10 12 1 11 12 1 11 12 1 11 12 1 10 12 1 1 10 12 1 1 11 7 12 1 1 1 11 7 1 11 100 1 10 12 1 7 1 10 12 1 10 12 1 1 7 1 100 1 10 12 1 100 1 10 100 1 7 1 10 8 1 10 12 1 1 10 12 1 10 12 1 1 10 12 1 8 1 100 1 8 1 8 1 8 1 10 7 1 11 10 10 12 1 11 12 1 10 12 1 1 8 1 8 1 1 1 1 1 1 1 1 1 1 1 1 1 1 1 1 1 1 1 1 1 1 1 1 1 1 1 1 1 1 1 1 1 1 1 1 1 1 1 1 1 1 1 1 1 1 1 1 1 1 1 1 1 1 1 1 1 1 100 1 100 1 1 1 1 1 1 1
ciInstanceKlass java/lang/Iterable 1 1 62 10 7 12 1 1 1 11 7 12 1 1 1 11 7 12 1 1 1 11 12 1 1 11 7 12 1 1 1 10 7 12 1 1 1 100 1 1 1 1 1 1 1 1 1 1 1 1 1 1 1 1 1 1 1 1 1 1 1 1 1 1
ciInstanceKlass java/util/Collection 1 1 115 11 100 12 1 1 1 100 1 11 7 12 1 1 1 10 100 12 1 1 1 11 12 1 1 11 100 12 1 1 1 11 12 1 1 11 100 12 1 1 1 11 12 1 1 10 100 12 1 1 1 11 12 1 10 7 12 1 1 1 100 1 100 1 1 1 1 1 1 1 1 1 1 1 1 1 1 1 1 1 1 1 1 1 1 1 1 1 1 1 1 1 1 1 1 1 1 1 1 1 1 1 1 1 1 1 1 1 1 1 1 1 1 1 1
ciInstanceKlass java/util/SequencedCollection 1 1 109 100 1 10 12 1 1 11 7 12 1 1 1 11 7 12 1 1 1 11 12 1 1 11 12 1 7 1 7 1 1 1 1 1 1 1 1 1 1 1 1 1 1 1 1 1 1 1 1 1 1 1 1 1 1 1 1 1 100 1 8 1 1 12 10 1 1 1 8 1 1 1 8 1 1 1 8 1 1 1 8 1 1 8 1 1 1 8 1 1 8 1 1 1 8 1 1 8 1 1 1 8 1 1 8 1 1 8 1
ciInstanceKlass java/util/List 1 1 251 10 100 12 1 1 1 11 100 12 1 1 1 11 100 12 1 1 1 11 12 1 1 11 100 12 1 1 11 12 1 1 11 12 1 1 10 100 12 1 1 1 7 1 7 1 10 12 1 1 100 1 10 100 12 1 1 1 11 12 1 1 11 12 1 11 12 1 100 1 10 12 1 11 12 1 1 11 12 1 1 11 12 1 10 100 12 1 1 1 9 7 12 1 1 1 7 1 10 12 10 12 1 7 1 10 12 1 1 10 12 1 10 12 1 1 11 12 1 1 100 1 1 1 1 1 1 1 1 1 1 1 1 1 1 1 1 1 1 1 1 1 1 1 1 1 1 1 1 1 1 1 1 1 1 1 1 1 1 1 1 1 1 1 1 100 1 100 1 1 1 1 1 1 1 1 1 1 1 1 1 1 1 1 1 1 1 1 1 1 1 1 1 1 1 1 1 1 1 1 1 1 1 1 1 1 1 1 1 1 1 1 1 1 1 1 1 1 1 1 1 1 1 1 1 1 1 1 1 1 1 1 1 1 1 1 1 1 1 1 1 1 1 1 100 1 1 100 1 1 1
ciMethod java/util/List add (Ljava/lang/Object;)Z 0 0 1 0 -1
instanceKlass java/util/TreeMap$Values
instanceKlass java/util/AbstractMap$2
instanceKlass java/util/concurrent/ConcurrentLinkedDeque
instanceKlass java/util/LinkedHashMap$LinkedValues
instanceKlass java/util/AbstractQueue
instanceKlass java/util/IdentityHashMap$Values
instanceKlass java/util/HashMap$Values
instanceKlass java/util/ArrayDeque
instanceKlass java/util/AbstractSet
instanceKlass java/util/ImmutableCollections$AbstractImmutableCollection
instanceKlass java/util/AbstractList
ciInstanceKlass java/util/AbstractCollection 1 1 160 10 7 12 1 1 1 10 7 12 1 1 1 10 12 1 1 11 7 12 1 1 1 11 12 1 1 10 12 1 1 10 100 12 1 1 1 10 12 1 1 10 12 1 1 10 7 12 1 1 10 7 12 1 1 1 7 1 10 7 12 1 1 1 10 100 12 1 1 1 100 1 10 11 12 1 11 7 1 10 12 1 10 12 1 10 100 12 1 1 1 11 8 1 7 1 10 10 12 1 1 8 1 10 12 1 10 12 1 1 1 1 1 1 1 1 1 1 1 1 1 1 1 1 1 1 1 1 1 1 1 1 1 1 1 1 1 1 1 1 1 1 1 1 1 1 1 1 1 1 1 1 1 1 1 1 1 1 1 1
ciInstanceKlass java/lang/AssertionStatusDirectives 0 0 24 10 100 12 1 1 1 100 1 1 1 1 1 1 1 1 1 1 1 1 1 1 1 1
instanceKlass java/lang/reflect/MalformedParameterizedTypeException
instanceKlass org/springframework/expression/ExpressionException
instanceKlass jakarta/el/ELException
instanceKlass jakarta/persistence/PersistenceException
instanceKlass jakarta/validation/ValidationException
instanceKlass org/yaml/snakeyaml/error/YAMLException
instanceKlass org/springframework/boot/context/properties/bind/UnboundConfigurationPropertiesException
instanceKlass org/springframework/boot/context/config/ConfigDataException
instanceKlass java/util/MissingResourceException
instanceKlass java/util/concurrent/RejectedExecutionException
instanceKlass org/springframework/boot/SpringApplication$AbandonedRunException
instanceKlass org/springframework/boot/AotInitializerNotFoundException
instanceKlass java/lang/invoke/WrongMethodTypeException
instanceKlass java/util/ConcurrentModificationException
instanceKlass java/time/DateTimeException
instanceKlass java/lang/TypeNotPresentException
instanceKlass org/springframework/boot/context/properties/bind/BindException
instanceKlass org/springframework/boot/context/properties/source/InvalidConfigurationPropertyNameException
instanceKlass java/nio/file/FileSystemNotFoundException
instanceKlass java/util/NoSuchElementException
instanceKlass java/io/UncheckedIOException
instanceKlass org/springframework/test/context/aot/TestContextAotException
instanceKlass org/springframework/core/NestedRuntimeException
instanceKlass org/mockito/exceptions/base/MockitoException
instanceKlass org/opentest4j/IncompleteExecutionException
instanceKlass java/lang/reflect/UndeclaredThrowableException
instanceKlass africa/semicolon/wallet/domain/exceptions/UserAlreadyExistsException
instanceKlass africa/semicolon/wallet/domain/exceptions/WalletAlreadyExistAlreadyException
instanceKlass africa/semicolon/wallet/domain/exceptions/UserNotFoundException
instanceKlass ch/qos/logback/core/LogbackException
instanceKlass java/lang/IndexOutOfBoundsException
instanceKlass java/lang/UnsupportedOperationException
instanceKlass java/lang/IllegalStateException
instanceKlass org/junit/platform/commons/JUnitException
instanceKlass java/lang/SecurityException
instanceKlass java/lang/IllegalArgumentException
instanceKlass java/lang/ArithmeticException
instanceKlass java/lang/NullPointerException
instanceKlass java/lang/IllegalMonitorStateException
instanceKlass java/lang/ArrayStoreException
instanceKlass java/lang/ClassCastException
ciInstanceKlass java/lang/RuntimeException 1 1 40 10 7 12 1 1 1 10 12 1 10 12 1 10 12 1 10 12 1 100 1 1 1 1 5 0 1 1 1 1 1 1 1 1 1 1 1 1 1 1
instanceKlass org/springframework/core/io/support/PropertySourceDescriptor
instanceKlass java/lang/reflect/Executable$ParameterData
instanceKlass java/lang/reflect/Proxy$ProxyBuilder$ProxyClassContext
instanceKlass jdk/net/UnixDomainPrincipal
instanceKlass java/security/SecureClassLoader$CodeSourceKey
instanceKlass jdk/internal/module/ModuleReferenceImpl$CachedHash
instanceKlass java/util/stream/Collectors$CollectorImpl
instanceKlass jdk/internal/reflect/ReflectionFactory$Config
instanceKlass jdk/internal/foreign/abi/UpcallLinker$CallRegs
instanceKlass jdk/internal/foreign/abi/VMStorage
ciInstanceKlass java/lang/Record 1 1 22 10 7 12 1 1 1 100 1 1 1 1 1 1 1 1 1 1 1 1 1 1
ciMethod java/lang/Record <init> ()V 512 0 2709 0 -1
ciInstanceKlass java/lang/invoke/MethodType 1 1 780 7 1 10 7 12 1 1 1 9 12 1 1 9 12 1 1 9 12 1 1 10 7 12 1 1 1 9 7 12 1 1 8 1 10 100 12 1 1 1 9 7 1 9 7 1 10 12 1 1 7 1 10 8 1 10 12 1 1 10 12 1 10 12 1 1 7 1 8 1 10 12 1 100 1 10 10 12 1 10 12 1 1 10 12 1 1 11 7 12 1 1 1 9 12 1 11 12 1 1 7 10 12 1 1 10 12 1 1 7 1 7 1 10 7 12 1 1 1 10 12 1 10 12 1 9 12 1 1 10 7 12 1 1 10 12 1 1 10 7 12 1 1 1 10 7 12 1 1 1 10 12 1 9 12 1 1 10 12 1 1 10 12 1 1 10 12 1 1 10 12 1 1 10 12 1 1 10 12 1 10 12 1 10 12 1 1 10 12 1 8 1 8 1 10 12 1 1 9 12 1 1 100 1 10 10 12 1 1 10 12 1 10 12 1 1 10 12 1 1 10 12 1 10 12 1 10 12 1 8 1 10 12 1 1 10 100 12 1 1 1 10 12 1 10 12 1 1 10 12 1 10 12 1 10 12 1 1 10 12 1 10 12 1 9 12 1 10 12 1 10 10 12 1 1 10 12 1 9 12 1 1 10 12 1 1 11 12 1 1 10 12 1 1 7 1 10 12 10 12 1 10 12 1 100 1 8 1 8 1 8 1 10 12 1 10 12 1 10 12 1 10 10 12 1 11 12 1 1 11 12 1 10 100 12 1 1 1 9 12 1 10 12 1 10 12 1 1 10 12 1 1 10 12 1 10 12 1 10 100 12 1 1 1 10 12 1 1 10 12 1 10 12 1 10 12 1 10 9 12 1 1 7 1 10 12 1 10 12 1 1 9 100 12 1 1 1 10 7 12 1 1 1 10 7 12 1 1 1 10 12 1 1 10 7 12 1 1 1 10 12 1 1 8 1 10 7 12 1 1 1 11 12 1 1 9 12 1 1 10 12 1 1 10 12 1 10 12 1 1 10 12 1 1 10 100 12 1 1 100 1 10 12 1 1 11 100 12 1 1 18 12 1 1 11 12 1 1 18 12 1 11 12 1 100 1 11 100 12 1 1 10 12 1 100 1 10 12 1 10 100 12 1 1 10 12 1 1 9 12 1 1 9 100 12 1 1 1 10 7 12 1 1 1 9 12 1 10 100 12 1 1 10 12 1 100 10 12 1 1 10 12 1 10 7 1 7 1 9 12 1 1 7 1 7 1 7 1 1 1 5 0 1 1 1 1 1 1 1 3 1 3 1 3 1 1 1 1 1 1 1 1 1 1 1 1 1 1 1 1 1 1 1 1 1 1 1 1 1 1 1 1 1 1 1 1 1 1 1 1 1 1 1 1 1 1 1 1 1 1 1 1 1 1 1 1 1 1 1 1 1 1 1 1 1 1 1 1 1 1 1 1 1 1 1 1 1 1 1 1 1 1 1 1 1 1 1 1 1 1 1 1 1 1 1 1 1 1 1 1 1 1 1 1 1 1 1 1 1 1 1 1 1 1 1 1 1 1 1 1 1 1 1 1 1 1 1 1 1 1 1 1 1 1 1 100 1 100 1 1 1 1 1 1 1 1 1 1 1 1 1 100 1 1 1 7 1 1 1 1 1 1 1 1 1 1 1 1 1 1 1 1 1 1 1 1 1 1 16 15 10 12 16 16 15 10 12 16 15 10 100 12 1 1 1 1 1 1 1 7 1 1 7 1 1 100 1 100 1 1
staticfield java/lang/invoke/MethodType internTable Ljava/lang/invoke/MethodType$ConcurrentWeakInternSet; java/lang/invoke/MethodType$ConcurrentWeakInternSet
staticfield java/lang/invoke/MethodType NO_PTYPES [Ljava/lang/Class; 0 [Ljava/lang/Class;
staticfield java/lang/invoke/MethodType objectOnlyTypes [Ljava/lang/invoke/MethodType; 20 [Ljava/lang/invoke/MethodType;
staticfield java/lang/invoke/MethodType METHOD_HANDLE_ARRAY [Ljava/lang/Class; 1 [Ljava/lang/Class;
staticfield java/lang/invoke/MethodType serialPersistentFields [Ljava/io/ObjectStreamField; 0 [Ljava/io/ObjectStreamField;
staticfield java/lang/invoke/MethodType $assertionsDisabled Z 1
ciInstanceKlass java/lang/invoke/TypeDescriptor$OfMethod 1 0 43 100 1 100 1 100 1 1 1 1 1 1 1 1 1 1 1 1 1 1 1 1 1 1 1 1 1 1 1 1 1 1 1 1 1 1 1 1 1 1 100 1 1
instanceKlass java/lang/IllegalAccessException
instanceKlass java/lang/InstantiationException
instanceKlass java/lang/reflect/InvocationTargetException
instanceKlass java/lang/NoSuchFieldException
instanceKlass java/lang/NoSuchMethodException
instanceKlass java/lang/ClassNotFoundException
ciInstanceKlass java/lang/ReflectiveOperationException 1 1 34 10 7 12 1 1 1 10 12 1 10 12 1 10 12 1 100 1 1 1 1 5 0 1 1 1 1 1 1 1 1 1 1 1
instanceKlass java/lang/invoke/DelegatingMethodHandle
instanceKlass java/lang/invoke/BoundMethodHandle
instanceKlass java/lang/invoke/DirectMethodHandle
ciInstanceKlass java/lang/invoke/MethodHandle 1 1 737 100 1 9 7 12 1 1 1 10 7 12 1 1 1 10 7 12 1 1 1 7 1 7 1 10 12 1 1 9 12 1 1 10 12 1 10 12 1 1 10 12 1 1 10 100 12 1 1 1 10 12 1 1 10 12 1 1 11 7 12 1 1 1 10 12 1 1 10 12 1 10 12 1 10 12 1 1 9 12 1 1 9 12 1 1 10 7 12 1 1 1 10 12 1 1 10 12 1 10 12 1 100 1 7 1 10 8 1 10 12 1 1 10 12 1 8 1 10 12 1 1 10 12 1 10 7 12 1 1 1 10 12 1 1 10 12 1 1 10 12 1 1 10 7 12 1 1 1 10 12 1 1 10 12 1 1 10 12 1 10 12 1 1 10 7 12 1 1 10 7 12 1 1 10 12 1 10 12 1 10 12 1 1 10 12 1 1 10 12 1 1 10 12 1 1 10 7 12 1 1 1 10 100 12 1 1 1 10 12 1 1 10 12 1 1 10 12 1 1 8 1 10 7 12 1 1 1 8 1 10 12 1 10 12 1 1 10 12 1 1 10 12 1 8 1 10 12 1 1 8 1 10 12 1 8 1 10 7 12 1 1 1 9 12 1 1 100 1 10 9 7 12 1 1 1 9 7 1 8 1 10 12 1 1 10 12 1 10 12 1 1 10 12 1 10 12 1 1 10 12 1 10 12 1 1 10 12 1 10 12 1 1 10 12 1 1 8 1 10 12 1 1 8 1 10 12 1 10 12 1 1 10 12 1 10 12 1 10 12 1 1 9 100 12 1 1 1 10 12 1 1 11 12 1 10 12 1 10 12 1 1 10 100 12 1 1 100 1 11 12 1 10 100 1 11 12 1 7 1 10 12 1 11 12 1 9 100 12 1 1 1 11 12 1 1 11 100 12 1 1 1 10 12 1 1 9 12 1 11 12 1 9 12 1 9 12 1 9 12 1 11 12 1 1 9 12 1 9 12 1 9 12 1 9 12 1 9 12 1 9 12 1 9 12 1 8 1 10 12 1 10 12 1 8 1 10 12 1 10 12 1 10 12 1 1 10 10 10 7 12 1 1 10 12 1 1 100 1 8 1 10 12 1 1 10 12 1 1 10 12 1 10 12 1 7 1 10 100 12 1 1 1 10 9 7 12 1 1 1 10 12 1 1 10 12 1 1 8 1 8 1 10 7 12 1 1 9 12 1 9 12 1 1 9 12 1 1 10 12 1 7 1 10 12 1 10 12 1 1 9 12 1 1 9 12 1 1 10 7 12 1 1 1 11 7 12 1 1 9 12 1 10 12 1 1 10 12 1 9 12 1 10 12 1 8 10 12 1 1 8 1 1 1 1 1 1 1 1 7 1 1 1 1 1 1 1 1 1 1 1 1 1 1 1 1 1 1 1 1 1 1 1 1 1 1 1 1 1 1 100 1 1 1 1 1 1 1 1 1 1 1 1 1 1 1 1 1 1 1 1 1 1 1 1 1 1 1 1 1 1 1 1 1 1 1 1 1 1 1 1 1 1 1 1 1 1 1 1 1 1 1 1 1 1 1 1 1 1 1 100 1 1 1 1 1 1 1 1 1 1 1 1 1 1 1 1 1 1 1 1 1 1 1 1 1 1 1 1 100 1 1 100 1 7 1 100 1 1 100 1 1 100 1 1 1 1
staticfield java/lang/invoke/MethodHandle FORM_OFFSET J 20
staticfield java/lang/invoke/MethodHandle UPDATE_OFFSET J 13
staticfield java/lang/invoke/MethodHandle $assertionsDisabled Z 1
ciInstanceKlass java/util/concurrent/ConcurrentHashMap 1 1 1210 7 1 7 1 3 10 12 1 1 3 7 1 10 7 12 1 1 1 7 1 10 7 12 1 1 1 100 1 11 12 1 1 11 12 1 11 12 1 1 9 12 1 1 9 12 1 1 9 12 1 10 7 12 1 1 1 7 1 10 12 1 1 10 12 1 1 10 7 12 1 1 1 4 10 12 1 9 12 1 10 12 1 1 100 1 10 5 0 10 12 1 10 12 1 1 5 0 10 12 1 1 10 12 1 9 12 1 1 10 12 1 1 9 12 1 9 12 1 1 10 12 1 1 9 12 1 10 12 1 1 9 12 1 1 10 12 1 1 100 1 10 7 1 10 12 1 10 12 1 1 10 12 1 1 10 12 1 1 10 12 1 10 12 1 1 10 12 1 1 100 1 10 12 1 1 7 1 100 1 8 1 10 12 1 10 12 1 1 10 12 1 1 11 7 12 1 1 10 12 1 1 11 12 1 1 11 7 12 1 1 1 11 7 12 1 1 1 11 12 1 7 1 11 12 1 11 12 1 10 12 1 1 10 12 1 1 9 12 1 1 10 100 12 1 1 1 9 10 12 1 1 9 12 1 10 12 1 1 5 0 9 12 1 1 7 1 10 12 1 9 12 1 1 7 1 10 12 1 9 12 1 7 1 10 7 1 10 10 12 1 1 8 1 10 12 1 10 12 1 1 11 100 1 10 12 1 10 100 12 1 1 1 8 1 10 100 12 1 1 1 8 1 10 12 1 8 1 10 12 1 10 12 1 1 10 100 12 1 1 10 12 1 10 12 1 10 12 1 9 12 1 9 10 12 1 9 12 1 1 11 7 12 1 1 1 11 7 12 1 1 1 100 1 10 12 11 100 12 1 1 10 11 7 12 1 10 12 1 100 1 10 12 1 7 1 10 10 9 7 12 1 1 1 10 12 3 10 7 12 1 1 9 12 1 10 12 1 1 9 12 1 1 9 12 1 10 12 1 1 10 7 12 1 1 9 12 1 9 7 12 1 1 10 12 1 1 10 12 1 3 9 12 1 9 12 1 10 12 1 1 7 1 9 3 9 12 1 7 1 10 12 1 9 12 1 10 12 1 9 12 1 10 12 1 9 12 1 10 100 12 1 1 1 100 10 12 1 7 1 5 0 10 100 12 1 1 100 1 10 12 1 1 10 12 1 10 12 1 100 1 10 12 1 10 100 1 100 1 10 10 12 1 10 100 1 10 12 1 10 100 1 10 12 1 10 7 1 10 12 1 1 100 1 10 12 1 10 10 12 1 100 1 10 12 1 10 10 12 1 100 1 10 12 1 10 100 1 10 12 1 10 100 1 10 12 1 10 100 1 10 12 1 10 100 1 10 12 1 10 100 1 10 12 1 10 100 1 10 12 1 10 100 1 10 12 1 10 100 1 10 10 100 1 10 10 100 1 10 10 100 1 10 12 1 10 100 1 10 12 1 10 100 1 10 12 1 10 100 1 10 12 1 10 100 1 10 12 1 10 100 1 10 10 100 1 10 10 100 1 10 10 100 1 10 12 1 10 100 1 10 12 1 10 100 1 10 12 1 10 100 1 10 12 1 10 100 1 10 12 1 10 10 12 1 10 7 12 1 1 1 10 12 1 7 1 7 1 10 12 1 9 12 1 1 9 12 1 1 10 12 1 1 8 10 12 1 1 8 8 8 8 7 10 12 1 1 10 12 1 100 1 8 1 10 7 1 7 1 7 1 1 1 5 0 1 1 3 1 3 1 1 1 1 3 1 3 1 3 1 1 1 1 1 3 1 3 1 3 1 1 1 1 1 1 1 1 1 1 1 1 1 1 1 1 1 1 1 1 1 1 1 1 1 100 1 1 1 1 1 1 1 1 1 1 1 1 1 1 1 1 1 1 1 1 1 1 1 1 1 1 1 1 1 1 1 1 1 1 1 1 1 1 1 1 1 1 1 1 1 1 1 1 1 1 1 1 1 1 1 1 1 1 1 1 1 1 1 1 1 1 1 1 1 1 1 1 1 1 1 1 1 1 1 1 1 1 1 1 100 1 1 1 1 1 1 1 1 1 1 1 7 1 1 1 1 1 1 1 1 1 1 1 1 1 1 1 1 1 1 1 1 1 1 1 1 1 1 1 1 1 1 1 1 1 1 1 1 1 1 1 1 1 1 1 1 1 1 1 1 1 1 1 1 1 1 1 1 1 1 1 1 1 1 1 1 1 1 1 1 1 1 1 1 1 1 1 1 1 1 1 1 1 1 1 1 1 1 1 1 1 1 1 1 1 1 1 1 1 1 1 1 1 1 1 1 1 1 1 1 1 1 1 1 1 1 1 1 1 1 1 1 1 1 1 1 1 1 1 1 1 1 1 1 1 1 1 1 1 1 1 1 1 1 1 1 1 1 1 1 1 1 1 1 1 1 1 1 1 1 1 1 1 1 1 1 1 1 1 1 1 1 1 1 1 1 1 1 1 1 1 1 1 1 1 1 1 1 1 1 1 1 1 1 1 1 1 1 1 1 1 1 1 1 1 1 1 1 1 1 1 1 1 1 1 1 1 1 1 1 1 1 1 1 1 100 1 100 1 100 1 100 1 100 1 100 1 100 1 100 1 100 1 1 1 1 1 1 1 1 1 1 1 1 1 1 1 1 1 1 1 1 1 1 1 1 1 1 1 1 1 1 1 1 1 1 1 1 1 1 1 1 1 1 1 1 1 1 1 1 1 1 1 1 1 1 1 1 1 1
staticfield java/util/concurrent/ConcurrentHashMap NCPU I 4
staticfield java/util/concurrent/ConcurrentHashMap serialPersistentFields [Ljava/io/ObjectStreamField; 3 [Ljava/io/ObjectStreamField;
staticfield java/util/concurrent/ConcurrentHashMap U Ljdk/internal/misc/Unsafe; jdk/internal/misc/Unsafe
staticfield java/util/concurrent/ConcurrentHashMap SIZECTL J 20
staticfield java/util/concurrent/ConcurrentHashMap TRANSFERINDEX J 32
staticfield java/util/concurrent/ConcurrentHashMap BASECOUNT J 24
staticfield java/util/concurrent/ConcurrentHashMap CELLSBUSY J 36
staticfield java/util/concurrent/ConcurrentHashMap CELLVALUE J 144
staticfield java/util/concurrent/ConcurrentHashMap ABASE I 16
staticfield java/util/concurrent/ConcurrentHashMap ASHIFT I 2
ciInstanceKlass java/util/concurrent/ConcurrentMap 1 1 208 11 7 12 1 1 1 10 7 12 1 1 11 12 1 1 11 100 12 1 1 1 11 7 12 1 1 1 11 12 1 1 100 1 11 12 1 11 12 1 100 1 11 100 12 1 1 1 18 12 1 11 12 1 1 11 7 12 1 1 11 12 1 1 11 100 12 1 11 12 1 1 11 12 1 1 7 1 7 1 1 1 1 1 1 1 1 1 1 1 1 1 1 1 1 1 1 1 1 1 1 1 1 1 1 1 1 1 1 1 1 1 1 1 1 1 1 1 1 1 1 1 1 1 1 1 1 1 1 1 1 1 1 1 1 1 1 1 1 16 15 11 12 15 10 100 12 1 1 1 1 1 100 1 100 1 1 1 100 1 8 1 1 12 10 1 1 1 8 1 1 1 8 1 1 8 1 1 1 8 1 1 1 8 1 1 1 8 1 1 1 8 1 1 1 8 1 1 1 8 1 1 1 8 1 1 8 1
instanceKlass com/fasterxml/jackson/databind/util/internal/PrivateMaxEntriesMap
instanceKlass org/hibernate/validator/internal/util/ConcurrentReferenceHashMap
instanceKlass java/util/TreeMap$NavigableSubMap
instanceKlass org/springframework/util/ConcurrentReferenceHashMap
instanceKlass java/util/Collections$SingletonMap
instanceKlass java/util/TreeMap
instanceKlass java/util/concurrent/ConcurrentSkipListMap
instanceKlass java/util/IdentityHashMap
instanceKlass java/util/EnumMap
instanceKlass java/util/WeakHashMap
instanceKlass java/util/Collections$EmptyMap
instanceKlass sun/util/PreHashedMap
instanceKlass java/util/HashMap
instanceKlass java/util/ImmutableCollections$AbstractImmutableMap
instanceKlass java/util/concurrent/ConcurrentHashMap
ciInstanceKlass java/util/AbstractMap 1 1 196 10 7 12 1 1 1 10 7 12 1 1 1 11 7 12 1 1 1 10 11 12 1 1 11 7 12 1 1 1 11 12 1 1 7 1 11 12 1 10 12 1 1 11 12 1 100 1 10 11 12 1 11 7 1 10 12 1 1 11 12 1 9 12 1 1 7 1 10 12 1 9 12 1 1 7 1 10 11 11 12 1 1 11 12 1 7 1 100 1 11 12 1 8 1 7 1 10 10 12 1 1 8 1 10 12 1 10 12 1 1 10 12 1 1 1 1 1 1 1 1 1 1 1 1 1 1 1 1 1 1 1 1 1 1 1 1 1 1 1 1 1 1 1 1 1 1 1 1 1 1 1 1 7 1 1 1 1 1 1 1 7 1 1 1 1 1 1 1 1 1 100 1 1 1 1 1 1 1 1 1 100 1 100 1 100 1 100 1 100 1 1 1 1 1 1
ciMethod java/util/concurrent/ConcurrentHashMap get (Ljava/lang/Object;)Ljava/lang/Object; 4304 280 7415 0 696
ciMethod java/util/concurrent/ConcurrentHashMap putIfAbsent (Ljava/lang/Object;Ljava/lang/Object;)Ljava/lang/Object; 512 0 11160 0 104
ciMethod java/util/concurrent/ConcurrentHashMap compute (Ljava/lang/Object;Ljava/util/function/BiFunction;)Ljava/lang/Object; 22 2 11 0 -1
ciInstanceKlass jdk/internal/loader/ClassLoaders 1 1 183 10 7 12 1 1 1 10 7 12 1 1 1 10 12 1 1 10 100 12 1 1 1 9 7 12 1 1 1 9 12 1 1 9 12 1 1 7 1 11 100 12 1 1 1 100 1 11 12 1 1 11 12 1 1 10 100 12 1 1 1 10 100 12 1 1 1 100 1 100 1 10 7 12 1 1 1 9 12 1 1 10 12 1 1 7 1 10 12 1 1 10 12 1 7 1 8 1 10 7 12 1 1 1 10 12 1 1 7 1 10 12 1 10 12 1 10 12 1 8 1 10 7 12 1 1 8 1 8 1 10 12 1 7 1 10 12 1 10 12 1 10 12 1 1 1 1 1 1 1 1 1 1 1 1 1 1 1 1 1 1 1 1 7 1 1 1 1 1 1 1 1 1 1 1 1 1 1 1 1 1 1 1
staticfield jdk/internal/loader/ClassLoaders JLA Ljdk/internal/access/JavaLangAccess; java/lang/System$2
staticfield jdk/internal/loader/ClassLoaders BOOT_LOADER Ljdk/internal/loader/ClassLoaders$BootClassLoader; jdk/internal/loader/ClassLoaders$BootClassLoader
staticfield jdk/internal/loader/ClassLoaders PLATFORM_LOADER Ljdk/internal/loader/ClassLoaders$PlatformClassLoader; jdk/internal/loader/ClassLoaders$PlatformClassLoader
staticfield jdk/internal/loader/ClassLoaders APP_LOADER Ljdk/internal/loader/ClassLoaders$AppClassLoader; jdk/internal/loader/ClassLoaders$AppClassLoader
instanceKlass jdk/internal/loader/ClassLoaders$BootClassLoader
instanceKlass jdk/internal/loader/ClassLoaders$PlatformClassLoader
instanceKlass jdk/internal/loader/ClassLoaders$AppClassLoader
ciInstanceKlass jdk/internal/loader/BuiltinClassLoader 1 1 737 9 7 12 1 1 1 10 7 12 1 1 1 10 7 12 1 1 1 9 12 1 1 9 12 1 1 7 1 10 12 1 9 12 1 10 12 1 9 12 1 10 7 12 1 1 1 10 7 12 1 1 1 10 7 12 1 1 1 11 7 12 1 1 1 7 1 7 1 10 10 12 1 1 8 1 10 12 1 10 12 7 1 10 12 1 10 12 1 1 11 7 12 1 1 1 11 7 12 1 1 1 11 12 1 1 7 1 8 1 8 1 10 9 12 1 1 10 7 12 1 1 11 12 1 1 10 12 1 1 10 12 1 1 10 12 1 1 10 7 12 1 1 1 10 12 1 10 7 12 1 1 1 10 12 1 1 11 7 12 1 1 1 10 7 12 1 1 7 1 10 7 12 1 1 1 10 12 1 100 1 8 1 10 12 1 1 10 8 1 10 12 1 1 10 12 1 1 10 12 1 1 11 7 12 1 1 11 12 1 7 1 10 11 12 1 1 11 10 12 1 1 7 1 10 12 1 10 7 12 1 10 12 1 7 1 10 12 1 10 7 12 1 1 1 100 1 10 12 1 1 11 12 1 100 1 100 1 10 12 1 10 12 1 1 100 1 100 1 10 12 1 10 12 1 18 12 1 1 10 12 1 10 12 1 1 18 100 1 10 7 12 1 1 1 7 1 10 10 12 1 1 10 12 1 1 10 12 1 1 10 12 1 9 12 1 1 100 1 10 10 12 1 1 10 12 1 1 10 12 1 10 12 10 12 1 1 10 12 1 1 10 12 1 1 10 12 1 10 12 1 1 18 12 1 7 1 10 12 1 1 10 12 1 10 12 1 1 10 12 1 100 1 10 12 1 7 1 10 12 1 10 7 12 1 1 1 10 12 1 11 12 1 7 1 10 12 1 7 1 100 1 10 12 1 10 12 1 11 12 1 1 10 12 1 1 10 12 1 1 10 12 1 1 10 12 1 1 10 12 1 10 12 1 10 12 1 10 12 1 8 1 10 12 1 1 10 7 12 1 1 10 12 1 100 1 8 1 8 1 10 10 12 1 8 1 8 1 10 7 12 1 1 1 11 7 12 1 1 1 9 7 12 1 1 1 10 7 12 1 1 1 9 12 1 9 12 1 9 12 1 9 12 1 9 12 1 9 12 1 10 7 12 1 1 1 8 1 10 12 1 7 1 10 12 1 1 10 12 1 7 1 10 11 12 1 1 10 12 10 12 1 10 12 1 100 1 10 12 1 10 12 1 10 10 12 1 10 7 12 1 1 8 1 10 7 12 1 1 10 12 1 1 1 1 1 1 1 1 1 1 1 1 1 1 1 1 1 1 1 1 1 1 1 1 1 1 1 1 1 1 1 1 1 1 1 1 1 1 1 1 1 1 1 1 1 1 1 1 1 1 1 1 1 1 1 1 7 1 1 1 1 1 1 1 1 1 1 1 1 1 1 1 1 1 1 7 1 7 1 1 1 1 1 1 1 1 1 1 1 1 1 1 1 1 1 1 1 1 1 1 1 1 1 1 1 1 1 1 1 1 1 1 1 1 1 1 1 1 1 1 1 1 1 1 1 1 1 1 1 100 1 1 16 15 10 12 16 15 10 12 16 15 10 12 16 1 15 10 100 12 1 1 1 1 1 100 1 1 1 1 1 100 1 100 1 1
staticfield jdk/internal/loader/BuiltinClassLoader packageToModule Ljava/util/Map; java/util/concurrent/ConcurrentHashMap
staticfield jdk/internal/loader/BuiltinClassLoader $assertionsDisabled Z 1
ciMethod jdk/internal/loader/BuiltinClassLoader defineOrCheckPackage (Ljava/lang/String;Ljava/util/jar/Manifest;Ljava/net/URL;)Ljava/lang/Package; 510 0 2421 0 0
ciMethod jdk/internal/loader/BuiltinClassLoader hasClassPath ()Z 328 0 5224 0 0
ciMethod jdk/internal/loader/BuiltinClassLoader loadClassOrNull (Ljava/lang/String;Z)Ljava/lang/Class; 514 0 5377 0 0
ciMethod jdk/internal/loader/BuiltinClassLoader definePackage (Ljava/lang/String;Ljava/util/jar/Manifest;Ljava/net/URL;)Ljava/lang/Package; 116 0 297 0 0
ciMethod jdk/internal/loader/BuiltinClassLoader isSealed (Ljava/lang/String;Ljava/util/jar/Manifest;)Z 390 0 2108 0 0
ciMethod jdk/internal/loader/BuiltinClassLoader defineClass (Ljava/lang/String;Ljdk/internal/loader/BuiltinClassLoader$LoadedModule;)Ljava/lang/Class; 4 0 6 0 -1
ciMethod jdk/internal/loader/BuiltinClassLoader defineClass (Ljava/lang/String;Ljdk/internal/loader/Resource;)Ljava/lang/Class; 414 0 2419 0 0
ciMethod jdk/internal/loader/BuiltinClassLoader findLoadedModule (Ljava/lang/String;)Ljdk/internal/loader/BuiltinClassLoader$LoadedModule; 518 0 5365 0 0
ciMethod jdk/internal/loader/BuiltinClassLoader getAndVerifyPackage (Ljava/lang/String;Ljava/util/jar/Manifest;Ljava/net/URL;)Ljava/lang/Package; 512 0 2431 0 0
ciMethod jdk/internal/loader/BuiltinClassLoader findClassInModuleOrNull (Ljdk/internal/loader/BuiltinClassLoader$LoadedModule;Ljava/lang/String;)Ljava/lang/Class; 4 0 6 0 0
ciMethod jdk/internal/loader/BuiltinClassLoader findClassOnClassPathOrNull (Ljava/lang/String;)Ljava/lang/Class; 154 0 2495 0 0
ciMethod jdk/internal/loader/BuiltinClassLoader loadClassOrNull (Ljava/lang/String;)Ljava/lang/Class; 514 0 5360 0 0
ciInstanceKlass jdk/internal/loader/ClassLoaders$AppClassLoader 1 1 119 8 1 10 7 12 1 1 1 10 7 12 1 1 1 10 7 12 1 1 1 10 12 1 1 10 7 12 1 1 1 10 12 1 1 10 12 1 1 7 1 8 1 10 12 10 7 12 1 1 1 10 7 12 1 1 10 12 1 1 10 12 1 1 10 7 12 1 1 1 7 1 10 12 1 1 1 1 1 1 1 1 1 1 1 1 1 1 1 1 1 1 1 1 1 7 1 1 1 1 1 1 1 1 1 1 1 1 1 1 1 1 1 1 1 7 1 1 1
ciInstanceKlass jdk/internal/loader/ClassLoaders$PlatformClassLoader 1 1 42 8 1 10 7 12 1 1 1 10 7 12 1 1 1 7 1 10 12 1 7 1 1 1 1 1 1 1 1 1 1 1 1 1 1 7 1 1 1 100 1 1
ciInstanceKlass java/lang/ArithmeticException 1 1 26 10 100 12 1 1 1 10 12 1 100 1 1 1 1 5 0 1 1 1 1 1 1 1 1 1
ciInstanceKlass java/lang/ArrayStoreException 1 1 26 10 100 12 1 1 1 10 12 1 100 1 1 1 1 5 0 1 1 1 1 1 1 1 1 1
ciInstanceKlass java/lang/ClassCastException 1 1 26 10 100 12 1 1 1 10 12 1 100 1 1 1 1 5 0 1 1 1 1 1 1 1 1 1
ciInstanceKlass java/lang/ClassNotFoundException 1 1 96 7 1 10 7 12 1 1 1 10 12 1 10 12 1 1 10 100 12 1 1 1 8 1 10 100 12 1 1 1 10 7 12 1 1 10 100 12 1 1 1 10 100 12 1 1 1 10 12 1 1 7 1 10 12 1 9 12 1 1 1 1 1 5 0 1 1 1 1 1 1 1 1 1 1 1 1 1 1 1 1 1 1 100 1 1 1 1 1 1 1 1 1 1 1 1
staticfield java/lang/ClassNotFoundException serialPersistentFields [Ljava/io/ObjectStreamField; 1 [Ljava/io/ObjectStreamField;
instanceKlass org/springframework/http/InvalidMediaTypeException
instanceKlass org/springframework/util/InvalidMimeTypeException
instanceKlass java/util/regex/PatternSyntaxException
instanceKlass java/nio/file/InvalidPathException
instanceKlass java/lang/NumberFormatException
ciInstanceKlass java/lang/IllegalArgumentException 1 1 35 10 7 12 1 1 1 10 12 1 10 12 1 10 12 1 100 1 1 1 1 5 0 1 1 1 1 1 1 1 1 1 1 1 1
ciMethod java/lang/IllegalArgumentException <init> (Ljava/lang/String;Ljava/lang/Throwable;)V 0 0 1 0 -1
ciMethod java/lang/IllegalArgumentException <init> (Ljava/lang/String;)V 0 0 2 0 -1
ciInstanceKlass java/lang/IllegalMonitorStateException 1 1 26 10 100 12 1 1 1 10 12 1 100 1 1 1 1 5 0 1 1 1 1 1 1 1 1 1
ciInstanceKlass java/lang/BootstrapMethodError 0 0 45 10 100 12 1 1 1 10 12 1 10 12 1 10 100 12 1 1 1 10 100 12 1 1 1 1 1 1 5 0 1 1 1 1 1 1 1 1 1 1 1 100 1 1 1
instanceKlass java/lang/IncompatibleClassChangeError
instanceKlass java/lang/BootstrapMethodError
instanceKlass java/lang/NoClassDefFoundError
ciInstanceKlass java/lang/LinkageError 1 1 31 10 7 12 1 1 1 10 12 1 10 12 1 100 1 1 1 1 5 0 1 1 1 1 1 1 1 1 1 1 1
ciInstanceKlass java/lang/NullPointerException 1 1 52 10 100 12 1 1 1 10 12 1 9 100 12 1 1 1 10 12 1 1 9 12 1 1 10 12 1 1 10 12 1 1 1 1 5 0 1 1 1 1 1 1 1 1 100 1 100 1 100 1 1 1
ciMethod java/lang/NullPointerException <init> ()V 0 0 1 0 -1
ciInstanceKlass java/lang/NoClassDefFoundError 1 1 26 10 7 12 1 1 1 10 12 1 100 1 1 1 1 5 0 1 1 1 1 1 1 1 1 1
ciMethod java/lang/NoClassDefFoundError <init> (Ljava/lang/String;)V 2 0 1 0 -1
ciInstanceKlass java/lang/StackOverflowError 1 1 26 10 100 12 1 1 1 10 12 1 100 1 1 1 1 5 0 1 1 1 1 1 1 1 1 1
ciInstanceKlass java/lang/StackTraceElement 1 1 235 10 7 12 1 1 1 10 7 12 1 1 9 12 1 1 9 12 1 1 9 12 1 9 12 1 8 1 10 100 12 1 1 1 7 1 9 12 1 8 1 9 12 1 9 12 1 9 12 1 1 10 12 1 1 10 12 1 8 1 10 100 12 1 1 1 7 1 10 12 1 10 12 1 1 10 12 1 10 12 1 1 10 12 1 10 12 1 10 10 12 1 8 1 10 12 1 10 12 1 1 10 12 1 1 10 12 1 10 12 1 10 12 1 9 12 1 1 10 7 12 1 1 1 10 12 1 1 7 1 10 12 1 1 10 7 12 1 1 10 7 12 1 1 1 10 7 12 1 1 10 7 12 1 1 10 10 12 1 1 10 12 1 1 10 12 1 1 10 12 1 7 1 1 1 1 1 1 1 3 1 3 1 1 5 0 1 1 1 1 1 1 1 1 1 1 1 1 1 1 1 1 1 1 1 1 1 1 1 1 1 1 1 1 1 7 1 7 1 1 1 1 1 1 1 100 1 1 1 1 1 1 1 1 1
instanceKlass java/util/concurrent/locks/AbstractQueuedSynchronizer
ciInstanceKlass java/util/concurrent/locks/AbstractOwnableSynchronizer 1 1 32 10 7 12 1 1 1 9 7 12 1 1 1 100 1 1 1 1 5 0 1 1 1 1 1 1 1 1 1 1 1 1
instanceKlass sun/util/calendar/ZoneInfoFile$Checksum
ciInstanceKlass java/util/zip/CRC32 1 1 175 10 7 12 1 1 1 9 7 12 1 1 1 10 12 1 1 100 1 10 9 7 12 1 1 1 10 12 1 1 10 12 1 1 10 100 12 1 1 1 10 12 1 9 12 1 1 100 1 10 10 12 1 1 9 7 12 1 1 1 11 100 12 1 1 1 100 1 11 12 1 1 10 12 1 1 11 12 1 10 12 1 10 12 1 1 10 12 1 10 12 1 10 100 12 1 1 10 12 1 10 12 1 1 10 12 1 10 12 1 5 0 10 12 1 10 12 1 10 7 12 1 1 1 10 12 1 1 10 12 1 1 10 12 1 10 7 12 1 1 10 12 1 100 1 1 1 1 1 1 1 1 1 1 1 1 1 1 1 1 1 1 100 1 100 1 1 1 1 1 1 1 1 1 1
staticfield java/util/zip/CRC32 $assertionsDisabled Z 1
ciInstanceKlass java/util/zip/Checksum 1 1 86 11 7 12 1 1 1 10 100 12 1 1 1 10 12 1 9 7 12 1 1 1 100 1 10 12 1 1 10 12 1 1 10 12 1 1 10 12 1 10 12 1 10 100 12 1 1 1 10 12 1 10 12 1 1 10 12 1 100 1 1 1 1 1 1 1 1 1 1 1 1 1 1 1 1 1 1 100 1 1 1 1 1 1 1 1
ciMethod java/util/zip/Checksum update ([B)V 768 0 2443 0 -1
ciMethod java/util/zip/CRC32 getValue ()J 512 0 2427 0 -1
ciMethod java/util/zip/CRC32 <init> ()V 512 0 2426 0 -1
ciInstanceKlass jdk/internal/vm/Continuation 0 0 549 9 100 12 1 1 1 9 12 1 9 12 1 100 1 7 1 10 12 1 1 8 1 10 12 1 1 10 12 1 10 12 1 1 10 12 1 9 7 12 1 1 1 11 100 12 1 1 1 10 7 1 9 12 1 1 9 12 1 1 10 8 1 10 12 1 9 12 1 1 10 11 12 1 1 100 1 10 100 12 1 1 1 10 12 1 1 10 12 1 10 12 1 1 11 12 1 1 9 12 1 1 10 12 1 1 18 12 1 1 10 7 12 1 1 1 100 1 10 12 1 11 100 12 1 1 1 10 12 1 9 12 1 10 12 1 1 100 1 8 1 10 12 1 10 12 1 1 9 12 1 1 11 12 1 1 9 12 1 1 8 1 10 11 12 1 1 11 12 1 1 10 12 1 1 10 12 1 1 9 12 1 10 12 1 10 10 12 1 8 1 10 12 1 8 1 8 1 10 7 12 1 1 1 10 7 12 1 1 1 10 12 1 9 12 1 11 12 1 7 1 10 12 1 10 12 1 1 9 12 1 1 7 1 10 12 1 1 9 12 1 1 10 12 1 10 12 1 11 7 12 1 1 10 7 1 10 12 1 8 1 9 12 1 10 12 1 1 9 12 1 1 10 7 12 1 1 8 1 8 1 8 1 8 1 10 12 1 1 10 12 1 10 12 1 10 12 1 10 12 1 1 10 12 1 1 8 1 10 12 1 1 9 12 1 1 10 12 1 1 9 12 1 8 1 10 7 12 1 1 1 10 12 1 8 1 100 1 8 1 10 9 12 1 1 8 1 10 7 12 1 1 10 100 12 1 1 8 1 8 1 10 12 10 100 12 1 1 1 10 7 1 10 7 12 1 1 1 18 11 100 12 1 1 1 18 12 1 11 12 1 1 7 1 10 7 12 1 1 10 12 1 1 8 10 12 1 1 10 100 12 1 1 1 10 100 12 1 1 10 12 1 8 1 10 12 1 7 1 7 1 10 12 1 1 1 1 1 1 1 1 1 1 1 1 1 1 1 1 1 1 1 1 1 1 1 1 1 1 1 1 1 1 1 1 1 1 1 1 1 1 1 1 1 1 1 1 1 1 1 1 1 1 1 1 1 1 1 1 1 1 1 1 1 1 1 1 1 1 1 1 1 1 1 1 1 1 1 100 1 1 16 1 15 10 12 16 15 11 7 12 1 1 1 16 1 16 1 15 10 12 16 15 10 100 12 1 1 1 1 1 1 1 1 100 1 100 1 1
ciInstanceKlass jdk/internal/misc/UnsafeConstants 1 1 34 10 100 12 1 1 1 9 7 12 1 1 1 9 12 1 9 12 1 1 9 12 1 9 12 1 1 1 1 1 1 1 1 1
staticfield jdk/internal/misc/UnsafeConstants ADDRESS_SIZE0 I 8
staticfield jdk/internal/misc/UnsafeConstants PAGE_SIZE I 4096
staticfield jdk/internal/misc/UnsafeConstants BIG_ENDIAN Z 0
staticfield jdk/internal/misc/UnsafeConstants UNALIGNED_ACCESS Z 1
staticfield jdk/internal/misc/UnsafeConstants DATA_CACHE_LINE_FLUSH_SIZE I 0
instanceKlass java/lang/ProcessEnvironment
instanceKlass java/util/LinkedHashMap
ciInstanceKlass java/util/HashMap 1 1 629 10 7 12 1 1 1 7 1 10 12 1 1 7 1 10 7 12 1 1 1 100 1 11 12 1 1 11 12 1 11 12 1 1 10 7 12 1 1 1 7 1 3 10 7 12 1 1 1 100 1 7 1 10 8 1 10 12 1 1 10 12 1 10 12 1 1 10 12 1 10 7 12 1 1 1 8 1 10 12 1 9 12 1 1 10 12 1 9 12 1 1 4 10 12 1 10 12 1 1 11 7 12 1 1 9 12 1 1 10 7 12 1 1 1 6 0 10 12 1 1 11 12 1 1 11 7 12 1 1 1 11 7 12 1 1 1 11 12 1 1 7 1 11 12 1 11 12 1 10 12 1 10 12 1 1 9 12 10 12 1 1 9 7 12 1 1 1 9 12 9 12 1 10 12 1 1 9 12 1 7 1 10 12 1 1 10 12 1 1 10 12 1 1 10 12 1 1 10 12 1 1 9 12 1 10 12 1 1 3 4 10 12 1 1 10 12 1 1 9 12 1 1 9 10 12 1 1 10 12 1 1 10 12 1 1 10 12 1 9 12 1 1 7 1 10 12 1 10 12 1 10 7 12 1 1 1 7 1 9 12 1 1 7 1 10 9 12 7 1 10 100 1 10 11 7 12 1 1 1 100 1 10 11 100 12 1 1 11 100 12 1 1 1 10 12 1 100 1 7 1 10 12 1 10 12 1 10 12 1 10 100 12 1 1 10 12 1 1 10 12 1 1 10 100 12 1 1 1 8 10 100 12 1 1 1 100 1 10 4 4 10 12 1 1 10 100 12 1 1 1 10 12 1 8 1 6 0 10 100 12 1 1 1 100 1 11 100 12 1 1 1 10 12 1 10 12 1 10 10 12 1 1 6 0 8 1 10 12 1 10 12 7 1 7 1 1 1 1 5 0 1 3 1 1 1 3 1 3 1 3 1 1 1 1 1 1 1 1 1 1 1 1 1 1 1 1 1 1 1 1 1 1 100 1 1 1 1 1 1 1 1 1 1 1 1 1 1 1 1 1 1 1 1 1 1 1 1 1 1 1 1 1 1 1 1 1 100 1 1 1 1 1 1 1 1 1 1 1 1 1 1 1 1 1 1 1 1 1 1 1 1 1 1 1 1 1 1 1 1 1 1 1 1 1 1 1 1 1 1 1 1 1 1 1 1 1 1 1 7 1 1 1 1 1 1 1 1 1 1 1 1 1 1 1 1 1 1 1 1 1 1 1 1 1 1 1 1 1 1 1 1 1 1 1 1 1 1 1 1 1 1 1 1 1 1 1 1 100 1 1 1 1 1 1 1 1 7 1 1 1 1 1 1 1 1 1 1 1 1 1 1 1 1 1 1 100 1 100 1 100 1 100 1 100 1 100 1 100 1 100 1 1 1 1 1 1 1 1 1 1 1 1 1 1 1 1 1 1
ciMethod java/util/HashMap get (Ljava/lang/Object;)Ljava/lang/Object; 524 0 6415 0 816
ciInstanceKlass java/lang/invoke/LambdaForm 1 1 1059 7 1 100 1 10 7 12 1 1 1 9 12 1 1 9 12 1 9 12 1 9 12 1 1 9 12 1 1 9 12 1 1 9 12 1 1 9 12 1 1 9 12 1 10 7 12 1 1 9 12 1 10 12 1 1 100 1 10 10 12 1 1 10 12 1 10 12 1 10 12 1 1 10 12 1 9 12 1 9 12 1 10 12 1 1 10 7 12 1 1 1 10 12 1 1 9 100 12 1 1 1 10 12 1 1 9 7 12 1 1 10 12 1 10 12 1 1 10 12 1 1 10 12 1 1 7 1 10 7 12 1 1 1 10 12 1 1 10 12 1 10 12 1 1 9 12 1 1 9 12 1 9 12 1 1 10 12 1 9 12 1 10 100 12 1 1 1 10 12 1 1 7 1 10 12 1 9 12 1 1 10 7 12 1 1 1 10 12 1 10 12 1 7 1 10 12 1 10 12 1 10 12 1 1 10 12 1 1 10 12 1 10 12 1 10 12 1 10 12 1 1 8 1 10 12 1 10 12 1 10 10 12 1 8 1 8 1 9 12 1 9 12 1 1 10 12 1 1 10 12 1 9 12 1 10 12 1 1 10 7 12 1 1 1 10 12 1 1 10 12 1 10 12 1 10 100 12 1 1 1 9 12 1 10 12 1 8 1 8 1 8 1 8 1 8 1 8 1 8 1 8 1 10 12 1 9 12 1 7 1 10 12 1 1 9 12 1 10 12 1 10 12 1 1 10 12 10 12 1 10 12 1 1 10 12 1 1 10 10 12 1 1 10 12 1 1 7 1 8 1 10 12 1 1 10 12 1 10 12 1 1 10 8 1 10 12 1 1 8 1 8 1 8 1 10 12 1 10 12 1 10 12 1 1 100 1 10 12 1 1 10 12 1 1 10 7 12 1 1 1 10 12 1 1 9 12 1 1 8 1 10 100 12 1 1 1 10 7 12 1 1 10 12 10 12 1 1 10 12 1 1 9 12 1 8 10 12 1 1 100 1 10 12 1 1 10 12 1 9 7 12 1 1 9 7 12 1 1 1 8 1 10 100 12 1 1 10 12 1 1 7 1 7 1 10 10 12 1 1 10 12 1 1 8 1 8 1 7 1 8 1 10 12 10 12 1 10 12 1 10 12 1 1 8 1 8 1 10 12 1 10 12 1 1 8 1 8 1 8 1 7 1 8 1 7 1 8 1 7 1 8 1 10 12 1 8 1 9 10 7 12 1 1 1 10 12 1 9 12 1 1 10 12 1 10 10 12 1 10 12 1 10 12 1 10 12 1 1 10 12 1 10 12 1 1 10 12 1 1 10 12 1 1 10 12 1 1 8 1 100 10 12 1 10 12 1 9 12 1 1 10 7 12 1 1 8 1 8 1 7 1 8 1 8 1 8 1 8 1 8 1 8 1 8 1 8 1 10 12 1 1 10 12 1 1 10 12 1 10 12 1 10 12 1 10 12 1 8 1 8 1 8 1 10 12 1 8 1 10 12 1 8 1 8 1 8 1 8 1 8 1 10 12 1 10 12 1 10 12 1 1 10 7 12 1 1 1 10 12 1 10 12 1 10 12 1 10 12 1 10 12 1 10 12 1 10 12 1 9 12 1 1 8 1 10 12 1 1 9 12 1 1 10 12 1 1 9 12 1 9 12 1 1 9 12 1 9 12 1 1 7 1 10 7 12 1 1 1 9 12 1 10 12 1 10 12 1 8 1 10 12 1 9 12 1 1 7 1 10 7 12 1 1 1 8 1 100 1 10 12 1 9 12 1 9 12 1 10 12 1 10 12 1 10 7 12 1 1 1 10 12 1 9 7 12 1 1 10 12 1 1 10 12 1 10 12 1 10 12 1 9 12 10 12 1 10 10 12 1 9 12 1 9 9 12 1 7 9 12 1 1 10 12 1 1 9 12 1 10 12 1 10 7 1 9 1 1 1 1 3 1 3 1 1 3 1 3 1 1 1 1 1 1 1 1 1 1 1 1 1 1 1 1 1 1 1 1 1 1 1 1 1 1 1 1 1 1 1 1 1 1 1 1 1 1 1 1 1 1 1 1 1 1 1 1 1 1 1 100 1 1 1 1 1 1 1 1 1 1 1 1 1 1 1 1 1 1 1 1 1 1 1 1 1 1 1 1 1 1 1 1 1 1 1 1 1 1 1 1 1 1 1 1 1 1 1 1 1 1 1 1 1 1 1 1 1 1 1 1 1 1 100 1 1 1 1 1 1 1 1 1 1 1 1 1 1 1 1 1 1 1 1 1 1 1 1 1 1 1 1 1 1 1 1 1 1 7 1 1 1 1 1 1 1 1 1 1 1 1 1 1 1 1 1 1 1 1 1 1 100 1 1 1 100 1 1 7 1 1 1 1 1 1 1 1 1 1 1
staticfield java/lang/invoke/LambdaForm DEFAULT_CUSTOMIZED Ljava/lang/invoke/MethodHandle; null
staticfield java/lang/invoke/LambdaForm DEFAULT_KIND Ljava/lang/invoke/LambdaForm$Kind; java/lang/invoke/LambdaForm$Kind
staticfield java/lang/invoke/LambdaForm COMPILE_THRESHOLD I 0
staticfield java/lang/invoke/LambdaForm INTERNED_ARGUMENTS [[Ljava/lang/invoke/LambdaForm$Name; 5 [[Ljava/lang/invoke/LambdaForm$Name;
staticfield java/lang/invoke/LambdaForm IMPL_NAMES Ljava/lang/invoke/MemberName$Factory; java/lang/invoke/MemberName$Factory
staticfield java/lang/invoke/LambdaForm LF_identity [Ljava/lang/invoke/LambdaForm; 6 [Ljava/lang/invoke/LambdaForm;
staticfield java/lang/invoke/LambdaForm LF_zero [Ljava/lang/invoke/LambdaForm; 6 [Ljava/lang/invoke/LambdaForm;
staticfield java/lang/invoke/LambdaForm NF_identity [Ljava/lang/invoke/LambdaForm$NamedFunction; 6 [Ljava/lang/invoke/LambdaForm$NamedFunction;
staticfield java/lang/invoke/LambdaForm NF_zero [Ljava/lang/invoke/LambdaForm$NamedFunction; 6 [Ljava/lang/invoke/LambdaForm$NamedFunction;
staticfield java/lang/invoke/LambdaForm createFormsLock Ljava/lang/Object; java/lang/Object
staticfield java/lang/invoke/LambdaForm DEBUG_NAME_COUNTERS Ljava/util/HashMap; null
staticfield java/lang/invoke/LambdaForm DEBUG_NAMES Ljava/util/HashMap; null
staticfield java/lang/invoke/LambdaForm TRACE_INTERPRETER Z 0
staticfield java/lang/invoke/LambdaForm $assertionsDisabled Z 1
ciInstanceKlass java/lang/invoke/MemberName 1 1 724 7 1 7 1 100 1 9 12 1 1 10 7 12 1 1 1 9 12 1 1 10 12 1 1 10 12 1 1 10 12 1 1 10 12 1 10 12 1 1 10 7 12 1 1 1 10 12 1 9 7 12 1 1 10 12 1 7 1 7 1 10 12 1 8 1 10 12 1 1 10 12 1 10 12 1 1 10 12 1 9 12 1 1 8 1 10 100 12 1 1 1 7 1 10 10 12 1 1 7 1 7 1 10 12 1 9 12 1 1 100 1 8 1 10 12 1 10 12 1 10 12 1 10 12 1 10 12 1 1 10 12 1 10 12 1 10 12 1 1 8 1 8 1 10 12 1 8 1 9 12 1 1 3 10 12 1 10 12 1 10 12 1 10 10 7 12 1 1 1 10 12 1 10 12 1 10 12 1 10 12 1 7 1 8 10 12 1 1 10 12 1 1 8 1 9 7 1 8 9 7 1 10 12 1 1 10 12 1 10 12 1 8 1 10 12 1 1 10 12 1 10 12 1 10 12 1 10 12 1 1 7 1 10 12 1 1 10 12 1 8 1 10 12 1 10 12 1 8 1 10 12 1 1 10 12 1 1 7 1 10 12 1 1 10 12 8 1 8 1 7 1 10 12 1 10 100 12 1 1 1 100 1 10 12 10 12 1 10 12 1 10 12 1 10 12 1 10 10 12 1 10 12 1 10 12 1 3 10 12 1 3 10 12 1 3 3 3 3 3 3 10 12 1 3 9 12 1 10 12 1 1 3 10 12 1 10 10 7 12 1 1 1 10 12 1 1 10 7 12 1 1 10 10 12 1 10 12 1 1 10 12 1 10 10 12 1 1 10 12 1 10 12 1 10 12 1 7 1 10 10 10 12 100 1 10 10 10 12 1 1 10 12 1 1 10 10 12 1 8 10 7 1 10 12 1 10 7 1 10 12 1 10 12 1 10 12 1 10 10 12 1 10 12 1 1 10 12 1 1 10 12 1 10 12 1 10 12 1 100 1 10 12 1 1 100 1 8 1 10 7 1 10 12 1 10 12 10 12 1 1 10 12 1 10 12 1 8 1 8 1 8 1 8 1 10 12 1 10 12 1 10 7 12 1 1 1 8 1 8 1 10 12 1 8 1 10 10 10 12 1 10 12 1 8 1 8 1 10 10 12 1 8 1 10 100 12 1 1 1 8 1 100 1 10 12 1 10 12 1 1 10 12 1 8 1 8 1 8 1 8 1 100 1 10 8 1 8 1 8 1 8 1 10 12 1 100 1 100 1 100 1 10 100 1 10 7 1 10 7 12 1 1 1 9 7 12 1 1 1 7 1 7 1 1 1 1 1 1 1 3 1 3 1 3 1 3 1 3 1 3 1 1 1 1 1 1 1 1 3 1 3 1 1 1 1 1 1 1 1 1 1 1 1 1 1 1 1 1 1 1 1 1 1 1 1 1 1 1 1 1 1 1 1 1 1 1 1 1 1 1 1 1 1 1 1 1 1 1 1 1 1 1 1 1 1 1 1 1 1 1 1 1 1 1 1 1 1 1 1 1 1 1 1 1 1 1 1 1 1 1 1 1 1 1 1 1 1 1 1 1 1 1 1 1 1 1 1 7 1 1 1 1 1 1 1 1 1 1 1 1 1 1 1
staticfield java/lang/invoke/MemberName $assertionsDisabled Z 1
instanceKlass java/lang/invoke/VarHandleLongs$FieldInstanceReadOnly
instanceKlass java/lang/invoke/VarHandleBooleans$FieldInstanceReadOnly
instanceKlass java/lang/invoke/VarHandleReferences$Array
instanceKlass java/lang/invoke/VarHandleLongs$Array
instanceKlass java/lang/invoke/VarHandleByteArrayAsDoubles$ByteArrayViewVarHandle
instanceKlass java/lang/invoke/VarHandleByteArrayAsLongs$ByteArrayViewVarHandle
instanceKlass java/lang/invoke/VarHandleByteArrayAsFloats$ByteArrayViewVarHandle
instanceKlass java/lang/invoke/VarHandleByteArrayAsInts$ByteArrayViewVarHandle
instanceKlass java/lang/invoke/VarHandleByteArrayAsChars$ByteArrayViewVarHandle
instanceKlass java/lang/invoke/VarHandleByteArrayAsShorts$ByteArrayViewVarHandle
instanceKlass java/lang/invoke/VarHandleReferences$FieldInstanceReadOnly
instanceKlass java/lang/invoke/VarHandleInts$FieldInstanceReadOnly
ciInstanceKlass java/lang/invoke/VarHandle 1 1 473 10 7 12 1 1 1 10 7 12 1 1 9 12 1 1 9 12 1 1 100 1 10 8 1 10 12 1 1 10 7 12 1 1 1 10 12 1 1 10 7 12 1 1 1 9 100 12 1 1 1 10 12 1 1 10 7 12 1 1 1 10 12 1 1 9 12 1 10 12 1 9 12 1 1 10 100 12 1 1 10 12 1 9 100 12 1 1 1 9 12 1 1 10 12 1 1 100 1 7 1 10 8 1 10 12 1 1 10 12 1 8 1 10 12 1 10 12 1 9 12 1 1 9 12 1 10 12 1 10 12 1 1 10 12 1 10 10 100 12 1 1 1 10 12 1 1 10 12 1 1 10 7 12 1 1 1 10 100 12 1 1 1 10 100 12 1 1 1 9 12 1 1 9 10 12 1 10 12 1 10 12 1 1 10 12 1 10 7 12 1 1 1 9 12 1 1 10 12 1 1 9 12 1 10 12 1 10 12 1 10 7 12 1 1 100 1 10 9 7 12 1 1 1 9 12 1 1 10 7 12 1 1 1 10 12 1 10 12 1 10 12 1 10 12 1 10 12 1 10 12 1 1 8 10 12 1 1 7 1 10 12 1 1 7 1 1 1 1 1 1 1 1 1 1 1 1 1 1 1 1 1 1 1 1 1 1 1 1 1 1 1 1 1 1 1 1 1 1 1 1 1 1 1 1 1 1 1 1 1 1 1 1 1 1 1 1 1 1 1 1 1 1 1 1 1 1 1 1 1 1 1 1 100 1 1 1 1 1 1 1 1 100 1 1 1 1 1 1 1 1 1 1 1 1 100 1 100 1 1 100 1 100 1 100 1 100 1 100 1 100 1 100 1 100 1 100 1 100 1 100 1 100 1 100 1 100 1 100 1 100 1 100 1 100 1 100 1 100 1 100 1 100 1 100 1 100 1 100 1 100 1 100 1 100 1 100 1 100 1 100 1 100 1 100 1 100 1 100 1 1 1 1 1 1 100 1 1 1 100 1 1 100 1 100 1 100 1 100 1 100 1 100 1 1 1 1 100 1 100 1 100 1 100 1 100 1 100 1 100 1 100 1
staticfield java/lang/invoke/VarHandle VFORM_OFFSET J 16
staticfield java/lang/invoke/VarHandle $assertionsDisabled Z 1
instanceKlass jdk/internal/reflect/FieldAccessorImpl
instanceKlass jdk/internal/reflect/ConstructorAccessorImpl
instanceKlass jdk/internal/reflect/MethodAccessorImpl
ciInstanceKlass jdk/internal/reflect/MagicAccessorImpl 1 1 16 10 7 12 1 1 1 100 1 1 1 1 1 1 1 1
instanceKlass jdk/internal/reflect/DirectMethodHandleAccessor
ciInstanceKlass jdk/internal/reflect/MethodAccessorImpl 1 1 38 10 7 12 1 1 1 10 100 12 1 1 1 100 1 1 1 1 1 1 1 100 1 100 1 1 1 1 1 1 1 1 1 1 1 1 1 1
ciInstanceKlass jdk/internal/reflect/MethodAccessor 1 0 17 100 1 100 1 1 1 1 100 1 100 1 1 1 1 1 1
instanceKlass jdk/internal/reflect/SerializationConstructorAccessorImpl
instanceKlass jdk/internal/reflect/DirectConstructorHandleAccessor$NativeAccessor
instanceKlass jdk/internal/reflect/DirectConstructorHandleAccessor
instanceKlass jdk/internal/reflect/NativeConstructorAccessorImpl
ciInstanceKlass jdk/internal/reflect/ConstructorAccessorImpl 1 1 27 10 7 12 1 1 1 100 1 100 1 1 1 1 1 1 1 1 1 100 1 100 1 100 1 1 1
ciInstanceKlass jdk/internal/reflect/ConstructorAccessor 1 0 16 100 1 100 1 1 1 1 100 1 100 1 100 1 1 1
ciInstanceKlass jdk/internal/reflect/DelegatingClassLoader 1 1 18 10 7 12 1 1 1 100 1 1 1 1 1 1 1 1 1 1
ciInstanceKlass jdk/internal/reflect/CallerSensitive 0 0 17 100 1 100 1 100 1 1 1 1 1 1 1 1 1 1 1
ciInstanceKlass jdk/internal/reflect/NativeConstructorAccessorImpl 0 0 125 10 7 12 1 1 1 9 7 12 1 1 1 100 1 10 12 1 9 12 1 1 9 12 1 1 10 100 12 1 1 1 10 7 12 1 1 1 10 7 12 1 1 1 9 12 1 9 12 1 1 9 12 1 1 10 7 12 1 1 1 100 1 10 10 12 1 1 10 12 1 10 12 1 1 10 12 1 7 1 10 12 1 1 10 12 1 1 8 10 12 1 1 1 1 1 1 1 1 1 1 1 1 1 1 1 1 1 1 1 1 1 1 100 1 100 1 100 1 1 1 1 1 1 1
ciInstanceKlass jdk/internal/reflect/ConstantPool 1 1 142 10 7 12 1 1 1 9 7 12 1 1 1 10 12 1 1 10 12 1 1 10 12 1 10 12 1 1 10 12 1 1 10 12 1 10 12 1 1 10 12 1 10 12 1 1 10 12 1 10 12 1 10 12 1 10 12 1 1 10 12 1 1 10 12 1 1 10 12 1 1 10 12 1 10 12 1 1 10 100 12 1 1 1 8 11 7 12 1 1 1 10 7 12 1 1 1 1 1 1 1 1 1 1 1 1 1 1 1 1 1 1 1 1 1 1 1 1 1 1 1 1 1 1 1 1 1 1 1 1 1 1 1 1 1 1 1 1 1 1 1 1
ciInstanceKlass jdk/internal/reflect/UnsafeStaticFieldAccessorImpl 0 0 47 10 7 12 1 1 1 9 7 12 1 1 1 10 7 12 1 1 1 9 12 1 1 8 11 100 12 1 1 1 10 100 12 1 1 1 1 1 1 1 1 1 1 1 1 1 1
ciInstanceKlass jdk/internal/reflect/FieldAccessor 1 0 48 100 1 100 1 1 1 1 100 1 1 1 1 1 1 1 1 1 1 1 1 1 1 1 1 1 1 1 100 1 1 1 1 1 1 1 1 1 1 1 1 1 1 1 1 1 1 1
instanceKlass jdk/internal/reflect/MethodHandleFieldAccessorImpl
instanceKlass jdk/internal/reflect/UnsafeFieldAccessorImpl
ciInstanceKlass jdk/internal/reflect/FieldAccessorImpl 1 1 269 10 7 12 1 1 1 9 7 12 1 1 1 10 7 12 1 1 1 10 7 12 1 1 10 7 12 1 1 1 10 12 1 1 7 1 10 10 12 1 1 10 12 1 1 8 1 10 10 12 1 100 1 8 1 10 12 1 8 1 10 12 1 8 1 10 12 1 100 1 10 12 1 1 10 8 1 10 12 1 1 8 1 10 7 12 1 1 8 1 10 7 12 1 1 8 1 10 7 12 1 1 8 1 10 7 12 1 1 8 1 10 7 12 1 1 8 1 10 7 12 1 1 8 1 10 7 12 1 1 8 1 10 7 12 1 1 10 12 1 1 8 1 10 12 1 1 10 100 12 1 1 1 8 1 10 12 1 8 1 8 1 8 1 8 1 10 7 12 1 1 1 8 1 8 1 8 1 10 12 7 1 1 1 1 1 1 1 1 1 1 1 1 1 1 1 1 1 1 1 1 1 1 1 1 1 1 1 1 1 1 1 1 1 1 1 1 1 1 1 1 1 1 1 1 1 1 1 1 1 1 1 1 1 1 1 1 1 1 1 1 1 1 1 1 1 1 1 1 1 1 1 1 1 1 1 1 1 1 1 1 1 1 1 1 1 1 1 1
instanceKlass jdk/internal/reflect/UnsafeStaticFieldAccessorImpl
ciInstanceKlass jdk/internal/reflect/UnsafeFieldAccessorImpl 0 0 62 10 100 12 1 1 1 10 100 12 1 1 1 10 100 12 1 1 1 9 100 12 1 1 10 12 1 9 12 1 1 10 100 12 1 1 1 9 12 1 1 10 12 1 10 12 1 1 1 1 1 1 1 1 1 1 1 1 1 1 1 1
instanceKlass java/lang/invoke/VolatileCallSite
instanceKlass java/lang/invoke/MutableCallSite
instanceKlass java/lang/invoke/ConstantCallSite
ciInstanceKlass java/lang/invoke/CallSite 1 1 307 10 7 12 1 1 1 10 7 12 1 1 1 9 7 12 1 1 1 10 12 1 1 9 12 1 1 10 7 12 1 1 1 10 12 1 7 1 10 12 1 1 10 12 1 1 9 100 12 1 1 1 10 7 12 1 1 10 12 1 1 100 1 7 1 10 10 7 12 1 1 1 10 12 1 1 8 1 10 12 1 10 12 1 1 10 12 1 10 12 1 1 10 12 1 1 10 10 100 12 1 1 10 12 1 1 9 12 1 9 100 12 1 1 1 8 1 10 7 12 1 1 1 10 12 1 1 7 1 10 12 1 1 9 12 1 8 1 100 1 10 12 1 10 12 1 100 1 8 1 10 10 12 1 10 12 1 1 100 1 10 12 1 1 10 12 1 10 12 1 10 12 1 1 10 12 1 1 9 12 1 1 8 10 12 1 1 9 12 1 1 100 1 10 10 12 1 10 7 12 1 1 1 10 12 1 1 10 12 1 1 10 12 1 10 7 12 1 1 1 7 1 8 1 10 10 12 10 12 1 1 7 1 7 1 7 1 8 1 10 12 1 10 7 12 1 1 1 1 1 1 1 1 1 1 1 1 1 1 1 1 1 1 1 1 1 1 1 1 1 1 1 1 1 1 1 1 1 1 1 1 1 1 1 1 1 1 1 1 1 1 1 1 1 1 1 1 1 1 1 7 1 7 1 1 1 1
staticfield java/lang/invoke/CallSite $assertionsDisabled Z 1
ciInstanceKlass java/lang/invoke/ConstantCallSite 1 1 65 10 7 12 1 1 1 9 7 12 1 1 1 9 12 1 1 10 7 12 1 1 1 10 12 1 100 1 10 12 9 12 1 1 100 1 10 10 12 1 1 10 12 1 1 1 1 1 1 1 1 1 1 1 1 1 100 1 1 1 1 1 1 1 1
staticfield java/lang/invoke/ConstantCallSite UNSAFE Ljdk/internal/misc/Unsafe; jdk/internal/misc/Unsafe
instanceKlass java/lang/invoke/DirectMethodHandle$Special
instanceKlass java/lang/invoke/DirectMethodHandle$StaticAccessor
instanceKlass java/lang/invoke/DirectMethodHandle$Interface
instanceKlass java/lang/invoke/DirectMethodHandle$Constructor
instanceKlass java/lang/invoke/DirectMethodHandle$Accessor
ciInstanceKlass java/lang/invoke/DirectMethodHandle 1 1 923 7 1 7 1 100 1 7 1 7 1 10 7 12 1 1 1 10 7 12 1 1 1 7 1 10 12 1 10 12 1 1 10 7 12 1 1 10 12 1 1 10 12 1 10 12 1 7 1 10 12 1 1 10 12 1 1 10 12 1 10 12 1 1 10 7 12 1 1 1 10 12 1 9 12 1 1 100 1 10 9 12 1 1 9 12 1 10 12 1 10 12 1 10 12 1 1 10 12 1 10 12 1 10 12 1 10 7 12 1 1 1 10 12 1 10 12 1 1 8 1 10 12 1 1 7 1 10 12 1 7 1 10 10 12 1 10 12 1 10 12 1 10 7 12 1 1 1 10 12 1 1 7 1 10 12 1 10 12 1 7 1 10 12 1 10 12 1 1 10 12 1 1 10 12 1 8 10 7 12 1 1 1 10 12 1 10 12 1 10 12 1 1 10 12 1 9 7 12 1 1 1 7 1 10 12 1 10 7 12 1 1 1 10 12 1 10 12 1 1 9 12 1 1 7 1 10 8 1 10 12 1 1 10 12 1 1 8 1 10 12 1 10 12 1 10 10 12 1 10 12 1 10 12 1 10 12 1 10 12 1 1 10 12 1 10 12 1 1 10 12 1 10 12 1 1 10 10 7 12 1 1 1 10 12 1 10 12 1 1 10 12 1 10 12 1 1 8 1 9 7 12 1 1 1 8 1 9 12 1 9 12 1 8 1 9 12 1 9 12 1 8 1 9 12 1 9 12 1 8 1 10 12 1 10 12 1 1 9 12 1 1 7 1 10 12 1 1 7 1 10 7 12 1 1 1 10 12 1 1 10 12 1 10 12 1 1 7 1 10 12 1 1 10 12 1 10 12 1 1 7 1 10 12 1 1 10 12 1 10 7 12 1 1 1 10 12 1 10 12 1 1 10 12 1 9 12 1 1 10 7 1 9 12 9 12 1 10 7 12 1 1 1 10 12 1 7 1 7 1 7 1 9 12 1 1 10 7 12 1 1 1 10 12 10 12 1 100 1 10 12 1 10 12 1 1 8 1 9 12 1 9 12 1 10 12 1 1 9 12 1 1 10 100 12 1 1 1 9 12 1 1 9 12 1 1 10 12 1 10 12 1 10 12 1 10 12 1 1 10 12 1 9 12 1 10 12 1 10 12 1 10 12 1 10 12 1 1 10 12 1 1 9 12 1 1 10 12 1 1 9 7 12 1 1 1 9 12 1 9 12 1 9 12 1 9 12 1 9 12 1 9 12 1 9 12 1 9 12 1 9 12 1 9 12 1 9 12 1 9 12 1 9 12 1 9 12 1 9 12 1 9 12 1 9 12 1 9 12 1 9 12 1 9 12 1 9 12 1 9 12 1 9 12 1 9 12 1 9 12 1 9 12 1 9 12 1 9 12 1 9 12 1 9 12 1 9 12 1 9 12 1 9 12 1 9 12 1 9 12 1 9 12 1 8 1 9 12 1 1 9 12 1 1 10 12 1 10 12 1 1 9 7 1 10 12 1 9 12 1 1 10 12 10 12 1 10 12 1 10 12 1 10 12 1 10 8 1 8 1 8 1 8 1 10 12 1 1 9 12 1 1 10 12 1 10 100 12 1 1 1 8 9 12 1 1 10 12 1 1 8 1 8 8 9 12 1 8 1 8 8 8 8 8 1 8 10 12 1 7 1 10 12 1 8 1 8 1 10 12 1 10 12 1 10 12 1 10 12 1 1 7 1 1 1 1 3 1 3 1 3 1 3 1 3 1 3 1 3 1 3 1 3 1 3 1 1 1 1 1 1 1 1 1 1 3 1 3 1 1 1 1 3 1 1 1 1 1 1 1 1 1 1 1 1 1 1 1 1 1 1 1 1 1 1 1 1 1 1 1 1 1 1 1 1 1 1 1 1 1 1 1 1 1 1 1 1 1 1 1 1 1 1 1 1 1 1 1 1 1 100 1 1 1 1 1 1 1 1 1 100 1 1 1 1 1 1 1 1 1 1 1 1 1 1 1 1 1 1 1 1 1 1 1 1 1 1 1 1 1 1 1 1 1 1 1 1 1 1 1 1 1 1 1 1 1 1 1 1 1 1 1 1
staticfield java/lang/invoke/DirectMethodHandle IMPL_NAMES Ljava/lang/invoke/MemberName$Factory; java/lang/invoke/MemberName$Factory
staticfield java/lang/invoke/DirectMethodHandle FT_UNCHECKED_REF I 8
staticfield java/lang/invoke/DirectMethodHandle ACCESSOR_FORMS [Ljava/lang/invoke/LambdaForm; 132 [Ljava/lang/invoke/LambdaForm;
staticfield java/lang/invoke/DirectMethodHandle ALL_WRAPPERS [Lsun/invoke/util/Wrapper; 10 [Lsun/invoke/util/Wrapper;
staticfield java/lang/invoke/DirectMethodHandle NFS [Ljava/lang/invoke/LambdaForm$NamedFunction; 12 [Ljava/lang/invoke/LambdaForm$NamedFunction;
staticfield java/lang/invoke/DirectMethodHandle OBJ_OBJ_TYPE Ljava/lang/invoke/MethodType; java/lang/invoke/MethodType
staticfield java/lang/invoke/DirectMethodHandle LONG_OBJ_TYPE Ljava/lang/invoke/MethodType; java/lang/invoke/MethodType
staticfield java/lang/invoke/DirectMethodHandle $assertionsDisabled Z 1
ciInstanceKlass java/lang/invoke/MutableCallSite 0 0 63 10 100 12 1 1 1 10 12 1 9 100 12 1 1 1 10 12 1 10 12 1 1 9 12 1 1 10 100 12 1 1 1 10 100 12 1 1 1 10 12 1 1 1 1 1 1 1 1 1 1 1 1 1 1 1 1 1 1 100 1 1 1
ciInstanceKlass java/lang/invoke/VolatileCallSite 0 0 37 10 100 12 1 1 1 10 12 1 10 100 12 1 1 1 10 12 1 10 12 1 1 1 1 1 1 1 1 1 1 1 1 1 1 1 1
ciInstanceKlass java/lang/invoke/ResolvedMethodName 1 1 16 10 100 12 1 1 1 100 1 1 1 1 1 1 1 1
ciInstanceKlass java/lang/invoke/MethodHandleNatives 1 1 690 100 1 10 7 12 1 1 1 9 7 12 1 1 1 10 12 1 1 100 1 10 10 12 1 1 10 12 1 10 12 1 8 1 8 1 8 1 8 1 8 1 8 1 8 1 8 1 8 1 8 1 10 12 1 1 7 1 10 7 12 1 1 1 10 7 12 1 1 1 7 1 10 10 12 1 1 8 1 10 12 1 8 1 10 12 1 1 8 1 10 12 1 1 9 7 12 1 1 1 8 1 10 100 12 1 1 1 7 1 10 12 100 1 100 1 8 1 7 1 10 10 12 1 7 1 9 7 12 1 1 10 12 1 1 10 12 1 10 7 12 1 1 1 10 12 1 1 9 12 1 8 1 10 12 1 1 10 12 1 8 1 10 12 1 1 7 1 10 12 1 10 7 12 1 1 1 10 12 1 10 12 1 1 10 12 1 1 8 1 10 12 1 1 8 1 10 12 1 8 1 8 1 8 1 7 1 10 12 1 8 1 10 7 12 1 1 1 10 12 1 1 10 7 12 1 1 10 10 12 1 1 10 12 1 10 100 12 1 1 1 100 1 8 1 10 100 12 1 1 1 7 1 8 1 10 12 1 8 1 8 1 8 1 8 1 8 1 10 12 1 1 10 12 1 1 10 12 1 10 12 1 1 10 12 1 1 7 1 10 12 1 7 1 7 1 10 12 1 10 12 1 8 1 8 1 10 10 12 1 1 10 12 1 1 8 1 10 7 12 1 1 8 1 8 1 10 12 1 1 10 7 12 1 1 1 100 1 10 12 1 1 7 1 9 12 1 1 10 7 12 1 1 1 10 10 12 1 9 12 1 10 12 1 9 12 1 9 12 1 10 12 1 1 10 12 1 10 12 1 1 7 1 7 1 10 12 1 1 10 12 1 10 12 1 1 10 7 12 1 1 1 10 12 1 8 1 10 12 1 10 12 1 10 12 1 1 10 12 1 10 7 12 1 1 1 10 12 1 1 100 1 8 1 10 9 7 12 1 1 1 10 12 1 1 10 12 1 1 7 1 10 12 1 1 10 12 1 1 100 1 100 1 10 10 100 1 100 1 10 100 1 10 10 12 1 1 10 7 1 10 12 1 10 12 1 1 10 12 1 1 10 12 1 1 10 12 1 10 12 1 1 10 8 1 10 12 1 10 12 1 10 12 1 10 12 1 10 12 1 1 10 12 1 10 12 1 10 12 1 10 10 7 12 1 1 10 12 1 1 1 1 1 1 1 1 1 1 1 1 1 7 1 1 1 1 1 1 1 1 1 1 1 1 1 1 1 1 1 1 1 1 1 1 1 1 1 1 1 1 1 1 1 1 1 1 1 1 1 1 1 1 1 1 1 1 1 1 1 1 1 1 1 1 1 1 1 1 1 1 1 1 1 1 1 1 1 100 1 1 1 1 1 1 1 1 1 1 1 1 1 1 1 1 1 1 1 1 1 1 1 1 1 1 1 1 1 1 1 1 1 100 1 1 1 1 1 1 1 1 1 1 1 1 1 1 1 1 1 1 1 1 1 1 1 1 1 1 7 1 1 1 1 1 1 1 100 1 1 1
staticfield java/lang/invoke/MethodHandleNatives $assertionsDisabled Z 1
ciInstanceKlass java/lang/invoke/MethodHandleNatives$CallSiteContext 1 1 49 10 7 12 1 1 1 7 1 10 10 7 12 1 1 1 10 7 12 1 1 1 10 7 12 1 1 1 100 1 1 1 1 1 1 1 1 1 1 1 1 1 1 1 1 1 100 1 1
ciInstanceKlass jdk/internal/foreign/abi/NativeEntryPoint 0 0 194 10 7 12 1 1 1 9 7 12 1 1 1 9 12 1 1 100 1 8 1 10 12 1 10 12 1 1 100 1 10 100 12 1 1 1 10 12 1 9 12 1 1 18 12 1 1 10 100 12 1 1 1 10 7 12 1 1 1 9 7 12 1 1 1 7 1 10 8 1 10 12 1 1 10 12 1 10 12 1 1 8 1 10 12 1 1 7 1 8 1 10 12 1 10 12 1 1 10 12 1 9 12 1 1 18 12 1 1 10 100 12 1 1 1 10 12 1 1 10 12 1 10 100 12 1 1 1 10 1 1 1 1 1 1 1 1 1 1 1 1 1 1 1 1 1 1 1 1 1 1 1 1 1 1 1 1 1 1 1 1 1 1 1 1 1 16 1 15 10 12 16 1 16 15 10 12 15 10 100 12 1 1 1 1 1 100 1 1 100 1 100 1 1
ciInstanceKlass jdk/internal/foreign/abi/ABIDescriptor 0 0 55 10 100 12 1 1 1 9 100 12 1 1 1 9 12 1 1 9 12 1 9 12 1 9 12 1 1 9 12 1 9 12 1 1 9 12 1 9 12 1 9 12 1 9 12 1 1 1 1 1 1 1 1 1 1
ciInstanceKlass jdk/internal/foreign/abi/VMStorage 0 0 91 10 7 12 1 1 1 9 7 12 1 1 1 9 12 1 1 9 12 1 1 9 12 1 1 7 1 10 8 1 10 12 1 1 10 12 1 10 12 1 1 10 12 1 18 12 1 18 12 1 1 18 12 1 1 1 1 1 1 1 1 1 1 1 1 1 1 1 1 1 1 1 8 1 15 15 15 15 15 10 100 12 1 1 1 1 100 1 100 1 1
ciInstanceKlass jdk/internal/foreign/abi/UpcallLinker$CallRegs 0 0 66 10 7 12 1 1 1 9 7 12 1 1 1 9 12 1 18 12 1 1 18 12 1 1 18 12 1 1 1 1 1 1 1 1 1 1 1 1 1 1 1 1 1 1 100 1 1 1 8 1 15 15 15 10 100 12 1 1 1 1 1 100 1 100 1 1
ciInstanceKlass java/lang/StackWalker 1 1 271 9 7 12 1 1 1 7 1 10 7 12 1 1 1 10 12 1 1 10 7 12 1 1 1 10 12 1 1 10 12 1 11 7 12 1 1 1 10 12 1 1 10 12 1 1 10 12 1 1 100 1 8 1 10 12 1 10 12 1 10 12 1 10 7 12 1 1 9 12 1 1 9 12 1 1 9 12 1 1 9 12 1 1 10 12 1 1 9 12 1 1 9 12 1 1 9 12 1 1 10 7 12 1 1 1 11 12 1 1 100 1 8 1 10 10 7 12 1 1 9 12 1 1 10 12 1 1 10 7 12 1 1 1 10 7 12 1 1 1 18 12 1 1 100 1 8 1 10 8 1 10 12 1 1 10 100 12 1 1 1 10 12 1 1 9 7 12 1 1 11 100 12 1 1 1 10 12 1 1 1 1 1 1 1 1 1 1 1 1 1 1 1 1 1 1 1 1 1 1 1 1 1 1 1 1 1 1 1 1 1 1 1 1 1 1 1 1 1 1 1 1 1 1 1 1 1 1 1 1 1 1 1 1 1 1 1 1 1 1 1 1 1 1 7 1 1 16 15 10 12 16 1 15 10 100 12 1 1 1 1 1 1 1 1 1 100 1 100 1 1
staticfield java/lang/StackWalker DEFAULT_EMPTY_OPTION Ljava/util/EnumSet; java/util/RegularEnumSet
staticfield java/lang/StackWalker DEFAULT_WALKER Ljava/lang/StackWalker; java/lang/StackWalker
ciInstanceKlass java/lang/StackWalker$StackFrame 1 1 41 100 1 10 12 1 1 100 1 100 1 1 1 1 1 1 1 1 1 1 1 1 1 1 1 1 1 1 1 1 1 1 1 1 1 1 1 100 1 1 1
instanceKlass java/lang/LiveStackFrameInfo
ciInstanceKlass java/lang/StackFrameInfo 1 1 142 10 7 12 1 1 1 9 7 12 1 1 1 9 7 1 9 12 1 1 11 7 12 1 1 1 9 12 1 1 11 12 1 1 10 12 1 1 10 7 12 1 1 1 10 12 1 11 12 1 11 12 1 1 11 12 1 10 12 1 1 9 12 1 1 10 12 1 1 10 7 12 1 1 10 12 1 1 11 12 1 1 9 12 1 1 10 7 1 10 12 1 9 12 1 1 10 12 1 1 100 1 8 1 10 12 1 10 7 12 1 1 1 7 1 1 1 1 1 1 1 1 1 1 1 1 1 1 1 1 1 1 7 1 1 7 1 1 1 1 1 1
staticfield java/lang/StackFrameInfo JLIA Ljdk/internal/access/JavaLangInvokeAccess; java/lang/invoke/MethodHandleImpl$1
ciInstanceKlass java/lang/LiveStackFrameInfo 0 0 97 10 7 12 1 1 1 9 7 12 1 1 1 9 12 1 9 12 1 9 12 1 9 12 1 1 7 1 10 12 1 1 10 12 1 8 1 10 12 1 1 8 1 8 1 8 1 10 100 1 10 12 1 100 1 10 12 1 7 1 7 1 1 1 3 1 3 1 1 1 1 1 1 1 1 1 1 1 1 1 1 1 1 1 1 1 1 1 1 1 1 1 1 1 100 1 1
ciInstanceKlass java/lang/LiveStackFrame 0 0 135 100 1 10 100 12 1 1 1 11 7 12 1 1 1 11 12 1 10 7 12 1 1 1 100 1 8 1 10 12 1 1 10 7 12 1 1 1 9 100 12 1 1 1 10 7 12 1 1 1 10 7 12 1 1 1 11 12 1 10 12 1 7 1 7 1 1 1 1 1 1 1 1 1 1 1 1 1 1 1 1 1 1 1 1 1 1 1 1 1 1 1 1 100 1 1 1 1 1 1 1 100 1 8 1 1 12 10 1 1 1 8 1 1 1 8 1 1 1 8 1 1 1 8 1 1 8 1 1 1 8 1 1 8 1
instanceKlass java/lang/StackStreamFactory$StackFrameTraverser
ciInstanceKlass java/lang/StackStreamFactory$AbstractStackWalker 1 1 375 7 1 7 1 3 10 7 12 1 1 1 10 7 12 1 1 10 7 12 1 1 1 9 12 1 1 10 12 1 1 9 12 1 1 9 12 1 1 9 12 1 1 9 12 1 10 7 12 1 1 1 10 12 1 1 10 7 12 1 1 9 12 1 1 9 12 1 1 10 12 1 1 9 7 12 1 1 1 10 12 1 1 10 12 1 9 12 1 1 10 7 12 1 1 1 10 12 1 1 9 12 1 1 9 7 12 1 1 1 7 1 10 8 1 10 12 1 1 10 12 1 8 1 10 12 1 1 10 100 12 1 1 1 100 1 8 1 10 12 1 8 1 10 12 10 7 12 1 1 9 12 1 8 1 5 0 8 1 8 1 9 12 1 1 10 12 1 1 18 12 1 1 10 7 12 1 1 1 10 12 1 1 10 12 1 10 12 1 9 12 1 10 12 1 10 12 1 10 12 1 10 12 1 10 12 1 10 12 1 1 8 1 10 12 1 10 12 1 10 12 1 10 12 1 1 8 1 10 12 1 1 10 12 1 1 10 12 1 1 10 12 1 10 12 1 10 7 12 1 1 1 10 12 1 10 12 1 9 12 1 8 1 10 12 1 10 12 1 10 12 1 1 10 12 1 10 12 1 10 12 1 1 10 12 1 10 12 1 10 12 1 10 12 1 10 12 1 10 12 1 1 10 12 1 1 10 12 1 8 1 1 1 1 1 1 1 1 1 1 1 1 1 7 1 1 1 1 1 1 1 7 1 1 1 1 7 1 1 1 1 1 1 1 1 1 1 1 1 1 1 1 1 1 1 1 16 15 15 10 100 12 1 1 1 1 1 1 1 1 100 1 100 1 1
ciInstanceKlass jdk/internal/module/Modules 1 1 504 10 7 12 1 1 1 9 7 12 1 1 1 11 7 12 1 1 1 11 12 1 1 11 12 1 1 11 12 1 1 11 12 1 11 12 1 11 12 1 11 12 1 11 12 1 1 10 7 12 1 1 1 10 100 12 1 1 1 18 12 1 1 10 7 12 1 1 1 7 1 10 7 12 1 1 1 10 100 12 1 1 1 10 100 12 1 1 10 12 1 1 11 12 1 9 12 1 1 11 7 12 1 1 1 10 12 1 1 10 10 12 1 10 9 12 1 1 10 7 12 1 1 10 12 1 1 10 100 12 1 1 100 1 11 100 12 1 1 1 10 100 12 1 1 1 11 100 12 1 1 10 12 1 1 10 100 12 1 1 10 100 12 1 1 1 10 12 1 1 10 12 1 1 11 12 1 1 18 12 1 1 11 100 12 1 1 10 100 12 1 1 1 11 100 12 1 1 1 7 1 11 12 1 1 11 7 12 1 1 1 11 12 1 1 10 12 1 1 10 100 12 1 1 18 12 1 1 11 12 1 1 18 12 1 1 11 12 1 1 10 12 1 18 18 10 12 1 1 9 12 1 1 11 7 12 1 1 1 100 1 10 11 12 1 11 12 1 1 11 12 1 1 10 100 1 10 12 1 1 10 100 12 1 1 10 12 1 1 11 12 10 12 1 1 7 1 10 18 12 1 10 12 1 1 7 1 8 1 10 12 1 10 100 12 1 1 18 12 1 11 11 12 10 12 1 10 10 100 1 18 12 1 10 10 10 7 12 1 1 10 7 12 1 1 1 10 12 1 1 1 1 1 1 1 1 1 1 1 1 1 1 1 1 1 1 1 1 1 1 1 1 1 1 1 1 1 1 1 1 1 100 1 1 1 1 1 1 1 1 1 1 1 1 1 1 1 1 1 1 1 1 1 1 1 1 1 1 1 1 1 1 1 1 1 1 1 7 1 1 1 1 1 1 1 1 1 1 1 1 1 1 1 1 1 1 1 1 1 1 1 16 15 10 12 1 16 16 15 10 12 1 16 1 16 1 15 10 12 1 16 1 16 1 15 10 12 16 1 15 10 16 1 15 10 12 16 1 15 10 12 16 15 10 12 16 15 10 12 15 10 100 12 1 1 1 1 1 1 100 1 100 1 1
staticfield jdk/internal/module/Modules JLA Ljdk/internal/access/JavaLangAccess; java/lang/System$2
staticfield jdk/internal/module/Modules JLMA Ljdk/internal/access/JavaLangModuleAccess; java/lang/module/ModuleDescriptor$1
staticfield jdk/internal/module/Modules $assertionsDisabled Z 1
ciInstanceKlass java/util/ArrayList 1 1 509 10 7 12 1 1 1 7 1 9 7 12 1 1 1 9 12 1 100 1 7 1 10 8 1 10 12 1 1 10 12 1 10 12 1 1 10 12 1 9 12 1 11 7 12 1 1 1 9 12 1 1 11 12 1 1 7 10 7 12 1 1 1 9 12 1 10 12 1 10 12 1 1 10 7 12 1 1 1 10 7 12 1 1 1 10 12 1 1 10 12 1 1 10 12 1 1 10 12 1 10 12 1 1 100 1 7 1 10 12 1 10 10 7 12 1 1 1 10 7 12 1 1 10 12 1 100 1 10 10 12 10 12 1 1 10 12 1 1 10 12 1 10 12 10 12 1 1 7 1 10 12 1 1 10 12 1 1 10 12 1 100 1 10 11 12 1 1 11 7 12 1 1 1 11 12 1 10 12 1 10 12 1 10 12 1 1 100 1 10 12 1 1 10 10 12 1 1 10 12 1 8 1 8 1 8 1 8 1 10 12 1 1 10 12 1 1 11 12 1 7 1 10 100 12 1 1 10 12 1 10 12 1 1 10 100 12 1 1 10 12 1 10 100 12 1 1 1 11 100 12 1 1 1 10 12 1 100 1 8 1 10 7 1 10 12 1 7 1 10 12 1 10 12 1 1 7 1 10 12 1 10 12 1 1 11 7 12 1 1 7 1 10 12 1 10 12 1 1 11 100 12 1 1 10 12 1 1 10 12 1 1 10 12 1 1 10 12 1 1 11 100 12 1 1 10 12 1 1 7 1 7 1 7 1 1 1 1 5 0 1 3 1 1 1 1 1 1 1 1 1 1 1 1 1 1 1 1 1 1 1 1 1 1 1 1 1 1 1 1 1 1 1 1 1 1 1 1 1 1 1 1 1 1 1 1 1 1 1 1 1 1 1 1 1 1 1 1 1 1 1 1 1 1 1 1 1 1 1 1 1 1 1 1 1 1 1 1 1 1 1 1 1 1 1 1 1 1 1 1 1 1 1 1 1 1 1 1 1 1 1 1 1 1 1 1 100 1 1 1 1 7 1 1 1 1 1 1 1 1 1 1 1 1 1 1 1 1 1 1 1 1 1 1 1 1 1 1 1 1 1 100 1 1 1 1 1 1 1 1 1 1 1 1 1 1 1 1 1 1 100 1 100 1 1 1 1 1 1
staticfield java/util/ArrayList EMPTY_ELEMENTDATA [Ljava/lang/Object; 0 [Ljava/lang/Object;
staticfield java/util/ArrayList DEFAULTCAPACITY_EMPTY_ELEMENTDATA [Ljava/lang/Object; 0 [Ljava/lang/Object;
ciInstanceKlass java/util/RandomAccess 1 0 7 100 1 100 1 1 1
ciMethod java/util/ArrayList toArray ([Ljava/lang/Object;)[Ljava/lang/Object; 40 0 2065 0 -1
ciMethod java/util/ArrayList addAll (Ljava/util/Collection;)Z 16 0 207 0 -1
ciMethod java/util/ArrayList <init> ()V 418 0 2401 0 -1
ciMethod java/util/ArrayList <init> (I)V 24 0 2735 0 -1
instanceKlass java/nio/MappedByteBuffer
instanceKlass java/nio/HeapByteBuffer
ciInstanceKlass java/nio/ByteBuffer 1 1 446 10 7 12 1 1 1 9 7 12 1 1 1 10 7 12 1 1 1 9 12 1 1 9 12 1 9 12 1 1 9 12 1 1 10 12 1 10 12 1 7 1 10 12 1 10 12 1 1 7 1 10 12 1 10 12 1 100 1 100 1 10 12 1 10 12 1 1 10 100 12 1 1 1 10 12 1 1 10 12 1 100 1 10 10 12 1 1 10 12 1 10 12 1 10 12 100 1 5 0 9 12 1 1 9 12 1 9 12 1 1 10 12 1 1 10 12 1 1 10 7 12 1 1 1 10 7 12 1 1 1 10 12 1 10 12 1 1 10 12 1 1 100 1 10 100 1 10 10 12 1 1 9 12 1 10 12 1 100 1 10 10 12 1 10 12 1 10 12 10 12 1 9 12 100 1 10 10 12 1 10 12 10 12 1 1 10 12 1 10 12 1 10 12 1 10 12 1 7 1 10 10 7 12 1 1 1 10 7 12 1 1 1 10 12 1 1 8 1 10 12 1 8 1 8 1 10 12 1 8 1 10 12 1 10 100 12 1 1 1 10 100 12 1 1 1 10 12 1 1 10 7 1 9 12 1 8 1 10 12 1 8 1 8 1 10 10 12 1 10 12 1 1 10 12 1 1 10 12 10 12 1 1 10 12 10 12 10 12 10 12 10 12 10 12 10 12 1 1 10 12 1 9 12 1 1 7 10 7 12 1 1 1 7 1 1 1 1 1 1 1 1 1 1 1 1 100 1 1 1 1 1 1 1 1 1 1 1 1 1 1 1 1 1 1 1 1 1 7 1 1 1 1 1 1 1 1 1 1 1 1 1 1 1 1 1 1 1 1 1 1 1 1 1 1 1 1 1 1 1 1 1 1 1 1 1 1 1 1 1 1 1 1 1 1 1 1 1 1 1 1 1 1 1 1 1 1 1 1 1 1 1 1 1 1 1 1 1 1 1 1 1 1 1 1 1 1 1 1 1 1 1 1 1 1 1 1 1 1 1 1 1 1 1 100 1
staticfield java/nio/ByteBuffer ARRAY_BASE_OFFSET J 16
staticfield java/nio/ByteBuffer $assertionsDisabled Z 1
ciInstanceKlass java/util/function/Function 1 1 77 10 7 12 1 1 1 18 12 1 1 18 18 12 1 11 7 12 1 7 1 1 1 1 1 1 1 1 1 1 1 1 1 1 1 1 1 1 1 1 1 1 1 1 1 1 1 1 1 1 1 1 1 1 16 15 11 12 15 11 12 15 11 12 15 10 7 12 1 1 1 1 100 1 100 1 1
ciInstanceKlass java/util/Optional 1 1 187 9 7 12 1 1 1 10 7 12 1 1 1 9 12 1 1 10 7 12 1 1 1 10 12 1 100 1 8 1 10 12 1 11 7 12 1 1 11 7 12 1 1 10 12 1 1 11 7 12 1 1 1 10 12 1 1 11 7 12 1 1 10 12 1 1 10 12 1 11 7 12 1 1 1 11 7 12 1 1 11 12 1 1 7 1 10 12 1 1 10 12 1 1 7 1 10 8 1 10 12 1 1 10 12 1 8 1 10 12 1 1 8 1 1 1 1 1 1 1 1 1 1 1 1 1 1 1 1 1 1 1 1 1 1 1 1 1 1 1 1 1 1 1 1 1 1 1 1 1 1 1 1 1 1 1 1 1 1 1 1 1 1 1 1 1 1 1 1 1 1 1 1 1 1 1 1 1 1 7 1 1 1 1 1 1 1
staticfield java/util/Optional EMPTY Ljava/util/Optional; java/util/Optional
ciMethod java/util/Optional get ()Ljava/lang/Object; 34 0 15 0 -1
ciMethod java/util/Optional orElse (Ljava/lang/Object;)Ljava/lang/Object; 874 0 3720 0 -1
ciInstanceKlass jdk/internal/loader/BootLoader 1 1 258 10 7 12 1 1 1 9 7 12 1 1 1 10 7 12 1 1 1 10 7 12 1 1 1 9 12 1 1 9 12 1 1 10 7 12 1 1 1 10 12 1 1 9 12 1 1 11 7 12 1 1 1 10 12 1 10 7 12 1 1 1 10 7 12 1 1 1 10 12 1 1 10 7 12 1 1 1 100 1 10 12 1 10 7 12 1 1 1 10 12 1 1 10 12 1 1 10 12 1 10 12 1 1 10 12 1 1 10 12 1 1 10 10 7 12 1 1 1 10 12 1 1 10 12 1 10 7 12 1 1 1 10 12 1 1 10 100 12 1 1 1 18 12 1 1 11 100 12 1 1 1 10 7 12 1 1 1 10 7 12 1 1 9 12 1 1 11 12 1 1 11 12 1 1 10 12 1 1 7 1 10 10 12 1 1 1 1 1 1 1 1 1 1 1 1 1 1 1 1 1 1 1 1 1 1 1 1 1 1 1 1 1 100 1 1 1 1 1 1 1 1 100 1 1 1 1 1 1 1 1 1 1 100 1 100 1 1 16 1 15 10 12 16 15 10 100 12 1 1 1 1 1 100 1 100 1 1
staticfield jdk/internal/loader/BootLoader JLA Ljdk/internal/access/JavaLangAccess; java/lang/System$2
staticfield jdk/internal/loader/BootLoader UNNAMED_MODULE Ljava/lang/Module; java/lang/Module
staticfield jdk/internal/loader/BootLoader JAVA_HOME Ljava/lang/String; "C:\Program Files\Java\jdk-21"
staticfield jdk/internal/loader/BootLoader CLASS_LOADER_VALUE_MAP Ljava/util/concurrent/ConcurrentHashMap; java/util/concurrent/ConcurrentHashMap
staticfield jdk/internal/loader/BootLoader NATIVE_LIBS Ljdk/internal/loader/NativeLibraries; jdk/internal/loader/NativeLibraries
ciMethod jdk/internal/loader/BootLoader getUnnamedModule ()Ljava/lang/Module; 0 0 1 0 -1
ciInstanceKlass java/security/PrivilegedAction 1 0 14 100 1 100 1 1 1 1 1 1 1 1 1 1
ciInstanceKlass java/lang/module/ModuleDescriptor 1 1 516 10 7 12 1 1 1 9 7 12 1 1 1 100 1 10 9 12 1 1 9 12 1 1 9 12 1 11 7 12 1 1 1 9 12 1 1 9 7 12 1 1 1 11 12 1 1 9 12 1 9 12 1 9 12 1 11 12 1 1 18 12 1 1 11 100 12 1 1 1 11 12 1 11 12 1 1 11 12 1 1 9 12 1 9 12 1 9 12 1 9 12 1 9 12 1 9 12 1 9 12 1 9 12 1 1 11 12 1 1 11 7 12 1 1 1 11 12 1 1 10 12 1 9 100 12 1 1 1 10 100 12 1 1 1 10 7 12 1 1 1 10 100 12 1 1 1 10 12 1 7 1 10 10 12 10 12 1 1 8 1 10 12 1 10 10 7 12 1 1 1 10 12 1 1 10 12 1 10 12 1 1 10 7 12 1 1 10 12 1 10 12 1 11 10 100 12 1 1 10 12 1 10 12 1 1 11 10 12 1 10 12 1 8 1 8 1 10 12 1 11 12 1 8 1 8 1 8 1 8 1 8 1 8 1 7 1 10 12 1 100 1 8 1 10 12 1 7 1 10 12 1 11 12 11 12 1 10 12 1 1 100 1 10 100 12 1 1 1 10 100 12 1 1 1 10 12 1 10 12 1 1 8 1 10 12 1 1 18 11 12 1 11 12 1 1 8 1 10 100 12 1 1 1 11 12 1 1 11 7 1 7 1 10 7 1 11 12 11 12 1 1 10 100 12 1 1 1 10 12 1 10 12 1 10 12 1 10 9 100 12 1 1 1 10 12 1 1 10 7 12 1 1 7 1 10 10 7 12 1 1 1 1 1 1 1 1 1 1 1 1 1 1 1 1 1 1 1 1 1 1 1 1 1 1 1 1 1 1 1 1 1 1 1 1 1 1 1 1 1 1 1 1 1 1 1 1 1 1 1 1 1 1 1 1 1 1 1 1 1 100 1 1 1 1 1 1 1 1 1 1 1 1 1 1 1 1 1 1 1 1 1 1 1 1 1 1 1 1 1 1 1 1 1 1 1 1 1 1 1 1 1 1 1 1 1 1 1 1 1 100 1 100 1 100 1 100 1 100 1 100 1 100 1 1 16 15 10 16 1 15 10 12 16 15 10 100 12 1 1 1 1 1 1 1 1 1 1 1 1 1 100 1 100 1 1
staticfield java/lang/module/ModuleDescriptor $assertionsDisabled Z 1
ciInstanceKlass java/lang/annotation/Annotation 1 0 17 100 1 100 1 1 1 1 1 1 1 1 1 1 1 1 1
instanceKlass org/springframework/util/LinkedCaseInsensitiveMap$1
instanceKlass com/fasterxml/classmate/util/LRUTypeCache$CacheMap
instanceKlass org/springframework/core/annotation/AnnotationAttributes
instanceKlass ch/qos/logback/classic/pattern/NamedConverter$NameCache
instanceKlass org/springframework/core/type/classreading/CachingMetadataReaderFactory$LocalResourceCache
instanceKlass org/springframework/boot/test/context/AnnotatedClassFinder$Cache
instanceKlass org/springframework/test/context/cache/DefaultContextCache$LruCache
ciInstanceKlass java/util/LinkedHashMap 1 1 386 9 7 12 1 1 1 9 12 1 1 9 12 1 9 7 12 1 1 9 12 1 10 7 12 1 1 1 10 12 1 1 10 12 1 1 9 12 1 9 12 1 1 9 12 1 10 12 1 1 100 1 10 10 12 1 1 10 12 1 10 12 1 1 9 12 1 1 9 12 1 10 12 1 1 10 100 12 1 1 1 10 12 1 10 12 1 10 12 10 12 1 1 10 7 12 1 1 1 10 12 1 1 10 12 1 1 9 7 1 10 12 1 10 12 1 1 9 12 1 1 7 1 10 12 1 7 1 100 1 10 10 12 1 1 10 12 1 1 9 12 1 1 7 1 10 7 1 10 12 1 9 12 1 7 1 10 100 1 10 11 7 12 1 1 1 100 1 10 11 7 12 1 1 100 1 7 1 10 8 1 10 12 1 1 10 12 1 10 12 1 1 10 12 1 10 12 1 1 10 100 1 10 12 1 7 1 1 1 1 5 0 1 1 1 3 1 3 1 3 1 1 1 1 1 1 1 1 1 1 1 1 1 1 1 1 1 1 1 1 1 1 1 1 1 1 1 1 1 1 1 1 1 1 1 1 1 1 1 1 1 1 1 1 1 1 1 7 1 1 1 1 1 1 1 1 100 1 1 1 1 1 1 1 1 1 1 1 1 1 1 1 1 1 1 1 1 1 1 1 1 1 1 1 1 100 1 1 1 1 1 1 1 1 1 1 1 1 1 1 100 1 1 1 1 1 1 1 1 1 7 1 1 1 1 1 1 1 1 1 1 1 1 1 1 1 1 1 1 1 1 1 1 1 1 1 1 1 1 1 1 1 100 1 100 1 100 1 100 1 1 1 1 1 100 1 7 1 1 1 1 1 1 1 1 1
ciInstanceKlass java/util/SequencedMap 1 1 157 11 7 12 1 1 1 11 100 12 1 1 1 11 7 12 1 1 1 100 1 11 12 1 1 100 1 10 12 1 1 11 12 1 1 11 12 1 1 100 1 10 12 100 1 10 12 1 100 1 10 100 1 10 7 1 7 1 1 1 1 1 1 1 1 1 1 1 1 1 1 1 1 1 1 1 1 1 1 1 1 1 1 1 1 1 1 1 1 1 1 1 1 1 1 1 1 1 1 1 1 1 1 1 1 1 1 100 1 8 1 1 12 10 1 1 1 8 1 1 1 8 1 1 8 1 1 1 8 1 1 1 8 1 1 1 8 1 1 1 8 1 1 1 8 1 1 1 8 1 1 1 8 1 1 8 1
ciMethod java/util/Map computeIfAbsent (Ljava/lang/Object;Ljava/util/function/Function;)Ljava/lang/Object; 0 0 1 0 -1
ciMethod java/util/LinkedHashMap get (Ljava/lang/Object;)Ljava/lang/Object; 512 0 5437 0 872
ciMethod java/util/LinkedHashMap afterNodeAccess (Ljava/util/HashMap$Node;)V 0 0 524 0 -1
ciInstanceKlass java/security/cert/Certificate 0 0 124 10 7 12 1 1 1 9 7 12 1 1 1 9 12 1 1 10 100 12 1 1 1 10 100 12 1 1 1 100 1 10 12 1 1 100 1 10 100 1 10 12 1 1 10 12 1 100 1 7 1 10 8 1 10 12 1 1 8 1 10 12 1 1 10 12 1 10 12 1 7 1 1 1 1 5 0 1 1 1 1 1 1 1 1 1 1 1 1 1 1 1 1 1 1 100 1 1 1 100 1 100 1 100 1 100 1 1 1 1 1 1 1 1 1 1 1 100 1 1 1 1 1 1
ciInstanceKlass java/lang/ModuleLayer 1 1 559 10 7 12 1 1 1 9 7 12 1 1 1 9 12 1 1 11 7 12 1 1 1 11 7 12 1 1 1 10 7 12 1 1 1 9 12 1 1 11 12 1 10 12 1 1 10 7 12 1 1 1 10 12 1 10 12 1 11 12 1 1 10 12 1 1 10 12 1 10 12 1 100 1 10 7 12 1 1 1 10 12 1 10 12 1 1 18 12 1 1 10 12 1 10 12 1 100 1 100 1 100 1 10 7 12 1 1 1 10 12 1 100 1 10 12 1 10 7 12 1 1 1 18 12 1 10 12 1 10 12 1 1 10 12 1 11 12 1 1 8 1 10 11 12 1 1 11 7 12 1 1 11 12 1 1 10 12 1 1 11 12 1 1 8 1 10 7 12 1 1 1 9 100 12 1 1 1 10 7 12 1 1 1 9 12 1 100 1 10 11 100 1 100 1 10 12 1 1 10 100 12 1 1 1 10 100 12 1 1 11 100 12 1 7 1 18 12 1 11 12 1 1 10 12 1 7 1 11 12 1 1 8 1 10 12 1 1 10 12 1 1 9 12 1 11 12 1 1 7 1 10 100 1 10 100 1 10 11 100 12 1 1 1 11 11 12 1 11 10 100 12 1 1 1 9 12 1 11 12 1 1 11 12 1 9 12 1 1 10 7 12 1 1 1 11 12 10 12 1 10 12 1 11 100 12 1 1 1 18 12 1 11 12 1 1 18 12 1 1 11 12 1 1 11 12 1 10 12 1 1 10 12 1 10 12 10 12 1 1 7 1 10 8 1 10 12 1 1 8 1 10 12 1 10 11 18 8 1 10 100 12 1 1 1 11 12 1 1 9 12 1 9 12 1 1 10 7 12 1 1 1 11 7 1 10 12 1 1 9 12 1 1 10 7 12 1 1 7 1 10 10 12 1 1 11 12 10 7 12 1 1 1 10 12 11 12 10 1 1 1 1 1 1 1 1 1 1 1 1 1 1 1 1 1 1 1 1 1 1 1 1 1 1 1 1 1 1 1 1 1 1 1 1 1 1 1 1 1 1 1 1 1 1 1 1 1 1 1 1 1 1 1 1 1 1 1 1 1 1 1 1 1 1 1 1 1 1 1 1 1 7 1 1 1 1 1 1 1 1 1 1 1 1 1 1 1 1 1 1 1 1 1 16 15 10 12 16 15 10 12 1 1 15 10 12 16 15 10 12 16 1 16 15 10 12 1 16 1 15 10 12 1 16 1 15 10 100 12 1 1 1 1 1 100 1 100 1 1
staticfield java/lang/ModuleLayer CLV Ljdk/internal/loader/ClassLoaderValue; jdk/internal/loader/ClassLoaderValue
ciMethod java/lang/ModuleLayer configuration ()Ljava/lang/module/Configuration; 16 0 8 0 -1
ciInstanceKlass sun/security/util/Debug 1 1 356 10 7 12 1 1 1 9 7 12 1 1 1 10 100 12 1 1 8 1 10 12 1 8 1 8 1 8 1 8 1 8 1 8 1 8 1 8 1 8 1 8 1 8 1 8 1 8 1 8 1 8 1 8 1 8 1 8 1 8 1 8 1 8 1 8 1 8 1 8 1 8 1 8 1 8 1 8 1 8 1 8 1 8 1 8 1 8 1 8 1 8 1 8 1 8 1 8 1 8 1 8 1 8 1 8 1 8 1 8 1 8 1 8 1 8 1 8 1 10 12 1 1 10 7 12 1 1 1 10 12 1 1 10 9 12 1 1 9 12 1 8 1 10 7 12 1 1 1 8 1 7 1 10 10 12 1 1 8 1 10 12 1 1 8 1 10 12 1 1 10 7 12 1 1 8 1 10 12 1 1 10 12 1 8 1 8 1 10 100 12 1 1 10 12 1 1 10 12 8 1 10 12 1 8 1 10 12 1 8 1 8 1 10 12 1 8 1 8 1 10 12 8 1 8 1 8 1 10 100 12 1 1 1 10 12 1 1 10 100 12 1 1 1 10 12 1 10 12 1 1 8 1 8 1 10 12 1 1 10 12 1 1 8 1 8 1 8 1 9 100 12 1 1 1 10 12 1 1 8 1 10 100 12 1 1 1 10 12 1 1 8 1 10 7 12 1 1 1 8 1 8 1 10 12 1 8 1 10 12 1 1 10 12 1 1 1 1 1 1 1 1 1 1 1 1 1 1 1 1 1 1 1 1 1 1 1 1 1 1 1 1 1 1 1 1 1 1 1 1 1 1 1 1 1 1
ciInstanceKlass java/security/SecureClassLoader$CodeSourceKey 1 1 77 10 7 12 1 1 1 9 7 12 1 1 1 10 7 12 1 1 1 10 7 12 1 1 1 10 7 12 1 1 1 10 12 1 1 18 12 1 1 1 1 1 1 1 1 1 1 1 1 1 1 1 1 1 1 1 1 7 1 1 1 8 15 15 10 100 12 1 1 1 1 1 100 1 100 1 1
ciMethod java/security/SecureClassLoader$CodeSourceKey <init> (Ljava/security/CodeSource;)V 512 0 2492 0 -1
ciInstanceKlass java/security/SecureClassLoader$1 1 1 95 9 7 12 1 1 1 10 7 12 1 1 1 9 7 12 1 1 1 10 7 12 1 1 1 7 1 10 12 1 9 7 12 1 1 1 7 1 10 8 1 10 12 1 1 10 12 1 10 12 1 1 10 100 12 1 1 1 8 1 10 12 1 1 7 1 1 1 1 1 1 1 1 1 1 1 1 1 1 1 100 1 1 1 1 1 1 1 12 1 1 1 1 1 1
ciMethod java/security/SecureClassLoader$1 <init> (Ljava/security/SecureClassLoader;)V 512 0 2492 0 -1
ciInstanceKlass java/util/function/BiFunction 1 1 65 10 100 12 1 1 1 18 12 1 1 11 7 12 1 1 11 100 12 1 7 1 1 1 1 1 1 1 1 1 1 1 1 1 1 1 1 1 1 1 1 1 1 1 1 1 1 1 16 15 11 12 15 10 100 12 1 1 1 1 100 1 100 1 1
ciInstanceKlass java/lang/module/Configuration 1 1 430 9 7 12 1 1 1 10 7 12 1 1 1 11 7 12 1 1 1 9 12 1 1 11 7 12 1 1 9 12 1 1 11 7 12 1 1 9 12 1 1 9 12 1 10 7 12 1 1 1 11 12 1 1 7 1 7 1 11 12 1 11 12 1 1 11 7 12 1 1 1 11 12 1 1 10 12 1 1 11 12 1 1 11 12 1 1 11 12 1 11 12 1 1 10 12 7 1 11 7 12 1 1 1 10 7 12 1 1 1 100 1 9 12 1 1 100 1 10 100 1 10 12 1 1 10 100 1 10 12 1 11 12 1 11 10 12 1 1 11 12 1 10 12 1 1 10 12 1 7 1 11 12 1 10 12 1 10 12 1 10 12 1 1 10 12 1 10 7 12 1 1 7 1 10 12 1 11 12 1 100 1 8 1 10 12 1 10 12 1 9 12 1 1 10 12 1 10 12 1 1 11 100 12 1 1 1 18 12 1 1 11 12 1 1 18 12 1 1 11 12 1 1 11 12 1 1 10 12 11 11 12 1 18 12 1 18 10 100 12 1 1 1 11 12 1 1 7 1 11 12 1 9 12 1 10 100 1 10 100 1 10 11 12 1 1 11 100 12 1 1 1 11 11 12 1 11 11 11 12 1 11 10 12 18 8 1 10 12 1 1 10 7 12 1 1 10 7 12 1 1 1 10 1 1 1 1 1 1 1 1 1 1 1 1 1 1 1 1 1 1 1 1 1 1 1 1 1 100 100 1 1 1 1 1 1 1 1 1 1 1 1 1 1 1 1 1 1 1 1 1 1 1 1 1 1 1 1 1 1 1 1 1 1 1 1 1 1 1 1 1 1 1 1 1 1 1 1 1 1 1 1 1 1 1 1 16 15 10 12 16 1 16 15 10 12 1 16 1 15 10 12 1 1 16 1 15 10 12 1 1 16 1 15 16 1 15 10 100 12 1 1 1 1 1 100 1 100 1 1
staticfield java/lang/module/Configuration $assertionsDisabled Z 1
ciMethod java/lang/module/Configuration findModule (Ljava/lang/String;)Ljava/util/Optional; 12 0 6 0 -1
ciInstanceKlass java/lang/module/ResolvedModule 1 1 91 10 7 12 1 1 1 10 7 12 1 1 1 7 1 9 7 12 1 1 1 7 1 9 12 1 1 10 12 1 1 10 7 12 1 1 1 10 12 1 1 10 12 1 1 10 12 1 1 7 1 10 10 7 12 1 1 1 10 12 1 1 8 1 10 12 1 10 10 12 1 1 1 1 1 1 1 1 1 1 1 1 1 1 1 1 1 1 1 1 1
ciMethod java/lang/module/ResolvedModule reference ()Ljava/lang/module/ModuleReference; 256 0 128 0 -1
instanceKlass jdk/internal/module/ModuleReferenceImpl
ciInstanceKlass java/lang/module/ModuleReference 1 1 48 10 7 12 1 1 1 10 7 12 1 1 1 7 1 9 7 12 1 1 1 9 12 1 1 10 7 12 1 1 1 1 1 1 1 1 1 1 1 1 1 1 1 1 100 1 1 1
ciMethod java/lang/module/ModuleReference location ()Ljava/util/Optional; 252 0 126 0 -1
ciInstanceKlass java/net/URI 1 1 740 7 1 10 7 12 1 1 1 9 12 1 1 7 1 10 12 1 10 12 1 1 10 12 1 1 10 12 1 1 10 12 1 9 12 1 1 10 12 1 1 100 1 10 9 12 1 1 9 12 1 7 1 10 10 12 1 1 10 12 1 10 12 1 10 12 1 10 7 12 1 1 1 100 1 100 1 10 12 1 10 12 1 9 12 1 9 12 1 10 10 12 1 1 10 12 1 1 10 12 1 1 10 12 10 12 1 10 7 12 1 1 1 9 12 1 9 12 1 10 12 1 1 9 12 1 10 12 1 1 10 12 1 10 12 1 10 12 1 10 12 1 10 12 1 1 9 12 1 10 12 1 10 12 1 1 9 12 1 9 12 1 9 12 1 9 12 1 9 12 1 9 12 1 10 12 1 9 12 1 10 12 1 1 10 12 1 10 12 1 9 12 1 10 12 1 1 10 12 10 12 1 1 10 12 1 10 12 1 8 1 10 12 1 1 8 1 10 12 1 1 8 1 10 12 1 10 12 1 10 12 1 10 100 12 1 1 10 100 12 1 1 100 1 8 1 10 10 100 12 1 1 1 10 12 1 1 10 12 1 1 10 12 1 1 10 12 1 10 12 1 10 12 1 10 12 1 1 10 100 12 1 1 1 10 12 1 8 1 10 12 1 5 0 5 0 10 12 1 1 10 12 1 10 12 1 5 0 8 1 5 0 10 12 1 1 5 0 5 0 10 12 1 1 10 12 1 8 1 10 12 1 8 1 10 12 10 10 12 1 10 12 1 1 7 1 10 10 12 1 10 12 1 1 10 12 1 1 10 12 1 10 12 1 10 12 1 1 10 12 1 9 12 1 1 10 100 12 1 1 1 10 100 12 1 1 100 1 10 100 12 1 1 10 12 1 1 10 12 1 1 10 12 1 1 10 7 12 1 1 1 10 12 1 9 100 12 1 1 1 10 12 1 1 10 12 1 1 9 100 12 1 1 1 10 100 12 1 1 10 12 1 10 12 10 12 1 10 12 1 1 10 12 1 10 12 1 1 9 100 12 1 1 1 10 100 12 1 1 1 10 12 1 10 12 1 1 10 12 1 10 12 1 1 10 12 1 10 12 1 10 12 1 10 12 1 10 100 12 1 1 10 12 1 1 10 12 10 10 12 1 10 7 12 1 1 7 1 10 10 7 12 1 1 1 7 1 7 1 1 1 1 5 0 1 5 0 1 5 0 1 1 5 0 1 1 5 0 1 1 5 0 1 1 1 1 5 0 1 5 0 1 5 0 1 5 0 1 1 5 0 1 5 0 1 5 0 1 1 1 1 5 0 1 1 1 1 5 0 1 1 5 0 1 1 1 1 1 1 1 1 5 0 1 1 5 0 1 1 5 0 1 5 0 1 1 1 1 1 1 1 1 1 1 1 1 1 1 1 1 1 1 1 1 1 100 1 1 1 1 1 1 1 1 1 1 1 1 1 1 1 1 1 1 1 1 1 1 1 1 1 1 1 1 1 1 1 1 1 1 1 1 7 1 1 1 1 1 1 1 1 1 1 1 1 1 1 1 1 1 1 1 1 1 1 1 1 1 1 1 1 1 1 1 1 1 1 100 100 1 1 1 1 1 1 1 1 1 1 1 1 1 1 1 1 1 1 1 1 1 1 1 1 1 1 1 1 1 1 1
staticfield java/net/URI hexDigits [C 16
staticfield java/net/URI $assertionsDisabled Z 1
ciMethod java/net/URI toURL ()Ljava/net/URL; 302 0 156 1 -1
ciInstanceKlass java/lang/invoke/MethodType$ConcurrentWeakInternSet$WeakEntry 1 1 57 10 7 12 1 1 1 10 7 12 1 1 1 9 7 12 1 1 1 10 12 1 1 10 12 1 1 1 1 1 1 1 1 1 1 1 1 1 1 1 1 1 1 1 1 1 1 1 1 1 100 1 1 100 1 1 1
ciInstanceKlass jdk/internal/ref/CleanerImpl$PhantomCleanableRef 1 1 51 10 7 12 1 1 1 9 7 12 1 1 1 10 12 1 11 7 12 1 1 100 1 8 1 10 12 1 8 1 1 1 1 1 1 1 1 1 1 1 1 1 1 1 1 1 1 100 1 1 1
ciInstanceKlass java/lang/ref/Cleaner$Cleanable 1 0 14 100 1 100 1 1 1 1 1 1 100 1 1 1
ciInstanceKlass jdk/internal/loader/URLClassPath 1 1 495 10 7 12 1 1 1 7 1 10 9 7 12 1 1 1 7 1 10 9 12 1 1 9 12 1 1 10 12 1 7 1 10 10 12 1 1 10 9 12 1 9 12 1 1 8 1 11 100 12 1 1 1 9 12 1 1 9 12 1 9 12 1 1 10 12 1 9 7 12 1 1 1 10 7 12 1 1 1 10 12 1 1 10 12 1 10 12 1 1 10 12 1 1 10 12 1 1 10 12 1 1 7 1 7 1 10 10 100 12 1 1 1 10 12 1 1 11 7 12 1 1 11 12 1 1 7 1 10 12 1 100 1 11 7 1 10 12 1 10 12 1 1 10 12 1 1 10 12 1 10 12 1 1 10 7 12 1 1 1 10 12 1 1 100 1 10 12 1 1 10 12 1 1 9 12 1 9 7 12 1 1 1 7 1 10 8 1 10 12 1 1 8 1 10 12 1 1 10 100 12 1 1 10 12 1 1 7 1 10 12 1 10 100 1 10 10 12 1 1 10 12 1 10 7 12 1 1 1 10 12 1 10 12 1 10 12 1 1 10 12 1 1 100 1 8 1 10 12 1 8 1 10 12 1 1 7 1 10 12 1 10 7 12 1 1 1 100 1 10 12 1 1 9 12 1 1 11 100 12 1 1 1 10 12 1 10 12 1 7 1 10 12 1 1 10 12 1 1 10 100 12 1 1 1 10 7 12 1 1 1 100 1 10 100 12 1 1 8 1 10 12 1 10 12 1 10 12 1 100 1 8 1 100 1 10 12 1 1 10 12 1 10 12 1 10 12 1 1 10 7 12 1 1 1 8 1 10 7 12 1 1 1 9 12 1 8 1 8 1 8 1 10 12 1 9 12 1 8 1 8 1 9 12 1 8 1 9 12 1 10 7 12 1 1 1 1 1 8 1 1 1 1 1 1 1 1 1 1 1 1 1 1 1 1 1 1 7 1 1 1 1 1 1 1 1 1 1 1 1 1 1 1 1 1 1 7 1 1 1 1 1 1 1 1 1 1 1 1 1 1 1 1 1 1 1 1 1 1 1 1 1 1 1 1 1 1 1 1 1 1 1 1 1 1 1 1 1 1 100 1 100 1 100 1 100 1 100 1 100 1 1 1 1 1
staticfield jdk/internal/loader/URLClassPath JAVA_VERSION Ljava/lang/String; "21.0.1"
staticfield jdk/internal/loader/URLClassPath DEBUG Z 0
staticfield jdk/internal/loader/URLClassPath DISABLE_JAR_CHECKING Z 0
staticfield jdk/internal/loader/URLClassPath DISABLE_ACC_CHECKING Z 0
staticfield jdk/internal/loader/URLClassPath DISABLE_CP_URL_CHECK Z 0
staticfield jdk/internal/loader/URLClassPath DEBUG_CP_URL_CHECK Z 0
staticfield jdk/internal/loader/URLClassPath JNUA Ljdk/internal/access/JavaNetURLAccess; java/net/URL$3
ciMethod jdk/internal/loader/URLClassPath getResource (Ljava/lang/String;Z)Ljdk/internal/loader/Resource; 212 12288 582 0 5784
ciMethod jdk/internal/loader/URLClassPath getLoader (I)Ljdk/internal/loader/URLClassPath$Loader; 514 304 7734 0 -1
instanceKlass jdk/internal/loader/URLClassPath$FileLoader$1
instanceKlass jdk/internal/loader/URLClassPath$JarLoader$2
ciInstanceKlass jdk/internal/loader/Resource 1 1 117 10 7 12 1 1 1 9 7 12 1 1 1 10 12 1 1 10 12 1 10 7 12 1 1 1 10 12 1 1 100 1 7 1 3 10 7 12 1 1 1 10 7 12 1 1 1 10 7 12 1 1 1 100 1 8 1 10 12 1 10 12 1 100 1 10 12 1 1 10 12 1 7 1 11 12 1 1 1 1 1 1 1 1 1 1 1 1 1 1 1 1 1 1 1 1 1 1 1 1 1 1 1 1 100 7 1 1 1 1 1 1 1 1 1 1 1
ciMethod jdk/internal/loader/Resource getBytes ()[B 512 1202 2419 0 0
ciMethod jdk/internal/loader/Resource getInputStream ()Ljava/io/InputStream; 0 0 1 0 -1
ciMethod jdk/internal/loader/Resource getCodeSourceURL ()Ljava/net/URL; 0 0 1 0 -1
ciMethod jdk/internal/loader/Resource getManifest ()Ljava/util/jar/Manifest; 38 0 19 0 0
ciMethod jdk/internal/loader/Resource getByteBuffer ()Ljava/nio/ByteBuffer; 512 0 2422 0 0
ciMethod jdk/internal/loader/Resource getCodeSigners ()[Ljava/security/CodeSigner; 38 0 19 0 -1
ciMethod jdk/internal/loader/Resource getContentLength ()I 0 0 1 0 -1
ciMethod jdk/internal/loader/Resource cachedInputStream ()Ljava/io/InputStream; 514 0 4890 0 -1
ciInstanceKlass jdk/internal/access/JavaUtilJarAccess 1 0 20 100 1 100 1 1 1 1 100 1 1 1 1 1 1 1 1 1 1 1
ciMethod jdk/internal/access/JavaUtilJarAccess getTrustedAttributes (Ljava/util/jar/Manifest;Ljava/lang/String;)Ljava/util/jar/Attributes; 0 0 1 0 -1
ciMethod jdk/internal/access/JavaUtilJarAccess ensureInitialization (Ljava/util/jar/JarFile;)V 0 0 1 0 -1
ciInstanceKlass java/util/jar/Attributes$Name 1 1 229 9 7 12 1 1 1 11 7 12 1 1 1 10 12 1 1 10 7 12 1 1 10 12 1 1 9 12 1 1 10 7 12 1 1 1 9 12 1 1 8 10 7 12 1 1 1 10 12 1 1 100 1 10 10 12 1 1 10 12 1 1 11 12 1 1 10 7 12 1 1 1 8 1 9 12 1 1 8 1 9 12 1 8 1 9 12 1 8 1 9 12 1 8 1 9 12 1 8 1 9 12 1 8 1 9 12 1 8 1 9 12 1 8 1 9 12 1 8 1 9 12 1 8 1 9 12 1 8 1 9 12 1 8 1 9 12 1 8 1 9 12 1 8 1 9 12 1 8 1 9 12 1 8 1 9 12 1 8 1 9 12 1 7 1 10 12 1 10 12 1 1 8 1 8 1 8 1 8 1 8 1 8 1 8 1 8 1 11 12 1 1 1 1 1 1 1 1 1 1 1 1 1 1 1 1 1 1 1 1 1 1 1 1 1 1 1 1 1 1 1 1 1 1 1 1 100 1 1
staticfield java/util/jar/Attributes$Name MANIFEST_VERSION Ljava/util/jar/Attributes$Name; java/util/jar/Attributes$Name
staticfield java/util/jar/Attributes$Name SIGNATURE_VERSION Ljava/util/jar/Attributes$Name; java/util/jar/Attributes$Name
staticfield java/util/jar/Attributes$Name CONTENT_TYPE Ljava/util/jar/Attributes$Name; java/util/jar/Attributes$Name
staticfield java/util/jar/Attributes$Name CLASS_PATH Ljava/util/jar/Attributes$Name; java/util/jar/Attributes$Name
staticfield java/util/jar/Attributes$Name MAIN_CLASS Ljava/util/jar/Attributes$Name; java/util/jar/Attributes$Name
staticfield java/util/jar/Attributes$Name SEALED Ljava/util/jar/Attributes$Name; java/util/jar/Attributes$Name
staticfield java/util/jar/Attributes$Name EXTENSION_LIST Ljava/util/jar/Attributes$Name; java/util/jar/Attributes$Name
staticfield java/util/jar/Attributes$Name EXTENSION_NAME Ljava/util/jar/Attributes$Name; java/util/jar/Attributes$Name
staticfield java/util/jar/Attributes$Name EXTENSION_INSTALLATION Ljava/util/jar/Attributes$Name; java/util/jar/Attributes$Name
staticfield java/util/jar/Attributes$Name IMPLEMENTATION_TITLE Ljava/util/jar/Attributes$Name; java/util/jar/Attributes$Name
staticfield java/util/jar/Attributes$Name IMPLEMENTATION_VERSION Ljava/util/jar/Attributes$Name; java/util/jar/Attributes$Name
staticfield java/util/jar/Attributes$Name IMPLEMENTATION_VENDOR Ljava/util/jar/Attributes$Name; java/util/jar/Attributes$Name
staticfield java/util/jar/Attributes$Name IMPLEMENTATION_VENDOR_ID Ljava/util/jar/Attributes$Name; java/util/jar/Attributes$Name
staticfield java/util/jar/Attributes$Name IMPLEMENTATION_URL Ljava/util/jar/Attributes$Name; java/util/jar/Attributes$Name
staticfield java/util/jar/Attributes$Name SPECIFICATION_TITLE Ljava/util/jar/Attributes$Name; java/util/jar/Attributes$Name
staticfield java/util/jar/Attributes$Name SPECIFICATION_VERSION Ljava/util/jar/Attributes$Name; java/util/jar/Attributes$Name
staticfield java/util/jar/Attributes$Name SPECIFICATION_VENDOR Ljava/util/jar/Attributes$Name; java/util/jar/Attributes$Name
staticfield java/util/jar/Attributes$Name MULTI_RELEASE Ljava/util/jar/Attributes$Name; java/util/jar/Attributes$Name
ciMethod java/util/jar/Attributes$Name equals (Ljava/lang/Object;)Z 0 0 1 0 0
ciMethod java/util/jar/Attributes$Name hashCode ()I 264 0 132 0 0
ciInstanceKlass java/util/jar/Attributes 1 1 316 10 7 12 1 1 1 10 7 12 1 1 10 7 12 1 1 1 9 12 1 1 10 12 1 11 7 12 1 1 1 10 7 12 1 1 1 10 7 1 11 12 1 1 10 11 12 1 11 12 1 1 11 12 1 10 7 12 1 1 7 1 10 11 12 1 1 11 100 12 1 1 1 11 7 12 1 1 1 11 12 1 1 100 1 11 12 1 11 12 1 11 12 1 11 12 1 1 11 12 1 11 12 1 11 12 1 1 11 12 1 11 12 1 10 12 1 7 1 10 10 10 12 1 10 12 1 1 10 12 1 1 8 1 10 12 1 10 10 7 12 1 1 1 10 12 1 1 9 12 1 1 10 10 12 1 9 12 1 9 7 12 1 1 1 10 12 1 1 10 100 12 1 1 1 10 12 1 1 10 12 1 1 7 1 10 10 7 12 1 1 1 100 1 10 8 1 10 12 1 1 8 1 10 12 1 8 1 10 12 1 10 12 1 1 10 12 1 10 12 1 8 1 10 12 1 10 12 1 1 8 1 10 100 12 1 1 1 8 1 8 1 10 12 1 100 1 8 1 8 1 7 1 1 1 1 1 1 1 1 1 1 1 1 1 1 1 1 1 1 1 1 1 1 1 1 1 1 1 1 1 1 1 1 1 1 1 1 1 1 1 1 1 1 1 1 1 1 1 1 1 1 1 1 1 1 1 100 1 1 1 1 1 1 1 1
ciMethod java/util/jar/Attributes get (Ljava/lang/Object;)Ljava/lang/Object; 58 0 4277 0 0
ciMethod java/util/jar/Attributes getValue (Ljava/util/jar/Attributes$Name;)Ljava/lang/String; 58 0 4254 0 0
ciMethod java/util/jar/Attributes <init> ()V 28 0 68 0 -1
instanceKlass sun/net/www/protocol/jar/URLJarFile
ciInstanceKlass java/util/jar/JarFile 1 1 695 7 1 9 12 1 1 9 12 1 100 1 10 12 1 1 7 1 10 12 1 10 12 1 10 12 1 9 12 1 1 10 7 12 1 1 1 9 12 1 10 7 12 1 1 1 9 12 1 9 12 1 1 10 7 12 1 1 1 10 12 1 1 9 12 1 10 12 1 1 9 12 9 12 1 10 12 1 1 100 1 10 12 1 1 9 12 1 1 10 7 12 1 1 1 7 1 10 12 1 1 10 12 1 1 9 12 1 9 12 1 1 11 7 12 1 1 1 100 1 10 7 12 1 1 1 10 12 1 9 12 1 1 9 12 1 1 8 1 10 100 12 1 1 7 1 10 12 1 10 10 12 1 10 12 1 1 10 12 1 10 7 12 1 1 7 1 10 12 1 1 10 12 1 10 12 1 1 10 12 1 1 10 11 12 1 1 11 12 1 1 11 12 1 18 12 1 1 11 100 12 1 1 1 18 12 1 1 11 12 1 1 11 12 1 1 18 18 10 12 7 1 10 12 1 8 1 10 7 12 1 1 1 10 12 1 10 12 1 1 10 12 1 1 100 1 10 12 1 8 1 11 12 1 1 7 1 10 12 10 12 1 1 10 12 1 8 1 10 12 10 12 1 1 10 12 1 11 12 1 1 10 12 1 11 12 1 1 11 7 12 1 1 1 11 7 12 1 1 11 12 1 10 12 1 1 100 1 8 1 10 100 1 9 12 1 1 10 12 1 8 1 10 12 1 9 12 1 1 10 12 1 1 10 12 1 1 100 1 8 1 10 7 12 1 1 10 12 1 8 1 10 12 1 8 1 10 7 12 1 1 1 9 7 12 1 1 8 1 10 12 1 8 1 10 8 1 8 1 10 3 10 12 1 1 10 12 1 1 100 1 8 1 8 1 10 8 1 10 12 1 10 12 1 10 12 1 10 12 1 1 100 1 10 12 1 10 12 1 1 9 12 1 1 9 12 1 10 7 12 1 1 9 12 1 9 12 1 9 12 1 9 12 1 10 12 1 1 9 12 1 9 12 1 9 12 1 7 1 10 7 1 10 12 1 10 12 1 1 9 7 12 1 1 1 10 12 1 1 10 7 12 1 1 9 100 12 1 1 1 10 100 12 1 1 10 12 1 7 1 10 12 10 12 1 10 12 1 10 7 12 1 1 1 10 12 1 1 7 1 10 10 7 12 1 1 1 10 12 1 1 8 1 10 7 12 1 1 1 10 7 12 1 1 10 12 1 8 1 8 1 10 12 1 10 12 1 8 1 10 12 1 1 8 1 1 1 1 1 1 1 1 8 1 1 1 1 1 1 1 1 1 1 1 1 1 1 1 1 1 1 1 1 1 1 1 1 1 100 1 1 1 1 1 1 1 1 1 1 1 1 1 1 1 1 1 100 1 1 1 1 1 1 1 1 1 1 1 1 1 1 1 1 1 100 1 1 1 1 1 1 1 1 1 1 1 1 7 1 1 1 1 1 1 1 1 1 1 1 1 1 16 15 10 12 16 16 15 10 12 1 16 15 16 16 1 15 10 100 12 1 1 1 1 1 1 1 1 1 1 100 1 100 1 1
staticfield java/util/jar/JarFile BASE_VERSION Ljava/lang/Runtime$Version; java/lang/Runtime$Version
staticfield java/util/jar/JarFile BASE_VERSION_FEATURE I 8
staticfield java/util/jar/JarFile RUNTIME_VERSION Ljava/lang/Runtime$Version; java/lang/Runtime$Version
staticfield java/util/jar/JarFile MULTI_RELEASE_ENABLED Z 1
staticfield java/util/jar/JarFile MULTI_RELEASE_FORCED Z 0
staticfield java/util/jar/JarFile JUZFA Ljdk/internal/access/JavaUtilZipFileAccess; java/util/zip/ZipFile$1
staticfield java/util/jar/JarFile CLASSPATH_CHARS [B 12
staticfield java/util/jar/JarFile CLASSPATH_LASTOCC [B 65
staticfield java/util/jar/JarFile CLASSPATH_OPTOSFT [B 12
staticfield java/util/jar/JarFile MULTIRELEASE_CHARS [B 19
staticfield java/util/jar/JarFile MULTIRELEASE_LASTOCC [B 65
staticfield java/util/jar/JarFile MULTIRELEASE_OPTOSFT [B 19
ciInstanceKlass java/util/zip/ZipConstants 1 0 78 100 1 100 1 1 1 1 5 0 1 5 0 1 5 0 1 5 0 1 1 3 1 3 1 3 1 3 1 3 1 3 1 3 1 3 1 3 1 3 1 1 3 1 3 1 1 1 3 1 1 1 1 1 1 1 3 1 3 1 1 1 3 1 3 1 3 1 3 1 3 1 1 1 1 1 1 1
instanceKlass java/util/jar/JarFile
ciInstanceKlass java/util/zip/ZipFile 1 1 551 7 1 7 1 7 1 10 12 1 1 7 1 10 12 1 9 7 12 1 1 1 10 12 1 10 7 12 1 1 100 1 7 1 10 8 1 10 12 1 1 10 7 12 1 1 1 10 12 1 1 10 10 12 1 10 7 12 1 1 1 10 7 12 1 1 10 12 1 8 1 10 7 12 1 1 1 9 12 1 1 10 12 1 1 7 1 10 7 12 1 1 1 10 12 1 9 12 1 1 10 7 12 1 1 1 10 12 1 1 10 12 1 10 12 1 10 12 1 9 12 1 1 9 7 12 1 1 1 9 12 1 1 10 12 1 8 10 12 1 1 10 12 1 1 8 1 9 12 1 1 9 12 1 9 10 12 1 1 9 12 1 1 7 1 9 12 1 10 12 1 10 12 1 1 11 7 12 1 1 1 10 12 1 1 5 0 5 0 5 0 5 0 7 1 10 12 1 100 1 8 1 10 100 1 9 12 1 10 12 1 100 1 18 12 1 1 10 12 1 10 100 12 1 1 1 10 12 1 10 12 1 1 7 1 10 12 1 18 18 10 12 1 10 12 1 10 7 12 1 1 1 10 12 1 1 8 1 10 12 1 1 10 12 1 7 1 9 12 1 1 11 7 12 1 1 1 10 10 12 1 9 12 1 10 12 1 9 12 1 1 10 12 1 9 12 1 9 12 1 10 12 1 9 12 1 9 12 1 10 12 1 10 12 1 3 9 12 1 10 7 12 1 1 1 10 12 1 1 9 12 9 12 1 1 10 12 1 100 1 10 12 1 1 100 1 8 1 10 8 1 8 1 9 12 1 1 9 12 1 7 1 10 10 12 1 11 7 1 11 12 1 1 9 12 1 9 12 1 8 1 10 7 12 1 1 1 8 1 10 12 1 100 1 10 12 1 9 12 1 7 1 10 10 7 12 1 1 1 7 1 1 1 1 1 3 1 3 1 3 1 3 1 1 1 1 1 1 100 1 1 1 1 1 1 1 1 1 1 100 1 1 1 1 7 1 1 1 1 1 1 1 1 1 1 1 1 1 7 1 1 1 1 1 1 1 1 1 1 1 1 1 1 1 1 1 1 1 100 1 1 1 1 1 1 1 1 1 1 1 100 1 1 1 1 1 1 1 1 1 1 1 1 1 1 1 1 1 100 1 100 1 100 1 100 1 1 16 1 15 10 12 16 15 16 15 10 12 16 15 10 100 12 1 1 1 1 1 1 1 1 1 1 1 1 1 100 1 100 1 1
staticfield java/util/zip/ZipFile DISABLE_ZIP64_EXTRA_VALIDATION Z 0
ciMethod java/util/zip/ZipFile getName ()Ljava/lang/String; 44 0 22 0 0
ciMethod java/util/zip/ZipFile getInputStream (Ljava/util/zip/ZipEntry;)Ljava/io/InputStream; 770 0 2658 0 0
ciMethod java/util/zip/ZipFile getEntry (Ljava/lang/String;)Ljava/util/zip/ZipEntry; 774 0 12272 0 -1
ciMethod java/util/zip/ZipFile ensureOpen ()V 512 0 5388 0 -1
ciMethod java/util/zip/ZipFile getManifestNum ()I 0 0 1 0 0
ciMethod java/util/zip/ZipFile getManifestName (Z)Ljava/lang/String; 396 0 261 0 0
ciMethod java/util/zip/ZipFile getEntryName (I)Ljava/lang/String; 386 0 190 0 -1
ciMethod java/util/jar/JarFile getManifest ()Ljava/util/jar/Manifest; 768 0 2406 0 0
ciMethod java/util/jar/JarFile ensureInitialization ()V 512 0 2408 0 0
ciMethod java/util/jar/JarFile getBytes (Ljava/util/zip/ZipEntry;)[B 178 0 190 0 0
ciMethod java/util/jar/JarFile getManifestFromReference ()Ljava/util/jar/Manifest; 760 0 2409 0 0
ciMethod java/util/jar/JarFile getManEntry ()Ljava/util/jar/JarEntry; 190 0 244 0 0
ciMethod java/util/jar/JarFile maybeInstantiateVerifier ()V 772 0 5738 0 176
ciMethod java/util/jar/JarFile initializeVerifier ()V 0 0 1 0 -1
ciMethod java/util/jar/JarFile beginInit ()Ljava/lang/Object; 0 0 1 0 -1
ciMethod java/util/jar/JarFile endInit (Ljava/lang/Object;)V 0 0 1 0 -1
ciInstanceKlass jdk/internal/loader/BuiltinClassLoader$LoadedModule 1 1 95 10 7 12 1 1 1 10 7 12 1 1 1 10 7 12 1 1 1 7 1 9 7 12 1 1 1 8 1 10 12 1 1 10 7 12 1 1 1 10 12 1 1 9 12 1 1 9 12 1 1 9 12 1 1 10 12 1 1 10 7 12 1 1 10 12 1 1 100 1 100 1 1 1 1 1 1 1 1 1 1 1 7 1 7 1 1 1 7 1 1 1 1 1 1
ciMethod jdk/internal/loader/BuiltinClassLoader$LoadedModule loader ()Ljdk/internal/loader/BuiltinClassLoader; 206 0 103 0 0
ciInstanceKlass jdk/internal/loader/ClassLoaders$BootClassLoader 1 1 42 10 7 12 1 1 1 9 7 12 1 1 1 11 7 12 1 1 1 100 1 1 1 1 1 1 1 1 1 1 1 1 1 1 1 1 1 1 1 1 1 1
ciMethod jdk/internal/loader/ClassLoaders$BootClassLoader loadClassOrNull (Ljava/lang/String;Z)Ljava/lang/Class; 526 0 2864 0 0
ciInstanceKlass sun/net/util/URLUtil 1 1 146 10 7 12 1 1 1 7 1 10 10 7 12 1 1 1 8 1 8 1 8 1 9 100 12 1 1 1 10 7 12 1 1 1 10 12 1 1 8 1 10 12 1 10 12 1 1 10 12 1 1 10 12 1 8 1 10 12 1 10 12 1 10 12 1 10 8 1 10 12 1 1 8 1 10 7 12 1 1 1 8 1 8 1 8 1 10 12 1 1 10 12 1 10 12 1 1 10 12 1 10 12 1 1 10 100 12 1 1 1 10 12 1 10 12 1 100 1 10 1 1 1 1 1 1 1 1 1 1 1 1 1 1 1 1 1 1 1 1 1 1 1 100 1 1 1
ciMethod sun/net/util/URLUtil urlNoFragString (Ljava/net/URL;)Ljava/lang/String; 324 0 2674 0 -1
instanceKlass java/util/concurrent/ConcurrentHashMap$ForwardingNode
instanceKlass java/util/concurrent/ConcurrentHashMap$ReservationNode
ciInstanceKlass java/util/concurrent/ConcurrentHashMap$Node 1 1 97 10 7 12 1 1 1 9 7 12 1 1 1 9 12 1 1 9 12 1 10 12 1 9 12 1 1 10 12 1 1 10 100 12 1 1 1 100 1 10 100 1 11 12 1 1 11 12 1 10 12 1 1 1 1 1 1 1 1 1 1 1 1 1 1 1 1 1 1 1 1 1 1 1 1 1 1 1 1 1 1 1 1 1 1 1 1 1 1 1 100 1 1 1 100 1 1
ciMethod java/util/concurrent/ConcurrentHashMap$Node find (ILjava/lang/Object;)Ljava/util/concurrent/ConcurrentHashMap$Node; 0 0 1 0 -1
ciMethod java/util/concurrent/ConcurrentHashMap$Node <init> (ILjava/lang/Object;Ljava/lang/Object;)V 510 0 8644 0 -1
ciInstanceKlass java/util/concurrent/ConcurrentHashMap$ReservationNode 1 1 34 100 1 10 7 12 1 1 1 100 1 1 1 1 1 1 1 1 1 1 1 1 1 1 1 1 1 1 1 1 1 1 1 1
ciInstanceKlass java/util/concurrent/ConcurrentHashMap$ForwardingNode 1 1 71 100 1 10 7 12 1 1 1 9 7 12 1 1 1 10 12 1 1 9 12 1 1 9 12 1 1 10 100 12 1 1 1 10 12 1 1 9 12 1 1 1 1 1 1 1 1 1 1 1 1 1 1 1 1 1 1 1 1 1 1 1 100 1 1 1 1 1 1 1 1
ciInstanceKlass jdk/internal/access/JavaUtilZipFileAccess 1 0 31 100 1 100 1 1 1 1 1 1 1 1 1 1 1 1 1 1 1 1 1 1 1 1 1 1 1 1 1 1 1
ciMethod jdk/internal/access/JavaUtilZipFileAccess getManifestNum (Ljava/util/jar/JarFile;)I 0 0 1 0 -1
ciMethod jdk/internal/access/JavaUtilZipFileAccess getManifestName (Ljava/util/jar/JarFile;Z)Ljava/lang/String; 0 0 1 0 -1
ciInstanceKlass java/lang/ref/ReferenceQueue$Null 1 1 29 10 7 12 1 1 1 100 1 1 1 1 1 1 1 1 1 1 1 1 1 1 1 1 1 1 1 1 1
instanceKlass java/util/LinkedHashMap$Entry
ciInstanceKlass java/util/HashMap$Node 1 1 95 10 7 12 1 1 1 9 7 12 1 1 1 9 12 1 1 9 12 1 9 12 1 1 7 1 10 10 12 1 1 8 1 10 12 1 10 12 1 1 10 7 12 1 1 1 7 1 11 12 1 1 10 12 1 1 11 12 1 1 1 1 1 1 1 1 1 1 1 1 1 1 1 1 1 1 1 1 1 1 1 1 1 1 1 1 1 1 100 1 1 1 7 1 1
ciInstanceKlass java/util/HashMap$TreeNode 0 0 250 100 1 10 100 12 1 1 1 9 100 12 1 1 1 9 12 1 1 9 12 1 9 12 1 1 9 12 1 1 10 12 1 1 100 1 10 12 1 9 12 1 9 12 1 9 12 1 1 10 100 12 1 1 1 10 12 1 1 10 12 1 1 10 12 1 1 10 12 1 1 10 12 1 1 10 100 12 1 1 1 10 100 12 1 1 1 10 100 12 1 1 1 9 12 1 10 12 1 1 10 12 1 1 10 12 1 1 10 12 1 1 9 100 1 10 12 1 1 10 12 1 1 10 12 1 10 12 1 1 10 12 1 10 12 1 10 12 1 1 1 1 1 1 1 1 1 1 1 1 1 1 1 1 1 1 1 1 1 1 1 1 1 1 100 1 1 1 1 1 1 1 1 1 1 1 1 1 1 1 1 1 1 1 1 1 1 1 1 1 1 1 1 1 1 1 1 1 1 1 1 1 1 1 1 1 1 1 1 1 1 1 1 1 1 1 1 1 1 1 1 1 1 1 1 1 1 1 1 1 1 1 1 1 1 1 1 1 1 1 1 1 1 1 1 100 1 1 1 1
ciMethod java/util/HashMap$TreeNode getTreeNode (ILjava/lang/Object;)Ljava/util/HashMap$TreeNode; 0 0 1 0 -1
ciInstanceKlass jdk/internal/util/Preconditions$4 1 1 61 9 7 12 1 1 1 10 7 12 1 1 1 10 100 12 1 1 1 11 100 12 1 1 1 100 1 100 1 100 1 10 12 1 100 1 1 1 1 1 1 1 1 1 1 1 1 1 1 1 1 1 1 1 1 1 12 1 1 1 1
ciInstanceKlass java/util/Collections$SetFromMap 1 1 182 10 7 12 1 1 1 9 7 12 1 1 1 11 7 12 1 1 1 9 12 1 1 11 12 1 11 12 1 1 11 12 1 1 11 12 1 1 11 12 1 1 9 7 12 1 1 1 11 12 1 1 11 7 12 1 1 1 11 12 1 1 11 12 1 11 12 1 1 11 12 1 11 12 1 11 12 1 1 11 12 1 11 12 1 11 12 1 1 11 12 1 1 11 12 1 1 11 12 1 1 11 12 1 10 100 12 1 1 100 1 8 1 10 12 1 7 1 1 1 1 1 1 1 5 0 1 1 1 1 1 1 1 1 1 1 1 1 1 1 1 1 1 1 1 1 1 1 1 1 1 1 1 1 1 1 1 1 1 1 1 1 1 1 1 1 1 100 1 7 1 1 100 1 1 1 1 1 100 1 1 1
instanceKlass sun/net/www/protocol/jar/URLJarFile$URLJarFileEntry
instanceKlass java/util/jar/JarFile$JarFileEntry
ciInstanceKlass java/util/jar/JarEntry 1 1 60 10 7 12 1 1 1 10 12 1 10 7 1 9 12 1 1 9 12 1 1 9 12 1 1 10 100 12 1 1 10 100 10 12 1 1 1 1 1 1 1 1 1 1 1 1 1 1 1 1 100 1 1 1 1 1 1 1 1 1
instanceKlass java/util/jar/JarEntry
ciInstanceKlass java/util/zip/ZipEntry 1 1 327 100 1 7 1 10 7 12 1 1 1 5 0 9 7 12 1 1 1 9 12 1 9 12 1 9 12 1 9 12 1 1 9 12 1 1 9 12 1 9 12 1 8 1 10 7 12 1 1 1 10 7 12 1 1 1 3 100 1 8 1 10 12 1 9 12 1 8 1 9 12 1 1 9 12 1 9 12 1 9 12 1 1 9 12 1 10 12 1 1 5 0 5 0 10 12 1 1 10 100 12 1 1 9 100 12 1 1 1 10 100 12 1 1 1 10 12 1 1 10 12 1 10 12 1 10 12 1 10 12 1 10 12 1 10 12 1 5 0 10 12 1 3 10 100 12 1 1 1 10 100 12 1 1 1 10 12 1 1 10 12 1 10 10 12 1 1 5 0 5 0 5 0 5 0 5 0 5 0 10 12 1 8 1 10 12 1 1 10 12 1 8 1 8 1 8 1 8 1 8 1 10 12 1 1 8 1 10 12 1 1 10 12 1 1 5 0 10 12 1 1 10 7 12 1 1 1 10 12 1 10 12 1 8 1 10 12 1 1 10 12 1 1 10 12 1 10 12 1 1 10 100 100 1 7 1 10 12 1 7 1 7 1 1 1 3 1 3 1 1 1 1 1 1 1 1 1 1 1 1 1 1 1 1 1 1 1 1 1 1 1 1 1 1 1 1 1 1 1 1 1 1 1 1 1 1 1 1 1 1 1 1 1 1 1 1 1 1 1 1 1 1 1 1 1 1 1
ciMethod java/util/zip/ZipEntry getSize ()J 256 0 128 0 -1
ciMethod java/util/zip/ZipEntry getCrc ()J 256 0 128 0 -1
ciMethod java/util/jar/JarEntry getCodeSigners ()[Ljava/security/CodeSigner; 0 0 1 0 -1
ciInstanceKlass jdk/internal/module/SystemModuleFinders$SystemModuleReader 1 1 252 10 7 12 1 1 1 10 100 12 1 1 1 10 7 12 1 1 1 10 100 12 1 1 1 10 7 12 1 1 1 100 1 100 1 10 12 1 1 10 7 12 1 1 10 7 12 1 1 1 9 12 1 1 10 7 12 1 1 1 9 12 1 1 8 1 10 12 1 10 7 12 1 1 1 10 7 12 1 1 1 10 12 1 1 10 12 1 1 9 100 12 1 1 1 8 1 7 1 10 8 1 10 12 1 1 10 12 1 1 11 100 12 1 1 1 10 7 12 1 1 1 10 12 1 1 10 12 1 1 18 12 1 1 10 12 1 1 10 100 12 1 1 1 10 12 1 1 7 1 10 12 1 10 12 1 1 10 12 1 1 10 12 1 1 10 12 1 100 1 10 10 100 12 1 1 1 7 1 1 1 1 1 1 1 1 1 1 1 1 1 1 1 1 1 1 1 1 1 1 1 1 1 1 1 1 1 1 1 1 1 1 7 1 1 1 100 1 1 1 1 1 1 1 1 1 1 1 1 1 1 16 15 10 12 16 15 10 100 12 1 1 1 1 1 1 1 100 1 100 1 1
instanceKlass org/springframework/context/annotation/ConfigurationClassParser$ImportStack
ciInstanceKlass java/util/ArrayDeque 1 1 438 7 1 9 7 12 1 1 1 3 10 12 1 1 10 7 12 1 1 1 9 12 1 1 9 12 1 10 7 12 1 1 1 100 1 8 1 10 12 1 1 3 10 7 12 1 1 7 1 11 7 12 1 1 1 10 12 1 10 12 1 1 100 1 10 100 1 10 10 12 1 10 12 1 10 12 1 10 18 12 1 1 11 12 1 1 10 12 1 1 10 12 1 10 12 1 1 100 1 10 10 12 1 10 12 1 1 10 12 1 1 10 12 1 1 10 12 1 10 12 1 10 12 1 10 12 1 10 12 1 1 7 1 10 12 1 100 1 10 100 1 10 10 100 12 1 1 1 11 100 12 1 10 12 1 1 18 12 1 1 18 11 100 12 1 10 12 1 1 10 12 1 1 10 12 1 1 10 12 1 1 10 12 1 1 10 12 1 100 10 12 1 1 10 12 1 1 10 12 1 1 10 100 12 1 1 10 12 1 100 1 100 1 10 10 100 12 1 1 10 12 1 10 12 1 10 100 12 1 1 10 12 1 10 100 12 1 1 1 11 100 12 1 1 1 10 12 1 7 1 9 12 1 1 8 1 10 12 1 1 10 100 12 1 1 1 8 1 10 12 1 1 10 12 1 11 12 1 7 1 7 1 7 1 1 1 1 1 5 0 1 1 1 1 1 1 1 1 1 1 1 1 1 1 1 1 1 1 1 1 1 1 1 1 1 1 1 1 1 1 1 1 1 1 1 1 1 1 1 1 1 1 1 1 1 1 1 1 1 1 1 1 1 1 1 1 1 1 1 1 1 1 1 1 1 1 1 1 1 1 1 1 1 1 1 1 1 1 1 1 1 1 1 1 1 1 100 1 1 1 1 1 1 1 1 7 1 1 1 1 1 1 1 1 1 1 1 100 1 1 1 7 1 1 1 1 1 1 1 1 1 1 1 16 15 16 15 10 12 15 10 12 15 10 7 12 1 1 1 1 1 1 1 100 1 100 1 1
instanceKlass jdk/internal/loader/URLClassPath$FileLoader
instanceKlass jdk/internal/loader/URLClassPath$JarLoader
ciInstanceKlass jdk/internal/loader/URLClassPath$Loader 1 1 134 10 7 12 1 1 1 9 7 12 1 1 1 7 1 10 100 12 1 1 1 10 12 1 100 1 10 100 12 1 1 1 10 12 1 1 100 1 8 1 10 12 1 1 10 12 1 1 10 100 12 1 1 1 10 12 1 1 10 7 12 1 1 7 1 100 1 10 12 1 1 10 100 12 1 1 1 9 12 1 1 100 1 10 12 1 10 12 1 1 10 100 1 7 1 1 1 1 1 1 1 1 1 1 1 1 1 1 1 1 1 1 1 1 1 1 1 1 7 1 1 1 1 1 100 1 1 1 1 1 1 1 1 1
ciMethod jdk/internal/loader/URLClassPath$Loader getResource (Ljava/lang/String;Z)Ljdk/internal/loader/Resource; 0 0 1 0 -1
ciMethod jdk/internal/loader/URLClassPath$Loader getBaseURL ()Ljava/net/URL; 256 0 128 0 0
ciInstanceKlass jdk/internal/loader/URLClassPath$JarLoader 1 1 485 7 1 8 1 8 1 7 1 10 12 1 1 10 12 1 1 8 1 10 12 1 10 12 1 1 10 7 12 1 1 1 10 7 12 1 1 9 12 1 1 9 12 1 1 9 12 1 1 9 12 1 1 9 12 1 1 10 12 1 7 1 10 12 1 9 12 1 10 7 12 1 1 8 1 10 12 1 10 7 12 1 1 1 7 1 10 12 1 10 7 12 1 1 1 100 1 10 12 1 1 100 1 10 7 12 1 1 1 9 12 1 9 12 1 1 11 100 12 1 1 1 8 1 10 12 1 10 12 1 1 10 12 1 1 7 1 10 10 12 1 1 100 1 10 12 1 10 7 1 10 100 1 10 12 1 1 10 12 1 10 12 1 1 10 12 1 1 8 1 10 12 1 10 12 1 1 8 1 9 12 1 1 10 100 12 1 1 1 100 1 10 12 1 1 10 12 1 10 7 12 1 1 10 7 12 1 1 1 10 12 1 100 1 7 1 10 12 1 10 12 1 1 10 12 1 1 10 12 1 1 11 100 12 1 1 11 12 1 1 100 1 10 12 1 10 12 1 1 10 7 12 1 1 7 1 10 12 10 12 1 1 10 12 1 1 10 7 12 1 1 1 11 7 12 1 1 1 10 12 1 1 10 7 12 1 1 1 9 100 12 1 1 1 10 100 12 1 1 1 10 12 1 1 100 1 10 10 12 1 1 10 12 1 10 12 1 9 12 1 10 12 1 1 9 12 1 9 12 1 1 8 1 8 1 10 100 12 1 1 10 100 12 1 1 1 100 1 10 12 1 1 10 12 1 10 12 1 10 12 1 9 12 1 1 10 12 1 1 10 12 1 10 10 12 1 10 12 1 1 8 1 10 12 1 10 100 12 1 1 1 10 12 1 100 1 10 12 1 1 1 1 1 1 1 1 1 1 1 1 1 1 1 1 1 1 1 1 100 1 1 1 1 1 1 1 1 1 1 1 1 1 1 1 1 1 1 1 1 7 1 1 1 1 1 1 1 1 1 1 1 1 1 1 1 1 1 1 1 1 1 1 1 1 1 1 1 1 1 1 1 1 1 1 1 1 1 1 1 100 1 100 1 1 1
staticfield jdk/internal/loader/URLClassPath$JarLoader zipAccess Ljdk/internal/access/JavaUtilZipFileAccess; java/util/zip/ZipFile$1
ciInstanceKlass jdk/internal/loader/URLClassPath$JarLoader$2 1 1 133 9 7 12 1 1 1 9 12 1 1 9 12 1 1 9 12 1 1 10 7 12 1 1 1 9 12 1 1 9 7 12 1 1 9 12 1 1 10 7 12 1 1 1 10 7 12 1 1 1 10 7 12 1 1 1 11 7 12 1 1 1 10 12 1 1 10 12 1 1 10 12 1 1 10 12 1 1 7 1 10 10 12 1 1 10 12 1 10 12 1 100 1 8 1 10 12 1 1 1 1 1 1 1 1 1 1 1 1 1 1 1 1 1 1 1 1 1 1 1 1 100 1 1 1 12 1 1 1 7 1 1 1
ciMethod jdk/internal/loader/URLClassPath$JarLoader$2 getBytes ()[B 770 0 2424 0 0
ciMethod jdk/internal/loader/URLClassPath$JarLoader$2 getCodeSourceURL ()Ljava/net/URL; 512 0 1365 0 104
ciMethod jdk/internal/loader/URLClassPath$JarLoader$2 getManifest ()Ljava/util/jar/Manifest; 512 0 2406 0 0
ciMethod jdk/internal/loader/URLClassPath$JarLoader$2 getCodeSigners ()[Ljava/security/CodeSigner; 514 0 2425 0 -1
ciInstanceKlass java/lang/Package$VersionInfo 1 1 61 9 7 12 1 1 1 10 12 1 1 10 7 12 1 1 9 12 1 1 9 12 1 9 12 1 9 12 1 9 12 1 9 12 1 9 12 1 1 1 1 1 1 1 1 1 1 1 1 1 1 1 1 1 1 1 1 7 1 1 1
staticfield java/lang/Package$VersionInfo NULL_VERSION_INFO Ljava/lang/Package$VersionInfo; java/lang/Package$VersionInfo
ciMethod java/lang/Package$VersionInfo <init> (Ljava/lang/String;Ljava/lang/String;Ljava/lang/String;Ljava/lang/String;Ljava/lang/String;Ljava/lang/String;Ljava/net/URL;)V 430 0 271 0 -1
ciMethod java/lang/Package$VersionInfo getInstance (Ljava/lang/String;Ljava/lang/String;Ljava/lang/String;Ljava/lang/String;Ljava/lang/String;Ljava/lang/String;Ljava/net/URL;)Ljava/lang/Package$VersionInfo; 512 0 316 0 -1
ciInstanceKlass java/nio/DirectByteBufferR 1 1 270 10 7 12 1 1 1 9 7 12 1 1 1 10 12 1 10 12 1 10 12 1 1 10 12 1 9 12 1 100 1 10 12 1 10 12 1 1 10 12 1 1 9 12 1 1 10 10 100 12 1 1 1 10 12 1 10 12 1 10 12 1 1 100 1 10 9 12 1 9 12 1 1 5 0 9 12 1 100 1 10 12 1 100 1 10 9 12 1 100 1 10 12 1 100 1 10 100 1 10 100 1 10 100 1 10 100 1 10 5 0 100 1 10 100 1 10 7 1 10 100 1 10 5 0 100 1 10 100 1 10 100 1 10 100 1 10 100 1 10 100 1 10 100 1 10 100 1 10 100 1 10 100 1 10 100 1 10 100 1 10 10 12 1 10 12 1 1 10 12 10 7 12 1 1 100 1 1 1 1 1 1 1 1 1 1 1 1 1 1 1 1 1 1 1 1 1 1 1 1 1 1 1 1 1 1 1 1 1 1 1 1 1 1 1 1 1 1 1 100 1 1 1 1 1 1 1 1 100 1 1 1 1 1 1 1 100 1 1 1 1 1 1 1 100 1 1 1 1 1 1 1 1 100 1 1 1 1 1 1 1 1 100 1 1 1 1 1 1 1
staticfield java/nio/DirectByteBufferR $assertionsDisabled Z 1
ciInstanceKlass java/util/zip/ZipUtils 1 1 331 7 1 7 1 100 1 10 7 12 1 1 1 5 0 5 0 9 7 12 1 1 1 10 7 12 1 1 1 10 12 1 1 9 12 1 5 0 5 0 5 0 5 0 5 0 5 0 10 100 12 1 1 1 10 100 12 1 1 1 10 12 1 1 10 100 12 1 1 1 10 12 1 1 10 12 1 1 100 1 10 12 1 1 100 1 10 12 1 10 12 1 1 10 12 1 10 12 1 1 10 12 1 10 12 1 10 12 1 10 12 1 10 12 1 5 0 10 12 1 1 10 12 1 1 5 0 100 1 5 0 10 100 12 1 1 1 10 12 1 1 10 12 1 1 10 12 1 1 10 12 1 10 12 1 10 12 1 10 12 1 8 1 10 7 12 1 1 1 9 12 1 1 9 12 1 1 10 7 12 1 1 1 100 1 9 12 1 10 12 1 1 10 7 12 1 1 1 9 12 1 1 10 7 12 1 1 1 9 12 1 1 10 12 1 1 8 1 10 12 1 1 8 1 1 1 1 5 0 1 5 0 1 1 3 1 3 1 5 0 1 3 1 1 1 1 1 1 1 1 1 1 1 1 1 1 1 1 1 1 1 1 1 1 1 1 1 1 1 1 1 1 1 1 1 1 1 1 1 1 1 1 1 1 1 1 1 1 1 1 1 1 1 1 1 1 1 1 1 1 1 1 1 1 1 1 1 1 1 1 1 1 1 1 1 1 1 1 1 1 1 1 1 1 1 1 1 1 1 1 1
staticfield java/util/zip/ZipUtils NIO_ACCESS Ljdk/internal/access/JavaNioAccess; java/nio/Buffer$2
staticfield java/util/zip/ZipUtils defaultBuf Ljava/nio/ByteBuffer; java/nio/HeapByteBuffer
staticfield java/util/zip/ZipUtils unsafe Ljdk/internal/misc/Unsafe; jdk/internal/misc/Unsafe
staticfield java/util/zip/ZipUtils byteBufferArrayOffset J 48
staticfield java/util/zip/ZipUtils byteBufferOffsetOffset J 40
ciMethod java/util/zip/ZipUtils CENHOW ([BI)I 730 0 17416 0 -1
ciMethod java/util/zip/ZipUtils CENLEN ([BI)J 286 0 7933 0 -1
ciMethod java/util/zip/ZipUtils CENNAM ([BI)I 520 0 15928 0 -1
ciInstanceKlass java/util/jar/JarFile$JarFileEntry 1 1 129 9 7 12 1 1 1 10 7 12 1 1 1 9 12 1 1 10 12 1 10 7 12 1 1 1 10 12 1 1 10 100 12 1 1 1 10 12 1 1 100 1 100 1 10 12 1 9 12 1 1 9 12 1 1 10 12 1 1 10 100 12 1 1 1 10 100 12 1 1 9 12 1 1 10 12 1 1 10 100 10 12 1 1 9 12 1 1 9 12 1 10 100 12 1 1 1 10 12 1 1 1 1 1 1 1 1 1 1 1 1 1 1 1 1 1 1 1 1 1 1 1 1 1 1 1 1 1 1
ciInstanceKlass sun/security/util/SignatureFileVerifier 1 1 727 7 1 10 7 12 1 1 1 9 7 12 1 1 1 100 1 10 9 12 1 1 10 100 12 1 1 1 100 1 10 12 1 9 12 1 1 10 12 1 1 10 100 12 1 1 1 9 12 1 1 8 1 10 100 12 1 1 1 9 12 1 1 10 12 1 1 10 7 12 1 1 1 10 12 1 1 9 7 12 1 1 1 10 12 1 1 9 12 1 1 9 12 1 1 9 12 1 1 10 12 1 1 8 1 10 12 1 1 10 12 1 1 8 1 10 12 1 8 1 8 1 8 1 11 100 12 1 1 1 8 1 10 12 1 1 8 1 8 1 8 1 8 1 8 1 10 12 1 10 12 1 8 1 8 1 10 12 1 1 10 12 1 10 12 1 1 9 12 1 1 10 12 1 1 100 1 10 12 1 10 12 1 1 100 1 10 12 1 1 7 1 10 7 1 10 10 12 1 1 10 12 1 1 9 100 12 1 1 1 10 100 12 1 1 1 8 1 10 12 1 1 100 1 7 1 10 8 1 10 12 1 1 10 12 1 10 12 1 10 12 1 1 100 1 10 12 1 9 12 1 1 8 1 10 100 12 1 1 1 11 100 12 1 1 1 11 7 12 1 1 1 11 12 1 9 7 12 1 1 1 11 7 1 10 12 1 1 11 12 1 1 10 12 1 1 10 12 1 1 8 1 100 1 11 12 1 11 12 10 12 1 1 8 1 10 12 8 1 10 12 1 1 9 12 1 1 8 1 10 7 12 1 1 8 1 11 8 1 10 12 1 1 10 100 12 1 1 1 10 12 1 1 100 1 9 12 1 10 12 1 8 1 8 1 8 1 10 12 1 10 12 1 8 1 11 12 1 8 1 7 1 8 1 8 1 10 10 12 1 8 1 10 10 8 1 10 12 1 1 11 7 12 1 1 10 12 1 10 100 12 1 1 1 10 100 12 1 1 1 10 100 12 1 1 1 8 1 8 1 10 100 12 1 1 1 10 12 1 1 8 1 10 12 10 12 1 1 8 1 8 1 10 100 1 8 1 10 12 1 1 10 9 12 1 10 12 1 1 8 1 10 100 12 1 1 8 1 10 8 1 8 1 8 1 10 12 1 10 12 1 8 1 8 1 10 12 1 8 1 8 1 8 1 8 1 8 1 8 1 8 1 8 1 10 12 1 1 10 12 1 1 7 1 10 100 1 10 12 1 1 10 12 1 10 8 1 10 12 1 10 12 1 10 12 1 1 100 1 10 10 12 1 1 10 12 1 1 10 7 1 10 12 1 10 12 1 1 10 10 7 12 1 1 1 8 1 3 10 7 12 1 1 1 10 12 1 3 8 1 10 12 1 8 1 10 12 1 8 1 8 1 10 12 1 9 12 1 1 1 1 1 1 1 1 1 1 1 1 1 1 1 1 1 1 1 1 100 7 1 1 100 1 100 1 1 1 1 1 1 1 1 1 1 1 1 1 1 1 1 1 1 1 1 1 1 1 1 1 1 1 1 1 1 1 1 1 1 1 1 1 1 1 1 1 1 1 1 100 1 1 1 1 1 1 1 1 1 1 1 1 1 1 1 1 1 1 1 1 1 1 1 1 1 1 1 1 1 1 100 1 1 1 1 1 1 1 1 1 1 1 1 1 1 1 1 1
staticfield sun/security/util/SignatureFileVerifier debug Lsun/security/util/Debug; null
staticfield sun/security/util/SignatureFileVerifier ATTR_DIGEST Ljava/lang/String; "-DIGEST-MANIFEST-MAIN-ATTRIBUTES"
staticfield sun/security/util/SignatureFileVerifier MAX_SIG_FILE_SIZE I 16000000
ciInstanceKlass java/util/jar/JavaUtilJarAccessImpl 1 1 54 10 7 12 1 1 1 10 7 12 1 1 1 10 7 12 1 1 1 10 12 1 10 12 1 10 12 1 1 100 1 100 1 1 1 1 1 1 1 1 1 1 1 100 1 1 1 1 1 1 1 1 1 1
ciMethod java/util/jar/JavaUtilJarAccessImpl getTrustedAttributes (Ljava/util/jar/Manifest;Ljava/lang/String;)Ljava/util/jar/Attributes; 512 0 2415 0 0
ciMethod java/util/jar/JavaUtilJarAccessImpl ensureInitialization (Ljava/util/jar/JarFile;)V 512 0 2407 0 0
ciInstanceKlass java/util/zip/ZipFile$CleanableResource 1 1 167 100 1 10 7 12 1 1 1 10 7 12 1 1 1 10 7 12 1 1 1 9 7 12 1 1 1 7 1 10 10 7 12 1 1 1 9 12 1 1 7 1 10 9 12 1 1 10 7 12 1 1 1 9 12 1 1 11 7 12 1 1 11 7 12 1 1 1 7 1 10 12 1 10 12 1 11 12 1 1 10 12 1 11 7 12 1 1 1 100 1 11 12 1 1 100 1 11 12 1 10 12 1 100 1 10 12 1 1 10 12 1 1 100 1 10 12 1 100 1 1 1 1 1 1 1 1 1 1 1 1 1 1 1 1 1 1 1 100 1 100 1 1 1 1 1 1 100 1 1 1 1 1 1 1 1 1 1 1 1 1 1 1 1 1 1 1
instanceKlass java/util/zip/ZipCoder$UTF8ZipCoder
ciInstanceKlass java/util/zip/ZipCoder 1 1 261 9 7 12 1 1 1 9 7 12 1 1 1 10 12 1 1 10 12 1 1 10 100 12 1 1 1 10 100 12 1 1 1 10 100 12 1 1 1 100 1 100 1 10 12 1 10 12 1 10 12 1 1 10 12 1 10 100 12 1 1 1 10 12 1 1 10 12 1 10 12 1 1 10 12 1 10 12 1 1 10 12 1 1 10 7 1 10 10 12 1 10 7 12 1 1 10 12 1 10 12 1 1 10 12 1 10 100 12 1 1 1 10 7 12 1 1 9 12 1 1 9 12 1 1 10 100 12 1 1 9 100 12 1 1 1 10 12 1 1 10 12 1 9 12 1 1 10 12 1 10 12 1 10 12 9 12 1 8 1 10 12 1 1 8 1 10 12 1 1 10 12 1 1 9 100 12 1 1 1 10 12 1 9 12 1 9 12 1 10 7 12 1 1 1 9 12 1 1 10 1 1 1 1 1 1 1 1 1 1 1 1 1 1 1 1 1 1 1 1 1 1 1 1 1 1 1 1 1 1 1 1 1 1 100 100 1 7 1 1 1 1 1 1 1 1 1 1 1 1 1 1 1 1 1 1 1 1 1 1 1
staticfield java/util/zip/ZipCoder JLA Ljdk/internal/access/JavaLangAccess; java/lang/System$2
staticfield java/util/zip/ZipCoder UTF8 Ljava/util/zip/ZipCoder$UTF8ZipCoder; java/util/zip/ZipCoder$UTF8ZipCoder
ciMethod java/util/zip/ZipCoder toString ([BII)Ljava/lang/String; 0 0 1 0 -1
ciInstanceKlass java/util/zip/ZipFile$Source 1 1 688 100 1 100 1 7 1 7 1 9 7 12 1 1 1 10 12 1 1 5 0 8 1 10 12 1 1 10 12 1 1 10 12 1 8 1 7 1 10 12 1 1 8 1 10 12 1 1 10 12 1 8 1 10 12 1 1 10 12 1 8 1 10 12 1 9 12 1 1 8 1 10 12 1 1 10 12 1 1 10 7 12 1 1 1 3 9 12 1 1 9 12 1 1 9 12 1 10 12 1 10 12 1 7 1 8 1 3 8 1 8 1 7 1 10 12 1 8 1 7 1 10 12 1 1 10 7 12 1 1 1 10 12 1 10 12 1 10 12 1 1 5 0 8 1 10 12 1 1 10 12 1 8 1 8 1 7 1 9 12 1 1 10 7 12 1 1 10 7 12 1 1 7 1 7 1 10 7 12 1 1 1 10 12 1 100 1 100 1 10 12 1 9 12 1 1 10 7 12 1 1 1 9 12 1 10 12 1 10 12 1 1 10 12 1 9 12 1 1 10 12 1 10 9 12 1 9 12 1 9 12 1 1 10 100 12 1 1 1 10 7 12 1 1 1 9 12 1 1 8 1 11 100 12 1 1 1 9 12 1 1 7 1 10 12 1 10 12 1 10 12 1 1 10 12 1 1 10 12 1 1 5 0 9 12 1 10 9 12 1 9 12 1 9 12 1 10 12 1 1 10 7 12 1 1 1 10 12 1 1 10 12 1 10 12 1 1 8 1 7 1 10 5 0 10 7 12 1 1 1 8 1 10 12 1 1 10 12 1 1 9 12 1 10 12 1 9 12 1 1 10 12 1 9 12 1 9 12 1 10 12 1 5 0 10 12 1 9 12 1 8 1 5 0 5 0 10 12 1 5 0 10 12 1 10 12 1 10 12 1 100 1 10 12 10 12 1 1 9 12 1 9 12 1 8 1 8 1 5 0 8 1 8 1 10 12 1 10 12 1 10 12 1 10 12 1 1 10 12 1 1 10 12 1 7 1 10 12 10 12 1 1 10 12 1 7 1 10 11 7 1 10 12 1 1 10 12 1 1 10 12 1 10 12 1 11 11 12 1 1 11 7 12 1 1 11 12 1 1 10 12 1 1 10 12 1 1 10 12 1 9 7 12 1 1 10 12 1 1 10 7 12 1 1 10 12 1 10 12 1 9 12 1 1 9 12 1 9 100 12 1 1 1 10 12 1 9 100 12 1 1 1 10 12 1 1 10 100 12 1 1 1 100 1 10 10 12 1 10 7 12 1 1 10 12 1 1 9 12 1 1 10 10 7 12 1 1 1 1 1 3 1 1 1 3 1 1 1 3 1 1 1 1 1 1 1 1 1 1 1 1 1 1 1 1 1 1 1 1 100 1 1 1 1 1 1 1 1 1 1 1 1 1 1 1 1 1 1 7 1 1 1 1 1 1 1 1 1 1 1 1 1 1 1 1 1 1 1 1 1 1 1 1 1 1 1 1 1 1 1 1 1 1 1 1 1 1 1 1 1 100 1 1 1 1 1 1 1 1 1 1 1 1 1 1 1 1 1 1 1 1 1 1 1 1 100 1 1
staticfield java/util/zip/ZipFile$Source JUJA Ljdk/internal/access/JavaUtilJarAccess; java/util/jar/JavaUtilJarAccessImpl
staticfield java/util/zip/ZipFile$Source EMPTY_META_VERSIONS [I 0
staticfield java/util/zip/ZipFile$Source files Ljava/util/HashMap; java/util/HashMap
staticfield java/util/zip/ZipFile$Source builtInFS Ljava/nio/file/FileSystem; sun/nio/fs/WindowsFileSystem
staticfield java/util/zip/ZipFile$Source $assertionsDisabled Z 1
ciMethod java/util/zip/ZipFile$Source getEntryPos (Ljava/lang/String;Z)I 772 1498 11639 0 -1
ciMethod java/util/zip/ZipFile$Source zipCoderForPos (I)Ljava/util/zip/ZipCoder; 520 0 9098 0 -1
ciInstanceKlass java/util/zip/ZipFile$ZipFileInputStream 1 1 180 100 1 100 1 9 7 12 1 1 1 10 7 12 1 1 1 10 7 12 1 1 1 9 12 1 1 10 12 1 9 12 1 10 12 1 9 12 1 5 0 10 12 1 1 9 7 12 1 1 1 9 7 12 1 1 1 9 7 12 1 1 10 12 1 1 10 12 1 10 12 1 10 12 1 10 12 1 1 100 1 8 1 10 12 1 10 12 1 1 5 0 8 1 10 12 1 1 10 12 1 9 12 1 10 12 1 10 12 1 1 10 12 1 10 12 1 10 12 1 1 7 1 5 0 3 9 12 1 1 9 12 1 1 11 7 12 1 1 1 1 1 1 1 1 1 1 1 1 1 1 100 1 1 1 1 1 1 1 1 100 1 1 7 1 7 1 1 1 1 1 1 1 1 1 1 1 1 1 1
ciMethod java/util/zip/ZipFile$ZipFileInputStream <init> (Ljava/util/zip/ZipFile;[BI)V 770 0 2660 0 -1
ciInstanceKlass java/util/zip/ZipFile$ZipFileInflaterInputStream 1 1 155 10 7 12 1 1 1 10 7 12 1 1 1 9 12 1 1 10 7 12 1 1 9 12 1 1 10 7 12 1 1 1 7 1 10 12 1 10 7 12 1 1 1 9 12 1 1 9 12 1 10 12 1 1 9 7 12 1 1 1 9 12 1 1 11 7 12 1 1 1 11 7 12 1 1 100 1 8 1 10 12 1 9 12 1 1 9 12 1 1 10 7 12 1 1 1 9 12 1 1 9 12 1 1 10 7 12 1 1 1 7 1 10 12 1 1 10 12 1 7 1 5 0 3 1 1 1 1 1 1 1 1 1 1 7 1 7 1 1 100 1 1 1 1 1 1 1 1 1 1 1 1 1 1 1
instanceKlass java/util/zip/ZipFile$ZipFileInflaterInputStream
ciInstanceKlass java/util/zip/InflaterInputStream 1 1 180 9 7 12 1 1 1 100 1 8 1 10 12 1 1 10 7 12 1 1 9 12 1 9 12 1 9 12 1 1 100 1 10 12 1 100 1 8 1 10 9 12 1 1 9 12 1 10 12 1 7 1 10 10 12 1 10 12 1 10 12 1 1 10 7 12 1 1 1 10 7 12 1 1 1 10 12 1 1 10 12 1 10 12 1 10 12 1 10 12 1 10 12 1 100 1 10 12 1 1 100 1 8 1 10 8 1 7 1 5 0 10 100 12 1 1 1 10 12 1 10 12 1 9 12 1 1 10 7 12 1 1 10 9 12 1 1 100 1 8 1 10 10 12 1 1 8 1 1 1 1 1 1 1 1 1 1 1 1 1 1 1 1 1 100 7 1 1 1 1 1 1 1 1 1 1 1 1 1 1
ciMethod java/util/zip/InflaterInputStream close ()V 510 0 2643 0 -1
ciMethod java/util/zip/ZipFile$ZipFileInflaterInputStream close ()V 512 0 2649 0 0
ciMethod java/util/zip/ZipFile$ZipFileInflaterInputStream <init> (Ljava/util/zip/ZipFile;Ljava/util/zip/ZipFile$ZipFileInputStream;Ljava/util/zip/ZipFile$CleanableResource;I)V 512 0 2640 0 -1
ciInstanceKlass java/util/zip/ZipFile$1 1 1 101 10 7 12 1 1 1 9 7 12 1 1 1 9 100 12 1 1 1 9 100 12 1 1 1 10 12 1 1 10 12 1 1 10 12 1 1 10 12 1 1 10 12 1 1 10 12 1 1 10 12 1 9 100 12 1 1 1 100 1 100 1 1 1 1 1 1 1 1 1 1 1 1 1 1 1 1 1 1 1 1 1 1 1 1 1 1 1 1 1 1 1 1 1 1 1 1 1 1 1 1
ciMethod java/util/zip/ZipFile$1 getManifestNum (Ljava/util/jar/JarFile;)I 0 0 1 0 0
ciMethod java/util/zip/ZipFile$1 getManifestName (Ljava/util/jar/JarFile;Z)Ljava/lang/String; 396 0 254 0 0
ciInstanceKlass java/util/zip/ZipFile$Source$Key 1 1 84 10 7 12 1 1 1 9 7 12 1 1 1 9 12 1 1 10 7 12 1 1 1 9 12 1 1 100 1 5 0 11 7 12 1 1 1 10 7 12 1 1 1 10 7 12 1 1 1 10 12 1 1 11 12 1 1 10 10 1 1 1 1 1 1 1 1 1 1 1 1 1 1 1 1 1 1 100 1 1 100 1 1 1
ciInstanceKlass java/util/zip/Inflater 1 1 280 10 7 12 1 1 1 9 7 12 1 1 1 9 7 12 1 1 7 1 10 12 1 1 10 12 1 9 12 1 1 10 12 1 9 7 12 1 1 1 10 12 1 1 9 12 1 1 9 12 1 1 9 12 1 10 12 1 1 10 100 12 1 1 1 10 12 1 10 12 1 1 10 12 1 1 9 12 1 1 10 12 10 7 12 1 1 1 10 12 1 10 100 12 1 1 1 10 12 1 1 9 12 1 1 11 100 12 1 1 1 100 1 11 10 12 1 1 11 12 1 10 12 1 1 10 12 1 1 10 12 1 10 12 1 10 12 1 9 12 1 10 12 1 1 100 1 9 12 1 10 12 1 1 9 12 1 1 9 12 1 9 12 1 5 0 9 12 1 10 12 1 1 10 12 1 100 1 10 10 12 1 1 10 12 1 1 10 12 1 1 10 12 1 10 12 1 10 12 1 1 10 12 1 9 12 1 10 7 12 1 1 1 100 1 10 100 1 8 1 10 12 1 10 7 12 1 1 10 12 1 10 12 1 1 1 1 1 1 1 1 1 1 100 7 1 1 1 1 1 1 1 1 1 1 1 1 1 1 1 1 1 1 1 1 1 1 1 1 1 1 1 1 1 1 1 1 1 1 1
staticfield java/util/zip/Inflater $assertionsDisabled Z 1
ciMethod java/util/zip/Inflater end ()V 2 0 6 0 -1
ciInstanceKlass sun/nio/ByteBuffered 0 0 12 100 1 100 1 1 1 1 100 1 1 1
ciMethod sun/nio/ByteBuffered getByteBuffer ()Ljava/nio/ByteBuffer; 0 0 1 0 -1
ciMethod java/util/Set add (Ljava/lang/Object;)Z 0 0 1 0 -1
ciMethod java/lang/ref/Cleaner$Cleanable clean ()V 0 0 1 0 -1
ciMethod java/util/HashMap getNode (Ljava/lang/Object;)Ljava/util/HashMap$Node; 512 28 5387 0 848
ciMethod java/util/HashMap hash (Ljava/lang/Object;)I 512 0 24356 0 224
ciMethod java/util/HashMap <init> ()V 512 0 2803 0 -1
ciMethod java/util/concurrent/ConcurrentHashMap addCount (JI)V 512 0 6373 0 -1
ciMethod java/util/concurrent/ConcurrentHashMap treeifyBin ([Ljava/util/concurrent/ConcurrentHashMap$Node;I)V 0 0 1 0 -1
ciMethod java/util/concurrent/ConcurrentHashMap helpTransfer ([Ljava/util/concurrent/ConcurrentHashMap$Node;Ljava/util/concurrent/ConcurrentHashMap$Node;)[Ljava/util/concurrent/ConcurrentHashMap$Node; 0 0 1 0 -1
ciMethod java/util/concurrent/ConcurrentHashMap casTabAt ([Ljava/util/concurrent/ConcurrentHashMap$Node;ILjava/util/concurrent/ConcurrentHashMap$Node;Ljava/util/concurrent/ConcurrentHashMap$Node;)Z 488 0 2546 0 -1
ciMethod java/util/concurrent/ConcurrentHashMap initTable ()[Ljava/util/concurrent/ConcurrentHashMap$Node; 38 0 246 0 -1
ciMethod java/util/concurrent/ConcurrentHashMap putVal (Ljava/lang/Object;Ljava/lang/Object;Z)Ljava/lang/Object; 512 18 6816 0 -1
ciMethod java/util/concurrent/ConcurrentHashMap tabAt ([Ljava/util/concurrent/ConcurrentHashMap$Node;I)Ljava/util/concurrent/ConcurrentHashMap$Node; 512 0 8418 0 88
ciMethod java/util/concurrent/ConcurrentHashMap spread (I)I 512 0 16049 0 96
ciMethod java/lang/RuntimeException <init> (Ljava/lang/Throwable;)V 0 0 1 0 0
ciMethod jdk/internal/util/Preconditions outOfBoundsCheckFromToIndex (Ljava/util/function/BiFunction;III)Ljava/lang/RuntimeException; 0 0 1 0 -1
ciMethod jdk/internal/util/Preconditions checkFromToIndex (IIILjava/util/function/BiFunction;)I 562 0 18165 0 0
ciMethod jdk/internal/util/Preconditions checkIndex (IILjava/util/function/BiFunction;)I 1024 0 3352 0 -1
ciMethod java/lang/OutOfMemoryError <init> (Ljava/lang/String;)V 0 0 1 0 -1
ciMethod java/util/Arrays checkLength (II)V 270 0 12901 0 -1
ciMethod java/util/Arrays copyOfRangeByte ([BII)[B 270 0 12900 0 -1
ciMethod java/util/Arrays copyOfRange ([BII)[B 512 0 18622 0 0
ciMethod java/util/Arrays copyOf ([BI)[B 254 0 5271 0 -1
ciMethod java/lang/StringConcatHelper stringOf (Ljava/lang/Object;)Ljava/lang/String; 516 0 22149 0 160
ciMethod java/lang/StringConcatHelper checkOverflow (J)J 520 0 22342 0 0
ciMethod java/lang/StringConcatHelper initialCoder ()J 508 0 10911 0 0
ciMethod java/lang/StringConcatHelper prepend (J[BLjava/lang/String;)J 852 0 5562 0 384
ciMethod java/lang/StringConcatHelper mix (JLjava/lang/String;)J 520 0 22342 0 0
ciMethod java/lang/StringConcatHelper simpleConcat (Ljava/lang/Object;Ljava/lang/Object;)Ljava/lang/String; 512 0 10941 0 -1
ciMethod java/lang/StringConcatHelper newString ([BJ)Ljava/lang/String; 506 0 7443 0 248
ciMethod java/lang/StringConcatHelper newArray (J)[B 400 0 12411 0 -1
ciMethod jdk/internal/util/ArraysSupport vectorizedHashCode (Ljava/lang/Object;IIII)I 1024 0 5997 0 -1
ciMethod java/lang/Math max (II)I 512 0 92029 0 -1
ciMethod java/lang/Math min (II)I 516 0 39140 0 -1
ciMethod jdk/internal/access/JavaLangAccess findBootstrapClassOrNull (Ljava/lang/String;)Ljava/lang/Class; 0 0 1 0 -1
ciMethod java/lang/Thread interrupted ()Z 512 0 2461 0 -1
ciMethod java/lang/Thread currentThread ()Ljava/lang/Thread; 0 0 1 0 -1
ciMethod java/lang/ClassLoader getUnnamedModule ()Ljava/lang/Module; 256 0 128 0 -1
ciMethod java/lang/ClassLoader getDefinedPackage (Ljava/lang/String;)Ljava/lang/Package; 510 0 2430 0 0
ciMethod java/lang/ClassLoader findLoadedClass0 (Ljava/lang/String;)Ljava/lang/Class; 770 0 385 0 -1
ciMethod java/lang/ClassLoader findBootstrapClass (Ljava/lang/String;)Ljava/lang/Class; 772 0 386 0 -1
ciMethod java/lang/ClassLoader compareCerts ([Ljava/security/cert/Certificate;[Ljava/security/cert/Certificate;)Z 512 0 2171 0 -1
ciMethod java/lang/ClassLoader postDefineClass (Ljava/lang/Class;Ljava/security/ProtectionDomain;)V 512 0 2495 0 -1
ciMethod java/lang/ClassLoader defineClass1 (Ljava/lang/ClassLoader;Ljava/lang/String;[BIILjava/security/ProtectionDomain;Ljava/lang/String;)Ljava/lang/Class; 512 0 256 0 -1
ciMethod java/lang/ClassLoader defineClassSourceLocation (Ljava/security/ProtectionDomain;)Ljava/lang/String; 516 0 2492 0 -1
ciMethod java/lang/ClassLoader preDefineClass (Ljava/lang/String;Ljava/security/ProtectionDomain;)Ljava/security/ProtectionDomain; 516 0 2491 0 -1
ciMethod java/lang/ClassLoader checkCerts (Ljava/lang/String;Ljava/security/CodeSource;)V 768 0 2488 0 -1
ciMethod java/lang/ClassLoader getBuiltinPlatformClassLoader ()Ljava/lang/ClassLoader; 10 0 647 0 -1
ciMethod java/lang/ClassLoader checkName (Ljava/lang/String;)Z 514 0 6404 0 512
ciMethod java/lang/ClassLoader defineClass (Ljava/lang/String;[BIILjava/security/ProtectionDomain;)Ljava/lang/Class; 512 0 2441 0 -1
ciMethod java/lang/ClassLoader resolveClass (Ljava/lang/Class;)V 0 0 1 0 -1
ciMethod java/lang/ClassLoader findBootstrapClassOrNull (Ljava/lang/String;)Ljava/lang/Class; 512 0 2886 0 0
ciMethod java/lang/ClassLoader findLoadedClass (Ljava/lang/String;)Ljava/lang/Class; 520 0 5384 0 0
ciMethod jdk/internal/misc/Unsafe allocateUninitializedArray (Ljava/lang/Class;I)Ljava/lang/Object; 400 0 5454 0 400
ciMethod jdk/internal/misc/Unsafe getReferenceAcquire (Ljava/lang/Object;J)Ljava/lang/Object; 510 0 8418 0 -1
ciMethod jdk/internal/misc/Unsafe allocateUninitializedArray0 (Ljava/lang/Class;I)Ljava/lang/Object; 654 0 5447 0 -1
ciMethod java/io/InputStream close ()V 0 0 1 0 -1
ciMethod java/io/InputStream <init> ()V 450 0 5456 0 -1
ciMethod java/io/InputStream read ([BII)I 0 0 1 0 -1
ciMethod java/util/Set remove (Ljava/lang/Object;)Z 0 0 1 0 -1
ciMethod java/lang/InternalError <init> (Ljava/lang/String;)V 2 0 1 0 0
ciMethod java/lang/VirtualMachineError <init> (Ljava/lang/String;)V 2 0 1 0 -1
ciMethod java/lang/Error <init> (Ljava/lang/String;)V 8 0 70 0 -1
ciMethod jdk/internal/misc/VM isModuleSystemInited ()Z 64 0 2664 0 0
ciMethod java/lang/String intern ()Ljava/lang/String; 768 0 384 0 -1
ciMethod java/lang/String concat (Ljava/lang/String;)Ljava/lang/String; 514 0 10099 0 0
ciMethod java/lang/String equalsIgnoreCase (Ljava/lang/String;)Z 512 0 5256 0 0
ciMethod java/lang/String replace (CC)Ljava/lang/String; 512 0 6866 0 1752
ciMethod java/lang/String substring (II)Ljava/lang/String; 268 0 5297 0 1696
ciMethod java/lang/String lastIndexOf (II)I 516 0 25600 0 0
ciMethod java/lang/String lastIndexOf (I)I 516 0 23163 0 0
ciMethod java/lang/String startsWith (Ljava/lang/String;)Z 512 0 48904 0 -1
ciMethod java/lang/String regionMatches (ZILjava/lang/String;II)Z 136 0 6218 0 -1
ciMethod java/lang/String getBytes ([BIB)V 514 0 5388 0 272
ciMethod java/lang/String checkBoundsBeginEnd (III)V 580 0 12745 0 0
ciMethod java/lang/String isLatin1 ()Z 1024 0 587850 0 88
ciMethod java/lang/String coder ()B 1024 0 381322 0 88
ciMethod java/lang/String indexOf (II)I 512 0 5390 0 528
ciMethod java/lang/String indexOf (I)I 514 0 43168 0 472
ciMethod java/lang/String checkIndex (II)V 1022 0 536846 0 128
ciMethod java/lang/String <init> (Ljava/lang/String;)V 6 0 29 0 0
ciMethod java/lang/String <init> ([BB)V 512 0 14695 0 0
ciMethod java/lang/String <init> (Ljava/lang/StringBuilder;)V 12 0 28568 0 -1
ciMethod java/lang/Exception <init> (Ljava/lang/Throwable;)V 2 0 1 0 -1
ciMethod java/lang/Throwable <init> (Ljava/lang/Throwable;)V 2 0 1 0 -1
ciMethod java/lang/Throwable addSuppressed (Ljava/lang/Throwable;)V 0 0 1 0 0
ciMethod java/lang/StringBuilder append (I)Ljava/lang/StringBuilder; 8 0 13693 0 -1
ciMethod java/lang/StringBuilder append (Ljava/lang/String;)Ljava/lang/StringBuilder; 12 0 73155 0 1688
ciMethod java/lang/StringBuilder append (Ljava/lang/Object;)Ljava/lang/StringBuilder; 358 0 743 0 -1
ciMethod java/lang/StringBuilder <init> ()V 10 0 25876 0 0
ciMethod java/lang/AbstractStringBuilder <init> (I)V 12 0 5140 0 -1
ciMethod java/lang/AbstractStringBuilder append (Ljava/lang/String;)Ljava/lang/AbstractStringBuilder; 12 0 5297 0 -1
ciMethod java/util/Map get (Ljava/lang/Object;)Ljava/lang/Object; 0 0 1 0 -1
ciMethod java/security/CodeSource getCertificates ()[Ljava/security/cert/Certificate; 512 0 4986 0 -1
ciMethod java/security/CodeSource <init> (Ljava/net/URL;[Ljava/security/CodeSigner;)V 512 0 2426 0 -1
ciMethod java/security/ProtectionDomain getCodeSource ()Ljava/security/CodeSource; 256 0 128 0 -1
ciMethod java/security/AccessController doPrivileged (Ljava/security/PrivilegedAction;)Ljava/lang/Object; 56 0 654 0 -1
ciMethod jdk/internal/access/SharedSecrets javaUtilJarAccess ()Ljdk/internal/access/JavaUtilJarAccess; 768 0 4982 0 0
ciMethod jdk/internal/access/SharedSecrets ensureClassInitialized (Ljava/lang/Class;)V 8 0 5 0 -1
ciMethod java/lang/Object <init> ()V 1024 0 189306 0 80
instanceKlass com/fasterxml/jackson/core/JacksonException
instanceKlass java/io/CharConversionException
instanceKlass java/io/ObjectStreamException
instanceKlass java/nio/charset/CharacterCodingException
instanceKlass java/net/UnknownHostException
instanceKlass java/util/zip/ZipException
instanceKlass org/springframework/core/type/classreading/ClassFormatException
instanceKlass java/nio/file/FileSystemException
instanceKlass java/net/MalformedURLException
instanceKlass java/io/FileNotFoundException
instanceKlass java/io/UnsupportedEncodingException
ciInstanceKlass java/io/IOException 1 1 34 10 7 12 1 1 1 10 12 1 10 12 1 10 12 1 100 1 1 1 1 5 0 1 1 1 1 1 1 1 1 1 1 1
instanceKlass java/security/AccessControlException
ciInstanceKlass java/lang/SecurityException 1 1 35 10 7 12 1 1 1 10 12 1 10 12 1 10 12 1 100 1 1 1 1 5 0 1 1 1 1 1 1 1 1 1 1 1 1
ciInstanceKlass jdk/internal/loader/URLClassPath$FileLoader 1 1 130 10 7 12 1 1 1 10 7 12 1 1 1 9 7 12 1 1 1 10 7 12 1 1 1 10 7 12 1 1 1 10 12 1 10 12 1 1 9 7 12 1 1 1 10 12 1 1 8 1 10 12 1 9 12 1 1 10 12 1 1 10 7 12 1 1 10 12 1 1 10 12 1 1 10 7 12 1 1 8 1 10 12 1 1 10 12 1 10 12 1 10 12 1 1 7 1 10 12 1 100 1 1 1 1 1 1 1 1 1 1 1 100 1 1 1 1 1 1 1 1 1 1 1 1 1 1 1 1 1
ciInstanceKlass jdk/internal/loader/URLClassPath$FileLoader$1 1 1 71 9 7 12 1 1 1 9 12 1 1 9 12 1 1 9 12 1 1 10 7 12 1 1 1 10 7 12 1 1 1 7 1 10 12 1 10 7 12 1 1 1 1 1 1 1 1 1 1 1 1 1 1 1 1 1 100 1 1 1 1 1 1 12 1 1 1 100 1 1 1
instanceKlass org/springframework/context/annotation/ConflictingBeanDefinitionException
instanceKlass org/springframework/beans/factory/support/ImplicitlyAppearedSingletonException
instanceKlass org/springframework/core/env/MissingRequiredPropertiesException
instanceKlass java/util/concurrent/CancellationException
ciInstanceKlass java/lang/IllegalStateException 1 1 35 10 7 12 1 1 1 10 12 1 10 12 1 10 12 1 100 1 1 1 1 5 0 1 1 1 1 1 1 1 1 1 1 1 1
ciInstanceKlass java/util/zip/ZipException 0 0 26 10 100 12 1 1 1 10 12 1 100 1 1 1 1 5 0 1 1 1 1 1 1 1 1 1
ciMethodData java/lang/Object <init> ()V 2 188796 orig 80 0 0 0 0 0 0 0 0 0 0 0 0 0 0 0 0 0 0 0 0 0 0 0 0 0 0 0 0 0 0 0 0 0 0 0 0 0 0 0 0 0 0 0 0 0 0 0 0 0 0 0 0 0 0 0 0 0 0 0 0 0 0 0 0 0 0 0 0 0 0 0 0 0 0 0 0 0 0 0 0 data 4 0x0 0x9 0x1 0x0 oops 0 methods 0
ciMethodData java/lang/String hashCode ()I 2 5508 orig 80 0 0 0 0 0 0 0 0 0 0 0 0 0 0 0 0 0 0 0 0 0 0 0 0 0 0 0 0 0 0 0 0 0 0 0 0 0 0 0 0 0 0 0 0 0 0 0 0 0 0 0 0 0 0 0 0 0 0 0 0 0 0 0 0 0 0 0 0 0 0 0 0 0 0 0 0 0 0 0 0 data 42 0x60007 0x1122 0x108 0x463 0xd0007 0x3 0xe8 0x460 0x110005 0x460 0x0 0x0 0x0 0x0 0x0 0x140007 0x0 0x48 0x460 0x1b0002 0x460 0x1e0003 0x460 0x28 0x250002 0x0 0x2a0007 0x45f 0x38 0x1 0x320003 0x1 0x18 0x0 0x0 0x0 0x0 0x0 0x0 0x9 0x1 0xe oops 0 methods 0
ciMethodData java/lang/String isLatin1 ()Z 2 587650 orig 80 1 0 0 0 1 0 0 0 0 0 0 0 0 0 0 0 0 0 0 0 0 0 0 0 0 0 0 0 0 0 0 0 0 0 0 0 0 0 0 2 0 0 0 0 0 0 0 0 0 0 0 0 0 0 0 0 0 0 0 0 0 0 0 0 0 0 0 0 0 0 0 0 0 0 0 0 0 0 0 0 data 18 0x30007 0x0 0x58 0x8f785 0x80000006000a0007 0x25 0x38 0x8f761 0xe0003 0x8f764 0x18 0x0 0x0 0x0 0x0 0x9 0x1 0x0 oops 0 methods 0
ciMethodData java/lang/StringLatin1 hashCode ([B)I 2 5134 orig 80 0 0 0 0 0 0 0 0 0 0 0 0 0 0 0 0 0 0 0 0 0 0 0 0 0 0 0 0 0 0 0 0 0 0 0 0 0 0 0 0 0 0 0 0 0 0 0 0 0 0 0 0 0 0 0 0 0 0 0 0 0 0 0 0 0 0 0 0 0 0 0 0 0 0 0 0 0 0 0 0 data 25 0x20008 0x6 0x140c 0x70 0x1 0x40 0x2 0x58 0x1d0003 0x1 0x40 0x270003 0x2 0x28 0x300002 0x140c 0x0 0x0 0x0 0x0 0x0 0x0 0x9 0x1 0xffffffffffffffff oops 0 methods 0
ciMethodData java/lang/String equals (Ljava/lang/Object;)Z 2 7703 orig 80 1 0 0 0 0 0 0 0 0 0 0 0 0 0 0 0 0 0 0 0 4 0 0 0 0 0 0 0 0 0 0 0 0 0 0 0 0 0 0 0 0 0 0 0 0 0 0 0 0 0 0 0 0 0 0 0 0 0 0 0 0 0 0 0 0 0 0 0 0 0 0 0 0 0 0 0 0 0 0 0 data 49 0x20007 0x198b 0x20 0x48d 0x8000000400080104 0xfffffffffffffff1 0x0 0x2077d13a1d8 0x197f 0x2077d13a268 0xf 0xb0007 0x10 0xe0 0x197f 0xf0004 0x0 0x0 0x2077d13a1d8 0x197f 0x0 0x0 0x160007 0x0 0x40 0x197f 0x210007 0x0 0x68 0x197f 0x2c0002 0x197f 0x2f0007 0x1877 0x38 0x108 0x330003 0x108 0x18 0x0 0x0 0x0 0x0 0x0 0x0 0x9 0x2 0x0 0x0 oops 3 7 java/lang/String 9 java/lang/Class 18 java/lang/String methods 0
ciMethodData java/util/Objects requireNonNull (Ljava/lang/Object;)Ljava/lang/Object; 2 45500 orig 80 0 0 0 0 0 0 0 0 0 0 0 0 0 0 0 0 0 0 0 0 0 0 0 0 0 0 0 0 0 0 0 0 0 0 0 0 0 0 0 0 0 0 0 0 0 0 0 0 0 0 0 0 0 0 0 0 0 0 0 0 0 0 0 0 0 0 0 0 0 0 0 0 0 0 0 0 0 0 0 0 data 15 0x10007 0xb1bd 0x30 0x0 0x80002 0x0 0x0 0x0 0x0 0x0 0x0 0x0 0x9 0x1 0x0 oops 0 methods 0
ciMethodData java/lang/String coder ()B 2 381089 orig 80 0 0 0 0 0 0 0 0 0 0 0 0 0 0 0 0 0 0 0 0 0 0 0 0 0 0 0 0 0 0 0 0 0 0 0 0 0 0 0 0 0 0 0 0 0 0 0 0 0 0 0 0 0 0 0 0 0 0 0 0 0 0 0 0 0 0 0 0 0 0 0 0 0 0 0 0 0 0 0 0 data 14 0x30007 0x0 0x38 0x5d0a7 0xa0003 0x5d0aa 0x18 0x0 0x0 0x0 0x0 0x9 0x1 0x0 oops 0 methods 0
ciMethodData java/lang/String length ()I 2 279480 orig 80 0 0 0 0 0 0 0 0 0 0 0 0 0 0 0 0 0 0 0 0 0 0 0 0 0 0 0 0 0 0 0 0 0 0 0 0 0 0 0 0 0 0 0 0 0 0 0 0 0 0 0 0 0 0 0 0 0 0 0 0 0 0 0 0 0 0 0 0 0 0 0 0 0 0 0 0 0 0 0 0 data 16 0x60005 0x443aa 0x0 0x0 0x0 0x0 0x0 0x0 0x0 0x0 0x0 0x0 0x0 0x9 0x1 0x0 oops 0 methods 0
ciMethodData java/lang/String charAt (I)C 2 523028 orig 80 1 0 0 0 0 0 0 0 0 0 0 0 0 0 0 0 0 0 0 0 0 0 0 0 0 0 0 0 0 0 0 0 0 0 0 0 0 0 0 0 0 0 0 0 0 0 0 0 0 0 0 0 0 0 0 0 0 0 0 0 0 0 0 0 0 0 0 0 0 0 0 0 0 0 0 0 0 0 0 0 data 25 0x10005 0x7fb1a 0x0 0x0 0x0 0x0 0x0 0x40007 0x4 0x30 0x7fb1a 0xc0002 0x7fb1b 0x150002 0x4 0x0 0x0 0x0 0x0 0x0 0x0 0x9 0x2 0x0 0x0 oops 0 methods 0
ciMethodData java/lang/StringLatin1 charAt ([BI)C 2 523026 orig 80 0 0 0 0 0 0 0 0 0 0 0 0 7 2 0 0 0 0 0 0 0 0 0 0 0 0 0 0 0 0 0 0 0 0 0 0 0 0 0 0 0 0 0 0 0 0 0 0 0 0 0 0 0 0 0 0 0 0 0 0 0 0 0 0 0 0 0 0 0 0 0 0 0 0 0 0 0 0 0 0 data 12 0x30002 0x7fb16 0x0 0x0 0x0 0x0 0x0 0x0 0x9 0x2 0x0 0x0 oops 0 methods 0
ciMethodData java/lang/String checkIndex (II)V 2 536473 orig 80 0 0 0 0 0 0 0 0 0 0 0 0 7 2 0 0 0 0 0 0 0 0 0 0 0 0 0 0 0 0 0 0 0 0 0 0 0 0 0 0 0 0 0 0 0 0 0 0 0 0 0 0 0 0 0 0 0 0 0 0 0 0 0 0 0 0 0 0 0 0 0 0 0 0 0 0 0 0 0 0 data 12 0x50002 0x82f9a 0x0 0x0 0x0 0x0 0x0 0x0 0x9 0x2 0x0 0x0 oops 0 methods 0
ciMethodData java/lang/String isEmpty ()Z 2 64101 orig 80 0 0 0 0 0 0 0 0 0 0 0 0 7 2 0 0 0 0 0 0 0 0 0 0 0 0 0 0 0 0 0 0 0 0 0 0 0 0 0 0 0 0 0 0 0 0 0 0 0 0 0 0 0 0 0 0 0 0 0 0 0 0 0 0 0 0 0 0 0 0 0 0 0 0 0 0 0 0 0 0 data 14 0x50007 0xdb2e 0x38 0x1f35 0x90003 0x1f35 0x18 0x0 0x0 0x0 0x0 0x9 0x1 0x0 oops 0 methods 0
ciMethodData java/lang/StringLatin1 canEncode (I)Z 2 57385 orig 80 1 0 0 0 0 0 0 0 0 0 0 0 7 2 0 0 0 0 0 0 0 0 0 0 0 0 0 0 0 0 0 0 0 0 0 0 0 0 0 2 0 0 0 0 0 0 0 0 0 0 0 0 0 0 0 0 0 0 0 0 0 0 0 0 0 0 0 0 0 0 0 0 0 0 0 0 0 0 0 0 data 11 0x8000000600040007 0x4 0x38 0xe029 0x80003 0xe02a 0x18 0x0 0x9 0x1 0x0 oops 0 methods 0
ciMethodData java/lang/String getBytes ([BIB)V 2 5131 orig 80 0 0 0 0 0 0 0 0 0 0 0 0 7 2 0 0 0 0 0 0 0 0 0 0 0 0 0 0 0 0 0 0 0 0 0 0 0 0 0 0 0 0 0 0 0 0 0 0 0 0 0 0 0 0 0 0 0 0 0 0 0 0 0 0 0 0 0 0 0 0 0 0 0 0 0 0 0 0 0 0 data 30 0x10005 0x140b 0x0 0x0 0x0 0x0 0x0 0x50007 0x0 0x48 0x140b 0x160002 0x140b 0x190003 0x140b 0x28 0x280002 0x0 0x0 0x0 0x0 0x0 0x0 0x0 0x9 0x4 0x0 0xffffffffffffffff 0x0 0x0 oops 0 methods 0
ciMethodData java/lang/String indexOf (II)I 2 5134 orig 80 0 0 0 0 0 0 0 0 0 0 0 0 7 2 0 0 0 0 0 0 0 0 0 0 0 0 0 0 0 0 0 0 0 0 0 0 0 0 0 0 0 0 0 0 0 0 0 0 0 0 0 0 0 0 0 0 0 0 0 0 0 0 0 0 0 0 0 0 0 0 0 0 0 0 0 0 0 0 0 0 data 43 0x10005 0x140e 0x0 0x0 0x0 0x0 0x0 0x40007 0x0 0x80 0x140e 0xe0005 0x140e 0x0 0x0 0x0 0x0 0x0 0x110002 0x140e 0x140003 0x1410 0x60 0x1e0005 0x0 0x0 0x0 0x0 0x0 0x0 0x210002 0x0 0x0 0x0 0x0 0x0 0x0 0x0 0x9 0x3 0x0 0x0 0x0 oops 0 methods 0
ciMethodData java/lang/StringLatin1 indexOf ([BIII)I 2 5134 orig 80 0 0 0 0 0 0 0 0 0 0 0 0 7 2 0 0 0 0 0 0 0 0 0 0 0 0 0 0 0 0 0 0 0 0 0 0 0 0 0 0 0 0 0 0 0 0 0 0 0 0 0 0 0 0 0 0 0 0 0 0 0 0 0 0 0 0 0 0 0 0 0 0 0 0 0 0 0 0 0 0 data 28 0x10002 0x140e 0x40007 0x140f 0x20 0x0 0xb0002 0x140f 0x120002 0x140f 0x180007 0x1358 0x20 0xb7 0x210002 0x1358 0x0 0x0 0x0 0x0 0x0 0x0 0x9 0x4 0x0 0x0 0x0 0x0 oops 0 methods 0
ciMethodData java/lang/String indexOf (I)I 2 42925 orig 80 0 0 0 0 0 0 0 0 0 0 0 0 7 2 0 0 0 0 0 0 0 0 0 0 0 0 0 0 0 0 0 0 0 0 0 0 0 0 0 0 0 0 0 0 0 0 0 0 0 0 0 0 0 0 0 0 0 0 0 0 0 0 0 0 0 0 0 0 0 0 0 0 0 0 0 0 0 0 0 0 data 17 0x30005 0xa7b1 0x0 0x0 0x0 0x0 0x0 0x0 0x0 0x0 0x0 0x0 0x0 0x9 0x2 0x0 0x0 oops 0 methods 0
ciMethodData java/lang/StringLatin1 lastIndexOf ([BII)I 2 966 orig 80 0 0 0 0 0 0 0 0 0 0 0 0 7 2 0 0 0 0 0 0 0 0 0 0 0 0 0 0 0 0 0 0 0 0 0 0 0 0 0 0 0 0 0 0 0 0 0 0 0 0 0 0 0 0 0 0 0 0 0 0 0 0 0 0 0 0 0 0 0 0 0 0 0 0 0 0 0 0 0 0 data 30 0x10002 0x3c6 0x40007 0x3c6 0x20 0x0 0xe0002 0x3c6 0x130007 0x13e 0x58 0xc737 0x1b0007 0xc4af 0x20 0x288 0x230003 0xc4af 0xffffffffffffffc0 0x0 0x0 0x0 0x0 0x0 0x0 0x9 0x3 0x0 0x0 0x0 oops 0 methods 0
ciMethodData java/lang/StringUTF16 charAt ([BI)C 1 4 orig 80 0 0 0 0 0 0 0 0 0 0 0 0 7 2 0 0 0 0 0 0 0 0 0 0 0 0 0 0 0 0 0 0 0 0 0 0 0 0 0 0 0 0 0 0 0 0 0 0 0 0 0 0 0 0 0 0 0 0 0 0 0 0 0 0 0 0 0 0 0 0 0 0 0 0 0 0 0 0 0 0 data 14 0x20002 0x4 0x70002 0x1 0x0 0x0 0x0 0x0 0x0 0x0 0x9 0x2 0x0 0x0 oops 0 methods 0
ciMethodData java/util/Arrays copyOfRange ([BII)[B 2 18366 orig 80 0 0 0 0 0 0 0 0 0 0 0 0 7 2 0 0 0 0 0 0 0 0 0 0 0 0 0 0 0 0 0 0 0 0 0 0 0 0 0 0 0 0 0 0 0 0 0 0 0 0 0 0 0 0 0 0 0 0 0 0 0 0 0 0 0 0 0 0 0 0 0 0 0 0 0 0 0 0 0 0 data 35 0x10007 0xef6 0x40 0x38c9 0x70007 0x15e3 0x30 0x22e7 0xd0002 0x31dd 0x120005 0x0 0x0 0x2077d14fd78 0x15e3 0x0 0x0 0x150004 0x0 0x0 0x2077d14fd78 0x15e2 0x0 0x0 0x0 0x0 0x0 0x0 0x0 0x0 0x9 0x3 0xffffffffffffffff 0x0 0x0 oops 2 13 [B 20 [B methods 0
ciMethodData java/util/Arrays copyOfRangeByte ([BII)[B 2 12765 orig 80 0 0 0 0 0 0 0 0 0 0 0 0 7 2 0 0 0 0 0 0 0 0 0 0 0 0 0 0 0 0 0 0 0 0 0 0 0 0 0 0 0 0 0 0 0 0 0 0 0 0 0 0 0 0 0 0 0 0 0 0 0 0 0 0 0 0 0 0 0 0 0 0 0 0 0 0 0 0 0 0 data 17 0x20002 0x31dd 0x180002 0x31dd 0x1b0002 0x31dd 0x0 0x0 0x0 0x0 0x0 0x0 0x9 0x3 0xffffffffffffffff 0x0 0x0 oops 0 methods 0
ciMethodData java/util/Arrays checkLength (II)V 2 12766 orig 80 0 0 0 0 0 0 0 0 0 0 0 0 7 2 0 0 0 0 0 0 0 0 0 0 0 0 0 0 0 0 0 0 0 0 0 0 0 0 0 0 0 0 0 0 0 0 0 0 0 0 0 0 0 0 0 0 0 0 0 0 0 0 0 0 0 0 0 0 0 0 0 0 0 0 0 0 0 0 0 0 data 46 0x20007 0x31de 0x120 0x0 0xd0002 0x0 0x110005 0x0 0x0 0x0 0x0 0x0 0x0 0x170005 0x0 0x0 0x0 0x0 0x0 0x0 0x1b0005 0x0 0x0 0x0 0x0 0x0 0x0 0x1e0005 0x0 0x0 0x0 0x0 0x0 0x0 0x210002 0x0 0x0 0x0 0x0 0x0 0x0 0x0 0x9 0x2 0x0 0x0 oops 0 methods 0
ciMethodData java/lang/System getSecurityManager ()Ljava/lang/SecurityManager; 2 29008 orig 80 0 0 0 0 0 0 0 0 0 0 0 0 7 2 0 0 0 0 0 0 0 0 0 0 0 0 0 0 0 0 0 0 0 0 0 0 0 0 0 0 0 0 0 0 0 0 0 0 0 0 0 0 0 0 0 0 0 0 0 0 0 0 0 0 0 0 0 0 0 0 0 0 0 0 0 0 0 0 0 0 data 14 0x2 0x7151 0x30007 0x70ee 0x20 0x66 0x0 0x0 0x0 0x0 0x0 0x0 0x9 0x0 oops 0 methods 0
ciMethodData java/lang/System allowSecurityManager ()Z 2 29010 orig 80 0 0 0 0 0 0 0 0 0 0 0 0 7 2 0 0 0 0 0 0 0 0 0 0 0 0 0 0 0 0 0 0 0 0 0 0 0 0 0 0 0 0 0 0 0 0 0 0 0 0 0 0 0 0 0 0 0 0 0 0 0 0 0 0 0 0 0 0 0 0 0 0 0 0 0 0 0 0 0 0 data 11 0x40007 0x70ec 0x38 0x66 0x80003 0x66 0x18 0x0 0x0 0x9 0x0 oops 0 methods 0
ciMethodData java/lang/String substring (II)Ljava/lang/String; 2 5163 orig 80 0 0 0 0 0 0 0 0 0 0 0 0 7 2 0 0 0 0 0 0 0 0 0 0 0 0 0 0 0 0 0 0 0 0 0 0 0 0 0 0 0 0 0 0 0 0 0 0 0 0 0 0 0 0 0 0 0 0 0 0 0 0 0 0 0 0 0 0 0 0 0 0 0 0 0 0 0 0 0 0 data 46 0x10005 0x142b 0x0 0x0 0x0 0x0 0x0 0x80002 0x142b 0xc0007 0x952 0x40 0xad9 0x110007 0x778 0x20 0x361 0x1c0005 0x10ca 0x0 0x0 0x0 0x0 0x0 0x1f0007 0x0 0x48 0x10ca 0x290002 0x10ca 0x2c0003 0x10ca 0x28 0x360002 0x0 0x0 0x0 0x0 0x0 0x0 0x0 0x9 0x3 0x0 0x0 0x0 oops 0 methods 0
ciMethodData java/lang/String <init> ([BB)V 2 14439 orig 80 0 0 0 0 0 0 0 0 0 0 0 0 7 2 0 0 0 0 0 0 0 0 0 0 0 0 0 0 0 0 0 0 0 0 0 0 0 0 0 0 0 0 0 0 0 0 0 0 0 0 0 0 0 0 0 0 0 0 0 0 0 0 0 0 0 0 0 0 0 0 0 0 0 0 0 0 0 0 0 0 data 11 0x10002 0x3867 0x0 0x0 0x0 0x0 0x9 0x3 0xc 0x0 0x0 oops 0 methods 0
ciMethodData java/util/concurrent/ConcurrentHashMap tabAt ([Ljava/util/concurrent/ConcurrentHashMap$Node;I)Ljava/util/concurrent/ConcurrentHashMap$Node; 2 8162 orig 80 0 0 0 0 0 0 0 0 0 0 0 0 7 2 0 0 0 0 0 0 0 0 0 0 0 0 0 0 0 0 0 0 0 0 0 0 0 0 0 0 0 0 0 0 0 0 0 0 0 0 0 0 0 0 0 0 0 0 0 0 0 0 0 0 0 0 0 0 0 0 0 0 0 0 0 0 0 0 0 0 data 27 0xf000b 0x1fe2 0x0 0x0 0x0 0x0 0x0 0x2 0x1 0x2077dd02730 0x120104 0x0 0x0 0x2077dd02680 0xdbd 0x2077d1d8f10 0x430 0x0 0x0 0x0 0x0 0x0 0x0 0x9 0x2 0x0 0x0 oops 3 9 [Ljava/util/concurrent/ConcurrentHashMap$Node; 13 java/util/concurrent/ConcurrentHashMap$Node 15 java/util/concurrent/ConcurrentHashMap$ForwardingNode methods 0
ciMethodData java/util/concurrent/ConcurrentHashMap spread (I)I 2 15795 orig 80 0 0 0 0 0 0 0 0 0 0 0 0 7 2 0 0 0 0 0 0 0 0 0 0 0 0 0 0 0 0 0 0 0 0 0 0 0 0 0 0 0 0 0 0 0 0 0 0 0 0 0 0 0 0 0 0 0 0 0 0 0 0 0 0 0 0 0 0 0 0 0 0 0 0 0 0 0 0 0 0 data 5 0x0 0x0 0x9 0x1 0x0 oops 0 methods 0
ciMethodData java/util/concurrent/ConcurrentHashMap putVal (Ljava/lang/Object;Ljava/lang/Object;Z)Ljava/lang/Object; 2 6835 orig 80 1 0 0 0 0 0 0 0 0 0 0 0 7 2 0 0 0 0 0 0 0 0 0 0 0 0 0 0 0 0 0 0 0 0 0 0 0 0 0 0 0 0 0 0 0 0 0 0 0 0 0 0 0 0 0 0 0 0 0 0 0 0 0 0 0 0 0 0 0 0 0 0 0 0 0 0 0 0 0 0 data 250 0x10007 0x0 0x40 0x1ab3 0x50007 0x1ab3 0x30 0x0 0xc0002 0x0 0x110005 0xbf 0x0 0x2077e8a35d0 0x566 0x2077d13a1d8 0x148e 0x140002 0x1ab7 0x240007 0x73 0x40 0x1ab6 0x2d0007 0x1ab6 0x70 0x0 0x310005 0x73 0x0 0x0 0x0 0x0 0x0 0x360003 0x73 0x5f8 0x450002 0x1ab6 0x4b0007 0xb49 0x78 0xf6d 0x5b0002 0xf6d 0x5e0002 0xf6d 0x610007 0x0 0x590 0xf6e 0x640003 0xf6e 0x588 0x700007 0xb49 0x70 0x0 0x780005 0x0 0x0 0x0 0x0 0x0 0x0 0x7d0003 0x0 0x500 0x810007 0x15a 0xf8 0x9ef 0x880007 0x81e 0xd8 0x1d1 0x940007 0x1 0x98 0x1d0 0x990007 0x0 0x98 0x1d0 0x9f0005 0x0 0x0 0x2077d13a1d8 0x1d0 0x0 0x0 0xa20007 0x0 0x40 0x1d0 0xad0007 0x0 0x20 0x1d1 0xc00002 0x978 0xc50007 0x0 0x330 0x978 0xca0007 0x0 0x188 0x978 0xdb0007 0xc16 0xf0 0x152 0xe70007 0x2 0x98 0x150 0xec0007 0x0 0xb0 0x150 0xf20005 0x0 0x0 0x2077d13a1d8 0x150 0x0 0x0 0xf50007 0x0 0x58 0x150 0x1000007 0x14f 0x98 0x3 0x1090003 0x3 0x78 0x1180007 0x3f1 0x48 0x825 0x1250002 0x825 0x12b0003 0x826 0x30 0x1310003 0x3f1 0xfffffffffffffec8 0x1340003 0x978 0x1a0 0x1390004 0x0 0x0 0x0 0x0 0x0 0x0 0x13c0007 0x0 0xe8 0x0 0x1440004 0x0 0x0 0x0 0x0 0x0 0x0 0x14b0005 0x0 0x0 0x0 0x0 0x0 0x0 0x1510007 0x0 0x40 0x0 0x15c0007 0x0 0x20 0x0 0x1650003 0x0 0x80 0x16a0004 0x0 0x0 0x0 0x0 0x0 0x0 0x16d0007 0x0 0x30 0x0 0x1760002 0x0 0x17d0003 0x978 0x18 0x18a0007 0x0 0x98 0x978 0x1910007 0x978 0x58 0x0 0x1990005 0x0 0x0 0x0 0x0 0x0 0x0 0x19e0007 0x826 0x38 0x152 0x1a40003 0x73 0xfffffffffffff990 0x1ab0005 0x1794 0x0 0x0 0x0 0x0 0x0 0x0 0x0 0x0 0x0 0x0 0x0 0x0 0x0 0x0 0x9 0x4 0x0 0x0 0x0 0x0 oops 4 13 java/lang/invoke/MethodType$ConcurrentWeakInternSet$WeakEntry 15 java/lang/String 87 java/lang/String 124 java/lang/String methods 0
ciMethodData java/util/concurrent/ConcurrentHashMap putIfAbsent (Ljava/lang/Object;Ljava/lang/Object;)Ljava/lang/Object; 2 10904 orig 80 0 0 0 0 0 0 0 0 0 0 0 0 7 2 0 0 0 0 0 0 0 0 0 0 0 0 0 0 0 0 0 0 0 0 0 0 0 0 0 0 0 0 0 0 0 0 0 0 0 0 0 0 0 0 0 0 0 0 0 0 0 0 0 0 0 0 0 0 0 0 0 0 0 0 0 0 0 0 0 0 data 18 0x40005 0x2a98 0x0 0x0 0x0 0x0 0x0 0x0 0x0 0x0 0x0 0x0 0x0 0x9 0x3 0xffffffffffffffff 0xffffffffffffffff 0xffffffffffffffff oops 0 methods 0
ciMethodData java/util/concurrent/ConcurrentHashMap get (Ljava/lang/Object;)Ljava/lang/Object; 2 5263 orig 80 1 0 0 0 0 0 0 0 0 0 0 0 7 2 0 0 0 0 0 0 0 0 0 4 0 0 0 0 0 0 0 0 0 0 0 0 0 0 0 0 0 0 0 0 0 0 0 0 0 0 0 0 0 0 0 0 0 0 0 0 0 0 0 0 0 0 0 0 0 0 0 0 0 0 0 0 0 0 0 0 data 101 0x10005 0xcb8 0x0 0x2077d13ca68 0x71e 0x2077d13c828 0xb9 0x40002 0x148f 0xf0007 0x68 0x290 0x1427 0x170007 0x0 0x270 0x1427 0x220002 0x1427 0x270007 0x513 0x240 0xf14 0x330007 0x522 0xb8 0x9f2 0x3e0007 0x42e 0x98 0x5c4 0x430007 0x0 0x108 0x5c4 0x490005 0x38 0x0 0x2077d13ca68 0x38f 0x2077d13a1d8 0x1fd 0x4c0007 0x0 0xb0 0x5c4 0x560007 0x522 0x90 0x0 0x5d0005 0x0 0x0 0x0 0x0 0x0 0x0 0x630007 0x0 0x38 0x0 0x6b0003 0x0 0x18 0x760007 0x29e 0xd8 0x354 0x7f0007 0xd0 0xffffffffffffffe0 0x284 0x8a0007 0x137 0x98 0x14d 0x8f0007 0x0 0xffffffffffffffa0 0x14d 0x8000000700950005 0x4 0x0 0x2077d13ca68 0xdf 0x2077d13a1d8 0x6e 0x980007 0x0 0xffffffffffffff48 0x151 0x0 0x0 0x0 0x0 0x0 0x0 0x9 0x2 0x0 0x0 oops 6 3 java/lang/invoke/MethodType 5 java/lang/invoke/MemberName 38 java/lang/invoke/MethodType 40 java/lang/String 83 java/lang/invoke/MethodType 85 java/lang/String methods 0
ciMethodData java/util/HashMap hash (Ljava/lang/Object;)I 2 24100 orig 80 0 0 0 0 0 0 0 0 0 0 0 0 7 2 0 0 0 0 0 0 0 0 0 0 0 0 0 0 0 0 0 0 0 0 0 0 0 0 0 0 0 0 0 0 0 0 0 0 0 0 0 0 0 0 0 0 0 0 0 0 0 0 0 0 0 0 0 0 0 0 0 0 0 0 0 0 0 0 0 0 data 23 0x10007 0x5dbb 0x38 0x69 0x50003 0x69 0x50 0x90005 0x2226 0x0 0x2077d13a1d8 0x39a1 0x2077ec38ff8 0x1f4 0x0 0x0 0x0 0x0 0x0 0x0 0x9 0x1 0x0 oops 2 10 java/lang/String 12 java/lang/module/ModuleDescriptor methods 0
ciMethodData java/util/HashMap getNode (Ljava/lang/Object;)Ljava/util/HashMap$Node; 2 5131 orig 80 0 0 0 0 0 0 0 0 0 0 0 0 7 2 0 0 0 0 0 0 3 0 0 0 0 0 0 0 0 0 0 0 0 0 0 0 0 0 0 0 0 0 0 0 0 0 0 0 0 0 0 0 0 0 0 0 0 0 0 0 0 0 0 0 0 0 0 0 0 0 0 0 0 0 0 0 0 0 0 0 data 103 0x60007 0x209 0x2e8 0x1202 0xe0007 0x0 0x2c8 0x1202 0x170002 0x1202 0x210007 0x3b0 0x298 0xe52 0x2a0007 0x51c 0xb8 0x936 0x350007 0x782 0x98 0x1b4 0x390007 0x0 0x78 0x1b4 0x3f0005 0x0 0x0 0x2077d13a1d8 0x1b0 0x2077ec36158 0x4 0x420007 0x0 0x20 0x1b4 0x4e0007 0x2e6 0x1c0 0x236 0x520004 0xfffffffffffffdca 0x0 0x0 0x0 0x0 0x0 0x550007 0x236 0x90 0x0 0x590004 0x0 0x0 0x0 0x0 0x0 0x0 0x5f0005 0x0 0x0 0x0 0x0 0x0 0x0 0x6a0007 0x7e 0xb8 0x1e9 0x760007 0x1b8 0x98 0x31 0x7a0007 0x0 0x78 0x31 0x400800005 0x1 0x0 0x2077d13a1d8 0x31 0x2077ec36158 0x2 0x830007 0x0 0x20 0x34 0x910007 0x31 0xffffffffffffff48 0x4d 0x0 0x0 0x0 0x0 0x0 0x0 0x9 0x2 0x0 0x0 oops 4 29 java/lang/String 31 java/util/zip/ZipFile$Source$Key 81 java/lang/String 83 java/util/zip/ZipFile$Source$Key methods 0
ciMethodData java/util/HashMap get (Ljava/lang/Object;)Ljava/lang/Object; 2 6153 orig 80 0 0 0 0 0 0 0 0 0 0 0 0 7 2 0 0 0 0 0 0 0 0 0 0 0 0 0 0 0 0 0 0 0 0 0 0 0 0 0 0 0 0 0 0 0 0 0 0 0 0 0 0 0 0 0 0 0 0 0 0 0 0 0 0 0 0 0 0 0 0 0 0 0 0 0 0 0 0 0 0 data 24 0x20005 0x1809 0x0 0x0 0x0 0x0 0x0 0x70007 0xac9 0x38 0xd40 0xb0003 0xd40 0x18 0x0 0x0 0x0 0x0 0x0 0x0 0x9 0x2 0x0 0x0 oops 0 methods 0
ciMethodData jdk/internal/util/Preconditions checkFromToIndex (IIILjava/util/function/BiFunction;)I 2 17884 orig 80 0 0 0 0 0 0 0 0 0 0 0 0 7 2 0 0 0 0 0 0 0 0 0 0 0 0 0 0 0 0 0 0 0 0 0 0 0 0 0 0 0 0 0 0 0 0 0 0 0 0 0 0 0 0 0 0 0 0 0 0 0 0 0 0 0 0 0 0 0 0 0 0 0 0 0 0 0 0 0 0 data 26 0x10007 0x0 0x60 0x45dc 0x60007 0x0 0x40 0x45dc 0xb0007 0x45dc 0x30 0x0 0x120002 0x0 0x0 0x0 0x0 0x0 0x0 0x0 0x9 0x4 0x0 0x0 0x0 0x0 oops 0 methods 0
ciMethodData java/lang/String checkBoundsBeginEnd (III)V 2 12455 orig 80 0 0 0 0 0 0 0 0 0 0 0 0 7 2 0 0 0 0 0 0 0 0 0 0 0 0 0 0 0 0 0 0 0 0 0 0 0 0 0 0 0 0 0 0 0 0 0 0 0 0 0 0 0 0 0 0 0 0 0 0 0 0 0 0 0 0 0 0 0 0 0 0 0 0 0 0 0 0 0 0 data 13 0x60002 0x30a7 0x0 0x0 0x0 0x0 0x0 0x0 0x9 0x3 0x0 0x0 0x0 oops 0 methods 0
ciMethodData java/lang/StringLatin1 newString ([BII)Ljava/lang/String; 2 4054 orig 80 0 0 0 0 0 0 0 0 0 0 0 0 7 2 0 0 0 0 0 0 0 0 0 0 0 0 0 0 0 0 0 0 0 0 0 0 0 0 0 0 0 0 0 0 0 0 0 0 0 0 0 0 0 0 0 0 0 0 0 0 0 0 0 0 0 0 0 0 0 0 0 0 0 0 0 0 0 0 0 0 data 19 0x10007 0xfd1 0x20 0x5 0x100002 0xfd1 0x140002 0xfd1 0x0 0x0 0x0 0x0 0x0 0x0 0x9 0x3 0x0 0x0 0x0 oops 0 methods 0
ciMethodData java/lang/String lastIndexOf (II)I 2 25342 orig 80 0 0 0 0 0 0 0 0 0 0 0 0 7 2 0 0 0 0 0 0 0 0 0 0 0 0 0 0 0 0 0 0 0 0 0 0 0 0 0 0 0 0 0 0 0 0 0 0 0 0 0 0 0 0 0 0 0 0 0 0 0 0 0 0 0 0 0 0 0 0 0 0 0 0 0 0 0 0 0 0 data 29 0x10005 0x62ff 0x0 0x0 0x0 0x0 0x0 0x40007 0x0 0x48 0x62fc 0xd0002 0x6301 0x100003 0x6303 0x28 0x190002 0x0 0x0 0x0 0x0 0x0 0x0 0x0 0x9 0x3 0x0 0x0 0x0 oops 0 methods 0
ciMethodData java/lang/String lastIndexOf (I)I 2 22905 orig 80 0 0 0 0 0 0 0 0 0 0 0 0 7 2 0 0 0 0 0 0 0 0 0 0 0 0 0 0 0 0 0 0 0 0 0 0 0 0 0 0 0 0 0 0 0 0 0 0 0 0 0 0 0 0 0 0 0 0 0 0 0 0 0 0 0 0 0 0 0 0 0 0 0 0 0 0 0 0 0 0 data 24 0x30005 0x597a 0x0 0x0 0x0 0x0 0x0 0x80005 0x597a 0x0 0x0 0x0 0x0 0x0 0x0 0x0 0x0 0x0 0x0 0x0 0x9 0x2 0x0 0x0 oops 0 methods 0
ciMethod java/io/IOException <init> (Ljava/lang/String;)V 2 0 3 0 -1
ciMethod java/lang/SecurityException <init> (Ljava/lang/String;)V 2 0 1 0 -1
ciMethodData java/util/Objects requireNonNull (Ljava/lang/Object;Ljava/lang/String;)Ljava/lang/Object; 2 31646 orig 80 0 0 0 0 0 0 0 0 0 0 0 0 7 2 0 0 0 0 0 0 0 0 0 0 0 0 0 0 0 0 0 0 0 0 0 0 0 0 0 0 0 0 0 0 0 0 0 0 0 0 0 0 0 0 0 0 0 0 0 0 0 0 0 0 0 0 0 0 0 0 0 0 0 0 0 0 0 0 0 0 data 16 0x10007 0x7b9e 0x30 0x0 0x90002 0x0 0x0 0x0 0x0 0x0 0x0 0x0 0x9 0x2 0x0 0xffffffffffffffff oops 0 methods 0
ciMethodData java/lang/StringLatin1 replace ([BCC)Ljava/lang/String; 2 1120 orig 80 0 0 0 0 0 0 0 0 0 0 0 0 7 2 0 0 0 0 0 0 0 0 0 0 0 0 0 0 0 0 0 0 0 0 0 0 0 0 0 0 0 0 0 0 0 0 0 0 0 0 0 0 0 0 0 0 0 0 0 0 0 0 0 0 0 0 0 0 0 0 0 0 0 0 0 0 0 0 0 0 data 85 0x10002 0x460 0x40007 0x0 0x240 0x460 0x130007 0xdb 0x58 0x3283 0x1c0007 0x2efe 0xffffffffffffffe0 0x385 0x1f0003 0x385 0x18 0x250007 0xdb 0x1c8 0x385 0x290002 0x385 0x2c0007 0x0 0xe8 0x385 0x310002 0x385 0x3d0007 0x385 0x38 0x960 0x4c0003 0x960 0xffffffffffffffe0 0x520007 0x385 0x70 0x9d69 0x630007 0x8c9d 0x38 0x10cc 0x680003 0x10cc 0x18 0x710003 0x9d69 0xffffffffffffffa8 0x7b0002 0x385 0x800002 0x0 0x8c0002 0x0 0x920007 0x0 0x80 0x0 0xa70007 0x0 0x38 0x0 0xab0003 0x0 0x18 0xb00002 0x0 0xb60003 0x0 0xffffffffffffff98 0xc00002 0x0 0x0 0x0 0x0 0x0 0x0 0x0 0x9 0x3 0x0 0x0 0x0 oops 0 methods 0
ciMethodData java/lang/StringConcatHelper newArray (J)[B 2 12211 orig 80 0 0 0 0 0 0 0 0 0 0 0 0 7 2 0 0 0 0 0 0 0 0 0 0 0 0 0 0 0 0 0 0 0 0 0 0 0 0 0 0 0 0 0 0 0 0 0 0 0 0 0 0 0 0 0 0 0 0 0 0 0 0 0 0 0 0 0 0 0 0 0 0 0 0 0 0 0 0 0 0 data 30 0xd0007 0x2fb1 0x30 0x0 0x160002 0x0 0x210005 0x2fb1 0x0 0x0 0x0 0x0 0x0 0x240004 0x0 0x0 0x2077d14fd78 0x2fb1 0x0 0x0 0x0 0x0 0x0 0x0 0x0 0x0 0x9 0x2 0x0 0x0 oops 1 16 [B methods 0
ciMethodData jdk/internal/misc/Unsafe allocateUninitializedArray (Ljava/lang/Class;I)Ljava/lang/Object; 2 5254 orig 80 1 0 0 0 0 0 0 0 0 0 0 0 7 2 0 0 0 0 0 0 4 0 0 0 0 0 0 0 0 0 0 0 0 0 0 0 0 0 0 0 0 0 0 0 0 0 0 0 0 0 0 0 0 0 0 0 0 0 0 0 0 0 0 0 0 0 0 0 0 0 0 0 0 0 0 0 0 0 0 0 data 43 0x10007 0x1486 0x30 0x0 0xb0002 0x0 0x100005 0x1486 0x0 0x0 0x0 0x0 0x0 0x130007 0x1486 0x30 0x0 0x1d0002 0x0 0x220007 0x1486 0x30 0x0 0x2c0002 0x0 0x8000000400330005 0x148a 0x0 0x0 0x0 0x0 0x0 0x0 0x0 0x0 0x0 0x0 0x0 0x9 0x3 0x0 0x0 0x0 oops 0 methods 0
ciMethodData java/lang/ref/Reference <init> (Ljava/lang/Object;Ljava/lang/ref/ReferenceQueue;)V 2 10621 orig 80 0 0 0 0 0 0 0 0 0 0 0 0 7 2 0 0 0 0 0 0 0 0 0 0 0 0 0 0 0 0 0 0 0 0 0 0 0 0 0 0 0 0 0 0 0 0 0 0 0 0 0 0 0 0 0 0 0 0 0 0 0 0 0 0 0 0 0 0 0 0 0 0 0 0 0 0 0 0 0 0 data 20 0x10002 0x297d 0xb0007 0x239c 0x38 0x5e1 0x110003 0x5e1 0x18 0x0 0x0 0x0 0x0 0x0 0x0 0x9 0x3 0x6 0x0 0x0 oops 0 methods 0
ciMethodData java/lang/String equalsIgnoreCase (Ljava/lang/String;)Z 2 5057 orig 80 0 0 0 0 0 0 0 0 0 0 0 0 7 2 0 0 0 0 0 0 0 0 0 0 0 0 0 0 0 0 0 0 0 0 0 0 0 0 0 0 0 0 0 0 0 0 0 0 0 0 0 0 0 0 0 0 0 0 0 0 0 0 0 0 0 0 0 0 0 0 0 0 0 0 0 0 0 0 0 0 data 60 0x20007 0xf62 0x38 0x45f 0x60003 0x45f 0x170 0xa0007 0x9cb 0x158 0x597 0xe0005 0x597 0x0 0x0 0x0 0x0 0x0 0x120005 0x597 0x0 0x0 0x0 0x0 0x0 0x150007 0x32b 0xc8 0x26c 0x1e0005 0x26c 0x0 0x0 0x0 0x0 0x0 0x210005 0x26c 0x0 0x0 0x0 0x0 0x0 0x240007 0xbe 0x38 0x1ae 0x280003 0x1ae 0x18 0x0 0x0 0x0 0x0 0x0 0x0 0x9 0x2 0xffffffffffffffff 0xffffffffffffffff oops 0 methods 0
ciMethodData java/lang/Error <init> (Ljava/lang/String;)V 1 66 orig 80 0 0 0 0 0 0 0 0 0 0 0 0 7 2 0 0 0 0 0 0 0 0 0 0 0 0 0 0 0 0 0 0 0 0 0 0 0 0 0 0 0 0 0 0 0 0 0 0 0 0 0 0 0 0 0 0 0 0 0 0 0 0 0 0 0 0 0 0 0 0 0 0 0 0 0 0 0 0 0 0 data 8 0x20002 0x42 0x0 0x0 0x9 0x2 0x1c 0x0 oops 0 methods 0
ciMethodData java/lang/String toString ()Ljava/lang/String; 2 21835 orig 80 0 0 0 0 0 0 0 0 0 0 0 0 0 0 0 0 0 0 0 0 0 0 0 0 0 0 0 0 0 0 0 0 0 0 0 0 0 0 0 0 0 0 0 0 0 0 0 0 0 0 0 0 0 0 0 0 0 0 0 0 0 0 0 0 0 0 0 0 0 0 0 0 0 0 0 0 0 0 0 0 data 5 0x0 0x0 0x9 0x1 0x0 oops 0 methods 0
ciMethodData java/util/zip/ZipFile ensureOpen ()V 2 5132 orig 80 0 0 0 0 0 0 0 0 0 0 0 0 7 2 0 0 0 0 0 0 0 0 0 0 0 0 0 0 0 0 0 0 0 0 0 0 0 0 0 0 0 0 0 0 0 0 0 0 0 0 0 0 0 0 0 0 0 0 0 0 0 0 0 0 0 0 0 0 0 0 0 0 0 0 0 0 0 0 0 0 data 21 0x40007 0x140c 0x30 0x0 0xe0002 0x0 0x190007 0x140c 0x30 0x0 0x230002 0x0 0x0 0x0 0x0 0x0 0x0 0x0 0x9 0x1 0x0 oops 0 methods 0
ciMethodData java/util/jar/JarFile getManEntry ()Ljava/util/jar/JarEntry; 1 149 orig 80 0 0 0 0 0 0 0 0 0 0 0 0 7 2 0 0 0 0 0 0 0 0 0 0 0 0 0 0 0 0 0 0 0 0 0 0 0 0 0 0 0 0 0 0 0 0 0 0 0 0 0 0 0 0 0 0 0 0 0 0 0 0 0 0 0 0 0 0 0 0 0 0 0 0 0 0 0 0 0 0 data 33 0x40007 0x2c 0xc0 0x69 0xc0005 0x0 0x0 0x2077dd16000 0x69 0x0 0x0 0x130007 0x4 0x68 0x65 0x190002 0x65 0x1c0004 0x0 0x0 0x2077de4a7b0 0x65 0x0 0x0 0x0 0x0 0x0 0x0 0x0 0x0 0x9 0x1 0xffffffffffffffff oops 2 7 java/util/zip/ZipFile$1 20 java/util/jar/JarFile$JarFileEntry methods 0
ciMethodData java/util/jar/JarFile getBytes (Ljava/util/zip/ZipEntry;)[B 1 101 orig 80 0 0 0 0 0 0 0 0 0 0 0 0 7 2 0 0 0 0 0 0 0 0 0 0 0 0 0 0 0 0 0 0 0 0 0 0 0 0 0 0 0 0 0 0 0 0 0 0 0 0 0 0 0 0 0 0 0 0 0 0 0 0 0 0 0 0 0 0 0 0 0 0 0 0 0 0 0 0 0 0 data 194 0x20002 0x65 0x70005 0x0 0x0 0x2077de4a7b0 0x65 0x0 0x0 0x110007 0x65 0x238 0x0 0x1c0002 0x0 0x220005 0x0 0x0 0x0 0x0 0x0 0x0 0x260005 0x0 0x0 0x0 0x0 0x0 0x0 0x2c0005 0x0 0x0 0x0 0x0 0x0 0x0 0x300005 0x0 0x0 0x0 0x0 0x0 0x0 0x330005 0x0 0x0 0x0 0x0 0x0 0x0 0x390005 0x0 0x0 0x0 0x0 0x0 0x0 0x3f0005 0x0 0x0 0x0 0x0 0x0 0x0 0x450005 0x0 0x0 0x0 0x0 0x0 0x0 0x480005 0x0 0x0 0x0 0x0 0x0 0x0 0x4b0002 0x0 0x560007 0x0 0x90 0x65 0x5e0007 0x0 0x70 0x65 0x6d0005 0x0 0x0 0x2077dd0aa98 0x65 0x0 0x0 0x720003 0x65 0x50 0x760005 0x0 0x0 0x0 0x0 0x0 0x0 0x830007 0x0 0x178 0x65 0x8a0007 0x65 0x158 0x0 0x950002 0x0 0x9b0005 0x0 0x0 0x0 0x0 0x0 0x0 0xa00005 0x0 0x0 0x0 0x0 0x0 0x0 0xa60005 0x0 0x0 0x0 0x0 0x0 0x0 0xab0005 0x0 0x0 0x0 0x0 0x0 0x0 0xae0005 0x0 0x0 0x0 0x0 0x0 0x0 0xb10002 0x0 0xba0007 0x0 0x58 0x65 0xbe0005 0x0 0x0 0x2077dd0aa98 0x65 0x0 0x0 0xc60007 0x0 0xa8 0x0 0xca0005 0x0 0x0 0x0 0x0 0x0 0x0 0xcd0003 0x0 0x50 0xd50005 0x0 0x0 0x0 0x0 0x0 0x0 0x0 0x0 0x0 0x0 0x0 0x0 0x9 0x2 0x0 0x0 oops 3 5 java/util/jar/JarFile$JarFileEntry 91 java/util/zip/ZipFile$ZipFileInflaterInputStream 159 java/util/zip/ZipFile$ZipFileInflaterInputStream methods 0
ciMethodData java/io/ByteArrayInputStream <init> ([B)V 1 11 orig 80 0 0 0 0 0 0 0 0 0 0 0 0 7 2 0 0 0 0 0 0 0 0 0 0 0 0 0 0 0 0 0 0 0 0 0 0 0 0 0 0 0 0 0 0 0 0 0 0 0 0 0 0 0 0 0 0 0 0 0 0 0 0 0 0 0 0 0 0 0 0 0 0 0 0 0 0 0 0 0 0 data 10 0x10002 0xb 0x0 0x0 0x0 0x0 0x9 0x2 0xe 0x0 oops 0 methods 0
ciMethodData java/io/InputStream <init> ()V 2 5365 orig 80 0 0 0 0 0 0 0 0 0 0 0 0 7 2 0 0 0 0 0 0 0 0 0 0 0 0 0 0 0 0 0 0 0 0 0 0 0 0 0 0 0 0 0 0 0 0 0 0 0 0 0 0 0 0 0 0 0 0 0 0 0 0 0 0 0 0 0 0 0 0 0 0 0 0 0 0 0 0 0 0 data 7 0x10002 0x14f5 0x0 0x0 0x9 0x1 0x0 oops 0 methods 0
ciMethodData java/util/jar/Attributes getValue (Ljava/util/jar/Attributes$Name;)Ljava/lang/String; 2 4248 orig 80 0 0 0 0 0 0 0 0 0 0 0 0 7 2 0 0 0 0 0 0 0 0 0 0 0 0 0 0 0 0 0 0 0 0 0 0 0 0 0 0 0 0 0 0 0 0 0 0 0 0 0 0 0 0 0 0 0 0 0 0 0 0 0 0 0 0 0 0 0 0 0 0 0 0 0 0 0 0 0 0 data 24 0x20005 0x0 0x0 0x2077e0dc868 0x1098 0x0 0x0 0x50104 0x0 0x0 0x2077d13a1d8 0x3cc 0x0 0x0 0x0 0x0 0x0 0x0 0x0 0x0 0x9 0x2 0x0 0x0 oops 2 3 java/util/jar/Attributes 10 java/lang/String methods 0
ciMethodData java/util/jar/Attributes get (Ljava/lang/Object;)Ljava/lang/Object; 2 4248 orig 80 0 0 0 0 0 0 0 0 0 0 0 0 7 2 0 0 0 0 0 0 0 0 0 0 0 0 0 0 0 0 0 0 0 0 0 0 0 0 0 0 0 0 0 0 0 0 0 0 0 0 0 0 0 0 0 0 0 0 0 0 0 0 0 0 0 0 0 0 0 0 0 0 0 0 0 0 0 0 0 0 data 17 0x50005 0x0 0x0 0x2077ec3b310 0x1098 0x0 0x0 0x0 0x0 0x0 0x0 0x0 0x0 0x9 0x2 0x0 0xffffffffffffffff oops 1 3 java/util/LinkedHashMap methods 0
ciMethodData java/lang/String replace (CC)Ljava/lang/String; 2 6610 orig 80 0 0 0 0 0 0 0 0 0 0 0 0 7 2 0 0 0 0 0 0 0 0 0 0 0 0 0 0 0 0 0 0 0 0 0 0 0 0 0 0 0 0 0 0 0 0 0 0 0 0 0 0 0 0 0 0 0 0 0 0 0 0 0 0 0 0 0 0 0 0 0 0 0 0 0 0 0 0 0 0 data 37 0x20007 0x0 0xd0 0x19d2 0x60005 0x19d2 0x0 0x0 0x0 0x0 0x0 0x90007 0x0 0x48 0x19d2 0x120002 0x19d2 0x150003 0x19d2 0x28 0x1e0002 0x0 0x230007 0x3dc 0x20 0x15f6 0x0 0x0 0x0 0x0 0x0 0x0 0x9 0x3 0x0 0x0 0x0 oops 0 methods 0
ciMethodData jdk/internal/loader/URLClassPath getLoader (I)Ljdk/internal/loader/URLClassPath$Loader; 2 7477 orig 80 2 0 0 0 0 0 0 0 0 0 0 0 7 2 0 0 0 0 0 0 0 0 0 0 0 0 0 0 0 0 0 0 0 0 0 0 0 0 0 0 0 0 0 0 0 0 0 0 0 0 0 0 0 0 0 0 0 0 0 0 0 0 0 0 0 0 0 0 0 0 0 0 0 0 0 0 0 0 0 0 data 178 0x40007 0x1d35 0x20 0x0 0xd0005 0x0 0x0 0x2077d13dc38 0x1d4f 0x0 0x0 0x130007 0x1d2d 0x460 0x22 0x210005 0x0 0x0 0x2077e8a6708 0x22 0x0 0x0 0x240104 0x0 0x0 0x2077d13d5e8 0x1a 0x0 0x0 0x290007 0x1a 0x20 0x8 0x320003 0x1a 0x18 0x3d0002 0x1a 0x460005 0x0 0x0 0x2077e0dcb60 0x1a 0x0 0x0 0x490007 0x1a 0x38 0x0 0x4c0003 0x0 0xfffffffffffffe98 0x510005 0x1a 0x0 0x0 0x0 0x0 0x0 0x580005 0x0 0x0 0x2077d8f7278 0x1a 0x0 0x0 0x5f0007 0x1a 0x58 0x0 0x650005 0x0 0x0 0x0 0x0 0x0 0x0 0x680003 0x1a 0x1c8 0x6d0003 0x0 0xfffffffffffffda0 0x750007 0x0 0x180 0x0 0x7f0002 0x0 0x840005 0x0 0x0 0x0 0x0 0x0 0x0 0x880005 0x0 0x0 0x0 0x0 0x0 0x0 0x8d0005 0x0 0x0 0x0 0x0 0x0 0x0 0x920005 0x0 0x0 0x0 0x0 0x0 0x0 0x950005 0x0 0x0 0x0 0x0 0x0 0x0 0x980005 0x0 0x0 0x0 0x0 0x0 0x0 0x9b0003 0x0 0xfffffffffffffc08 0xa40005 0x0 0x0 0x2077d13dc38 0x1a 0x0 0x0 0xaf0005 0x0 0x0 0x2077e0dcb60 0x1a 0x0 0x0 0xb30003 0x1a 0xfffffffffffffb80 0xbb0005 0x0 0x0 0x2077d13dc38 0x1d2d 0x0 0x0 0xbe0004 0x0 0x0 0x2077d8f7278 0x1c90 0x2077d8f7328 0x9d 0x0 0x0 0x0 0x0 0x0 0x0 0x0 0x0 0x0 0x9 0x2 0x0 0x0 oops 10 7 java/util/ArrayList 18 java/util/ArrayDeque 25 java/net/URL 41 java/util/HashMap 62 jdk/internal/loader/URLClassPath$JarLoader 137 java/util/ArrayList 144 java/util/HashMap 154 java/util/ArrayList 161 jdk/internal/loader/URLClassPath$JarLoader 163 jdk/internal/loader/URLClassPath$FileLoader methods 0
ciMethodData java/lang/StringConcatHelper stringOf (Ljava/lang/Object;)Ljava/lang/String; 2 21891 orig 80 0 0 0 0 0 0 0 0 0 0 0 0 7 2 0 0 0 0 0 0 0 0 0 0 0 0 0 0 0 0 0 0 0 0 0 0 0 0 0 0 0 0 0 0 0 0 0 0 0 0 0 0 0 0 0 0 0 0 0 0 0 0 0 0 0 0 0 0 0 0 0 0 0 0 0 0 0 0 0 0 data 27 0x10007 0x0 0x78 0x5581 0x50005 0x4d38 0x0 0x2077d13a1d8 0x84a 0x2077d13a268 0x1 0xa0007 0x5584 0x38 0x0 0xf0003 0x0 0x18 0x0 0x0 0x0 0x0 0x0 0x0 0x9 0x1 0x0 oops 2 7 java/lang/String 9 java/lang/Class methods 0
ciMethodData java/lang/StringConcatHelper mix (JLjava/lang/String;)J 2 22082 orig 80 0 0 0 0 0 0 0 0 0 0 0 0 7 2 0 0 0 0 0 0 0 0 0 0 0 0 0 0 0 0 0 0 0 0 0 0 0 0 0 0 0 0 0 0 0 0 0 0 0 0 0 0 0 0 0 0 0 0 0 0 0 0 0 0 0 0 0 0 0 0 0 0 0 0 0 0 0 0 0 0 data 31 0x20005 0x5642 0x0 0x0 0x0 0x0 0x0 0x90005 0x5643 0x0 0x0 0x0 0x0 0x0 0xd0007 0x5640 0x20 0x0 0x170002 0x5640 0x0 0x0 0x0 0x0 0x0 0x0 0x9 0x3 0x0 0x0 0x0 oops 0 methods 0
ciMethodData java/lang/StringConcatHelper checkOverflow (J)J 2 22086 orig 80 0 0 0 0 0 0 0 0 0 0 0 0 7 2 0 0 0 0 0 0 0 0 0 0 0 0 0 0 0 0 0 0 0 0 0 0 0 0 0 0 0 0 0 0 0 0 0 0 0 0 0 0 0 0 0 0 0 0 0 0 0 0 0 0 0 0 0 0 0 0 0 0 0 0 0 0 0 0 0 0 data 14 0x20007 0x0 0x20 0x5645 0xd0002 0x0 0x0 0x0 0x0 0x0 0x9 0x2 0x0 0x0 oops 0 methods 0
ciMethodData java/lang/InternalError <init> (Ljava/lang/String;)V 1 0 orig 80 0 0 0 0 0 0 0 0 0 0 0 0 7 2 0 0 0 0 0 0 0 0 0 0 0 0 0 0 0 0 0 0 0 0 0 0 0 0 0 0 0 0 0 0 0 0 0 0 0 0 0 0 0 0 0 0 0 0 0 0 0 0 0 0 0 0 0 0 0 0 0 0 0 0 0 0 0 0 0 0 data 8 0x20002 0x0 0x0 0x0 0x9 0x2 0x1c 0x0 oops 0 methods 0
ciMethodData java/lang/StringBuilder append (Ljava/lang/Object;)Ljava/lang/StringBuilder; 1 564 orig 80 0 0 0 0 0 0 0 0 0 0 0 0 7 2 0 0 0 0 0 0 0 0 0 0 0 0 0 0 0 0 0 0 0 0 0 0 0 0 0 0 0 0 0 0 0 0 0 0 0 0 0 0 0 0 0 0 0 0 0 0 0 0 0 0 0 0 0 0 0 0 0 0 0 0 0 0 0 0 0 0 data 19 0x20002 0x234 0x50005 0x234 0x0 0x0 0x0 0x0 0x0 0x0 0x0 0x0 0x0 0x0 0x0 0x9 0x2 0xe 0xffffffffffffffff oops 0 methods 0
ciMethodData java/lang/ref/SoftReference get ()Ljava/lang/Object; 2 11300 orig 80 1 0 0 0 0 0 0 0 0 0 0 0 7 2 0 0 0 0 0 0 0 0 0 0 0 0 0 0 0 0 0 0 0 0 0 0 0 0 0 1 0 0 0 0 0 0 0 0 0 0 0 0 0 0 0 0 0 0 0 0 0 0 0 0 0 0 0 0 0 0 0 0 0 0 0 0 0 0 0 0 data 19 0x10002 0x2c23 0x8000000600060007 0xc 0x40 0x2c18 0x110007 0x2a7f 0x20 0x199 0x0 0x0 0x0 0x0 0x0 0x0 0x9 0x1 0x0 oops 0 methods 0
ciMethodData jdk/internal/misc/VM isModuleSystemInited ()Z 2 2642 orig 80 0 0 0 0 0 0 0 0 0 0 0 0 7 2 0 0 0 0 0 0 0 0 0 0 0 0 0 0 0 0 0 0 0 0 0 0 0 0 0 0 0 0 0 0 0 0 0 0 0 0 0 0 0 0 0 0 0 0 0 0 0 0 0 0 0 0 0 0 0 0 0 0 0 0 0 0 0 0 0 0 data 11 0x40007 0x0 0x38 0xa52 0x80003 0xa52 0x18 0x0 0x0 0x9 0x0 oops 0 methods 0
ciMethodData java/lang/ClassLoader checkName (Ljava/lang/String;)Z 2 6147 orig 80 0 0 0 0 0 0 0 0 0 0 0 0 7 2 0 0 0 0 0 0 0 0 0 0 0 0 0 0 0 0 0 0 0 0 0 0 0 0 0 0 0 0 0 0 0 0 0 0 0 0 0 0 0 0 0 0 0 0 0 0 0 0 0 0 0 0 0 0 0 0 0 0 0 0 0 0 0 0 0 0 data 46 0x10007 0x0 0x78 0x1803 0x50005 0x1803 0x0 0x0 0x0 0x0 0x0 0x80007 0x1803 0x20 0x0 0x100005 0x1803 0x0 0x0 0x0 0x0 0x0 0x140007 0x0 0x78 0x1803 0x190005 0x1803 0x0 0x0 0x0 0x0 0x0 0x1e0007 0x1803 0x20 0x0 0x0 0x0 0x0 0x0 0x0 0x0 0x9 0x1 0x0 oops 0 methods 0
ciMethodData java/lang/StringConcatHelper prepend (J[BLjava/lang/String;)J 2 5136 orig 80 0 0 0 0 0 0 0 0 0 0 0 0 7 2 0 0 0 0 0 0 0 0 0 0 0 0 0 0 0 0 0 0 0 0 0 0 0 0 0 0 0 0 0 0 0 0 0 0 0 0 0 0 0 0 0 0 0 0 0 0 0 0 0 0 0 0 0 0 0 0 0 0 0 0 0 0 0 0 0 0 data 40 0x20005 0x1410 0x0 0x0 0x0 0x0 0x0 0xd0007 0x0 0x70 0x1410 0x150005 0x1410 0x0 0x0 0x0 0x0 0x0 0x180003 0x1410 0x50 0x200005 0x0 0x0 0x0 0x0 0x0 0x0 0x0 0x0 0x0 0x0 0x0 0x0 0x9 0x4 0x0 0x0 0x0 0x0 oops 0 methods 0
ciMethodData java/lang/StringConcatHelper simpleConcat (Ljava/lang/Object;Ljava/lang/Object;)Ljava/lang/String; 2 10685 orig 80 0 0 0 0 0 0 0 0 0 0 0 0 7 2 0 0 0 0 0 0 0 0 0 0 0 0 0 0 0 0 0 0 0 0 0 0 0 0 0 0 0 0 0 0 0 0 0 0 0 0 0 0 0 0 0 0 0 0 0 0 0 0 0 0 0 0 0 0 0 0 0 0 0 0 0 0 0 0 0 0 data 54 0x10002 0x29bd 0x60002 0x29bd 0xb0005 0x29be 0x0 0x0 0x0 0x0 0x0 0xe0007 0x29a6 0x30 0x18 0x160002 0x18 0x1b0005 0x29a3 0x0 0x0 0x0 0x0 0x0 0x1e0007 0x29a1 0x30 0x2 0x260002 0x2 0x2a0002 0x29a3 0x2e0002 0x29a4 0x360002 0x29a4 0x3d0002 0x29a1 0x470002 0x29a0 0x510002 0x29a5 0x5a0002 0x29a6 0x0 0x0 0x0 0x0 0x0 0x0 0x9 0x2 0x0 0x0 oops 0 methods 0
ciMethodData java/lang/String <init> (Ljava/lang/String;)V 1 26 orig 80 0 0 0 0 0 0 0 0 0 0 0 0 7 2 0 0 0 0 0 0 0 0 0 0 0 0 0 0 0 0 0 0 0 0 0 0 0 0 0 0 0 0 0 0 0 0 0 0 0 0 0 0 0 0 0 0 0 0 0 0 0 0 0 0 0 0 0 0 0 0 0 0 0 0 0 0 0 0 0 0 data 10 0x10002 0x1a 0x0 0x0 0x0 0x0 0x9 0x2 0xe 0x0 oops 0 methods 0
ciMethodData java/lang/StringConcatHelper initialCoder ()J 2 10657 orig 80 0 0 0 0 0 0 0 0 0 0 0 0 7 2 0 0 0 0 0 0 0 0 0 0 0 0 0 0 0 0 0 0 0 0 0 0 0 0 0 0 0 0 0 0 0 0 0 0 0 0 0 0 0 0 0 0 0 0 0 0 0 0 0 0 0 0 0 0 0 0 0 0 0 0 0 0 0 0 0 0 data 12 0x30007 0x0 0x38 0x29a0 0x70003 0x29a0 0x18 0x0 0x0 0x0 0x9 0x0 oops 0 methods 0
ciMethodData java/lang/StringConcatHelper newString ([BJ)Ljava/lang/String; 2 7190 orig 80 0 0 0 0 0 0 0 0 0 0 0 0 7 2 0 0 0 0 0 0 0 0 0 0 0 0 0 0 0 0 0 0 0 0 0 0 0 0 0 0 0 0 0 0 0 0 0 0 0 0 0 0 0 0 0 0 0 0 0 0 0 0 0 0 0 0 0 0 0 0 0 0 0 0 0 0 0 0 0 0 data 55 0x30007 0x0 0x30 0x1c16 0xc0002 0x1c16 0x150007 0x0 0x30 0x0 0x1e0002 0x0 0x2a0002 0x0 0x2f0005 0x0 0x0 0x0 0x0 0x0 0x0 0x340005 0x0 0x0 0x0 0x0 0x0 0x0 0x390005 0x0 0x0 0x0 0x0 0x0 0x0 0x3c0005 0x0 0x0 0x0 0x0 0x0 0x0 0x3f0002 0x0 0x0 0x0 0x0 0x0 0x0 0x0 0x9 0x3 0x0 0x0 0x0 oops 0 methods 0
ciMethodData java/lang/String concat (Ljava/lang/String;)Ljava/lang/String; 2 9842 orig 80 0 0 0 0 0 0 0 0 0 0 0 0 7 2 0 0 0 0 0 0 0 0 0 0 0 0 0 0 0 0 0 0 0 0 0 0 0 0 0 0 0 0 0 0 0 0 0 0 0 0 0 0 0 0 0 0 0 0 0 0 0 0 0 0 0 0 0 0 0 0 0 0 0 0 0 0 0 0 0 0 data 23 0x10005 0x2672 0x0 0x0 0x0 0x0 0x0 0x40007 0x2673 0x20 0x0 0xb0002 0x2672 0x0 0x0 0x0 0x0 0x0 0x0 0x9 0x2 0x0 0x0 oops 0 methods 0
ciMethod jdk/internal/loader/URLClassPath$FileLoader$1 getCodeSourceURL ()Ljava/net/URL; 38 0 19 0 0
ciMethodData java/lang/ClassLoader getClassLoadingLock (Ljava/lang/String;)Ljava/lang/Object; 2 5124 orig 80 0 0 0 0 0 0 0 0 0 0 0 0 7 2 0 0 0 0 0 0 0 0 0 0 0 0 0 0 0 0 0 0 0 0 0 0 0 0 0 0 0 0 0 0 0 0 0 0 0 0 0 0 0 0 0 0 0 0 0 0 0 0 0 0 0 0 0 0 0 0 0 0 0 0 0 0 0 0 0 0 data 27 0x60007 0x0 0x88 0x1403 0xd0002 0x1405 0x170005 0x0 0x0 0x2077d13daf8 0x1405 0x0 0x0 0x1c0007 0x82 0x20 0x1384 0x0 0x0 0x0 0x0 0x0 0x0 0x9 0x2 0x0 0xffffffffffffffff oops 1 9 java/util/concurrent/ConcurrentHashMap methods 0
ciMethodData jdk/internal/loader/BuiltinClassLoader loadClassOrNull (Ljava/lang/String;Z)Ljava/lang/Class; 2 5120 orig 80 0 0 0 0 0 0 0 0 0 0 0 0 7 2 0 0 0 0 0 0 0 0 0 0 0 0 0 0 0 0 0 0 0 0 0 0 0 0 0 0 0 0 0 0 0 0 0 0 0 0 0 0 0 0 0 0 0 0 0 0 0 0 0 0 0 0 0 0 0 0 0 0 0 0 0 0 0 0 0 0 data 131 0x20005 0x0 0x0 0x2077d13d948 0xa85 0x2077d13d9d8 0x97b 0xa0005 0x1402 0x0 0x0 0x0 0x0 0x0 0x110007 0x11 0x2d8 0x13f1 0x160005 0x13f1 0x0 0x0 0x0 0x0 0x0 0x1d0007 0x12e6 0x148 0x10b 0x220005 0x0 0x0 0x2077e6a6ed0 0x10b 0x0 0x0 0x2a0007 0x109 0xa0 0x2 0x2d0002 0x2 0x300007 0x0 0xa8 0x2 0x370005 0x2 0x0 0x0 0x0 0x0 0x0 0x3c0003 0x2 0x50 0x420005 0x109 0x0 0x0 0x0 0x0 0x0 0x470003 0x10b 0x150 0x4e0007 0x0 0x58 0x12e6 0x560005 0x12e6 0x0 0x0 0x0 0x0 0x0 0x5d0007 0x0 0xe0 0x12e6 0x610005 0x0 0x0 0x2077d13d9d8 0x973 0x2077d13d948 0x973 0x640007 0x973 0x88 0x973 0x670002 0x973 0x6a0007 0x0 0x58 0x972 0x6f0005 0x973 0x0 0x0 0x0 0x0 0x0 0x750007 0x13ff 0x78 0x0 0x7a0007 0x0 0x58 0x0 0x800005 0x0 0x0 0x0 0x0 0x0 0x0 0x0 0x0 0x0 0x0 0x0 0x0 0x9 0x3 0x0 0xffffffffffffffff 0x0 oops 5 3 jdk/internal/loader/ClassLoaders$AppClassLoader 5 jdk/internal/loader/ClassLoaders$PlatformClassLoader 32 jdk/internal/loader/BuiltinClassLoader$LoadedModule 84 jdk/internal/loader/ClassLoaders$PlatformClassLoader 86 jdk/internal/loader/ClassLoaders$AppClassLoader methods 0
ciMethodData java/lang/ClassLoader findLoadedClass (Ljava/lang/String;)Ljava/lang/Class; 2 5124 orig 80 0 0 0 0 0 0 0 0 0 0 0 0 7 2 0 0 0 0 0 0 0 0 0 0 0 0 0 0 0 0 0 0 0 0 0 0 0 0 0 0 0 0 0 0 0 0 0 0 0 0 0 0 0 0 0 0 0 0 0 0 0 0 0 0 0 0 0 0 0 0 0 0 0 0 0 0 0 0 0 0 data 23 0x10002 0x1404 0x40007 0x1404 0x20 0x0 0xb0005 0x1404 0x0 0x0 0x0 0x0 0x0 0x0 0x0 0x0 0x0 0x0 0x0 0x9 0x2 0x0 0x0 oops 0 methods 0
ciMethodData jdk/internal/loader/BuiltinClassLoader findLoadedModule (Ljava/lang/String;)Ljdk/internal/loader/BuiltinClassLoader$LoadedModule; 2 5106 orig 80 0 0 0 0 0 0 0 0 0 0 0 0 7 2 0 0 0 0 0 0 0 0 0 0 0 0 0 0 0 0 0 0 0 0 0 0 0 0 0 0 0 0 0 0 0 0 0 0 0 0 0 0 0 0 0 0 0 0 0 0 0 0 0 0 0 0 0 0 0 0 0 0 0 0 0 0 0 0 0 0 data 42 0x30005 0x13f2 0x0 0x0 0x0 0x0 0x0 0x80007 0x13f3 0x20 0x0 0x100005 0x13f3 0x0 0x0 0x0 0x0 0x0 0x180005 0x0 0x0 0x2077d13daf8 0x13f3 0x0 0x0 0x1d0104 0x0 0x0 0x2077e6a6ed0 0x10d 0x0 0x0 0x0 0x0 0x0 0x0 0x0 0x0 0x9 0x2 0x0 0x0 oops 2 21 java/util/concurrent/ConcurrentHashMap 28 jdk/internal/loader/BuiltinClassLoader$LoadedModule methods 0
ciMethodData jdk/internal/loader/BuiltinClassLoader findClassInModuleOrNull (Ljdk/internal/loader/BuiltinClassLoader$LoadedModule;Ljava/lang/String;)Ljava/lang/Class; 1 4 orig 80 0 0 0 0 0 0 0 0 0 0 0 0 7 2 0 0 0 0 0 0 0 0 0 0 0 0 0 0 0 0 0 0 0 0 0 0 0 0 0 0 0 0 0 0 0 0 0 0 0 0 0 0 0 0 0 0 0 0 0 0 0 0 0 0 0 0 0 0 0 0 0 0 0 0 0 0 0 0 0 0 data 41 0x2 0x4 0x30007 0x0 0x58 0x4 0x90005 0x4 0x0 0x0 0x0 0x0 0x0 0x10000a 0x0 0x5 0x0 0x0 0x1 0x0 0x0 0x170002 0x0 0x1a0004 0x0 0x0 0x0 0x0 0x0 0x0 0x0 0x0 0x0 0x0 0x0 0x0 0x9 0x3 0xffffffffffffffff 0xffffffffffffffff 0xffffffffffffffff oops 0 methods 0
ciMethodData jdk/internal/loader/BuiltinClassLoader defineClass (Ljava/lang/String;Ljdk/internal/loader/BuiltinClassLoader$LoadedModule;)Ljava/lang/Class; 1 4 orig 80 0 0 0 0 0 0 0 0 0 0 0 0 7 2 0 0 0 0 0 0 0 0 0 0 0 0 0 0 0 0 0 0 0 0 0 0 0 0 0 0 0 0 0 0 0 0 0 0 0 0 0 0 0 0 0 0 0 0 0 0 0 0 0 0 0 0 0 0 0 0 0 0 0 0 0 0 0 0 0 0 data 147 0x10005 0x0 0x0 0x2077e6a6ed0 0x4 0x0 0x0 0x70005 0x4 0x0 0x0 0x0 0x0 0x0 0x170005 0x4 0x0 0x0 0x0 0x0 0x0 0x1c0005 0x4 0x0 0x0 0x0 0x0 0x0 0x230004 0xfffffffffffffffc 0x0 0x2077e8a7470 0x4 0x0 0x0 0x260007 0x4 0x138 0x0 0x2b0004 0x0 0x0 0x0 0x0 0x0 0x0 0x300005 0x0 0x0 0x0 0x0 0x0 0x0 0x370007 0x0 0x90 0x0 0x3c0005 0x0 0x0 0x0 0x0 0x0 0x0 0x430005 0x0 0x0 0x0 0x0 0x0 0x0 0x480003 0x0 0xf8 0x4f0005 0x0 0x0 0x2077e8a7470 0x4 0x0 0x0 0x550005 0x4 0x0 0x0 0x0 0x0 0x0 0x580004 0x0 0x0 0x2077e8a7520 0x4 0x0 0x0 0x5e0005 0x0 0x0 0x2077e6a6ed0 0x4 0x0 0x0 0x650007 0x4 0x20 0x0 0x710104 0x0 0x0 0x0 0x0 0x0 0x0 0x740002 0x4 0x7f0005 0x4 0x0 0x0 0x0 0x0 0x0 0x880005 0x0 0x0 0x2077e8a7470 0x4 0x0 0x0 0x960005 0x0 0x0 0x0 0x0 0x0 0x0 0x0 0x0 0x0 0x0 0x0 0x0 0x9 0x3 0x0 0x0 0x0 oops 6 3 jdk/internal/loader/BuiltinClassLoader$LoadedModule 31 jdk/internal/module/SystemModuleFinders$SystemModuleReader 77 jdk/internal/module/SystemModuleFinders$SystemModuleReader 91 java/nio/DirectByteBufferR 98 jdk/internal/loader/BuiltinClassLoader$LoadedModule 125 jdk/internal/module/SystemModuleFinders$SystemModuleReader methods 0
ciMethodData jdk/internal/loader/BuiltinClassLoader loadClassOrNull (Ljava/lang/String;)Ljava/lang/Class; 2 5109 orig 80 0 0 0 0 0 0 0 0 0 0 0 0 7 2 0 0 0 0 0 0 0 0 0 0 0 0 0 0 0 0 0 0 0 0 0 0 0 0 0 0 0 0 0 0 0 0 0 0 0 0 0 0 0 0 0 0 0 0 0 0 0 0 0 0 0 0 0 0 0 0 0 0 0 0 0 0 0 0 0 0 data 17 0x30005 0x0 0x0 0x2077e6da3d0 0xa7d 0x2077d13d9d8 0x978 0x0 0x0 0x0 0x0 0x0 0x0 0x9 0x2 0xffffffffffffffff 0xffffffffffffffff oops 2 3 jdk/internal/loader/ClassLoaders$BootClassLoader 5 jdk/internal/loader/ClassLoaders$PlatformClassLoader methods 0
ciMethodData jdk/internal/loader/BuiltinClassLoader hasClassPath ()Z 2 5080 orig 80 0 0 0 0 0 0 0 0 0 0 0 0 7 2 0 0 0 0 0 0 0 0 0 0 0 0 0 0 0 0 0 0 0 0 0 0 0 0 0 0 0 0 0 0 0 0 0 0 0 0 0 0 0 0 0 0 0 0 0 0 0 0 0 0 0 0 0 0 0 0 0 0 0 0 0 0 0 0 0 0 data 16 0x40007 0xa11 0x38 0x9c7 0x80003 0x9c7 0x18 0x0 0x0 0x0 0x0 0x0 0x0 0x9 0x1 0x0 oops 0 methods 0
ciMethodData jdk/internal/loader/BuiltinClassLoader findClassOnClassPathOrNull (Ljava/lang/String;)Ljava/lang/Class; 2 2428 orig 80 0 0 0 0 0 0 0 0 0 0 0 0 7 2 0 0 0 0 0 0 0 0 0 0 0 0 0 0 0 0 0 0 0 0 0 0 0 0 0 0 0 0 0 0 0 0 0 0 0 0 0 0 0 0 0 0 0 0 0 0 0 0 0 0 0 0 0 0 0 0 0 0 0 0 0 0 0 0 0 0 data 59 0x50005 0x97c 0x0 0x0 0x0 0x0 0x0 0xa0005 0x97d 0x0 0x0 0x0 0x0 0x0 0xe0002 0x97d 0x110007 0x0 0xb0 0x97c 0x1a0005 0x0 0x0 0x2077d902a18 0x97c 0x0 0x0 0x1f0007 0x57 0x58 0x926 0x250005 0x926 0x0 0x0 0x0 0x0 0x0 0x340002 0x0 0x390002 0x0 0x3c0004 0x0 0x0 0x0 0x0 0x0 0x0 0x0 0x0 0x0 0x0 0x0 0x0 0x9 0x2 0xffffffffffffffff 0xffffffffffffffff oops 1 23 jdk/internal/loader/URLClassPath methods 0
ciMethodData java/util/zip/ZipFile$ZipFileInflaterInputStream close ()V 2 2456 orig 80 0 0 0 0 0 0 0 0 0 0 0 0 7 2 0 0 0 0 0 0 0 0 0 0 0 0 0 0 0 0 0 0 0 0 0 0 0 0 0 0 0 0 0 0 0 0 0 0 0 0 0 0 0 0 0 0 0 0 0 0 0 0 0 0 0 0 0 0 0 0 0 0 0 0 0 0 0 0 0 0 data 32 0x40007 0x993 0x20 0x5 0xe0002 0x993 0x290005 0x0 0x0 0x2077e8a3e18 0x993 0x0 0x0 0x310003 0x993 0x18 0x3d0005 0x0 0x0 0x2077d26e1f8 0x992 0x0 0x0 0x0 0x0 0x0 0x0 0x0 0x0 0x9 0x1 0xffffffffffffffff oops 2 9 java/util/Collections$SetFromMap 19 jdk/internal/ref/CleanerImpl$PhantomCleanableRef methods 0
ciMethodData java/util/zip/InflaterInputStream close ()V 2 2451 orig 80 0 0 0 0 0 0 0 0 0 0 0 0 7 2 0 0 0 0 0 0 0 0 0 0 0 0 0 0 0 0 0 0 0 0 0 0 0 0 0 0 0 0 0 0 0 0 0 0 0 0 0 0 0 0 0 0 0 0 0 0 0 0 0 0 0 0 0 0 0 0 0 0 0 0 0 0 0 0 0 0 data 31 0x40007 0x0 0xb0 0x993 0xb0007 0x993 0x58 0x0 0x120005 0x0 0x0 0x0 0x0 0x0 0x0 0x190005 0x0 0x0 0x2077ea63df0 0x993 0x0 0x0 0x0 0x0 0x0 0x0 0x0 0x0 0x9 0x1 0xc oops 1 18 java/util/zip/ZipFile$ZipFileInputStream methods 0
ciMethodData java/util/LinkedHashMap get (Ljava/lang/Object;)Ljava/lang/Object; 2 5181 orig 80 0 0 0 0 0 0 0 0 0 0 0 0 7 2 0 0 0 0 0 0 0 0 0 0 0 0 0 0 0 0 0 0 0 0 0 0 0 0 0 0 0 0 0 0 0 0 0 0 0 0 0 0 0 0 0 0 0 0 0 0 0 0 0 0 0 0 0 0 0 0 0 0 0 0 0 0 0 0 0 0 data 32 0x20005 0x143d 0x0 0x0 0x0 0x0 0x0 0x70007 0x99d 0x20 0xaa0 0x100007 0x99d 0x58 0x0 0x150005 0x0 0x0 0x0 0x0 0x0 0x0 0x0 0x0 0x0 0x0 0x0 0x0 0x9 0x2 0x0 0x0 oops 0 methods 0
ciMethodData jdk/internal/loader/URLClassPath getResource (Ljava/lang/String;Z)Ljdk/internal/loader/Resource; 2 476 orig 80 0 0 0 0 0 0 0 0 0 0 0 0 7 2 0 0 0 0 0 0 0 0 0 0 0 0 0 0 0 0 0 0 0 0 0 0 0 0 0 0 0 0 0 0 0 0 0 0 0 0 0 0 0 0 0 0 0 0 0 0 0 0 0 0 0 0 0 0 0 0 0 0 0 0 0 0 0 0 0 0 data 77 0x30007 0x1dc 0x148 0x0 0xd0002 0x0 0x120005 0x0 0x0 0x0 0x0 0x0 0x0 0x160005 0x0 0x0 0x0 0x0 0x0 0x0 0x1b0005 0x0 0x0 0x0 0x0 0x0 0x0 0x1e0005 0x0 0x0 0x0 0x0 0x0 0x0 0x210005 0x0 0x0 0x0 0x0 0x0 0x0 0x2a0005 0xc599 0x0 0x0 0x0 0x0 0x0 0x2f0007 0x4 0x90 0xc595 0x350005 0x0 0x0 0x2077d8f7278 0xc230 0x2077d8f7328 0x365 0x3c0007 0xc3bd 0x20 0x1d8 0x450003 0xc3bd 0xffffffffffffff50 0x0 0x0 0x0 0x0 0x0 0x0 0x9 0x3 0xffffffffffffffff 0xffffffffffffffff 0x0 oops 2 55 jdk/internal/loader/URLClassPath$JarLoader 57 jdk/internal/loader/URLClassPath$FileLoader methods 0
ciMethodData jdk/internal/access/SharedSecrets javaUtilJarAccess ()Ljdk/internal/access/JavaUtilJarAccess; 2 4598 orig 80 0 0 0 0 0 0 0 0 0 0 0 0 7 2 0 0 0 0 0 0 0 0 0 0 0 0 0 0 0 0 0 0 0 0 0 0 0 0 0 0 0 0 0 0 0 0 0 0 0 0 0 0 0 0 0 0 0 0 0 0 0 0 0 0 0 0 0 0 0 0 0 0 0 0 0 0 0 0 0 0 data 14 0x50007 0x11f6 0x30 0x0 0xa0002 0x0 0x0 0x0 0x0 0x0 0x0 0x0 0x9 0x0 oops 0 methods 0
ciMethodData java/lang/ref/Reference <init> (Ljava/lang/Object;)V 2 1303 orig 80 0 0 0 0 0 0 0 0 0 0 0 0 7 2 0 0 0 0 0 0 0 0 0 0 0 0 0 0 0 0 0 0 0 0 0 0 0 0 0 0 0 0 0 0 0 0 0 0 0 0 0 0 0 0 0 0 0 0 0 0 0 0 0 0 0 0 0 0 0 0 0 0 0 0 0 0 0 0 0 0 data 8 0x30002 0x517 0x0 0x0 0x9 0x2 0x0 0x0 oops 0 methods 0
ciMethodData java/lang/System$2 findBootstrapClassOrNull (Ljava/lang/String;)Ljava/lang/Class; 2 2630 orig 80 0 0 0 0 0 0 0 0 0 0 0 0 7 2 0 0 0 0 0 0 0 0 0 0 0 0 0 0 0 0 0 0 0 0 0 0 0 0 0 0 0 0 0 0 0 0 0 0 0 0 0 0 0 0 0 0 0 0 0 0 0 0 0 0 0 0 0 0 0 0 0 0 0 0 0 0 0 0 0 0 data 12 0x10002 0xa46 0x0 0x0 0x0 0x0 0x0 0x0 0x9 0x2 0x0 0x0 oops 0 methods 0
ciMethodData java/lang/ClassLoader findBootstrapClassOrNull (Ljava/lang/String;)Ljava/lang/Class; 2 2630 orig 80 0 0 0 0 0 0 0 0 0 0 0 0 7 2 0 0 0 0 0 0 0 0 0 0 0 0 0 0 0 0 0 0 0 0 0 0 0 0 0 0 0 0 0 0 0 0 0 0 0 0 0 0 0 0 0 0 0 0 0 0 0 0 0 0 0 0 0 0 0 0 0 0 0 0 0 0 0 0 0 0 data 17 0x10002 0xa46 0x40007 0xa47 0x20 0x0 0xa0002 0xa47 0x0 0x0 0x0 0x0 0x0 0x0 0x9 0x1 0xffffffffffffffff oops 0 methods 0
ciMethodData java/security/CodeSource getCertificates ()[Ljava/security/cert/Certificate; 2 4730 orig 80 0 0 0 0 0 0 0 0 0 0 0 0 7 2 0 0 0 0 0 0 0 0 0 0 0 0 0 0 0 0 0 0 0 0 0 0 0 0 0 0 0 0 0 0 0 0 0 0 0 0 0 0 0 0 0 0 0 0 0 0 0 0 0 0 0 0 0 0 0 0 0 0 0 0 0 0 0 0 0 0 data 89 0x40007 0x1279 0x90 0x0 0xb0005 0x0 0x0 0x0 0x0 0x0 0x0 0xe0004 0x0 0x0 0x0 0x0 0x0 0x0 0x160007 0x1278 0x1f0 0x0 0x1d0002 0x0 0x290007 0x0 0xe0 0x0 0x330005 0x0 0x0 0x0 0x0 0x0 0x0 0x360005 0x0 0x0 0x0 0x0 0x0 0x0 0x390005 0x0 0x0 0x0 0x0 0x0 0x0 0x400003 0x0 0xffffffffffffff38 0x490005 0x0 0x0 0x0 0x0 0x0 0x0 0x4c0004 0x0 0x0 0x0 0x0 0x0 0x0 0x560005 0x0 0x0 0x0 0x0 0x0 0x0 0x590004 0x0 0x0 0x0 0x0 0x0 0x0 0x0 0x0 0x0 0x0 0x0 0x0 0x9 0x1 0xc oops 0 methods 0
ciMethodData jdk/internal/loader/Resource cachedInputStream ()Ljava/io/InputStream; 2 4723 orig 80 0 0 0 0 0 0 0 0 0 0 0 0 7 2 0 0 0 0 0 0 0 0 0 0 0 0 0 0 0 0 0 0 0 0 0 0 0 0 0 0 0 0 0 0 0 0 0 0 0 0 0 0 0 0 0 0 0 0 0 0 0 0 0 0 0 0 0 0 0 0 0 0 0 0 0 0 0 0 0 0 data 20 0x40007 0x93a 0x58 0x938 0x90005 0x0 0x0 0x2077d8f9e88 0x925 0x2077d8f9f38 0x12 0x0 0x0 0x0 0x0 0x0 0x0 0x9 0x1 0xffffffffffffffff oops 2 7 jdk/internal/loader/URLClassPath$JarLoader$2 9 jdk/internal/loader/URLClassPath$FileLoader$1 methods 0
ciMethodData java/util/jar/JarFile maybeInstantiateVerifier ()V 2 5352 orig 80 0 0 0 0 0 0 0 0 0 0 0 0 7 2 0 0 0 0 0 0 0 0 0 0 0 0 0 0 0 0 0 0 0 0 0 0 0 0 0 0 0 0 0 0 0 0 0 0 0 0 0 0 0 0 0 0 0 0 0 0 0 0 0 0 0 0 0 0 0 0 0 0 0 0 0 0 0 0 0 0 data 35 0x40007 0x14e8 0x20 0x0 0xc0007 0x14bd 0xb0 0x2b 0x140005 0x0 0x0 0x2077dd16000 0x2b 0x0 0x0 0x1b0007 0x2b 0x58 0x0 0x1f0005 0x0 0x0 0x0 0x0 0x0 0x0 0x0 0x0 0x0 0x0 0x0 0x0 0x9 0x1 0x0 oops 1 11 java/util/zip/ZipFile$1 methods 0
ciMethodData java/util/zip/ZipFile$1 getManifestName (Ljava/util/jar/JarFile;Z)Ljava/lang/String; 1 56 orig 80 0 0 0 0 0 0 0 0 0 0 0 0 7 2 0 0 0 0 0 0 0 0 0 0 0 0 0 0 0 0 0 0 0 0 0 0 0 0 0 0 0 0 0 0 0 0 0 0 0 0 0 0 0 0 0 0 0 0 0 0 0 0 0 0 0 0 0 0 0 0 0 0 0 0 0 0 0 0 0 0 data 18 0x20005 0x38 0x0 0x0 0x0 0x0 0x0 0x0 0x0 0x0 0x0 0x0 0x0 0x9 0x3 0x0 0x0 0x0 oops 0 methods 0
ciMethodData java/util/zip/ZipFile getManifestName (Z)Ljava/lang/String; 1 63 orig 80 0 0 0 0 0 0 0 0 0 0 0 0 7 2 0 0 0 0 0 0 0 0 0 0 0 0 0 0 0 0 0 0 0 0 0 0 0 0 0 0 0 0 0 0 0 0 0 0 0 0 0 0 0 0 0 0 0 0 0 0 0 0 0 0 0 0 0 0 0 0 0 0 0 0 0 0 0 0 0 0 data 39 0x50005 0x3f 0x0 0x0 0x0 0x0 0x0 0x180007 0x0 0x98 0x3f 0x1c0007 0xd 0x40 0x32 0x230007 0x32 0x58 0x0 0x290005 0xd 0x0 0x0 0x0 0x0 0x0 0x310003 0x32 0x18 0x0 0x0 0x0 0x0 0x0 0x0 0x9 0x2 0x0 0x0 oops 0 methods 0
ciMethodData jdk/internal/loader/ClassLoaders$BootClassLoader loadClassOrNull (Ljava/lang/String;Z)Ljava/lang/Class; 2 2607 orig 80 0 0 0 0 0 0 0 0 0 0 0 0 7 2 0 0 0 0 0 0 0 0 0 0 0 0 0 0 0 0 0 0 0 0 0 0 0 0 0 0 0 0 0 0 0 0 0 0 0 0 0 0 0 0 0 0 0 0 0 0 0 0 0 0 0 0 0 0 0 0 0 0 0 0 0 0 0 0 0 0 data 18 0x40005 0x0 0x0 0x2077d8ff820 0xa2f 0x0 0x0 0x0 0x0 0x0 0x0 0x0 0x0 0x9 0x3 0x0 0x0 0x0 oops 1 3 java/lang/System$2 methods 0
ciMethodData java/lang/Module isNamed ()Z 2 3719 orig 80 0 0 0 0 0 0 0 0 0 0 0 0 7 2 0 0 0 0 0 0 0 0 0 0 0 0 0 0 0 0 0 0 0 0 0 0 0 0 0 0 0 0 0 0 0 0 0 0 0 0 0 0 0 0 0 0 0 0 0 0 0 0 0 0 0 0 0 0 0 0 0 0 0 0 0 0 0 0 0 0 data 16 0x40007 0xab3 0x38 0x3d3 0x80003 0x3d3 0x18 0x0 0x0 0x0 0x0 0x0 0x0 0x9 0x1 0x0 oops 0 methods 0
ciMethodData java/lang/ref/SoftReference <init> (Ljava/lang/Object;)V 1 844 orig 80 0 0 0 0 0 0 0 0 0 0 0 0 7 2 0 0 0 0 0 0 0 0 0 0 0 0 0 0 0 0 0 0 0 0 0 0 0 0 0 0 0 0 0 0 0 0 0 0 0 0 0 0 0 0 0 0 0 0 0 0 0 0 0 0 0 0 0 0 0 0 0 0 0 0 0 0 0 0 0 0 data 10 0x20002 0x34c 0x0 0x0 0x0 0x0 0x9 0x2 0x0 0x0 oops 0 methods 0
ciMethodData java/lang/Record <init> ()V 2 2453 orig 80 0 0 0 0 0 0 0 0 0 0 0 0 7 2 0 0 0 0 0 0 0 0 0 0 0 0 0 0 0 0 0 0 0 0 0 0 0 0 0 0 0 0 0 0 0 0 0 0 0 0 0 0 0 0 0 0 0 0 0 0 0 0 0 0 0 0 0 0 0 0 0 0 0 0 0 0 0 0 0 0 data 7 0x10002 0x995 0x0 0x0 0x9 0x1 0x0 oops 0 methods 0
ciMethodData java/util/zip/ZipFile getInputStream (Ljava/util/zip/ZipEntry;)Ljava/io/InputStream; 2 2335 orig 80 0 0 0 0 0 0 0 0 0 0 0 0 7 2 0 0 0 0 0 0 0 0 0 0 0 0 0 0 0 0 0 0 0 0 0 0 0 0 0 0 0 0 0 0 0 0 0 0 0 0 0 0 0 0 0 0 0 0 0 0 0 0 0 0 0 0 0 0 0 0 0 0 0 0 0 0 0 0 0 0 data 93 0x30002 0x91f 0x1f0005 0x920 0x0 0x0 0x0 0x0 0x0 0x2a0002 0x91f 0x2d0007 0x24 0x38 0x8fc 0x350003 0x8fc 0x50 0x3f0005 0x24 0x0 0x0 0x0 0x0 0x0 0x450007 0x920 0x20 0x0 0x580002 0x920 0x620002 0x91e 0x650008 0x6 0x0 0x140 0x3 0x40 0x91a 0x90 0x890005 0x0 0x0 0x2077e8a3e18 0x3 0x0 0x0 0x920003 0x3 0x18 0xa80002 0x91a 0xb70007 0x917 0x20 0x2 0xc30007 0x919 0x20 0x0 0xd80002 0x919 0xe70005 0x0 0x0 0x2077e8a3e18 0x91d 0x0 0x0 0xf00003 0x91c 0x18 0x1070002 0x0 0x0 0x0 0x0 0x0 0x0 0x0 0x0 0x0 0x0 0x0 0x0 0x0 0x0 0x0 0x9 0x2 0x0 0x0 oops 2 44 java/util/Collections$SetFromMap 66 java/util/Collections$SetFromMap methods 0
ciMethodData jdk/internal/loader/BuiltinClassLoader defineClass (Ljava/lang/String;Ljdk/internal/loader/Resource;)Ljava/lang/Class; 2 2216 orig 80 0 0 0 0 0 0 0 0 0 0 0 0 7 2 0 0 0 0 0 0 0 0 0 0 0 0 0 0 0 0 0 0 0 0 0 0 0 0 0 0 0 0 0 0 0 0 0 0 0 0 0 0 0 0 0 0 0 0 0 0 0 0 0 0 0 0 0 0 0 0 0 0 0 0 0 0 0 0 0 0 data 100 0x10005 0x0 0x0 0x2077d8f9e88 0x89b 0x2077d8f9f38 0xd 0x80005 0x8a8 0x0 0x0 0x0 0x0 0x0 0x100007 0x0 0xc8 0x8a8 0x170005 0x8a8 0x0 0x0 0x0 0x0 0x0 0x1d0005 0x0 0x0 0x2077d8f9e88 0x89b 0x2077d8f9f38 0xd 0x280005 0x0 0x0 0x2077d13d948 0x8a8 0x0 0x0 0x2d0005 0x0 0x0 0x2077d8f9e88 0x89a 0x2077d8f9f38 0xd 0x340007 0x8a6 0xa0 0x0 0x380005 0x0 0x0 0x0 0x0 0x0 0x0 0x440002 0x0 0x4f0005 0x0 0x0 0x0 0x0 0x0 0x0 0x540005 0x0 0x0 0x2077d8f9e88 0x899 0x2077d8f9f38 0xd 0x5a0005 0x0 0x0 0x2077d8f9e88 0x89b 0x2077d8f9f38 0xd 0x660002 0x8a4 0x750005 0x8a6 0x0 0x0 0x0 0x0 0x0 0x0 0x0 0x0 0x0 0x0 0x0 0x9 0x3 0x0 0x0 0x0 oops 11 3 jdk/internal/loader/URLClassPath$JarLoader$2 5 jdk/internal/loader/URLClassPath$FileLoader$1 28 jdk/internal/loader/URLClassPath$JarLoader$2 30 jdk/internal/loader/URLClassPath$FileLoader$1 35 jdk/internal/loader/ClassLoaders$AppClassLoader 42 jdk/internal/loader/URLClassPath$JarLoader$2 44 jdk/internal/loader/URLClassPath$FileLoader$1 69 jdk/internal/loader/URLClassPath$JarLoader$2 71 jdk/internal/loader/URLClassPath$FileLoader$1 76 jdk/internal/loader/URLClassPath$JarLoader$2 78 jdk/internal/loader/URLClassPath$FileLoader$1 methods 0
ciMethodData java/security/CodeSource <init> (Ljava/net/URL;[Ljava/security/CodeSigner;)V 2 2238 orig 80 0 0 0 0 0 0 0 0 0 0 0 0 7 2 0 0 0 0 0 0 0 0 0 0 0 0 0 0 0 0 0 0 0 0 0 0 0 0 0 0 0 0 0 0 0 0 0 0 0 0 0 0 0 0 0 0 0 0 0 0 0 0 0 0 0 0 0 0 0 0 0 0 0 0 0 0 0 0 0 0 data 37 0x10002 0x8bf 0x190007 0x0 0x30 0x8be 0x1e0002 0x8c0 0x250007 0x8bc 0x90 0x0 0x2a0005 0x0 0x0 0x0 0x0 0x0 0x0 0x2d0004 0x0 0x0 0x0 0x0 0x0 0x0 0x0 0x0 0x0 0x0 0x0 0x0 0x9 0x3 0x1e 0x0 0xffffffffffffffff oops 0 methods 0
ciMethodData java/security/SecureClassLoader getProtectionDomain (Ljava/security/CodeSource;)Ljava/security/ProtectionDomain; 2 2234 orig 80 0 0 0 0 0 0 0 0 0 0 0 0 7 2 0 0 0 0 0 0 0 0 0 0 0 0 0 0 0 0 0 0 0 0 0 0 0 0 0 0 0 0 0 0 0 0 0 0 0 0 0 0 0 0 0 0 0 0 0 0 0 0 0 0 0 0 0 0 0 0 0 0 0 0 0 0 0 0 0 0 data 32 0x10007 0x8bb 0x20 0x0 0xb0002 0x8bc 0x190002 0x8bc 0x1c0005 0x0 0x0 0x2077d13daf8 0x8ba 0x0 0x0 0x210004 0x0 0x0 0x2077d13a808 0x8bf 0x0 0x0 0x0 0x0 0x0 0x0 0x0 0x0 0x9 0x2 0x0 0x0 oops 2 11 java/util/concurrent/ConcurrentHashMap 18 java/security/ProtectionDomain methods 0
ciMethodData java/security/SecureClassLoader$CodeSourceKey <init> (Ljava/security/CodeSource;)V 2 2236 orig 80 0 0 0 0 0 0 0 0 0 0 0 0 7 2 0 0 0 0 0 0 0 0 0 0 0 0 0 0 0 0 0 0 0 0 0 0 0 0 0 0 0 0 0 0 0 0 0 0 0 0 0 0 0 0 0 0 0 0 0 0 0 0 0 0 0 0 0 0 0 0 0 0 0 0 0 0 0 0 0 0 data 10 0x10002 0x8bc 0x0 0x0 0x0 0x0 0x9 0x2 0x6 0x0 oops 0 methods 0
ciMethodData java/security/SecureClassLoader$1 <init> (Ljava/security/SecureClassLoader;)V 2 2236 orig 80 0 0 0 0 0 0 0 0 0 0 0 0 7 2 0 0 0 0 0 0 0 0 0 0 0 0 0 0 0 0 0 0 0 0 0 0 0 0 0 0 0 0 0 0 0 0 0 0 0 0 0 0 0 0 0 0 0 0 0 0 0 0 0 0 0 0 0 0 0 0 0 0 0 0 0 0 0 0 0 0 data 10 0x60002 0x8bd 0x0 0x0 0x0 0x0 0x9 0x2 0x6 0x0 oops 0 methods 0
ciMethodData jdk/internal/loader/BuiltinClassLoader defineOrCheckPackage (Ljava/lang/String;Ljava/util/jar/Manifest;Ljava/net/URL;)Ljava/lang/Package; 2 2175 orig 80 0 0 0 0 0 0 0 0 0 0 0 0 7 2 0 0 0 0 0 0 0 0 0 0 0 0 0 0 0 0 0 0 0 0 0 0 0 0 0 0 0 0 0 0 0 0 0 0 0 0 0 0 0 0 0 0 0 0 0 0 0 0 0 0 0 0 0 0 0 0 0 0 0 0 0 0 0 0 0 0 data 83 0x40005 0x87f 0x0 0x0 0x0 0x0 0x0 0xb0007 0x783 0x200 0xfe 0xf0007 0x4 0x70 0xfa 0x160005 0xfa 0x0 0x0 0x0 0x0 0x0 0x1b0003 0xfa 0x50 0x270005 0x0 0x0 0x2077d13d948 0x4 0x0 0x0 0x2c0003 0xfe 0x138 0x350005 0x0 0x0 0x0 0x0 0x0 0x0 0x3c0007 0x0 0xe8 0x0 0x470002 0x0 0x4d0005 0x0 0x0 0x0 0x0 0x0 0x0 0x510005 0x0 0x0 0x0 0x0 0x0 0x0 0x540005 0x0 0x0 0x0 0x0 0x0 0x0 0x570002 0x0 0x0 0x0 0x0 0x0 0x0 0x0 0x9 0x4 0x0 0x0 0x0 0x0 oops 1 28 jdk/internal/loader/ClassLoaders$AppClassLoader methods 0
ciMethodData jdk/internal/loader/BuiltinClassLoader getAndVerifyPackage (Ljava/lang/String;Ljava/util/jar/Manifest;Ljava/net/URL;)Ljava/lang/Package; 2 2175 orig 80 0 0 0 0 0 0 0 0 0 0 0 0 7 2 0 0 0 0 0 0 0 0 0 0 0 0 0 0 0 0 0 0 0 0 0 0 0 0 0 0 0 0 0 0 0 0 0 0 0 0 0 0 0 0 0 0 0 0 0 0 0 0 0 0 0 0 0 0 0 0 0 0 0 0 0 0 0 0 0 0 data 124 0x20005 0x87f 0x0 0x0 0x0 0x0 0x0 0x90007 0xfe 0x348 0x781 0xe0005 0x0 0x0 0x2077d8f99d0 0x782 0x0 0x0 0x110007 0x782 0x178 0x0 0x170005 0x0 0x0 0x0 0x0 0x0 0x0 0x1a0007 0x0 0x298 0x0 0x250002 0x0 0x2b0005 0x0 0x0 0x0 0x0 0x0 0x0 0x2f0005 0x0 0x0 0x0 0x0 0x0 0x0 0x350005 0x0 0x0 0x0 0x0 0x0 0x0 0x380005 0x0 0x0 0x0 0x0 0x0 0x0 0x3b0002 0x0 0x400007 0x9 0x178 0x778 0x460005 0x777 0x0 0x0 0x0 0x0 0x0 0x490007 0x779 0x120 0x0 0x540002 0x0 0x5a0005 0x0 0x0 0x0 0x0 0x0 0x0 0x5e0005 0x0 0x0 0x0 0x0 0x0 0x0 0x640005 0x0 0x0 0x0 0x0 0x0 0x0 0x670005 0x0 0x0 0x0 0x0 0x0 0x0 0x6a0002 0x0 0x0 0x0 0x0 0x0 0x0 0x0 0x9 0x4 0x0 0x0 0x0 0x0 oops 1 14 java/lang/Package methods 0
ciMethodData java/lang/ClassLoader getDefinedPackage (Ljava/lang/String;)Ljava/lang/Package; 2 2175 orig 80 0 0 0 0 0 0 0 0 0 0 0 0 7 2 0 0 0 0 0 0 0 0 0 0 0 0 0 0 0 0 0 0 0 0 0 0 0 0 0 0 0 0 0 0 0 0 0 0 0 0 0 0 0 0 0 0 0 0 0 0 0 0 0 0 0 0 0 0 0 0 0 0 0 0 0 0 0 0 0 0 data 44 0x40002 0x87f 0xd0005 0x0 0x0 0x2077d13daf8 0x87f 0x0 0x0 0x100104 0x0 0x0 0x2077d8f99d0 0x783 0x0 0x0 0x150007 0x783 0x20 0xfe 0x1d0005 0x0 0x0 0x2077d8f99d0 0x783 0x0 0x0 0x200005 0x0 0x0 0x2077d13d948 0x783 0x0 0x0 0x0 0x0 0x0 0x0 0x0 0x0 0x9 0x2 0x0 0x0 oops 4 5 java/util/concurrent/ConcurrentHashMap 12 java/lang/Package 23 java/lang/Package 30 jdk/internal/loader/ClassLoaders$AppClassLoader methods 0
ciMethodData java/lang/Package isSealed ()Z 2 1922 orig 80 0 0 0 0 0 0 0 0 0 0 0 0 7 2 0 0 0 0 0 0 0 0 0 0 0 0 0 0 0 0 0 0 0 0 0 0 0 0 0 0 0 0 0 0 0 0 0 0 0 0 0 0 0 0 0 0 0 0 0 0 0 0 0 0 0 0 0 0 0 0 0 0 0 0 0 0 0 0 0 0 data 34 0x10005 0x0 0x0 0x2077d8f99d0 0x782 0x0 0x0 0x40005 0x782 0x0 0x0 0x0 0x0 0x0 0x70007 0x0 0x40 0x782 0x110007 0x783 0x38 0x0 0x150003 0x0 0x18 0x0 0x0 0x0 0x0 0x0 0x0 0x9 0x1 0x0 oops 1 3 java/lang/Package methods 0
ciMethodData java/lang/Package isSealed (Ljava/net/URL;)Z 1 0 orig 80 0 0 0 0 0 0 0 0 0 0 0 0 7 2 0 0 0 0 0 0 0 0 0 0 0 0 0 0 0 0 0 0 0 0 0 0 0 0 0 0 0 0 0 0 0 0 0 0 0 0 0 0 0 0 0 0 0 0 0 0 0 0 0 0 0 0 0 0 0 0 0 0 0 0 0 0 0 0 0 0 data 50 0x10002 0x0 0xe0007 0x0 0x38 0x0 0x190003 0x0 0xd8 0x1d0005 0x0 0x0 0x0 0x0 0x0 0x0 0x220007 0x0 0x70 0x0 0x260005 0x0 0x0 0x0 0x0 0x0 0x0 0x290003 0x0 0x18 0x2e0003 0x0 0x18 0x340005 0x0 0x0 0x0 0x0 0x0 0x0 0x0 0x0 0x0 0x0 0x0 0x0 0x9 0x2 0x0 0x0 oops 0 methods 0
ciMethodData jdk/internal/loader/BuiltinClassLoader isSealed (Ljava/lang/String;Ljava/util/jar/Manifest;)Z 2 1913 orig 80 0 0 0 0 0 0 0 0 0 0 0 0 7 2 0 0 0 0 0 0 0 0 0 0 0 0 0 0 0 0 0 0 0 0 0 0 0 0 0 0 0 0 0 0 0 0 0 0 0 0 0 0 0 0 0 0 0 0 0 0 0 0 0 0 0 0 0 0 0 0 0 0 0 0 0 0 0 0 0 0 data 74 0x2 0x779 0x90005 0x77a 0x0 0x0 0x0 0x0 0x0 0xe0005 0x77a 0x0 0x0 0x0 0x0 0x0 0x110005 0x0 0x0 0x2077dd1ead0 0x77a 0x0 0x0 0x1b0007 0x75f 0x58 0x19 0x220005 0x0 0x0 0x2077e0dc868 0x19 0x0 0x0 0x290007 0x0 0xb0 0x778 0x2d0005 0x0 0x0 0x2077d13d798 0x778 0x0 0x0 0x320007 0x0 0x58 0x778 0x390005 0x0 0x0 0x2077e0dc868 0x779 0x0 0x0 0x430005 0x77a 0x0 0x0 0x0 0x0 0x0 0x0 0x0 0x0 0x0 0x0 0x0 0x9 0x3 0x0 0x0 0xffffffffffffffff oops 4 19 java/util/jar/JavaUtilJarAccessImpl 30 java/util/jar/Attributes 41 java/util/jar/Manifest 52 java/util/jar/Attributes methods 0
ciMethodData jdk/internal/loader/Resource getByteBuffer ()Ljava/nio/ByteBuffer; 2 2233 orig 80 0 0 0 0 0 0 0 0 0 0 0 0 7 2 0 0 0 0 0 0 0 0 0 0 0 0 0 0 0 0 0 0 0 0 0 0 0 0 0 0 0 0 0 0 0 0 0 0 0 0 0 0 0 0 0 0 0 0 0 0 0 0 0 0 0 0 0 0 0 0 0 0 0 0 0 0 0 0 0 0 data 41 0x10005 0x8b9 0x0 0x0 0x0 0x0 0x0 0x60004 0xfffffffffffff749 0x0 0x0 0x0 0x0 0x0 0x90007 0x8b8 0x90 0x0 0xd0004 0x0 0x0 0x0 0x0 0x0 0x0 0x100005 0x0 0x0 0x0 0x0 0x0 0x0 0x0 0x0 0x0 0x0 0x0 0x0 0x9 0x1 0xffffffffffffffff oops 0 methods 0
ciMethodData jdk/internal/loader/Resource getBytes ()[B 2 2185 orig 80 0 0 0 0 0 0 0 0 0 0 0 0 7 2 0 0 0 0 0 0 0 0 0 0 0 0 0 0 0 0 0 0 0 0 0 0 0 0 0 0 0 0 0 0 0 0 0 0 0 0 0 0 0 0 0 0 0 0 0 0 0 0 0 0 0 0 0 0 0 0 0 0 0 0 0 0 0 0 0 0 data 145 0x10005 0x889 0x0 0x0 0x0 0x0 0x0 0x50002 0x88d 0xa0005 0x0 0x0 0x2077d8f9e88 0x87f 0x2077d8f9f38 0xd 0xf0003 0x88a 0x40 0x140002 0x0 0x1a0003 0x0 0xffffffffffffffa0 0x240007 0x88a 0x20 0x0 0x320007 0x88d 0x1a8 0x1316 0x390007 0x5 0x78 0x1311 0x470002 0x1312 0x4e0007 0x1312 0x20 0x0 0x5e0002 0x1312 0x620003 0x1312 0x18 0x750005 0x4 0x0 0x2077dd0aa98 0x1301 0x2077e975918 0x13 0x7a0003 0x1319 0x28 0x7f0002 0x0 0x870007 0x1319 0x98 0x0 0x8e0007 0x0 0x30 0x0 0x970002 0x0 0x9f0007 0x0 0x60 0x0 0xa50002 0x0 0xa90003 0x0 0x30 0xb30003 0x1319 0xfffffffffffffe70 0xb70005 0x3 0x0 0x2077dd0aa98 0x87d 0x2077e975918 0xd 0xba0003 0x88d 0x30 0xc10003 0x0 0x18 0xc70007 0x88d 0x150 0x0 0xca0002 0x0 0xcd0005 0x0 0x0 0x0 0x0 0x0 0x0 0xd00003 0x0 0xe8 0xd60005 0x0 0x0 0x0 0x0 0x0 0x0 0xd90003 0x0 0x30 0xe00003 0x0 0x18 0xe60007 0x0 0x68 0x0 0xe90002 0x0 0xec0005 0x0 0x0 0x0 0x0 0x0 0x0 0x0 0x0 0x0 0x0 0x0 0x0 0x9 0x1 0x0 oops 6 12 jdk/internal/loader/URLClassPath$JarLoader$2 14 jdk/internal/loader/URLClassPath$FileLoader$1 50 java/util/zip/ZipFile$ZipFileInflaterInputStream 52 java/io/FileInputStream 84 java/util/zip/ZipFile$ZipFileInflaterInputStream 86 java/io/FileInputStream methods 0
ciMethodData java/security/SecureClassLoader defineClass (Ljava/lang/String;[BIILjava/security/CodeSource;)Ljava/lang/Class; 2 2229 orig 80 0 0 0 0 0 0 0 0 0 0 0 0 7 2 0 0 0 0 0 0 0 0 0 0 0 0 0 0 0 0 0 0 0 0 0 0 0 0 0 0 0 0 0 0 0 0 0 0 0 0 0 0 0 0 0 0 0 0 0 0 0 0 0 0 0 0 0 0 0 0 0 0 0 0 0 0 0 0 0 0 data 28 0x90005 0x8b5 0x0 0x0 0x0 0x0 0x0 0xc0005 0x8b9 0x0 0x0 0x0 0x0 0x0 0x0 0x0 0x0 0x0 0x0 0x0 0x9 0x6 0xffffffffffffffff 0xffffffffffffffff 0xffffffffffffffff 0x0 0x0 0x0 oops 0 methods 0
ciMethodData java/lang/ClassLoader defineClass (Ljava/lang/String;[BIILjava/security/ProtectionDomain;)Ljava/lang/Class; 2 2229 orig 80 0 0 0 0 0 0 0 0 0 0 0 0 7 2 0 0 0 0 0 0 0 0 0 0 0 0 0 0 0 0 0 0 0 0 0 0 0 0 0 0 0 0 0 0 0 0 0 0 0 0 0 0 0 0 0 0 0 0 0 0 0 0 0 0 0 0 0 0 0 0 0 0 0 0 0 0 0 0 0 0 data 37 0x40005 0x8b5 0x0 0x0 0x0 0x0 0x0 0xc0005 0x8b7 0x0 0x0 0x0 0x0 0x0 0x1b0002 0x8b7 0x250005 0x8b9 0x0 0x0 0x0 0x0 0x0 0x0 0x0 0x0 0x0 0x0 0x0 0x9 0x6 0xffffffffffffffff 0xffffffffffffffff 0xffffffffffffffff 0x0 0x0 0x0 oops 0 methods 0
ciMethodData java/lang/ClassLoader preDefineClass (Ljava/lang/String;Ljava/security/ProtectionDomain;)Ljava/security/ProtectionDomain; 2 2233 orig 80 0 0 0 0 0 0 0 0 0 0 0 0 7 2 0 0 0 0 0 0 0 0 0 0 0 0 0 0 0 0 0 0 0 0 0 0 0 0 0 0 0 0 0 0 0 0 0 0 0 0 0 0 0 0 0 0 0 0 0 0 0 0 0 0 0 0 0 0 0 0 0 0 0 0 0 0 0 0 0 0 data 124 0x10002 0x8b9 0x40007 0x8bc 0xe8 0x0 0xf0002 0x0 0x150005 0x0 0x0 0x0 0x0 0x0 0x0 0x190005 0x0 0x0 0x0 0x0 0x0 0x0 0x1c0005 0x0 0x0 0x0 0x0 0x0 0x0 0x1f0002 0x0 0x240007 0x0 0x1e0 0x8ba 0x2b0005 0x8bc 0x0 0x0 0x0 0x0 0x0 0x2e0007 0x8b8 0x188 0x2 0x320002 0x2 0x350007 0x2 0x158 0x0 0x400002 0x0 0x460005 0x0 0x0 0x0 0x0 0x0 0x0 0x4e0005 0x0 0x0 0x0 0x0 0x0 0x0 0x510005 0x0 0x0 0x0 0x0 0x0 0x0 0x540005 0x0 0x0 0x0 0x0 0x0 0x0 0x570005 0x0 0x0 0x0 0x0 0x0 0x0 0x5a0002 0x0 0x5f0007 0x8b8 0x20 0x0 0x680007 0x0 0x90 0x8b8 0x6e0005 0x8b8 0x0 0x0 0x0 0x0 0x0 0x710005 0x8b8 0x0 0x0 0x0 0x0 0x0 0x0 0x0 0x0 0x0 0x0 0x0 0x9 0x3 0xffffffffffffffff 0x0 0x0 oops 0 methods 0
ciMethodData jdk/internal/loader/URLClassPath$JarLoader$2 getCodeSourceURL ()Ljava/net/URL; 2 1109 orig 80 0 0 0 0 0 0 0 0 0 0 0 0 7 2 0 0 0 0 0 0 0 0 0 0 0 0 0 0 0 0 0 0 0 0 0 0 0 0 0 0 0 0 0 0 0 0 0 0 0 0 0 0 0 0 0 0 0 0 0 0 0 0 0 0 0 0 0 0 0 0 0 0 0 0 0 0 0 0 0 0 data 7 0x0 0x0 0x0 0x0 0x9 0x1 0x0 oops 0 methods 0
ciMethodData jdk/internal/loader/URLClassPath$JarLoader$2 getManifest ()Ljava/util/jar/Manifest; 2 2150 orig 80 0 0 0 0 0 0 0 0 0 0 0 0 7 2 0 0 0 0 0 0 0 0 0 0 0 0 0 0 0 0 0 0 0 0 0 0 0 0 0 0 0 0 0 0 0 0 0 0 0 0 0 0 0 0 0 0 0 0 0 0 0 0 0 0 0 0 0 0 0 0 0 0 0 0 0 0 0 0 0 0 data 25 0x2 0x866 0xa0005 0x0 0x0 0x2077dd1ead0 0x866 0x0 0x0 0x160005 0x0 0x0 0x2077dd1def0 0x867 0x0 0x0 0x0 0x0 0x0 0x0 0x0 0x0 0x9 0x1 0x0 oops 2 5 java/util/jar/JavaUtilJarAccessImpl 12 java/util/jar/JarFile methods 0
ciMethodData java/util/jar/JavaUtilJarAccessImpl ensureInitialization (Ljava/util/jar/JarFile;)V 2 2151 orig 80 0 0 0 0 0 0 0 0 0 0 0 0 7 2 0 0 0 0 0 0 0 0 0 0 0 0 0 0 0 0 0 0 0 0 0 0 0 0 0 0 0 0 0 0 0 0 0 0 0 0 0 0 0 0 0 0 0 0 0 0 0 0 0 0 0 0 0 0 0 0 0 0 0 0 0 0 0 0 0 0 data 17 0x10005 0x0 0x0 0x2077dd1def0 0x867 0x0 0x0 0x0 0x0 0x0 0x0 0x0 0x0 0x9 0x2 0x0 0x0 oops 1 3 java/util/jar/JarFile methods 0
ciMethodData java/util/jar/JarFile ensureInitialization ()V 2 2152 orig 80 0 0 0 0 0 0 0 0 0 0 0 0 7 2 0 0 0 0 0 0 0 0 0 0 0 0 0 0 0 0 0 0 0 0 0 0 0 0 0 0 0 0 0 0 0 0 0 0 0 0 0 0 0 0 0 0 0 0 0 0 0 0 0 0 0 0 0 0 0 0 0 0 0 0 0 0 0 0 0 0 data 45 0x10005 0x868 0x0 0x0 0x0 0x0 0x0 0x40003 0x867 0x28 0xd0002 0x0 0x150007 0x868 0xc0 0x0 0x1c0007 0x0 0xa0 0x0 0x1f0002 0x0 0x240005 0x0 0x0 0x0 0x0 0x0 0x0 0x2d0002 0x0 0x300003 0x0 0x28 0x350002 0x0 0x0 0x0 0x0 0x0 0x0 0x0 0x9 0x1 0x0 oops 0 methods 0
ciMethodData jdk/internal/loader/URLClassPath$JarLoader$2 getCodeSigners ()[Ljava/security/CodeSigner; 2 2212 orig 80 0 0 0 0 0 0 0 0 0 0 0 0 7 2 0 0 0 0 0 0 0 0 0 0 0 0 0 0 0 0 0 0 0 0 0 0 0 0 0 0 0 0 0 0 0 0 0 0 0 0 0 0 0 0 0 0 0 0 0 0 0 0 0 0 0 0 0 0 0 0 0 0 0 0 0 0 0 0 0 0 data 16 0x40005 0x0 0x0 0x2077de4a7b0 0x8a4 0x0 0x0 0x0 0x0 0x0 0x0 0x0 0x0 0x9 0x1 0x0 oops 1 3 java/util/jar/JarFile$JarFileEntry methods 0
ciMethodData java/util/jar/JavaUtilJarAccessImpl getTrustedAttributes (Ljava/util/jar/Manifest;Ljava/lang/String;)Ljava/util/jar/Attributes; 2 2160 orig 80 0 0 0 0 0 0 0 0 0 0 0 0 7 2 0 0 0 0 0 0 0 0 0 0 0 0 0 0 0 0 0 0 0 0 0 0 0 0 0 0 0 0 0 0 0 0 0 0 0 0 0 0 0 0 0 0 0 0 0 0 0 0 0 0 0 0 0 0 0 0 0 0 0 0 0 0 0 0 0 0 data 18 0x20005 0x0 0x0 0x2077d13d798 0x870 0x0 0x0 0x0 0x0 0x0 0x0 0x0 0x0 0x9 0x3 0x0 0x0 0x0 oops 1 3 java/util/jar/Manifest methods 0
ciMethodData java/util/jar/Manifest getTrustedAttributes (Ljava/lang/String;)Ljava/util/jar/Attributes; 2 2160 orig 80 0 0 0 0 0 0 0 0 0 0 0 0 7 2 0 0 0 0 0 0 0 0 0 0 0 0 0 0 0 0 0 0 0 0 0 0 0 0 0 0 0 0 0 0 0 0 0 0 0 0 0 0 0 0 0 0 0 0 0 0 0 0 0 0 0 0 0 0 0 0 0 0 0 0 0 0 0 0 0 0 data 61 0x20005 0x0 0x0 0x2077d13d798 0x870 0x0 0x0 0x70007 0x852 0x160 0x1e 0xe0007 0x1e 0x140 0x0 0x160005 0x0 0x0 0x0 0x0 0x0 0x0 0x190007 0x0 0xe8 0x0 0x240002 0x0 0x290005 0x0 0x0 0x0 0x0 0x0 0x0 0x2d0005 0x0 0x0 0x0 0x0 0x0 0x0 0x300005 0x0 0x0 0x0 0x0 0x0 0x0 0x330002 0x0 0x0 0x0 0x0 0x0 0x0 0x0 0x9 0x2 0x0 0x0 oops 1 3 java/util/jar/Manifest methods 0
ciMethodData java/util/jar/Manifest getAttributes (Ljava/lang/String;)Ljava/util/jar/Attributes; 2 2172 orig 80 0 0 0 0 0 0 0 0 0 0 0 0 7 2 0 0 0 0 0 0 0 0 0 0 0 0 0 0 0 0 0 0 0 0 0 0 0 0 0 0 0 0 0 0 0 0 0 0 0 0 0 0 0 0 0 0 0 0 0 0 0 0 0 0 0 0 0 0 0 0 0 0 0 0 0 0 0 0 0 0 data 31 0x10005 0x0 0x0 0x2077d13d798 0x87c 0x0 0x0 0x50005 0x0 0x0 0x2077e0dcb60 0x87c 0x0 0x0 0xa0104 0x0 0x0 0x2077e0dc868 0x1e 0x0 0x0 0x0 0x0 0x0 0x0 0x0 0x0 0x9 0x2 0x0 0x0 oops 3 3 java/util/jar/Manifest 10 java/util/HashMap 17 java/util/jar/Attributes methods 0
ciMethodData java/lang/ClassLoader definePackage (Ljava/lang/String;Ljava/lang/Module;)Ljava/lang/Package; 2 1874 orig 80 0 0 0 0 0 0 0 0 0 0 0 0 7 2 0 0 0 0 0 0 0 0 0 0 0 0 0 0 0 0 0 0 0 0 0 0 0 0 0 0 0 0 0 0 0 0 0 0 0 0 0 0 0 0 0 0 0 0 0 0 0 0 0 0 0 0 0 0 0 0 0 0 0 0 0 0 0 0 0 0 data 112 0x10005 0x751 0x0 0x0 0x0 0x0 0x0 0x40007 0x751 0x140 0x0 0x80005 0x0 0x0 0x0 0x0 0x0 0x0 0xb0007 0x0 0xe8 0x0 0x160002 0x0 0x1c0005 0x0 0x0 0x0 0x0 0x0 0x0 0x200005 0x0 0x0 0x0 0x0 0x0 0x0 0x230005 0x0 0x0 0x0 0x0 0x0 0x0 0x260002 0x0 0x2f0005 0x0 0x0 0x2077d13daf8 0x751 0x0 0x0 0x320004 0x0 0x0 0x2077d8f99d0 0x752 0x0 0x0 0x370004 0x0 0x0 0x2077d8f99d0 0x752 0x0 0x0 0x3a0007 0x0 0x58 0x751 0x3e0004 0x0 0x0 0x2077d8f99d0 0x751 0x0 0x0 0x49000a 0x0 0x5 0x0 0x0 0x1 0x0 0x0 0x4e0005 0x0 0x0 0x0 0x0 0x0 0x0 0x510004 0x0 0x0 0x0 0x0 0x0 0x0 0x0 0x0 0x0 0x0 0x0 0x0 0x9 0x3 0x0 0xffffffffffffffff 0xffffffffffffffff oops 4 50 java/util/concurrent/ConcurrentHashMap 57 java/lang/Package 64 java/lang/Package 75 java/lang/Package methods 0
ciMethodData java/lang/ClassLoader compareCerts ([Ljava/security/cert/Certificate;[Ljava/security/cert/Certificate;)Z 2 1915 orig 80 0 0 0 0 0 0 0 0 0 0 0 0 7 2 0 0 0 0 0 0 0 0 0 0 0 0 0 0 0 0 0 0 0 0 0 0 0 0 0 0 0 0 0 0 0 0 0 0 0 0 0 0 0 0 0 0 0 0 0 0 0 0 0 0 0 0 0 0 0 0 0 0 0 0 0 0 0 0 0 0 data 90 0x20007 0x0 0x58 0x77b 0x70007 0x0 0x38 0x77c 0xb0003 0x77c 0x18 0x140007 0x0 0x20 0x0 0x280007 0x0 0x100 0x0 0x430007 0x0 0xa8 0x0 0x510005 0x0 0x0 0x0 0x0 0x0 0x0 0x540007 0x0 0x38 0x0 0x590003 0x0 0x30 0x5f0003 0x0 0xffffffffffffff70 0x630007 0x0 0x20 0x0 0x6b0003 0x0 0xffffffffffffff18 0x7d0007 0x0 0x100 0x0 0x980007 0x0 0xa8 0x0 0xa60005 0x0 0x0 0x0 0x0 0x0 0x0 0xa90007 0x0 0x38 0x0 0xae0003 0x0 0x30 0xb40003 0x0 0xffffffffffffff70 0xb80007 0x0 0x20 0x0 0xc00003 0x0 0xffffffffffffff18 0x0 0x0 0x0 0x0 0x0 0x0 0x9 0x3 0x0 0x0 0x0 oops 0 methods 0
ciMethodData java/lang/ClassLoader checkCerts (Ljava/lang/String;Ljava/security/CodeSource;)V 2 2104 orig 80 0 0 0 0 0 0 0 0 0 0 0 0 7 2 0 0 0 0 0 0 0 0 0 0 0 0 0 0 0 0 0 0 0 0 0 0 0 0 0 0 0 0 0 0 0 0 0 0 0 0 0 0 0 0 0 0 0 0 0 0 0 0 0 0 0 0 0 0 0 0 0 0 0 0 0 0 0 0 0 0 data 111 0x30005 0x838 0x0 0x0 0x0 0x0 0x0 0x90007 0x83f 0x38 0x0 0xf0003 0x0 0x50 0x150005 0x83f 0x0 0x0 0x0 0x0 0x0 0x1e0007 0x0 0x58 0x83d 0x220005 0x83e 0x0 0x0 0x0 0x0 0x0 0x290007 0x0 0x38 0x83a 0x2f0003 0x83b 0x18 0x3e0005 0x0 0x0 0x2077d13daf8 0x83a 0x0 0x0 0x410104 0x0 0x0 0x2077e9776b0 0x73d 0x0 0x0 0x480007 0xfe 0x178 0x73d 0x500005 0x73f 0x0 0x0 0x0 0x0 0x0 0x530007 0x73e 0x120 0x0 0x5e0002 0x0 0x640005 0x0 0x0 0x0 0x0 0x0 0x0 0x680005 0x0 0x0 0x0 0x0 0x0 0x0 0x6e0005 0x0 0x0 0x0 0x0 0x0 0x0 0x710005 0x0 0x0 0x0 0x0 0x0 0x0 0x740002 0x0 0x0 0x0 0x0 0x0 0x0 0x0 0x9 0x3 0xffffffffffffffff 0x0 0xc oops 2 42 java/util/concurrent/ConcurrentHashMap 49 [Ljava/security/cert/Certificate; methods 0
ciMethodData java/lang/NamedPackage <init> (Ljava/lang/String;Ljava/lang/Module;)V 1 255 orig 80 0 0 0 0 0 0 0 0 0 0 0 0 7 2 0 0 0 0 0 0 0 0 0 0 0 0 0 0 0 0 0 0 0 0 0 0 0 0 0 0 0 0 0 0 0 0 0 0 0 0 0 0 0 0 0 0 0 0 0 0 0 0 0 0 0 0 0 0 0 0 0 0 0 0 0 0 0 0 0 0 data 67 0x10002 0xff 0x50005 0xff 0x0 0x0 0x0 0x0 0x0 0x80007 0xff 0x140 0x0 0xc0005 0x0 0x0 0x0 0x0 0x0 0x0 0xf0007 0x0 0xe8 0x0 0x1a0002 0x0 0x1f0005 0x0 0x0 0x0 0x0 0x0 0x0 0x230005 0x0 0x0 0x0 0x0 0x0 0x0 0x260005 0x0 0x0 0x0 0x0 0x0 0x0 0x290002 0x0 0x2f0005 0xff 0x0 0x0 0x0 0x0 0x0 0x0 0x0 0x0 0x0 0x0 0x0 0x9 0x3 0x6 0xffffffffffffffff 0x0 oops 0 methods 0
ciMethodData jdk/internal/loader/BuiltinClassLoader definePackage (Ljava/lang/String;Ljava/util/jar/Manifest;Ljava/net/URL;)Ljava/lang/Package; 1 249 orig 80 0 0 0 0 0 0 0 0 0 0 0 0 7 2 0 0 0 0 0 0 0 0 0 0 0 0 0 0 0 0 0 0 0 0 0 0 0 0 0 0 0 0 0 0 0 0 0 0 0 0 0 0 0 0 0 0 0 0 0 0 0 0 0 0 0 0 0 0 0 0 0 0 0 0 0 0 0 0 0 0 data 198 0x190007 0x0 0x598 0xf9 0x1c0002 0xf9 0x250005 0xf9 0x0 0x0 0x0 0x0 0x0 0x2a0005 0xf9 0x0 0x0 0x0 0x0 0x0 0x2d0005 0x0 0x0 0x2077dd1ead0 0xf9 0x0 0x0 0x360007 0xf4 0x1a8 0x5 0x3e0005 0x0 0x0 0x2077e0dc868 0x5 0x0 0x0 0x480005 0x0 0x0 0x2077e0dc868 0x5 0x0 0x0 0x520005 0x0 0x0 0x2077e0dc868 0x5 0x0 0x0 0x5c0005 0x0 0x0 0x2077e0dc868 0x5 0x0 0x0 0x660005 0x0 0x0 0x2077e0dc868 0x5 0x0 0x0 0x700005 0x0 0x0 0x2077e0dc868 0x5 0x0 0x0 0x7a0005 0x0 0x0 0x2077e0dc868 0x5 0x0 0x0 0x800005 0x0 0x0 0x2077d13d798 0xf9 0x0 0x0 0x870007 0x0 0x288 0xf9 0x8c0007 0x5 0x58 0xf4 0x940005 0x0 0x0 0x2077e0dc868 0xf4 0x0 0x0 0x9b0007 0x5 0x58 0xf4 0xa30005 0x0 0x0 0x2077e0dc868 0xf4 0x0 0x0 0xaa0007 0x5 0x58 0xf4 0xb20005 0x0 0x0 0x2077e0dc868 0xf4 0x0 0x0 0xb90007 0x5 0x58 0xf4 0xc10005 0x0 0x0 0x2077e0dc868 0xf4 0x0 0x0 0xc80007 0x5 0x58 0xf4 0xd00005 0x0 0x0 0x2077e0dc868 0xf4 0x0 0x0 0xd70007 0x5 0x58 0xf4 0xdf0005 0x0 0x0 0x2077e0dc868 0xf4 0x0 0x0 0xe60007 0x0 0x58 0xf9 0xee0005 0x0 0x0 0x2077e0dc868 0xf9 0x0 0x0 0xf80005 0xf9 0x0 0x0 0x0 0x0 0x0 0xfb0007 0xf9 0x20 0x0 0x1110005 0x0 0x0 0x2077d13d948 0xf9 0x0 0x0 0x0 0x0 0x0 0x0 0x0 0x0 0x9 0x4 0x0 0x0 0x0 0x0 oops 17 23 java/util/jar/JavaUtilJarAccessImpl 34 java/util/jar/Attributes 41 java/util/jar/Attributes 48 java/util/jar/Attributes 55 java/util/jar/Attributes 62 java/util/jar/Attributes 69 java/util/jar/Attributes 76 java/util/jar/Attributes 83 java/util/jar/Manifest 98 java/util/jar/Attributes 109 java/util/jar/Attributes 120 java/util/jar/Attributes 131 java/util/jar/Attributes 142 java/util/jar/Attributes 153 java/util/jar/Attributes 164 java/util/jar/Attributes 182 jdk/internal/loader/ClassLoaders$AppClassLoader methods 0
ciMethodData java/lang/ClassLoader definePackage (Ljava/lang/String;Ljava/lang/String;Ljava/lang/String;Ljava/lang/String;Ljava/lang/String;Ljava/lang/String;Ljava/lang/String;Ljava/net/URL;)Ljava/lang/Package; 1 252 orig 80 0 0 0 0 0 0 0 0 0 0 0 0 7 2 0 0 0 0 0 0 0 0 0 0 0 0 0 0 0 0 0 0 0 0 0 0 0 0 0 0 0 0 0 0 0 0 0 0 0 0 0 0 0 0 0 0 0 0 0 0 0 0 0 0 0 0 0 0 0 0 0 0 0 0 0 0 0 0 0 0 data 34 0x10002 0xfc 0x170002 0xfc 0x230005 0x0 0x0 0x2077d13daf8 0xfc 0x0 0x0 0x260007 0xfc 0x30 0x0 0x2e0002 0x0 0x0 0x0 0x0 0x0 0x0 0x0 0x9 0x9 0x0 0x0 0x0 0x0 0x0 0x0 0x0 0x0 0x0 oops 1 7 java/util/concurrent/ConcurrentHashMap methods 0
ciMethodData java/util/jar/JarFile getManifestFromReference ()Ljava/util/jar/Manifest; 2 2029 orig 80 0 0 0 0 0 0 0 0 0 0 0 0 7 2 0 0 0 0 0 0 0 0 0 0 0 0 0 0 0 0 0 0 0 0 0 0 0 0 0 0 0 0 0 0 0 0 0 0 0 0 0 0 0 0 0 0 0 0 0 0 0 0 0 0 0 0 0 0 0 0 0 0 0 0 0 0 0 0 0 0 data 159 0x40007 0x20 0xa8 0x7cc 0xb0005 0x0 0x0 0x2077d13b1b8 0x7cd 0x0 0x0 0xe0004 0x0 0x0 0x2077d13d798 0x7cc 0x0 0x0 0x110003 0x7cc 0x18 0x170007 0x7cd 0x3f0 0x20 0x1b0005 0x20 0x0 0x0 0x0 0x0 0x0 0x200007 0x0 0x398 0x20 0x270007 0x20 0x1f8 0x0 0x2c0005 0x0 0x0 0x0 0x0 0x0 0x0 0x340007 0x0 0x130 0x0 0x3b0005 0x0 0x0 0x0 0x0 0x0 0x0 0x410007 0x0 0x80 0x0 0x4a0005 0x0 0x0 0x0 0x0 0x0 0x0 0x4e0002 0x0 0x540003 0x0 0x70 0x5a0007 0x0 0x58 0x0 0x620005 0x0 0x0 0x0 0x0 0x0 0x0 0x720002 0x0 0x760005 0x0 0x0 0x0 0x0 0x0 0x0 0x790002 0x0 0x7d0003 0x0 0x188 0x820002 0x20 0x8c0005 0x0 0x0 0x2077dd1def0 0x20 0x0 0x0 0x8f0002 0x20 0x940007 0x0 0x118 0x20 0x980005 0x0 0x0 0x2077dd0aa98 0x20 0x0 0x0 0x9b0003 0x20 0xc0 0xa10007 0x0 0xa8 0x0 0xa50005 0x0 0x0 0x0 0x0 0x0 0x0 0xa80003 0x0 0x50 0xb10005 0x0 0x0 0x0 0x0 0x0 0x0 0xbd0002 0x20 0x0 0x0 0x0 0x0 0x0 0x0 0x0 0x0 0x0 0x9 0x1 0x0 oops 4 7 java/lang/ref/SoftReference 14 java/util/jar/Manifest 104 java/util/jar/JarFile 117 java/util/zip/ZipFile$ZipFileInflaterInputStream methods 0
ciMethodData java/lang/RuntimeException <init> (Ljava/lang/Throwable;)V 1 0 orig 80 0 0 0 0 0 0 0 0 0 0 0 0 7 2 0 0 0 0 0 0 0 0 0 0 0 0 0 0 0 0 0 0 0 0 0 0 0 0 0 0 0 0 0 0 0 0 0 0 0 0 0 0 0 0 0 0 0 0 0 0 0 0 0 0 0 0 0 0 0 0 0 0 0 0 0 0 0 0 0 0 data 8 0x20002 0x0 0x0 0x0 0x9 0x2 0x1c 0xffffffffffffffff oops 0 methods 0
ciMethodData java/util/jar/JarFile getManifest ()Ljava/util/jar/Manifest; 2 2024 orig 80 0 0 0 0 0 0 0 0 0 0 0 0 7 2 0 0 0 0 0 0 0 0 0 0 0 0 0 0 0 0 0 0 0 0 0 0 0 0 0 0 0 0 0 0 0 0 0 0 0 0 0 0 0 0 0 0 0 0 0 0 0 0 0 0 0 0 0 0 0 0 0 0 0 0 0 0 0 0 0 0 data 16 0x10005 0x7e8 0x0 0x0 0x0 0x0 0x0 0x0 0x0 0x0 0x0 0x0 0x0 0x9 0x1 0x0 oops 0 methods 0
ciMethodData jdk/internal/loader/URLClassPath$JarLoader$2 getBytes ()[B 2 2083 orig 80 0 0 0 0 0 0 0 0 0 0 0 0 7 2 0 0 0 0 0 0 0 0 0 0 0 0 0 0 0 0 0 0 0 0 0 0 0 0 0 0 0 0 0 0 0 0 0 0 0 0 0 0 0 0 0 0 0 0 0 0 0 0 0 0 0 0 0 0 0 0 0 0 0 0 0 0 0 0 0 0 data 40 0x10002 0x823 0x90002 0x825 0xf0005 0x0 0x0 0x2077e955f60 0x823 0x0 0x0 0x130005 0x0 0x0 0x2077e955f60 0x824 0x0 0x0 0x1a0005 0x0 0x0 0x2077de4a7b0 0x824 0x0 0x0 0x1e0007 0x825 0x30 0x0 0x280002 0x0 0x0 0x0 0x0 0x0 0x0 0x0 0x9 0x1 0xffffffffffffffff oops 3 7 java/util/zip/CRC32 14 java/util/zip/CRC32 21 java/util/jar/JarFile$JarFileEntry methods 0
ciMethodData java/util/zip/ZipFile$1 getManifestNum (Ljava/util/jar/JarFile;)I 1 0 orig 80 0 0 0 0 0 0 0 0 0 0 0 0 7 2 0 0 0 0 0 0 0 0 0 0 0 0 0 0 0 0 0 0 0 0 0 0 0 0 0 0 0 0 0 0 0 0 0 0 0 0 0 0 0 0 0 0 0 0 0 0 0 0 0 0 0 0 0 0 0 0 0 0 0 0 0 0 0 0 0 0 data 17 0x10005 0x0 0x0 0x0 0x0 0x0 0x0 0x0 0x0 0x0 0x0 0x0 0x0 0x9 0x2 0x0 0x0 oops 0 methods 0
ciMethodData java/util/zip/ZipFile getManifestNum ()I 1 0 orig 80 0 0 0 0 0 0 0 0 0 0 0 0 7 2 0 0 0 0 0 0 0 0 0 0 0 0 0 0 0 0 0 0 0 0 0 0 0 0 0 0 0 0 0 0 0 0 0 0 0 0 0 0 0 0 0 0 0 0 0 0 0 0 0 0 0 0 0 0 0 0 0 0 0 0 0 0 0 0 0 0 data 16 0x50005 0x0 0x0 0x0 0x0 0x0 0x0 0x0 0x0 0x0 0x0 0x0 0x0 0x9 0x1 0x0 oops 0 methods 0
ciMethodData java/util/jar/Manifest <init> (Ljava/util/jar/JarVerifier;Ljava/io/InputStream;Ljava/lang/String;)V 1 24 orig 80 0 0 0 0 0 0 0 0 0 0 0 0 7 2 0 0 0 0 0 0 0 0 0 0 0 0 0 0 0 0 0 0 0 0 0 0 0 0 0 0 0 0 0 0 0 0 0 0 0 0 0 0 0 0 0 0 0 0 0 0 0 0 0 0 0 0 0 0 0 0 0 0 0 0 0 0 0 0 0 0 data 25 0x10002 0x18 0x90002 0x18 0x140002 0x18 0x1d0005 0x18 0x0 0x0 0x0 0x0 0x0 0x0 0x0 0x0 0x0 0x0 0x0 0x9 0x4 0xffffffffffffffff 0x0 0xffffffffffffffff 0xffffffffffffffff oops 0 methods 0
ciMethodData java/util/jar/Manifest <init> (Ljava/io/InputStream;Ljava/lang/String;)V 1 23 orig 80 0 0 0 0 0 0 0 0 0 0 0 0 7 2 0 0 0 0 0 0 0 0 0 0 0 0 0 0 0 0 0 0 0 0 0 0 0 0 0 0 0 0 0 0 0 0 0 0 0 0 0 0 0 0 0 0 0 0 0 0 0 0 0 0 0 0 0 0 0 0 0 0 0 0 0 0 0 0 0 0 data 9 0x40002 0x17 0x0 0x0 0x9 0x3 0x0 0x0 0x0 oops 0 methods 0
ciMethodData java/lang/Throwable addSuppressed (Ljava/lang/Throwable;)V 1 0 orig 80 0 0 0 0 0 0 0 0 0 0 0 0 7 2 0 0 0 0 0 0 0 0 0 0 0 0 0 0 0 0 0 0 0 0 0 0 0 0 0 0 0 0 0 0 0 0 0 0 0 0 0 0 0 0 0 0 0 0 0 0 0 0 0 0 0 0 0 0 0 0 0 0 0 0 0 0 0 0 0 0 data 35 0x20007 0x0 0x30 0x0 0xd0002 0x0 0x150002 0x0 0x1d0007 0x0 0x20 0x0 0x280007 0x0 0x30 0x0 0x310002 0x0 0x3c0005 0x0 0x0 0x0 0x0 0x0 0x0 0x0 0x0 0x0 0x0 0x0 0x0 0x9 0x2 0x10 0x0 oops 0 methods 0
ciMethodData java/lang/Package <init> (Ljava/lang/String;Ljava/lang/String;Ljava/lang/String;Ljava/lang/String;Ljava/lang/String;Ljava/lang/String;Ljava/lang/String;Ljava/net/URL;Ljava/lang/ClassLoader;)V 1 60 orig 80 0 0 0 0 0 0 0 0 0 0 0 0 7 2 0 0 0 0 0 0 0 0 0 0 0 0 0 0 0 0 0 0 0 0 0 0 0 0 0 0 0 0 0 0 0 0 0 0 0 0 0 0 0 0 0 0 0 0 0 0 0 0 0 0 0 0 0 0 0 0 0 0 0 0 0 0 0 0 0 0 data 47 0x20002 0x3c 0x50004 0x0 0x0 0x0 0x0 0x0 0x0 0xa0007 0x0 0x70 0x3c 0xf0005 0x3c 0x0 0x0 0x0 0x0 0x0 0x120003 0x3c 0x28 0x150002 0x0 0x180002 0x3c 0x280002 0x3c 0x0 0x0 0x0 0x0 0x0 0x0 0x9 0xa 0xe 0x0 0x0 0x0 0x0 0x0 0x0 0x0 0x0 0x0 oops 0 methods 0
ciMethodData java/lang/Package$VersionInfo getInstance (Ljava/lang/String;Ljava/lang/String;Ljava/lang/String;Ljava/lang/String;Ljava/lang/String;Ljava/lang/String;Ljava/net/URL;)Ljava/lang/Package$VersionInfo; 1 60 orig 80 0 0 0 0 0 0 0 0 0 0 0 0 7 2 0 0 0 0 0 0 0 0 0 0 0 0 0 0 0 0 0 0 0 0 0 0 0 0 0 0 0 0 0 0 0 0 0 0 0 0 0 0 0 0 0 0 0 0 0 0 0 0 0 0 0 0 0 0 0 0 0 0 0 0 0 0 0 0 0 0 data 45 0x10007 0x27 0xe0 0x15 0x50007 0x1 0xc0 0x14 0x90007 0x0 0xa0 0x14 0xd0007 0x10 0x80 0x4 0x120007 0x0 0x60 0x4 0x170007 0x0 0x40 0x4 0x1c0007 0x0 0x20 0x4 0x310002 0x38 0x0 0x0 0x0 0x0 0x0 0x0 0x9 0x7 0x0 0x0 0x0 0x0 0x0 0x0 0x0 oops 0 methods 0
ciMethodData java/lang/Package$VersionInfo <init> (Ljava/lang/String;Ljava/lang/String;Ljava/lang/String;Ljava/lang/String;Ljava/lang/String;Ljava/lang/String;Ljava/net/URL;)V 1 56 orig 80 0 0 0 0 0 0 0 0 0 0 0 0 7 2 0 0 0 0 0 0 0 0 0 0 0 0 0 0 0 0 0 0 0 0 0 0 0 0 0 0 0 0 0 0 0 0 0 0 0 0 0 0 0 0 0 0 0 0 0 0 0 0 0 0 0 0 0 0 0 0 0 0 0 0 0 0 0 0 0 0 data 16 0x10002 0x38 0x0 0x0 0x0 0x0 0x9 0x8 0x3e 0x0 0x0 0x0 0x0 0x0 0x0 0x0 oops 0 methods 0
compile jdk/internal/loader/BuiltinClassLoader loadClassOrNull (Ljava/lang/String;Z)Ljava/lang/Class; -1 4 inline 311 0 -1 0 jdk/internal/loader/BuiltinClassLoader loadClassOrNull (Ljava/lang/String;Z)Ljava/lang/Class; 1 2 0 java/lang/ClassLoader getClassLoadingLock (Ljava/lang/String;)Ljava/lang/Object; 2 13 0 java/lang/Object <init> ()V 2 23 0 java/util/concurrent/ConcurrentHashMap putIfAbsent (Ljava/lang/Object;Ljava/lang/Object;)Ljava/lang/Object; 1 10 0 java/lang/ClassLoader findLoadedClass (Ljava/lang/String;)Ljava/lang/Class; 2 1 0 java/lang/ClassLoader checkName (Ljava/lang/String;)Z 3 5 0 java/lang/String isEmpty ()Z 3 16 0 java/lang/String indexOf (I)I 4 3 0 java/lang/String indexOf (II)I 5 1 0 java/lang/String isLatin1 ()Z 5 14 0 java/lang/String length ()I 6 6 0 java/lang/String coder ()B 5 17 0 java/lang/StringLatin1 indexOf ([BIII)I 6 1 0 java/lang/StringLatin1 canEncode (I)Z 3 25 0 java/lang/String charAt (I)C 4 1 0 java/lang/String isLatin1 ()Z 4 12 0 java/lang/StringLatin1 charAt ([BI)C 5 3 0 java/lang/String checkIndex (II)V 1 22 0 jdk/internal/loader/BuiltinClassLoader findLoadedModule (Ljava/lang/String;)Ljdk/internal/loader/BuiltinClassLoader$LoadedModule; 2 3 0 java/lang/String lastIndexOf (I)I 3 3 0 java/lang/String length ()I 4 6 0 java/lang/String coder ()B 3 8 0 java/lang/String lastIndexOf (II)I 4 1 0 java/lang/String isLatin1 ()Z 4 13 0 java/lang/StringLatin1 lastIndexOf ([BII)I 5 1 0 java/lang/StringLatin1 canEncode (I)Z 2 16 0 java/lang/String substring (II)Ljava/lang/String; 3 1 0 java/lang/String length ()I 4 6 0 java/lang/String coder ()B 3 8 0 java/lang/String checkBoundsBeginEnd (III)V 4 6 0 jdk/internal/util/Preconditions checkFromToIndex (IIILjava/util/function/BiFunction;)I 3 28 0 java/lang/String isLatin1 ()Z 3 41 0 java/lang/StringLatin1 newString ([BII)Ljava/lang/String; 4 16 0 java/util/Arrays copyOfRange ([BII)[B 5 13 0 java/util/Arrays copyOfRangeByte ([BII)[B 6 2 0 java/util/Arrays checkLength (II)V 4 20 0 java/lang/String <init> ([BB)V 5 1 0 java/lang/Object <init> ()V 2 24 0 java/util/concurrent/ConcurrentHashMap get (Ljava/lang/Object;)Ljava/lang/Object; 3 1 0 java/lang/String hashCode ()I 4 17 0 java/lang/String isLatin1 ()Z 3 4 0 java/util/concurrent/ConcurrentHashMap spread (I)I 3 34 0 java/util/concurrent/ConcurrentHashMap tabAt ([Ljava/util/concurrent/ConcurrentHashMap$Node;I)Ljava/util/concurrent/ConcurrentHashMap$Node; 3 73 0 java/lang/String equals (Ljava/lang/Object;)Z 1 34 0 jdk/internal/loader/BuiltinClassLoader$LoadedModule loader ()Ljdk/internal/loader/BuiltinClassLoader; 1 66 0 jdk/internal/loader/BuiltinClassLoader loadClassOrNull (Ljava/lang/String;)Ljava/lang/Class; 2 3 0 jdk/internal/loader/ClassLoaders$BootClassLoader loadClassOrNull (Ljava/lang/String;Z)Ljava/lang/Class; 3 4 0 java/lang/System$2 findBootstrapClassOrNull (Ljava/lang/String;)Ljava/lang/Class; 2 3 0 jdk/internal/loader/BuiltinClassLoader loadClassOrNull (Ljava/lang/String;Z)Ljava/lang/Class; 3 2 0 java/lang/ClassLoader getClassLoadingLock (Ljava/lang/String;)Ljava/lang/Object; 4 13 0 java/lang/Object <init> ()V 4 23 0 java/util/concurrent/ConcurrentHashMap putIfAbsent (Ljava/lang/Object;Ljava/lang/Object;)Ljava/lang/Object; 3 10 0 java/lang/ClassLoader findLoadedClass (Ljava/lang/String;)Ljava/lang/Class; 4 1 0 java/lang/ClassLoader checkName (Ljava/lang/String;)Z 5 5 0 java/lang/String isEmpty ()Z 5 16 0 java/lang/String indexOf (I)I 6 3 0 java/lang/String indexOf (II)I 7 1 0 java/lang/String isLatin1 ()Z 7 14 0 java/lang/String length ()I 8 6 0 java/lang/String coder ()B 7 17 0 java/lang/StringLatin1 indexOf ([BIII)I 8 1 0 java/lang/StringLatin1 canEncode (I)Z 5 25 0 java/lang/String charAt (I)C 6 1 0 java/lang/String isLatin1 ()Z 6 12 0 java/lang/StringLatin1 charAt ([BI)C 7 3 0 java/lang/String checkIndex (II)V 3 22 0 jdk/internal/loader/BuiltinClassLoader findLoadedModule (Ljava/lang/String;)Ljdk/internal/loader/BuiltinClassLoader$LoadedModule; 4 3 0 java/lang/String lastIndexOf (I)I 5 3 0 java/lang/String length ()I 6 6 0 java/lang/String coder ()B 5 8 0 java/lang/String lastIndexOf (II)I 6 1 0 java/lang/String isLatin1 ()Z 6 13 0 java/lang/StringLatin1 lastIndexOf ([BII)I 7 1 0 java/lang/StringLatin1 canEncode (I)Z 4 16 0 java/lang/String substring (II)Ljava/lang/String; 5 1 0 java/lang/String length ()I 6 6 0 java/lang/String coder ()B 5 8 0 java/lang/String checkBoundsBeginEnd (III)V 6 6 0 jdk/internal/util/Preconditions checkFromToIndex (IIILjava/util/function/BiFunction;)I 5 28 0 java/lang/String isLatin1 ()Z 5 41 0 java/lang/StringLatin1 newString ([BII)Ljava/lang/String; 6 16 0 java/util/Arrays copyOfRange ([BII)[B 7 13 0 java/util/Arrays copyOfRangeByte ([BII)[B 8 2 0 java/util/Arrays checkLength (II)V 6 20 0 java/lang/String <init> ([BB)V 7 1 0 java/lang/Object <init> ()V 4 24 0 java/util/concurrent/ConcurrentHashMap get (Ljava/lang/Object;)Ljava/lang/Object; 5 1 0 java/lang/String hashCode ()I 6 17 0 java/lang/String isLatin1 ()Z 5 4 0 java/util/concurrent/ConcurrentHashMap spread (I)I 5 34 0 java/util/concurrent/ConcurrentHashMap tabAt ([Ljava/util/concurrent/ConcurrentHashMap$Node;I)Ljava/util/concurrent/ConcurrentHashMap$Node; 5 73 0 java/lang/String equals (Ljava/lang/Object;)Z 3 34 0 jdk/internal/loader/BuiltinClassLoader$LoadedModule loader ()Ljdk/internal/loader/BuiltinClassLoader; 3 66 0 jdk/internal/loader/BuiltinClassLoader loadClassOrNull (Ljava/lang/String;)Ljava/lang/Class; 4 3 0 jdk/internal/loader/ClassLoaders$BootClassLoader loadClassOrNull (Ljava/lang/String;Z)Ljava/lang/Class; 5 4 0 java/lang/System$2 findBootstrapClassOrNull (Ljava/lang/String;)Ljava/lang/Class; 6 1 0 java/lang/ClassLoader findBootstrapClassOrNull (Ljava/lang/String;)Ljava/lang/Class; 7 1 0 java/lang/ClassLoader checkName (Ljava/lang/String;)Z 8 5 0 java/lang/String isEmpty ()Z 8 16 0 java/lang/String indexOf (I)I 9 3 0 java/lang/String indexOf (II)I 10 1 0 java/lang/String isLatin1 ()Z 10 14 0 java/lang/String length ()I 11 6 0 java/lang/String coder ()B 10 17 0 java/lang/StringLatin1 indexOf ([BIII)I 11 1 0 java/lang/StringLatin1 canEncode (I)Z 8 25 0 java/lang/String charAt (I)C 9 1 0 java/lang/String isLatin1 ()Z 9 12 0 java/lang/StringLatin1 charAt ([BI)C 10 3 0 java/lang/String checkIndex (II)V 3 86 0 jdk/internal/loader/BuiltinClassLoader loadClassOrNull (Ljava/lang/String;)Ljava/lang/Class; 4 3 0 jdk/internal/loader/ClassLoaders$BootClassLoader loadClassOrNull (Ljava/lang/String;Z)Ljava/lang/Class; 5 4 0 java/lang/System$2 findBootstrapClassOrNull (Ljava/lang/String;)Ljava/lang/Class; 6 1 0 java/lang/ClassLoader findBootstrapClassOrNull (Ljava/lang/String;)Ljava/lang/Class; 7 1 0 java/lang/ClassLoader checkName (Ljava/lang/String;)Z 8 5 0 java/lang/String isEmpty ()Z 8 16 0 java/lang/String indexOf (I)I 9 3 0 java/lang/String indexOf (II)I 10 1 0 java/lang/String isLatin1 ()Z 10 14 0 java/lang/String length ()I 11 6 0 java/lang/String coder ()B 10 17 0 java/lang/StringLatin1 indexOf ([BIII)I 11 1 0 java/lang/StringLatin1 canEncode (I)Z 8 25 0 java/lang/String charAt (I)C 9 1 0 java/lang/String isLatin1 ()Z 9 12 0 java/lang/StringLatin1 charAt ([BI)C 10 3 0 java/lang/String checkIndex (II)V 3 97 0 jdk/internal/loader/BuiltinClassLoader hasClassPath ()Z 3 103 0 jdk/internal/misc/VM isModuleSystemInited ()Z 3 111 0 jdk/internal/loader/BuiltinClassLoader findClassOnClassPathOrNull (Ljava/lang/String;)Ljava/lang/Class; 4 5 0 java/lang/String replace (CC)Ljava/lang/String; 5 6 0 java/lang/String isLatin1 ()Z 5 18 0 java/lang/StringLatin1 replace ([BCC)Ljava/lang/String; 6 1 0 java/lang/StringLatin1 canEncode (I)Z 6 41 0 java/lang/StringLatin1 canEncode (I)Z 6 49 0 java/lang/StringConcatHelper newArray (J)[B 7 33 0 jdk/internal/misc/Unsafe allocateUninitializedArray (Ljava/lang/Class;I)Ljava/lang/Object; 6 123 0 java/lang/String <init> ([BB)V 7 1 0 java/lang/Object <init> ()V 4 10 0 java/lang/String concat (Ljava/lang/String;)Ljava/lang/String; 5 1 0 java/lang/String isEmpty ()Z 5 11 0 java/lang/StringConcatHelper simpleConcat (Ljava/lang/Object;Ljava/lang/Object;)Ljava/lang/String; 6 1 0 java/lang/StringConcatHelper stringOf (Ljava/lang/Object;)Ljava/lang/String; 7 5 0 java/lang/String toString ()Ljava/lang/String; 6 6 0 java/lang/StringConcatHelper stringOf (Ljava/lang/Object;)Ljava/lang/String; 7 5 0 java/lang/String toString ()Ljava/lang/String; 6 11 0 java/lang/String isEmpty ()Z 6 22 0 java/lang/String <init> (Ljava/lang/String;)V 7 1 0 java/lang/Object <init> ()V 6 27 0 java/lang/String isEmpty ()Z 6 42 0 java/lang/StringConcatHelper initialCoder ()J 6 46 0 java/lang/StringConcatHelper mix (JLjava/lang/String;)J 7 2 0 java/lang/String length ()I 8 6 0 java/lang/String coder ()B 7 9 0 java/lang/String coder ()B 7 23 0 java/lang/StringConcatHelper checkOverflow (J)J 6 54 0 java/lang/StringConcatHelper mix (JLjava/lang/String;)J 7 2 0 java/lang/String length ()I 8 6 0 java/lang/String coder ()B 7 9 0 java/lang/String coder ()B 7 23 0 java/lang/StringConcatHelper checkOverflow (J)J 6 61 0 java/lang/StringConcatHelper newArray (J)[B 7 33 0 jdk/internal/misc/Unsafe allocateUninitializedArray (Ljava/lang/Class;I)Ljava/lang/Object; 6 71 0 java/lang/StringConcatHelper prepend (J[BLjava/lang/String;)J 7 2 0 java/lang/String length ()I 8 6 0 java/lang/String coder ()B 7 21 0 java/lang/String getBytes ([BIB)V 8 1 0 java/lang/String coder ()B 6 81 0 java/lang/StringConcatHelper prepend (J[BLjava/lang/String;)J 7 2 0 java/lang/String length ()I 8 6 0 java/lang/String coder ()B 7 21 0 java/lang/String getBytes ([BIB)V 8 1 0 java/lang/String coder ()B 6 90 0 java/lang/StringConcatHelper newString ([BJ)Ljava/lang/String; 7 12 0 java/lang/String <init> ([BB)V 8 1 0 java/lang/Object <init> ()V 4 14 0 java/lang/System getSecurityManager ()Ljava/lang/SecurityManager; 5 0 0 java/lang/System allowSecurityManager ()Z 4 37 0 jdk/internal/loader/BuiltinClassLoader defineClass (Ljava/lang/String;Ljdk/internal/loader/Resource;)Ljava/lang/Class; 5 1 0 jdk/internal/loader/URLClassPath$JarLoader$2 getCodeSourceURL ()Ljava/net/URL; 5 1 0 jdk/internal/loader/URLClassPath$FileLoader$1 getCodeSourceURL ()Ljava/net/URL; 6 4 0 jdk/internal/loader/URLClassPath$Loader getBaseURL ()Ljava/net/URL; 5 8 0 java/lang/String lastIndexOf (I)I 6 3 0 java/lang/String length ()I 7 6 0 java/lang/String coder ()B 6 8 0 java/lang/String lastIndexOf (II)I 7 1 0 java/lang/String isLatin1 ()Z 7 13 0 java/lang/StringLatin1 lastIndexOf ([BII)I 8 1 0 java/lang/StringLatin1 canEncode (I)Z 5 23 0 java/lang/String substring (II)Ljava/lang/String; 6 1 0 java/lang/String length ()I 7 6 0 java/lang/String coder ()B 6 8 0 java/lang/String checkBoundsBeginEnd (III)V 7 6 0 jdk/internal/util/Preconditions checkFromToIndex (IIILjava/util/function/BiFunction;)I 6 28 0 java/lang/String isLatin1 ()Z 6 41 0 java/lang/StringLatin1 newString ([BII)Ljava/lang/String; 7 16 0 java/util/Arrays copyOfRange ([BII)[B 8 13 0 java/util/Arrays copyOfRangeByte ([BII)[B 9 2 0 java/util/Arrays checkLength (II)V 7 20 0 java/lang/String <init> ([BB)V 8 1 0 java/lang/Object <init> ()V 5 29 0 jdk/internal/loader/URLClassPath$JarLoader$2 getManifest ()Ljava/util/jar/Manifest; 6 0 0 jdk/internal/access/SharedSecrets javaUtilJarAccess ()Ljdk/internal/access/JavaUtilJarAccess; 6 10 0 java/util/jar/JavaUtilJarAccessImpl ensureInitialization (Ljava/util/jar/JarFile;)V 7 1 0 java/util/jar/JarFile ensureInitialization ()V 8 1 0 java/util/jar/JarFile maybeInstantiateVerifier ()V 9 20 0 java/util/zip/ZipFile$1 getManifestName (Ljava/util/jar/JarFile;Z)Ljava/lang/String; 6 22 0 java/util/jar/JarFile getManifest ()Ljava/util/jar/Manifest; 7 1 0 java/util/jar/JarFile getManifestFromReference ()Ljava/util/jar/Manifest; 8 11 0 java/lang/ref/SoftReference get ()Ljava/lang/Object; 8 59 0 java/util/zip/ZipFile$1 getManifestNum (Ljava/util/jar/JarFile;)I 8 118 0 java/util/zip/ZipFile getName ()Ljava/lang/String; 8 140 0 java/util/zip/ZipFile getName ()Ljava/lang/String; 8 143 0 java/util/jar/Manifest <init> (Ljava/io/InputStream;Ljava/lang/String;)V 8 189 0 java/lang/ref/SoftReference <init> (Ljava/lang/Object;)V 9 2 0 java/lang/ref/Reference <init> (Ljava/lang/Object;)V 10 3 0 java/lang/ref/Reference <init> (Ljava/lang/Object;Ljava/lang/ref/ReferenceQueue;)V 11 1 0 java/lang/Object <init> ()V 5 29 0 jdk/internal/loader/Resource getManifest ()Ljava/util/jar/Manifest; 5 40 0 jdk/internal/loader/BuiltinClassLoader defineOrCheckPackage (Ljava/lang/String;Ljava/util/jar/Manifest;Ljava/net/URL;)Ljava/lang/Package; 6 4 0 jdk/internal/loader/BuiltinClassLoader getAndVerifyPackage (Ljava/lang/String;Ljava/util/jar/Manifest;Ljava/net/URL;)Ljava/lang/Package; 7 2 0 java/lang/ClassLoader getDefinedPackage (Ljava/lang/String;)Ljava/lang/Package; 8 4 0 java/util/Objects requireNonNull (Ljava/lang/Object;Ljava/lang/String;)Ljava/lang/Object; 8 13 0 java/util/concurrent/ConcurrentHashMap get (Ljava/lang/Object;)Ljava/lang/Object; 9 1 0 java/lang/String hashCode ()I 10 17 0 java/lang/String isLatin1 ()Z 9 4 0 java/util/concurrent/ConcurrentHashMap spread (I)I 9 34 0 java/util/concurrent/ConcurrentHashMap tabAt ([Ljava/util/concurrent/ConcurrentHashMap$Node;I)Ljava/util/concurrent/ConcurrentHashMap$Node; 9 73 0 java/lang/String equals (Ljava/lang/Object;)Z 8 29 0 java/lang/NamedPackage module ()Ljava/lang/Module; 8 32 0 java/lang/ClassLoader definePackage (Ljava/lang/String;Ljava/lang/Module;)Ljava/lang/Package; 9 1 0 java/lang/String isEmpty ()Z 9 47 0 java/util/concurrent/ConcurrentHashMap get (Ljava/lang/Object;)Ljava/lang/Object; 10 1 0 java/lang/String hashCode ()I 11 17 0 java/lang/String isLatin1 ()Z 10 4 0 java/util/concurrent/ConcurrentHashMap spread (I)I 10 34 0 java/util/concurrent/ConcurrentHashMap tabAt ([Ljava/util/concurrent/ConcurrentHashMap$Node;I)Ljava/util/concurrent/ConcurrentHashMap$Node; 10 73 0 java/lang/String equals (Ljava/lang/Object;)Z 7 14 0 java/lang/Package isSealed ()Z 8 1 0 java/lang/NamedPackage module ()Ljava/lang/Module; 8 4 0 java/lang/Module isNamed ()Z 7 70 0 jdk/internal/loader/BuiltinClassLoader isSealed (Ljava/lang/String;Ljava/util/jar/Manifest;)Z 8 0 0 jdk/internal/access/SharedSecrets javaUtilJarAccess ()Ljdk/internal/access/JavaUtilJarAccess; 8 9 0 java/lang/String replace (CC)Ljava/lang/String; 9 6 0 java/lang/String isLatin1 ()Z 9 18 0 java/lang/StringLatin1 replace ([BCC)Ljava/lang/String; 10 1 0 java/lang/StringLatin1 canEncode (I)Z 10 41 0 java/lang/StringLatin1 canEncode (I)Z 10 49 0 java/lang/StringConcatHelper newArray (J)[B 11 33 0 jdk/internal/misc/Unsafe allocateUninitializedArray (Ljava/lang/Class;I)Ljava/lang/Object; 10 123 0 java/lang/String <init> ([BB)V 11 1 0 java/lang/Object <init> ()V 8 14 0 java/lang/String concat (Ljava/lang/String;)Ljava/lang/String; 9 1 0 java/lang/String isEmpty ()Z 9 11 0 java/lang/StringConcatHelper simpleConcat (Ljava/lang/Object;Ljava/lang/Object;)Ljava/lang/String; 10 1 0 java/lang/StringConcatHelper stringOf (Ljava/lang/Object;)Ljava/lang/String; 11 5 0 java/lang/String toString ()Ljava/lang/String; 10 6 0 java/lang/StringConcatHelper stringOf (Ljava/lang/Object;)Ljava/lang/String; 11 5 0 java/lang/String toString ()Ljava/lang/String; 10 11 0 java/lang/String isEmpty ()Z 10 22 0 java/lang/String <init> (Ljava/lang/String;)V 11 1 0 java/lang/Object <init> ()V 10 27 0 java/lang/String isEmpty ()Z 10 42 0 java/lang/StringConcatHelper initialCoder ()J 10 46 0 java/lang/StringConcatHelper mix (JLjava/lang/String;)J 11 2 0 java/lang/String length ()I 12 6 0 java/lang/String coder ()B 11 9 0 java/lang/String coder ()B 11 23 0 java/lang/StringConcatHelper checkOverflow (J)J 10 54 0 java/lang/StringConcatHelper mix (JLjava/lang/String;)J 11 2 0 java/lang/String length ()I 12 6 0 java/lang/String coder ()B 11 9 0 java/lang/String coder ()B 11 23 0 java/lang/StringConcatHelper checkOverflow (J)J 10 61 0 java/lang/StringConcatHelper newArray (J)[B 11 33 0 jdk/internal/misc/Unsafe allocateUninitializedArray (Ljava/lang/Class;I)Ljava/lang/Object; 10 71 0 java/lang/StringConcatHelper prepend (J[BLjava/lang/String;)J 11 2 0 java/lang/String length ()I 12 6 0 java/lang/String coder ()B 11 21 0 java/lang/String getBytes ([BIB)V 12 1 0 java/lang/String coder ()B 10 81 0 java/lang/StringConcatHelper prepend (J[BLjava/lang/String;)J 11 2 0 java/lang/String length ()I 12 6 0 java/lang/String coder ()B 11 21 0 java/lang/String getBytes ([BIB)V 12 1 0 java/lang/String coder ()B 10 90 0 java/lang/StringConcatHelper newString ([BJ)Ljava/lang/String; 11 12 0 java/lang/String <init> ([BB)V 12 1 0 java/lang/Object <init> ()V 8 17 0 java/util/jar/JavaUtilJarAccessImpl getTrustedAttributes (Ljava/util/jar/Manifest;Ljava/lang/String;)Ljava/util/jar/Attributes; 9 2 0 java/util/jar/Manifest getTrustedAttributes (Ljava/lang/String;)Ljava/util/jar/Attributes; 10 2 0 java/util/jar/Manifest getAttributes (Ljava/lang/String;)Ljava/util/jar/Attributes; 11 1 0 java/util/jar/Manifest getEntries ()Ljava/util/Map; 11 5 0 java/util/HashMap get (Ljava/lang/Object;)Ljava/lang/Object; 12 2 0 java/util/HashMap getNode (Ljava/lang/Object;)Ljava/util/HashMap$Node; 13 23 0 java/util/HashMap hash (Ljava/lang/Object;)I 14 9 0 java/lang/String hashCode ()I 15 17 0 java/lang/String isLatin1 ()Z 8 34 0 java/util/jar/Attributes getValue (Ljava/util/jar/Attributes$Name;)Ljava/lang/String; 9 2 0 java/util/jar/Attributes get (Ljava/lang/Object;)Ljava/lang/Object; 10 5 0 java/util/LinkedHashMap get (Ljava/lang/Object;)Ljava/lang/Object; 11 2 0 java/util/HashMap getNode (Ljava/lang/Object;)Ljava/util/HashMap$Node; 12 23 0 java/util/HashMap hash (Ljava/lang/Object;)I 13 9 0 java/util/jar/Attributes$Name hashCode ()I 8 45 0 java/util/jar/Manifest getMainAttributes ()Ljava/util/jar/Attributes; 8 57 0 java/util/jar/Attributes getValue (Ljava/util/jar/Attributes$Name;)Ljava/lang/String; 9 2 0 java/util/jar/Attributes get (Ljava/lang/Object;)Ljava/lang/Object; 10 5 0 java/util/LinkedHashMap get (Ljava/lang/Object;)Ljava/lang/Object; 11 2 0 java/util/HashMap getNode (Ljava/lang/Object;)Ljava/util/HashMap$Node; 12 23 0 java/util/HashMap hash (Ljava/lang/Object;)I 13 9 0 java/util/jar/Attributes$Name hashCode ()I
